regime,T0,method,save_dist_vs_lloyd_full_mean,save_dist_vs_lloyd_full_min,save_dist_vs_lloyd_full_max,save_dist_vs_base_full_mean,save_dist_vs_base_full_min,save_dist_vs_base_full_max,save_sec_vs_lloyd_full_mean,save_sec_vs_lloyd_full_min,save_sec_vs_lloyd_full_max,save_sec_vs_base_full_mean,save_sec_vs_base_full_min,save_sec_vs_base_full_max,extra_dist_mean,extra_dist_min,extra_dist_max,extra_seconds_mean,extra_seconds_min,extra_seconds_max
exact,10,active_set_U,0.9440351249823471,0.8867360379487179,0.9829962429128739,-0.8657171870285367,-1.6601711762851465,-0.12465749593570918,0.9167296474246576,0.8166203787364071,0.9801374697227002,0.335911725122127,-0.2858366052698731,0.8116854374041017,6486444425.0,1037944600.0,16586472600.0,85.71913528649986,15.159497881999414,213.287108903
exact,10,fcm_soft,0.9759113654205421,0.9706259833333334,0.9855730057217165,0.3733414675950081,0.2569554692876894,0.5398566410387939,0.9740124355932345,0.9679617744866446,0.9848200393618325,0.7767800220053247,0.6919401528913428,0.8721115404460045,100230462.5,47179300.0,153578450.0,3.7169851424999933,2.3882937909993416,5.015503897000144
exact,10,frequency_soft,0.9763849156070974,0.9713541666666666,0.9856957087126138,0.399487370178884,0.2878890072987075,0.5604176486773355,0.9747259220997228,0.9686821364015132,0.9852559527794642,0.7835602544843357,0.6982587389607051,0.8777367742644258,0.0,0.0,0.0,2.5250734392500362,1.1993869190000623,3.77259806299935
exact,10,full_convergence,0.0,0.0,0.0,0.0,0.0,0.0,0.0,0.0,0.0,0.0,0.0,0.0,1817759635.25,561686040.0,4185985208.0,143.5691354787548,116.16744039900732,186.71119254600853
exact,10,gmm_plugin_soft,0.9759113654205421,0.9706259833333334,0.9855730057217165,0.3733414675950081,0.2569554692876894,0.5398566410387939,0.9735140980307321,0.9669061168781619,0.9849456963385352,0.7731365313925858,0.6846544116999775,0.8737330777657536,100230462.5,47179300.0,153578450.0,4.371171738750036,2.045577928000057,6.719586330000311
exact,10,hartigan_U,0.9554196697045865,0.9229648005128205,0.9841005698309493,-0.41707035745432564,-0.8828091100428188,0.07407302999329812,0.935981865405394,0.8775366634764439,0.9818509079156625,0.48180680635451284,0.12301686625607766,0.8337964578016677,4178098650.0,613330900.0,9521863900.0,57.97131780625023,10.48627985300027,129.55776652700024
exact,10,majority,0.9763849156070974,0.9713541666666666,0.9856957087126138,0.399487370178884,0.2878890072987075,0.5604176486773355,0.9741159960832574,0.9673960536827362,0.9854245248782895,0.7793356660766022,0.6901645851837992,0.8799121087065418,0.0,0.0,0.0,3.3100030052498823,0.7396246850003081,6.046168924000085
exact,10,markov,0.9763849156070974,0.9713541666666666,0.9856957087126138,0.399487370178884,0.2878890072987075,0.5604176486773355,0.963080503247317,0.949104677870886,0.9822886928627824,0.6838262090890515,0.5422819410349948,0.8394458427256605,0.0,0.0,0.0,20.173452694250273,9.292268586000318,31.18763765299991
exact,10,markov_a0.5,0.9763849156070974,0.9713541666666666,0.9856957087126138,0.399487370178884,0.2878890072987075,0.5604176486773355,0.963493801638043,0.9498892300418537,0.9824834252883069,0.6871085071280023,0.5496645592562115,0.8419587624507623,0.0,0.0,0.0,19.545311582499835,8.761156879999362,30.1092718660002
exact,10,markov_a0.5_soft,0.9763849156070974,0.9713541666666666,0.9856957087126138,0.399487370178884,0.2878890072987075,0.5604176486773355,0.9642096801525843,0.9518328428177336,0.9824384377385663,0.692479881449438,0.5566642361114285,0.8413782217379226,0.0,0.0,0.0,18.555500091,8.883855574000336,27.43777900899977
exact,10,markov_pooled,0.9763849156070974,0.9713541666666666,0.9856957087126138,0.399487370178884,0.2878890072987075,0.5604176486773355,0.9619587407735695,0.9479925724483269,0.9823267127828836,0.6734278301658253,0.5246398944016308,0.8399364698357158,0.0,0.0,0.0,21.835439126250094,9.188573350999832,32.71622489499987
exact,10,markov_pooled_soft,0.9763849156070974,0.9713541666666666,0.9856957087126138,0.399487370178884,0.2878890072987075,0.5604176486773355,0.9629047763447738,0.9492360630424161,0.9820287956555022,0.6815475494213937,0.5414552346039679,0.8360920057007543,0.0,0.0,0.0,20.54288854724996,10.00111021199973,31.0070489310001
exact,10,markov_soft,0.9763849156070974,0.9713541666666666,0.9856957087126138,0.399487370178884,0.2878890072987075,0.5604176486773355,0.96365267945192,0.9506442256845187,0.982570892216464,0.6882808803304299,0.5470389323977172,0.8430874772421897,0.0,0.0,0.0,19.292622240249898,8.522600258999773,29.071531482999944
exact,10,markov_w20,0.9763849156070974,0.9713541666666666,0.9856957087126138,0.399487370178884,0.2878890072987075,0.5604176486773355,0.963324833139158,0.9491016866613783,0.9826881528541016,0.6859352495170246,0.5520847507374463,0.844600664214027,0.0,0.0,0.0,19.73579483499998,8.202784506000171,31.19174906599983
exact,10,markov_w5,0.9763849156070974,0.9713541666666666,0.9856957087126138,0.399487370178884,0.2878890072987075,0.5604176486773355,0.9654206297616043,0.9530347180752158,0.982837495257889,0.7035041770861373,0.5787130206213783,0.8465278495364543,0.0,0.0,0.0,16.67318583424992,7.795469192999917,25.785803262999707
exact,10,model_posterior_oracle,0.9763849156070974,0.9713541666666666,0.9856957087126138,0.399487370178884,0.2878890072987075,0.5604176486773355,0.9763849156070974,0.9713541666666666,0.9856957087126138,0.7979297995934689,0.7216961984679693,0.8834115937284481,0.0,0.0,0.0,0.0,0.0,0.0
exact,10,reassign_U,0.9759113654205421,0.9706259833333334,0.9855730057217165,0.3733414675950081,0.2569554692876894,0.5398566410387939,0.9753133031540487,0.9698253126798873,0.9853071491941265,0.7883437684128525,0.7082860010330962,0.878397437119691,100230462.5,47179300.0,153578450.0,1.6792648900001268,1.0597542149998844,2.233347904999846
exact,10,stop,0.9763849156070974,0.9713541666666666,0.9856957087126138,0.399487370178884,0.2878890072987075,0.5604176486773355,0.9762665812102318,0.9712068299221506,0.9856295765177503,0.7967988108268181,0.7204038482170902,0.882558192470341,0.0,0.0,0.0,0.19595824000020906,0.1803684349997638,0.208022463000816
exact,10,true_posterior_oracle,0.9763849156070974,0.9713541666666666,0.9856957087126138,0.399487370178884,0.2878890072987075,0.5604176486773355,0.9763849156070974,0.9713541666666666,0.9856957087126138,0.7979297995934689,0.7216961984679693,0.8834115937284481,0.0,0.0,0.0,0.0,0.0,0.0
exact,20,active_set_U,0.9548217749204801,0.94527174375,0.9726819167750325,0.3643633057882145,0.27415221591774674,0.4827513081308019,0.9544927198652335,0.9449541403048825,0.9725297740775753,0.7658809699101179,0.6908736370359736,0.8649422959940063,19048737.5,2503000.0,62063750.0,0.6596357545001865,0.3920164950004619,1.2986352170000828
exact,20,fcm_soft,0.9549014617715759,0.9453023109375001,0.9726893348504552,0.36704350243144607,0.2751143898022027,0.489873363366099,0.9548003785944001,0.9452527877266803,0.9726425553712355,0.768552074590664,0.6934931945112832,0.8663976793832775,3099762.5,625750.0,8866250.0,0.17906249475004182,0.0421944990002884,0.4554186590003155
exact,20,frequency_soft,0.954916657068095,0.9453125,0.9726918075422627,0.3676401490110525,0.27543511443035473,0.4910603725719819,0.9547777752234888,0.9451572894859566,0.9726138484225652,0.7681794435051064,0.6926555407694204,0.8660272312806218,0.0,0.0,0.0,0.22841340950003536,0.2025069179999263,0.2793823060001159
exact,20,full_convergence,0.0,0.0,0.0,0.0,0.0,0.0,0.0,0.0,0.0,0.0,0.0,0.0,1641949326.75,537387864.0,3667927769.0,138.3148703922543,111.71206586900736,183.2495902880073
exact,20,gmm_plugin_soft,0.9549014617715759,0.9453023109375001,0.9726893348504552,0.36704350243144607,0.2751143898022027,0.489873363366099,0.9547902653014326,0.9452492702023587,0.9726713571918479,0.7685182192593067,0.6934623408810208,0.8667693517585437,3099762.5,625750.0,8866250.0,0.18378296050002513,0.0532219710003118,0.5368605740000021
exact,20,hartigan_U,0.9548483372041787,0.9452819328125,0.9726843894668401,0.3652567046692917,0.27447294054589877,0.48512532654256757,0.9545376392788271,0.9449671342100162,0.9725462276343332,0.7661938194133199,0.6909876118398472,0.8651546205065442,13732412.5,1877250.0,44331250.0,0.5934626584997886,0.3970535109992852,1.070969525000237
exact,20,majority,0.954916657068095,0.9453125,0.9726918075422627,0.3676401490110525,0.27543511443035473,0.4910603725719819,0.9547872238010671,0.9451616756642066,0.9726167382034657,0.7682628651873412,0.6926940137150555,0.8660645223861314,0.0,0.0,0.0,0.2136071757498712,0.1857926739994582,0.2509459580001021
exact,20,markov,0.954916657068095,0.9453125,0.9726918075422627,0.3676401490110525,0.27543511443035473,0.4910603725719819,0.9543941356106147,0.9448281596464883,0.9725456392525165,0.7652262720454465,0.6906425948760451,0.8651470277480751,0.0,0.0,0.0,0.7902628009999262,0.3970867520001775,1.822154124000008
exact,20,markov_a0.5,0.954916657068095,0.9453125,0.9726918075422627,0.3676401490110525,0.27543511443035473,0.4910603725719819,0.9544119185382239,0.9448643419717342,0.9725499608340742,0.7654150862105279,0.6904177489036896,0.8652027954894301,0.0,0.0,0.0,0.7600147309999556,0.3014214610002454,1.7724215719999847
exact,20,markov_a0.5_soft,0.954916657068095,0.9453125,0.9726918075422627,0.3676401490110525,0.27543511443035473,0.4910603725719819,0.9543130260007266,0.9444069448081996,0.972556560976417,0.764789004624737,0.6909126403471266,0.8652879668615668,0.0,0.0,0.0,0.8932799949999435,0.3034519109996836,2.401113290000012
exact,20,markov_pooled,0.954916657068095,0.9453125,0.9726918075422627,0.3676401490110525,0.27543511443035473,0.4910603725719819,0.9544244168797572,0.9449219544875403,0.9725505732868692,0.7654661113879893,0.6905913221982634,0.8652106988712371,0.0,0.0,0.0,0.7450981882501537,0.3568268059998445,1.6869595869998193
exact,20,markov_pooled_soft,0.954916657068095,0.9453125,0.9726918075422627,0.3676401490110525,0.27543511443035473,0.4910603725719819,0.9543753976510515,0.9446895582859584,0.9725660675499973,0.7651890983212046,0.6906572635176149,0.8654106442030718,0.0,0.0,0.0,0.8057083400000238,0.3264386549999472,2.0126614870000594
exact,20,markov_soft,0.954916657068095,0.9453125,0.9726918075422627,0.3676401490110525,0.27543511443035473,0.4910603725719819,0.9544055633535924,0.9448192621912015,0.9725606314041473,0.7653703324590644,0.6907406980398869,0.8653404935946244,0.0,0.0,0.0,0.7670639405000655,0.3487423719998332,1.834383663000153
exact,20,markov_w20,0.954916657068095,0.9453125,0.9726918075422627,0.3676401490110525,0.27543511443035473,0.4910603725719819,0.9543364464641136,0.9445463084700311,0.9725329584823983,0.7649129038238429,0.6905654859115107,0.8649833890665682,0.0,0.0,0.0,0.8680158990003974,0.2736978860002637,2.2095581449998463
exact,20,markov_w5,0.954916657068095,0.9453125,0.9726918075422627,0.3676401490110525,0.27543511443035473,0.4910603725719819,0.9544684357416601,0.9449778696011213,0.9725644425211744,0.7658786520475727,0.6911589567543515,0.8653896740591839,0.0,0.0,0.0,0.6755396627496566,0.2783701089992973,1.6163780149995546
exact,20,model_posterior_oracle,0.954916657068095,0.9453125,0.9726918075422627,0.3676401490110525,0.27543511443035473,0.4910603725719819,0.954916657068095,0.9453125,0.9726918075422627,0.7694730096458288,0.6940169550413449,0.8670332527950768,0.0,0.0,0.0,0.0,0.0,0.0
exact,20,reassign_U,0.9549014617715759,0.9453023109375001,0.9726893348504552,0.36704350243144607,0.2751143898022027,0.489873363366099,0.9546577927348535,0.9449985261755842,0.9725516784942384,0.7670120234550565,0.6912629634821724,0.8652249609921494,3099762.5,625750.0,8866250.0,0.4269493537500466,0.3821868779996293,0.4479402250003659
exact,20,stop,0.954916657068095,0.9453125,0.9726918075422627,0.3676401490110525,0.27543511443035473,0.4910603725719819,0.9547870610417077,0.9451410173841552,0.9726046351826638,0.7682253176199924,0.6925128115750543,0.8659083392562563,0.0,0.0,0.0,0.2185446550000733,0.1947084089997588,0.2421136439998008
exact,20,true_posterior_oracle,0.954916657068095,0.9453125,0.9726918075422627,0.3676401490110525,0.27543511443035473,0.4910603725719819,0.954916657068095,0.9453125,0.9726918075422627,0.7694730096458288,0.6940169550413449,0.8670332527950768,0.0,0.0,0.0,0.0,0.0,0.0
exact,30,active_set_U,0.9334238232826011,0.9192378888020833,0.9596815517555266,0.34221654051563044,0.2607762055311216,0.45809363233470435,0.9331916565549321,0.918978791524196,0.9595497587906241,0.7427002224232244,0.6574409949596413,0.8512503962584422,5140725.0,1662600.0,10131600.0,0.42000542800008134,0.3685952249998081,0.5223145479999403
exact,30,fcm_soft,0.9334402067802621,0.9192598518229167,0.9596857881664499,0.3430090379445607,0.26134430969068,0.45899790809731145,0.9333793620328296,0.9192074387665465,0.9596709555243789,0.7445259779469867,0.659446552514106,0.8528143764843865,1713575.0,554200.0,3377200.0,0.10315581674990422,0.0404829270000846,0.2364029250002204
exact,30,frequency_soft,0.9334483985290927,0.9192708333333334,0.9596879063719116,0.3434052866590258,0.2616283617704591,0.45945004597861494,0.9333251535003051,0.919115018034684,0.9596131413366131,0.7438945698596053,0.6586358928487162,0.8520683147412732,0.0,0.0,0.0,0.2059554007498718,0.1951238060000832,0.2199932019993866
exact,30,full_convergence,0.0,0.0,0.0,0.0,0.0,0.0,0.0,0.0,0.0,0.0,0.0,0.0,1528536687.5,510450190.0,3431817504.0,133.98376983150365,106.23696542600646,180.2906277490056
exact,30,gmm_plugin_soft,0.9334402067802621,0.9192598518229167,0.9596857881664499,0.3430090379445607,0.26134430969068,0.45899790809731145,0.9333934617704222,0.9192035016618626,0.959664696213834,0.7446060669779199,0.659412018574574,0.852733603367678,1713575.0,554200.0,3377200.0,0.08610013300028635,0.0440424850003182,0.1419903000000886
exact,30,hartigan_U,0.9334232362063299,0.9192378888020833,0.9596815517555266,0.3421455274956856,0.26049215345134236,0.45809363233470435,0.9331868177448002,0.918933756178263,0.9595472342476187,0.7426257998507269,0.6570459717031808,0.8512178183562349,5279275.0,2216800.0,10131600.0,0.4288269500000297,0.3836680599997635,0.475914004000515
exact,30,majority,0.9334483985290927,0.9192708333333334,0.9596879063719116,0.3434052866590258,0.2616283617704591,0.45945004597861494,0.9333194185085351,0.9191282455793279,0.9596063035537173,0.7438381167231458,0.6587519169993469,0.8519800767425502,0.0,0.0,0.0,0.21688310625006574,0.201317437000398,0.2226555199995346
exact,30,markov,0.9334483985290927,0.9192708333333334,0.9596879063719116,0.3434052866590258,0.2616283617704591,0.45945004597861494,0.9331111544268205,0.9188714613133431,0.9595499391471544,0.7421426926649257,0.6564995582163612,0.8512527236647851,0.0,0.0,0.0,0.5293191412498572,0.3210379499996634,0.8560807199996816
exact,30,markov_a0.5,0.9334483985290927,0.9192708333333334,0.9596879063719116,0.3434052866590258,0.2616283617704591,0.45945004597861494,0.933100668662195,0.9188678762792487,0.9595244818018503,0.7420449553683696,0.6564681124305425,0.8509242099876673,0.0,0.0,0.0,0.5515370240001403,0.3035353160003069,0.8879610649996721
exact,30,markov_a0.5_soft,0.9334483985290927,0.9192708333333334,0.9596879063719116,0.3434052866590258,0.2616283617704591,0.45945004597861494,0.9331223439284975,0.9188915901690615,0.959531203828752,0.7421769002885021,0.6566761165611446,0.851010954216053,0.0,0.0,0.0,0.5214303097501443,0.3490595110006325,0.7738248900000144
exact,30,markov_pooled,0.9334483985290927,0.9192708333333334,0.9596879063719116,0.3434052866590258,0.2616283617704591,0.45945004597861494,0.93310167322544,0.9189064860123759,0.9595606047113469,0.7421265262128857,0.6568067740349992,0.8513903571717187,0.0,0.0,0.0,0.537636744249653,0.3047661689997767,0.9841629190000276
exact,30,markov_pooled_soft,0.9334483985290927,0.9192708333333334,0.9596879063719116,0.3434052866590258,0.2616283617704591,0.45945004597861494,0.9331106531897438,0.9188802455305864,0.9595648311511074,0.7421874006077387,0.6565766081430137,0.8514448971581261,0.0,0.0,0.0,0.5236527500001102,0.2952312980005445,0.9122404429999732
exact,30,markov_soft,0.9334483985290927,0.9192708333333334,0.9596879063719116,0.3434052866590258,0.2616283617704591,0.45945004597861494,0.9331159106663934,0.918781461004006,0.9595659880349448,0.7421711166789822,0.6557101290571045,0.8514598261367328,0.0,0.0,0.0,0.5171089300000631,0.2983740219997344,0.7466053749999446
exact,30,markov_w20,0.9334483985290927,0.9192708333333334,0.9596879063719116,0.3434052866590258,0.2616283617704591,0.45945004597861494,0.9331100940162086,0.9188781484865007,0.9595503194840873,0.7421698559318459,0.6565582141201298,0.8512576317132451,0.0,0.0,0.0,0.5287605797501556,0.2829472069997791,0.9024160610001672
exact,30,markov_w5,0.9334483985290927,0.9192708333333334,0.9596879063719116,0.3434052866590258,0.2616283617704591,0.45945004597861494,0.9331142568998562,0.918913797946278,0.9595654864140261,0.7421952637654613,0.6568709099682583,0.8514533529821073,0.0,0.0,0.0,0.5202526565002472,0.3338872430003903,0.9042094390001694
exact,30,model_posterior_oracle,0.9334483985290927,0.9192708333333334,0.9596879063719116,0.3434052866590258,0.2616283617704591,0.45945004597861494,0.9334483985290927,0.9192708333333334,0.9596879063719116,0.745080366165326,0.6600026119313301,0.8530331182733171,0.0,0.0,0.0,0.0,0.0,0.0
exact,30,reassign_U,0.9334402067802621,0.9192598518229167,0.9596857881664499,0.3430090379445607,0.26134430969068,0.45899790809731145,0.9332101818336059,0.9190252415488986,0.9595491007242949,0.7428160988886261,0.6578484269364699,0.85124190425792,1713575.0,554200.0,3377200.0,0.3962228777497785,0.346747229000357,0.4514816979999523
exact,30,stop,0.9334483985290927,0.9192708333333334,0.9596879063719116,0.3434052866590258,0.2616283617704591,0.45945004597861494,0.9333375507683498,0.9191576083973001,0.9596161986053409,0.7440069869775359,0.6590094701663957,0.8521077671892684,0.0,0.0,0.0,0.18732964475020708,0.1598605299996052,0.201584654000726
exact,30,true_posterior_oracle,0.9334483985290927,0.9192708333333334,0.9596879063719116,0.3434052866590258,0.2616283617704591,0.45945004597861494,0.9334483985290927,0.9192708333333334,0.9596879063719116,0.745080366165326,0.6600026119313301,0.8530331182733171,0.0,0.0,0.0,0.0,0.0,0.0
exact,40,active_set_U,0.9119526306253655,0.8931930244791667,0.94667561053316,0.3155556191166604,0.2460170398814061,0.4208058129630714,0.9116965458703742,0.8928662836432687,0.9465322555657267,0.7166288570014414,0.6210903707721107,0.837344345752712,5807225.0,1664850.0,11397000.0,0.462799563749968,0.3816038299992215,0.5433647370000472
exact,40,fcm_soft,0.9119724676523338,0.8932171192708334,0.9466823262678804,0.31654256845862716,0.2465859128574922,0.42195018154500685,0.9119318254811841,0.8931592193796484,0.9466510314221666,0.7188091551946825,0.6236598287416428,0.8388770858277657,1590712.5,554950.0,2849250.0,0.08042238824975807,0.0460836849997576,0.0987574889995812
exact,40,frequency_soft,0.9119801399900902,0.8932291666666666,0.9466840052015605,0.3169128274550044,0.2468703493455353,0.4223316377389853,0.9118411935348327,0.893090470807555,0.9466048482534195,0.7179440939706875,0.6230568071757444,0.8382811162792962,0.0,0.0,0.0,0.23030033374993764,0.1958225309999761,0.2746835520001696
exact,40,full_convergence,0.0,0.0,0.0,0.0,0.0,0.0,0.0,0.0,0.0,0.0,0.0,0.0,1398599522.25,481656560.0,3154565158.0,129.38335024475282,100.48582636700668,177.388648234004
exact,40,gmm_plugin_soft,0.9119724676523338,0.8932171192708334,0.9466823262678804,0.31654256845862716,0.2465859128574922,0.42195018154500685,0.9119271160100387,0.8931564296818686,0.9466598503817788,0.718786643908857,0.6236353591727148,0.8389908898719803,1590712.5,554950.0,2849250.0,0.08412705350008305,0.0500120169999718,0.1179203090000555
exact,40,hartigan_U,0.9119572911141636,0.8931930244791667,0.94667728946684,0.31579762593752464,0.2463014763694492,0.42118726915704985,0.9116975719576741,0.8928595827324436,0.9465398576889951,0.7166499165633771,0.6210315943696976,0.8374424471626976,4794787.5,1109900.0,8547750.0,0.4585274557500725,0.3742324830000143,0.544920712000021
exact,40,majority,0.9119801399900902,0.8932291666666666,0.9466840052015605,0.3169128274550044,0.2468703493455353,0.4223316377389853,0.9118560025668729,0.8930790218276823,0.9466073060986481,0.7180501587351974,0.6229563835369613,0.8383128334817049,0.0,0.0,0.0,0.2086924942500445,0.1898231340001075,0.2237711369998578
exact,40,markov,0.9119801399900902,0.8932291666666666,0.9466840052015605,0.3169128274550044,0.2468703493455353,0.4223316377389853,0.9116672943250622,0.8928644075598943,0.9465850233392644,0.7166059098304238,0.6210739148851045,0.8380252861693656,0.0,0.0,0.0,0.4795860262502174,0.2649288250004247,0.8684551950000241
exact,40,markov_a0.5,0.9119801399900902,0.8932291666666666,0.9466840052015605,0.3169128274550044,0.2468703493455353,0.4223316377389853,0.9116866079425742,0.8928003269185638,0.9465802933580697,0.7166552980633782,0.6205118376302294,0.8379642482450878,0.0,0.0,0.0,0.45764669524987767,0.2828628769993884,0.6270525350000753
exact,40,markov_a0.5_soft,0.9119801399900902,0.8932291666666666,0.9466840052015605,0.3169128274550044,0.2468703493455353,0.4223316377389853,0.9116755112566469,0.8928439600300887,0.9465746649094796,0.7166060845253907,0.6208945613208543,0.8378916160707303,0.0,0.0,0.0,0.473700458249823,0.2982138639999903,0.7520166459999018
exact,40,markov_pooled,0.9119801399900902,0.8932291666666666,0.9466840052015605,0.3169128274550044,0.2468703493455353,0.4223316377389853,0.9117003112912854,0.8928312542214709,0.9465767088542124,0.716794208567164,0.6207831135281884,0.8379179921045232,0.0,0.0,0.0,0.4375289002498448,0.2691580190003151,0.626511950999884
exact,40,markov_pooled_soft,0.9119801399900902,0.8932291666666666,0.9466840052015605,0.3169128274550044,0.2468703493455353,0.4223316377389853,0.9116651691356867,0.8928360100220286,0.9465616332778366,0.7165046936673547,0.6208248285807645,0.8377234497054339,0.0,0.0,0.0,0.492862660000128,0.3104109460000472,0.7721916939999574
exact,40,markov_soft,0.9119801399900902,0.8932291666666666,0.9466840052015605,0.3169128274550044,0.2468703493455353,0.4223316377389853,0.9116499133347159,0.8927995332311093,0.9465764916214316,0.7164354738525648,0.6205048758761579,0.8379151888295255,0.0,0.0,0.0,0.5074004744997183,0.2739524599992364,0.855824954000127
exact,40,markov_w20,0.9119801399900902,0.8932291666666666,0.9466840052015605,0.3169128274550044,0.2468703493455353,0.4223316377389853,0.9116740135776429,0.8927980251523467,0.9465765192261887,0.7165655210514867,0.6204916479066284,0.8379155450544236,0.0,0.0,0.0,0.47614817924977615,0.2931564149994301,0.6897581339999306
exact,40,markov_w5,0.9119801399900902,0.8932291666666666,0.9466840052015605,0.3169128274550044,0.2468703493455353,0.4223316377389853,0.9116929245745753,0.8928190119394441,0.94657382214841,0.7167318376260273,0.6206757315149599,0.8378807406815421,0.0,0.0,0.0,0.44889459900014117,0.2717022050001105,0.644272692999948
exact,40,model_posterior_oracle,0.9119801399900902,0.8932291666666666,0.9466840052015605,0.3169128274550044,0.2468703493455353,0.4223316377389853,0.9119801399900902,0.8932291666666666,0.9466840052015605,0.7192570913315735,0.6242733647215735,0.8393025951410034,0.0,0.0,0.0,0.0,0.0,0.0
exact,40,reassign_U,0.9119724676523338,0.8932171192708334,0.9466823262678804,0.31654256845862716,0.2465859128574922,0.42195018154500685,0.9117363834625496,0.8929690565549311,0.9465220157103795,0.7169375687405186,0.6219918335986904,0.8372122057949483,1590712.5,554950.0,2849250.0,0.4102882589997989,0.3672454300003664,0.4558671089998825
exact,40,stop,0.9119801399900902,0.8932291666666666,0.9466840052015605,0.3169128274550044,0.2468703493455353,0.4223316377389853,0.9118601432564708,0.8930931024867406,0.946583979496373,0.7180855146255611,0.6230798906995927,0.838011815924825,0.0,0.0,0.0,0.20856131350001303,0.1778981229999772,0.272809332000179
exact,40,true_posterior_oracle,0.9119801399900902,0.8932291666666666,0.9466840052015605,0.3169128274550044,0.2468703493455353,0.4223316377389853,0.9119801399900902,0.8932291666666666,0.9466840052015605,0.7192570913315735,0.6242733647215735,0.8393025951410034,0.0,0.0,0.0,0.0,0.0,0.0
exact,50,active_set_U,0.8904736865602227,0.86715030390625,0.9336754171651496,0.28861627537593837,0.23221854994900626,0.38320452502740454,0.8901978561167666,0.8668389413574407,0.9335398449171848,0.6898636873016988,0.5839026907573075,0.8228043762613689,7715100.0,1679700.0,20236950.0,0.5051327764998632,0.382541618999312,0.6697978560000593
exact,50,fcm_soft,0.89050491533362,0.8671751013020833,0.9336785417425227,0.2897663875333496,0.23279249711417538,0.38561280320578917,0.8904586487243619,0.8671149903454157,0.9336646179876545,0.6922300794938325,0.5863240282182114,0.824414507235194,1447425.0,559900.0,2380550.0,0.08495661999972975,0.0422365149997858,0.1225793799994789
exact,50,frequency_soft,0.8905118814510878,0.8671875,0.9336801040312094,0.2901156675328317,0.23307947069675994,0.3859138379780873,0.8903907265350547,0.867040590735217,0.9336081032074139,0.6915661759310601,0.5856714391086765,0.8236852136640601,0.0,0.0,0.0,0.2030862932502941,0.1824312650001047,0.2261205090007934
exact,50,full_convergence,0.0,0.0,0.0,0.0,0.0,0.0,0.0,0.0,0.0,0.0,0.0,0.0,1266799119.25,454749857.0,2882545939.0,124.64878157575333,94.47970708500723,174.28425109900672
exact,50,gmm_plugin_soft,0.89050491533362,0.8671751013020833,0.9336785417425227,0.2897663875333496,0.23279249711417538,0.38561280320578917,0.8904674964720206,0.8671229228562931,0.9336638714617345,0.6923529998506646,0.5863936074834263,0.8244048737100896,1447425.0,559900.0,2380550.0,0.06931713175004,0.0442725840002822,0.0955627610001101
exact,50,hartigan_U,0.8904819586331156,0.8671627026041666,0.9336754171651496,0.28882704137561405,0.2319315763664217,0.3838065945720007,0.890210310708675,0.8668581702379713,0.933540982499068,0.6900184672133951,0.5840713550552696,0.8228190561583902,6135662.5,1802100.0,15739850.0,0.4838581514999305,0.3794389869999577,0.6899097390000861
exact,50,majority,0.8905118814510878,0.8671875,0.9336801040312094,0.2901156675328317,0.23307947069675994,0.3859138379780873,0.89038507427038,0.866999285843208,0.9335969615444845,0.691516192353055,0.5853091371742487,0.8235414363528569,0.0,0.0,0.0,0.21341269100014415,0.1683655190004174,0.2657366469993576
exact,50,markov,0.8905118814510878,0.8671875,0.9336801040312094,0.2901156675328317,0.23307947069675994,0.3859138379780873,0.8902331142680743,0.8667345781832378,0.9335783173064911,0.6902378647402801,0.5829872790940007,0.823300842248989,0.0,0.0,0.0,0.4366872390003209,0.2776123230005396,0.6394732840008146
exact,50,markov_a0.5,0.8905118814510878,0.8671875,0.9336801040312094,0.2901156675328317,0.23307947069675994,0.3859138379780873,0.8902118675909317,0.8667101590607998,0.933567810501275,0.690031051643925,0.5827730890824554,0.8231652574433046,0.0,0.0,0.0,0.4718066562501235,0.306268502000421,0.6739502640002684
exact,50,markov_a0.5_soft,0.8905118814510878,0.8671875,0.9336801040312094,0.2901156675328317,0.23307947069675994,0.3859138379780873,0.89024259208092,0.8667614777855234,0.9335757371777881,0.6903077956183191,0.5832232263987714,0.8232675470425346,0.0,0.0,0.0,0.4244947122499525,0.2846493460001511,0.6014941530002034
exact,50,markov_pooled,0.8905118814510878,0.8671875,0.9336801040312094,0.2901156675328317,0.23307947069675994,0.3859138379780873,0.8901903001817684,0.8666497416858844,0.9335798172927939,0.6898608312399394,0.5822431438207629,0.8233201987847981,0.0,0.0,0.0,0.4987357155000609,0.2735212719999254,0.7592526180005734
exact,50,markov_pooled_soft,0.8905118814510878,0.8671875,0.9336801040312094,0.2901156675328317,0.23307947069675994,0.3859138379780873,0.8902151127920098,0.8667113133230806,0.9335688294507909,0.6900966908127171,0.5827832135843445,0.8231784064519002,0.0,0.0,0.0,0.46447566674976315,0.3022549150000486,0.6723205789994608
exact,50,markov_soft,0.8905118814510878,0.8671875,0.9336801040312094,0.2901156675328317,0.23307947069675994,0.3859138379780873,0.8902173532334243,0.86669976222508,0.9335789778759447,0.6901252501391645,0.582681894226108,0.8233093665510169,0.0,0.0,0.0,0.45784496149997267,0.2758106909996058,0.6886293950001345
exact,50,markov_w20,0.8905118814510878,0.8671875,0.9336801040312094,0.2901156675328317,0.23307947069675994,0.3859138379780873,0.8902127947685123,0.8667256271704796,0.9335713191960878,0.6900737359322726,0.582908766136343,0.8232105353079474,0.0,0.0,0.0,0.4678094247497029,0.296698914999979,0.6521110799994858
exact,50,markov_w5,0.8905118814510878,0.8671875,0.9336801040312094,0.2901156675328317,0.23307947069675994,0.3859138379780873,0.8902537439194572,0.8667914878993694,0.9335773752722054,0.690438361367129,0.5834864572600571,0.8232886857910606,0.0,0.0,0.0,0.4060557232502333,0.2671527640004569,0.5591233390005073
exact,50,model_posterior_oracle,0.8905118814510878,0.8671875,0.9336801040312094,0.2901156675328317,0.23307947069675994,0.3859138379780873,0.8905118814510878,0.8671875,0.9336801040312094,0.6927460165398908,0.5869600397617064,0.8246143464977509,0.0,0.0,0.0,0.0,0.0,0.0
exact,50,reassign_U,0.89050491533362,0.8671751013020833,0.9336785417425227,0.2897663875333496,0.23279249711417538,0.38561280320578917,0.8902744388469251,0.8668405718909812,0.9335401500243812,0.6904583842784127,0.5839169928272832,0.8228083135095705,1447425.0,559900.0,2380550.0,0.394962139749623,0.3322137909999583,0.4898224129992741
exact,50,stop,0.8905118814510878,0.8671875,0.9336801040312094,0.2901156675328317,0.23307947069675994,0.3859138379780873,0.8903996272903063,0.8670462797233106,0.9336013751810085,0.6916354640606861,0.5857213395270284,0.8235983920152268,0.0,0.0,0.0,0.19204682425026928,0.1494079950002742,0.214724455000578
exact,50,true_posterior_oracle,0.8905118814510878,0.8671875,0.9336801040312094,0.2901156675328317,0.23307947069675994,0.3859138379780873,0.8905118814510878,0.8671875,0.9336801040312094,0.6927460165398908,0.5869600397617064,0.8246143464977509,0.0,0.0,0.0,0.0,0.0,0.0
exact,60,active_set_U,0.8689632861552853,0.84110525625,0.9206695355006502,0.24454670320806535,0.20338941742251193,0.2856271139461909,0.8685867809052525,0.8407937859556343,0.9205197917924595,0.6540729218692758,0.5271080160663393,0.8096596788531283,16025800.0,1719900.0,52028900.0,0.7033660277501212,0.4016864360000909,1.488133112000014
exact,60,fcm_soft,0.869030533722478,0.8411356890625,0.9206745360208063,0.24673519871180383,0.204685323845477,0.2865269887787827,0.8689158130738137,0.8410804420401572,0.9206547194085817,0.6569231959292126,0.5316933271363953,0.8114008489078914,2648650.0,573300.0,7432700.0,0.1855778737500486,0.0422881750000669,0.5491045670000858
exact,60,frequency_soft,0.8690436229120855,0.8411458333333334,0.9206762028608583,0.2472404124608916,0.20511729265313206,0.2868269470563133,0.8689057597851271,0.840981534736535,0.9206085492691303,0.6565999040001902,0.533060269222378,0.8108050474956425,0.0,0.0,0.0,0.22398518474983573,0.1845178809999197,0.2691676949998509
exact,60,full_convergence,0.0,0.0,0.0,0.0,0.0,0.0,0.0,0.0,0.0,0.0,0.0,0.0,1010948409.5,426504072.0,2079594980.0,118.19863965775289,88.80891746200723,171.55013999300627
exact,60,gmm_plugin_soft,0.869030533722478,0.8411356890625,0.9206745360208063,0.24673519871180383,0.204685323845477,0.2865269887787827,0.8689129906127483,0.8410814236700423,0.9206545038114294,0.6569013051591066,0.5316279141005491,0.8113980667398213,2648650.0,573300.0,7432700.0,0.18970925599990093,0.0462156600005982,0.5625005409997357
exact,60,hartigan_U,0.8689829516697356,0.84110525625,0.9206695355006502,0.24511770674442337,0.20338941742251193,0.2856271139461909,0.868656691915611,0.840767129179165,0.9205196418143982,0.6545373850749906,0.5291191107914569,0.8096577434649803,12166125.0,1146600.0,37163500.0,0.6070183907498857,0.3901038189997052,1.0762798430000655
exact,60,majority,0.8690436229120855,0.8411458333333334,0.9206762028608583,0.2472404124608916,0.20511729265313206,0.2868269470563133,0.8689106823431862,0.8409969447387694,0.9206074928193245,0.6566526929131485,0.533029228879669,0.8107914145654913,0.0,0.0,0.0,0.21662090700010592,0.1873992340006225,0.2755244649997621
exact,60,markov,0.8690436229120855,0.8411458333333334,0.9206762028608583,0.2472404124608916,0.20511729265313206,0.2868269470563133,0.868597160817758,0.8407494602258312,0.9205684118296206,0.6542576036291607,0.5270468698672308,0.8102870949092289,0.0,0.0,0.0,0.6692939502501076,0.2939884220004387,1.5006552780000677
exact,60,markov_a0.5,0.8690436229120855,0.8411458333333334,0.9206762028608583,0.2472404124608916,0.20511729265313206,0.2868269470563133,0.8685928390497435,0.8407467399260808,0.9205570493660339,0.6542231414258415,0.5269580794580704,0.8101404682814555,0.0,0.0,0.0,0.6782860130000472,0.3058532290006042,1.5188387180000973
exact,60,markov_a0.5_soft,0.8690436229120855,0.8411458333333334,0.9206762028608583,0.2472404124608916,0.20511729265313206,0.2868269470563133,0.8685088806111241,0.8405933959238067,0.9205613120957703,0.6535836039788665,0.525722895088168,0.8101954765709518,0.0,0.0,0.0,0.7938997167503885,0.3104760310006895,1.7717928500001108
exact,60,markov_pooled,0.8690436229120855,0.8411458333333334,0.9206762028608583,0.2472404124608916,0.20511729265313206,0.2868269470563133,0.8684638696632704,0.8407663260206804,0.9205689005371053,0.6533193657821661,0.5236157035829159,0.8102934014227683,0.0,0.0,0.0,0.8553810682498124,0.2926555249996454,2.2033258349997595
exact,60,markov_pooled_soft,0.8690436229120855,0.8411458333333334,0.9206762028608583,0.2472404124608916,0.20511729265313206,0.2868269470563133,0.8685132714593049,0.840644210901227,0.9205696530786617,0.6536069479569833,0.5256684360079412,0.8103031125765011,0.0,0.0,0.0,0.7872957892498107,0.2906030489994009,1.7829455569999482
exact,60,markov_soft,0.8690436229120855,0.8411458333333334,0.9206762028608583,0.2472404124608916,0.20511729265313206,0.2868269470563133,0.8685631089149525,0.8407165671084132,0.9205666285866639,0.6540062664582333,0.5263807890278355,0.8102640830950008,0.0,0.0,0.0,0.7171953574999179,0.2988520250000874,1.6370623640000304
exact,60,markov_w20,0.8690436229120855,0.8411458333333334,0.9206762028608583,0.2472404124608916,0.20511729265313206,0.2868269470563133,0.8685788540531261,0.8407499769564915,0.9205635817025808,0.6541718896461401,0.5263638033789662,0.8102247646553934,0.0,0.0,0.0,0.6934085772501248,0.2670278959994903,1.6405408650002755
exact,60,markov_w5,0.8690436229120855,0.8411458333333334,0.9206762028608583,0.2472404124608916,0.20511729265313206,0.2868269470563133,0.8686156807342653,0.840811347004957,0.920578138600352,0.6544530206921861,0.5269431776549814,0.8104126137793737,0.0,0.0,0.0,0.6385106104999068,0.2674597029999859,1.5218904670000484
exact,60,model_posterior_oracle,0.8690436229120855,0.8411458333333334,0.9206762028608583,0.2472404124608916,0.20511729265313206,0.2868269470563133,0.8690436229120855,0.8411458333333334,0.9206762028608583,0.6578815338123754,0.5343746250192878,0.8116780815816166,0.0,0.0,0.0,0.0,0.0,0.0
exact,60,reassign_U,0.869030533722478,0.8411356890625,0.9206745360208063,0.24673519871180383,0.204685323845477,0.2865269887787827,0.8687982050038304,0.8408666673148502,0.9205507902952783,0.6555843509495913,0.5320526446378784,0.810059698259102,2648650.0,573300.0,7432700.0,0.4011826997501657,0.3420492579998608,0.4755197250001401
exact,60,stop,0.8690436229120855,0.8411458333333334,0.9206762028608583,0.2472404124608916,0.20511729265313206,0.2868269470563133,0.8688724169052187,0.8408092758942952,0.9205926985875207,0.6562520857346068,0.5334812924652874,0.8106005027704086,0.0,0.0,0.0,0.2774370417499767,0.1829460980002295,0.4751802250002583
exact,60,true_posterior_oracle,0.8690436229120855,0.8411458333333334,0.9206762028608583,0.2472404124608916,0.20511729265313206,0.2868269470563133,0.8690436229120855,0.8411458333333334,0.9206762028608583,0.6578815338123754,0.5343746250192878,0.8116780815816166,0.0,0.0,0.0,0.0,0.0,0.0
exact,70,active_set_U,0.8474878406336754,0.8150802713541667,0.9076658605981794,0.2030799041106049,0.16570958619233656,0.27308481653532146,0.8471775978002252,0.8147880592555148,0.9075231286118333,0.621095093635911,0.45885209409788386,0.7968777163598988,17429275.0,1725000.0,60927600.0,0.6191524315003107,0.3968747730004907,1.2265743080001812
exact,70,fcm_soft,0.8475593427006527,0.8150962015625001,0.9076706914174252,0.20531354790515835,0.17143890721830246,0.2739541526292507,0.8474843369144694,0.815057366303812,0.9076545942726613,0.623774706766012,0.4630120999362273,0.7985742116989702,3219512.5,575000.0,10154600.0,0.13374593200001067,0.0459676769996804,0.3746442709998518
exact,70,frequency_soft,0.8475753643730831,0.8151041666666666,0.9076723016905072,0.2058843376379475,0.17177808157654395,0.27424393132722713,0.8474294493018866,0.8149428259018001,0.9076013829079962,0.6231372743372893,0.46329910023687293,0.7978875469716848,0.0,0.0,0.0,0.23596010249957539,0.1934233369993307,0.3158693109999149
exact,70,full_convergence,0.0,0.0,0.0,0.0,0.0,0.0,0.0,0.0,0.0,0.0,0.0,0.0,764123715.5,397329116.0,1298679263.0,112.00897499150267,84.06172764800613,168.8289002430065
exact,70,gmm_plugin_soft,0.8475593427006527,0.8150962015625001,0.9076706914174252,0.20531354790515835,0.17143890721830246,0.2739541526292507,0.8474734454479405,0.8150530599840786,0.9076493611559144,0.6236933283423033,0.4627735768783693,0.7985066810745175,3219512.5,575000.0,10154600.0,0.1504032867497926,0.0433970309995856,0.4234915479996743
exact,70,hartigan_U,0.8475022415174963,0.8150882364583334,0.9076658605981794,0.20343089266775136,0.16706907906497803,0.27308481653532146,0.8471705830444531,0.8148016052263529,0.9075334275994895,0.62105064911988,0.4586045493997837,0.7970106193890705,14652050.0,2300000.0,50773000.0,0.6264079749996654,0.3787641179997081,1.2772691319996738
exact,70,majority,0.8475753643730831,0.8151041666666666,0.9076723016905072,0.2058843376379475,0.17177808157654395,0.27424393132722713,0.847420467857519,0.8149437584178929,0.9075969165881804,0.6230552317997395,0.46315787919032636,0.7978299114590911,0.0,0.0,0.0,0.25073169950030655,0.2056047430005492,0.3447900520000075
exact,70,markov,0.8475753643730831,0.8151041666666666,0.9076723016905072,0.2058843376379475,0.17177808157654395,0.27424393132722713,0.8469858291102957,0.8147892211366905,0.9075664070326356,0.6198833939745548,0.45336666520102364,0.7974362016610117,0.0,0.0,0.0,0.867619096999988,0.2888162680001187,2.349938510999891
exact,70,markov_a0.5,0.8475753643730831,0.8151041666666666,0.9076723016905072,0.2058843376379475,0.17177808157654395,0.27424393132722713,0.8469684440803277,0.8148100353069746,0.9075609030890563,0.6198530575093324,0.45237889039117773,0.7973651761584603,0.0,0.0,0.0,0.8881047995000699,0.2810865210003612,2.5522254939996856
exact,70,markov_a0.5_soft,0.8475753643730831,0.8151041666666666,0.9076723016905072,0.2058843376379475,0.17177808157654395,0.27424393132722713,0.8470413323180219,0.8147540942132899,0.9075594537621338,0.6203190046796825,0.45468218070944155,0.7973464733553586,0.0,0.0,0.0,0.7884630722501242,0.2712765430005674,2.0805333179996524
exact,70,markov_pooled,0.8475753643730831,0.8151041666666666,0.9076723016905072,0.2058843376379475,0.17177808157654395,0.27424393132722713,0.8470062517186825,0.8146846350951042,0.9075551686619439,0.6200397614250692,0.45424224458064133,0.7972911763869048,0.0,0.0,0.0,0.838863798500256,0.2730292699998244,2.1706280960002005
exact,70,markov_pooled_soft,0.8475753643730831,0.8151041666666666,0.9076723016905072,0.2058843376379475,0.17177808157654395,0.27424393132722713,0.8470015427195376,0.8147868956234887,0.9075580894475527,0.6200587688529056,0.453442506094091,0.7973288675918984,0.0,0.0,0.0,0.8437887332497667,0.2812962759999209,2.3344070100001773
exact,70,markov_soft,0.8475753643730831,0.8151041666666666,0.9076723016905072,0.2058843376379475,0.17177808157654395,0.27424393132722713,0.8469900262426044,0.8147165331551939,0.9075603193321704,0.6199400586144139,0.45363353835098763,0.7973576430822948,0.0,0.0,0.0,0.860042591999786,0.2921714119993339,2.2952854019999904
exact,70,markov_w20,0.8475753643730831,0.8151041666666666,0.9076723016905072,0.2058843376379475,0.17177808157654395,0.27424393132722713,0.8470369409866322,0.8146350604337474,0.9075666807116426,0.6202238779184659,0.4553919934319115,0.7974397333449277,0.0,0.0,0.0,0.7941052977502068,0.2880698380004105,1.9351703540000929
exact,70,markov_w5,0.8475753643730831,0.8151041666666666,0.9076723016905072,0.2058843376379475,0.17177808157654395,0.27424393132722713,0.8470767798394498,0.8147095269127311,0.9075714696036895,0.6205287010553315,0.455970972220998,0.7975015314828277,0.0,0.0,0.0,0.7375332679998791,0.2750086509995526,1.8166009480000864
exact,70,model_posterior_oracle,0.8475753643730831,0.8151041666666666,0.9076723016905072,0.2058843376379475,0.17177808157654395,0.27424393132722713,0.8475753643730831,0.8151041666666666,0.9076723016905072,0.6244736744512215,0.4648415017497247,0.7988027166306262,0.0,0.0,0.0,0.0,0.0,0.0
exact,70,reassign_U,0.8475593427006527,0.8150962015625001,0.9076706914174252,0.20531354790515835,0.17143890721830246,0.2739541526292507,0.8473024788822906,0.8148008721316737,0.907523542986775,0.6219639124130674,0.46199961507950926,0.7968830636509935,3219512.5,575000.0,10154600.0,0.44583116399985556,0.3673928359994534,0.5819916390000799
exact,70,stop,0.8475753643730831,0.8151041666666666,0.9076723016905072,0.2058843376379475,0.17177808157654395,0.27424393132722713,0.8474534130946711,0.814955756298905,0.9076032810713502,0.623297553338779,0.4638934118303023,0.7979120417733133,0.0,0.0,0.0,0.20287180049979264,0.1882463009997081,0.2195427149999886
exact,70,true_posterior_oracle,0.8475753643730831,0.8151041666666666,0.9076723016905072,0.2058843376379475,0.17177808157654395,0.27424393132722713,0.8475753643730831,0.8151041666666666,0.9076723016905072,0.6244736744512215,0.4648415017497247,0.7988027166306262,0.0,0.0,0.0,0.0,0.0,0.0
exact,80,active_set_U,0.826096165462052,0.789045521875,0.8946638490247074,0.18970278731571505,0.1441463301736865,0.2620748514687602,0.8258823000839037,0.7887771579946572,0.894514605525785,0.6021865559084214,0.44604077034931533,0.7842667510533622,2411362.5,1729050.0,3259800.0,0.3807113784999956,0.3450175049997597,0.4194592740004736
exact,80,fcm_soft,0.8261034590434045,0.789056840625,0.8946668833550065,0.19017235131609583,0.14462831128617615,0.2626208981568472,0.8260795113444409,0.7890199624235718,0.8946534951165905,0.604095570990629,0.4475539841241396,0.7860590483115444,803787.5,576350.0,1086600.0,0.0455980252500012,0.0351255679997848,0.0600581440003225
exact,80,frequency_soft,0.8261071058340808,0.7890625,0.8946684005201561,0.1904071333162862,0.14486930184242086,0.26289392150089064,0.8259836472079845,0.7889184142558765,0.8945992640716747,0.6031901664412267,0.44665089279640646,0.7853592251459108,0.0,0.0,0.0,0.2042407802500747,0.1885622130002957,0.2200701709998611
exact,80,full_convergence,0.0,0.0,0.0,0.0,0.0,0.0,0.0,0.0,0.0,0.0,0.0,0.0,704855134.5,367221363.0,1237292207.0,108.53508752325195,79.29430291300469,166.176147779006
exact,80,gmm_plugin_soft,0.8261034590434045,0.789056840625,0.8946668833550065,0.19017235131609583,0.14462831128617615,0.2626208981568472,0.8260768298042342,0.7890304073517537,0.8946497792220239,0.6040774787353131,0.4474354372838196,0.7860110966428497,803787.5,576350.0,1086600.0,0.05042607749999203,0.045311111999581,0.0594028450000223
exact,80,hartigan_U,0.826096165462052,0.789045521875,0.8946638490247074,0.18970278731571505,0.1441463301736865,0.2620748514687602,0.8258568771594557,0.7887360850911744,0.8945143218232838,0.601950021151245,0.44585608944391475,0.7842630900215163,2411362.5,1729050.0,3259800.0,0.41880860174978807,0.3828384159996858,0.4608601439995254
exact,80,majority,0.8261071058340808,0.7890625,0.8946684005201561,0.1904071333162862,0.14486930184242086,0.26289392150089064,0.8259840135639748,0.7888989966354003,0.8945954782817714,0.6031817889665758,0.44679149442971744,0.7853103715145897,0.0,0.0,0.0,0.2048960877499439,0.1912762799997835,0.2308478630002355
exact,80,markov,0.8261071058340808,0.7890625,0.8946684005201561,0.1904071333162862,0.14486930184242086,0.26289392150089064,0.8259013323440952,0.7888031809012798,0.8945615560022081,0.6023824685598174,0.44615099680720693,0.7848726223045872,0.0,0.0,0.0,0.3395094180001479,0.2914069090002158,0.3780579880003643
exact,80,markov_a0.5,0.8261071058340808,0.7890625,0.8946684005201561,0.1904071333162862,0.14486930184242086,0.26289392150089064,0.8259009988837152,0.7887775596691621,0.8945609153136507,0.6024083007169964,0.44610827272435816,0.7848643545550873,0.0,0.0,0.0,0.3378745712499267,0.2931543179993241,0.4023028310002701
exact,80,markov_a0.5_soft,0.8261071058340808,0.7890625,0.8946684005201561,0.1904071333162862,0.14486930184242086,0.26289392150089064,0.8258910257300567,0.7888030850343717,0.8945268907657018,0.6022995262165938,0.4459090237226123,0.7844252856252577,0.0,0.0,0.0,0.3629910227500659,0.3277495470001668,0.3859526060005009
exact,80,markov_pooled,0.8261071058340808,0.7890625,0.8946684005201561,0.1904071333162862,0.14486930184242086,0.26289392150089064,0.8259166197489765,0.7887914087851974,0.8945603388971094,0.6025736415229033,0.4461688597424921,0.7848569162022174,0.0,0.0,0.0,0.31319564774992154,0.2565206769995711,0.3827494790002674
exact,80,markov_pooled_soft,0.8261071058340808,0.7890625,0.8946684005201561,0.1904071333162862,0.14486930184242086,0.26289392150089064,0.8259182911812998,0.7888046712994171,0.8945676565607433,0.6025906451021984,0.4461371050163605,0.7849513468099492,0.0,0.0,0.0,0.30904578874981325,0.2721014489998197,0.3640243410000039
exact,80,markov_soft,0.8261071058340808,0.7890625,0.8946684005201561,0.1904071333162862,0.14486930184242086,0.26289392150089064,0.8258861517895395,0.7887493800237683,0.8945552874124696,0.6022744267767001,0.445991263215441,0.7847917294447564,0.0,0.0,0.0,0.36111246725010915,0.3085038120007084,0.4420892349999121
exact,80,markov_w20,0.8261071058340808,0.7890625,0.8946684005201561,0.1904071333162862,0.14486930184242086,0.26289392150089064,0.8259035584179477,0.7887723514385304,0.8945586943382755,0.602438744417088,0.44613049470276733,0.7848356940337893,0.0,0.0,0.0,0.33398680750008225,0.2992117889998553,0.4096562510003423
exact,80,markov_w5,0.8261071058340808,0.7890625,0.8946684005201561,0.1904071333162862,0.14486930184242086,0.26289392150089064,0.8259229851652379,0.7887962131258457,0.8945708776944234,0.6026275220781084,0.4462747097443476,0.7849929138491327,0.0,0.0,0.0,0.3012974939998685,0.2659829980002541,0.3759663049995652
exact,80,model_posterior_oracle,0.8261071058340808,0.7890625,0.8946684005201561,0.1904071333162862,0.14486930184242086,0.26289392150089064,0.8261071058340808,0.7890625,0.8946684005201561,0.6043627276749564,0.44772550357011287,0.7862513947198506,0.0,0.0,0.0,0.0,0.0,0.0
exact,80,reassign_U,0.8261034590434045,0.789056840625,0.8946668833550065,0.19017235131609583,0.14462831128617615,0.2626208981568472,0.8258758214342737,0.7887880540914778,0.8945247984623218,0.6021400408739015,0.4458466941976321,0.7843982855485091,803787.5,576350.0,1086600.0,0.38754046099995776,0.3847624739996718,0.3916591380002501
exact,80,stop,0.8261071058340808,0.7890625,0.8946684005201561,0.1904071333162862,0.14486930184242086,0.26289392150089064,0.8259922655291299,0.7889415783889557,0.8945927424229924,0.6032720580468847,0.4466601362681346,0.7852750666932558,0.0,0.0,0.0,0.19304378300012098,0.170727345999694,0.2181771949999529
exact,80,true_posterior_oracle,0.8261071058340808,0.7890625,0.8946684005201561,0.1904071333162862,0.14486930184242086,0.26289392150089064,0.8261071058340808,0.7890625,0.8946684005201561,0.6043627276749564,0.44772550357011287,0.7862513947198506,0.0,0.0,0.0,0.0,0.0,0.0
exact,90,active_set_U,0.8046285456544499,0.7630036875,0.8816619352405721,0.17607411555990554,0.12662952617177814,0.25277644112617814,0.804356813578672,0.7626441553272241,0.8815281400529202,0.5836129805036184,0.4266589811970709,0.7728421264696897,2192675.0,985900.0,3292000.0,0.45655742174994884,0.3719052879996525,0.5318258309998782
exact,90,fcm_soft,0.804635878104762,0.7630174041666666,0.8816632172951886,0.1764873956003471,0.12721361666407172,0.2530071548614079,0.8045545390731852,0.7629840247900603,0.8815015863830914,0.5852927478055527,0.4287768710016642,0.7724994653001027,662237.5,492950.0,920150.0,0.17738821525006185,0.0519694109998454,0.4443275610001365
exact,90,frequency_soft,0.8046388472950783,0.7630208333333334,0.881664499349805,0.17668636918170322,0.12735963928714522,0.25323786859663755,0.8045199590334565,0.7628774043787797,0.8815915602359595,0.5850872256729338,0.4282476621026686,0.7736605306388975,0.0,0.0,0.0,0.1989724637497829,0.195112558999881,0.2025051149994396
exact,90,full_convergence,0.0,0.0,0.0,0.0,0.0,0.0,0.0,0.0,0.0,0.0,0.0,0.0,651102609.75,334834697.0,1154249340.0,105.3677501430011,75.63745444900269,163.71397155400427
exact,90,gmm_plugin_soft,0.804635878104762,0.7630174041666666,0.8816632172951886,0.1764873956003471,0.12721361666407172,0.2530071548614079,0.8046085466556174,0.7629973847676358,0.8816441901705041,0.5859466111623957,0.4288632794556386,0.774339692315704,662237.5,492950.0,920150.0,0.05095352000012095,0.0331066660000942,0.0690399200002502
exact,90,hartigan_U,0.8046305514296376,0.7630105458333334,0.8816606531859558,0.1761634406216246,0.12692157141792493,0.2525457273909485,0.8043854336333696,0.7627029961085652,0.881516214305483,0.5838378720735327,0.42700824285550254,0.7726882309595255,1842350.0,1154900.0,2760450.0,0.4194378440000719,0.3756364979999489,0.4489339540000401
exact,90,majority,0.8046388472950783,0.7630208333333334,0.881664499349805,0.17668636918170322,0.12735963928714522,0.25323786859663755,0.8045062227670893,0.7628592329679074,0.8815916480077135,0.5849785666906024,0.4280362655211023,0.7736616632873052,0.0,0.0,0.0,0.21843014175033204,0.1986941850000221,0.2384045890003108
exact,90,markov,0.8046388472950783,0.7630208333333334,0.881664499349805,0.17668636918170322,0.12735963928714522,0.25323786859663755,0.8044649721913872,0.762830287599811,0.8815502630039735,0.5845706207901294,0.42765985870387735,0.7731276115394183,0.0,0.0,0.0,0.2925406607499781,0.2690285640001093,0.3154891620001763
exact,90,markov_a0.5,0.8046388472950783,0.7630208333333334,0.881664499349805,0.17668636918170322,0.12735963928714522,0.25323786859663755,0.8044399973058827,0.7628018354604521,0.8815714405002574,0.5843923375606019,0.427181314159913,0.7734008960116708,0.0,0.0,0.0,0.3217090672501399,0.2538079839996499,0.4134905800001434
exact,90,markov_a0.5_soft,0.8046388472950783,0.7630208333333334,0.881664499349805,0.17668636918170322,0.12735963928714522,0.25323786859663755,0.8044347883121679,0.7628048938459362,0.8815650261012752,0.5843522849032283,0.4270477665129335,0.7733181215600944,0.0,0.0,0.0,0.3308127774997729,0.2713025659995765,0.440839880999647
exact,90,markov_pooled,0.8046388472950783,0.7630208333333334,0.881664499349805,0.17668636918170322,0.12735963928714522,0.25323786859663755,0.8044394518229951,0.7628071412769718,0.8815706383175095,0.5843730755364547,0.4272213958361548,0.7733905442644222,0.0,0.0,0.0,0.3237117037497228,0.2559958510000797,0.4052822300000116
exact,90,markov_pooled_soft,0.8046388472950783,0.7630208333333334,0.881664499349805,0.17668636918170322,0.12735963928714522,0.25323786859663755,0.8044349441238312,0.7627948784082742,0.8815697532742928,0.5843497491760692,0.4271159888331746,0.773379123246321,0.0,0.0,0.0,0.32943986650013807,0.2584097110002403,0.4268685920001189
exact,90,markov_soft,0.8046388472950783,0.7630208333333334,0.881664499349805,0.17668636918170322,0.12735963928714522,0.25323786859663755,0.8044389931030558,0.7627610121999145,0.88156446696901,0.5843553946209579,0.4274671307293947,0.7733109062517334,0.0,0.0,0.0,0.32573213074988416,0.2728275389999908,0.3668374259996199
exact,90,markov_w20,0.8046388472950783,0.7630208333333334,0.881664499349805,0.17668636918170322,0.12735963928714522,0.25323786859663755,0.804451012212964,0.7628247374594792,0.8815617142149712,0.5844513766606614,0.42744637989770395,0.7732753834059423,0.0,0.0,0.0,0.3103460349999523,0.2768647209995833,0.3592076119998637
exact,90,markov_w5,0.8046388472950783,0.7630208333333334,0.881664499349805,0.17668636918170322,0.12735963928714522,0.25323786859663755,0.8044207336269308,0.7628027472482204,0.8815626712430671,0.5842015558189421,0.42695737181128457,0.7732877333511192,0.0,0.0,0.0,0.35406343324984846,0.2777251879997493,0.4593518649999168
exact,90,model_posterior_oracle,0.8046388472950783,0.7630208333333334,0.881664499349805,0.17668636918170322,0.12735963928714522,0.25323786859663755,0.8046388472950783,0.7630208333333334,0.881664499349805,0.586230245892129,0.4292004039351218,0.7746017716131208,0.0,0.0,0.0,0.0,0.0,0.0
exact,90,reassign_U,0.804635878104762,0.7630174041666666,0.8816632172951886,0.1764873956003471,0.12721361666407172,0.2530071548614079,0.8044015194909537,0.7627606035836226,0.8815123581252645,0.5839647752914341,0.42710296375697,0.772638468978137,662237.5,492950.0,920150.0,0.3983804875001624,0.367414345000725,0.4295360050000454
exact,90,stop,0.8046388472950783,0.7630208333333334,0.881664499349805,0.17668636918170322,0.12735963928714522,0.25323786859663755,0.8045148477985731,0.762887158785878,0.8815931220340538,0.5850380733367817,0.42814527466718477,0.7736806848234264,0.0,0.0,0.0,0.2067231219999712,0.1887330190002103,0.2274049899997408
exact,90,true_posterior_oracle,0.8046388472950783,0.7630208333333334,0.881664499349805,0.17668636918170322,0.12735963928714522,0.25323786859663755,0.8046388472950783,0.7630208333333334,0.881664499349805,0.586230245892129,0.4292004039351218,0.7746017716131208,0.0,0.0,0.0,0.0,0.0,0.0
minibatch,10,fcm_soft,0.943841628358209,0.943841628358209,0.943841628358209,0.943841628358209,0.943841628358209,0.943841628358209,0.938312225426468,0.938312225426468,0.938312225426468,0.9441527289390219,0.9441527289390219,0.9441527289390219,143916350.0,143916350.0,143916350.0,5.150774451999496,5.150774451999496,5.150774451999496
minibatch,10,frequency_soft,0.945273631840796,0.945273631840796,0.945273631840796,0.945273631840796,0.945273631840796,0.945273631840796,0.9415853439708245,0.9415853439708245,0.9415853439708245,0.9457668578427231,0.9457668578427231,0.9457668578427231,0.0,0.0,0.0,2.72898000800069,2.72898000800069,2.72898000800069
minibatch,10,full_convergence,0.0,0.0,0.0,0.0,0.0,0.0,0.0,0.0,0.0,0.0,0.0,0.0,95000000000.0,95000000000.0,95000000000.0,1421.731462641002,1421.731462641002,1421.731462641002
minibatch,10,gmm_plugin_soft,0.943841628358209,0.943841628358209,0.943841628358209,0.943841628358209,0.943841628358209,0.943841628358209,0.9377099159269615,0.9377099159269615,0.9377099159269615,0.9438557017586885,0.9438557017586885,0.9438557017586885,143916350.0,143916350.0,143916350.0,5.596425833000467,5.596425833000467,5.596425833000467
minibatch,10,majority,0.945273631840796,0.945273631840796,0.945273631840796,0.945273631840796,0.945273631840796,0.945273631840796,0.9391394614115245,0.9391394614115245,0.9391394614115245,0.9445606779624277,0.9445606779624277,0.9445606779624277,0.0,0.0,0.0,4.538698999999724,4.538698999999724,4.538698999999724
minibatch,10,markov,0.945273631840796,0.945273631840796,0.945273631840796,0.945273631840796,0.945273631840796,0.945273631840796,0.9030050731442457,0.9030050731442457,0.9030050731442457,0.9267411093371661,0.9267411093371661,0.9267411093371661,0.0,0.0,0.0,31.27468780000072,31.27468780000072,31.27468780000072
minibatch,10,markov_a0.5,0.945273631840796,0.945273631840796,0.945273631840796,0.945273631840796,0.945273631840796,0.945273631840796,0.9043146179185586,0.9043146179185586,0.9043146179185586,0.9273869075391757,0.9273869075391757,0.9273869075391757,0.0,0.0,0.0,30.305750006999915,30.305750006999915,30.305750006999915
minibatch,10,markov_a0.5_soft,0.945273631840796,0.945273631840796,0.945273631840796,0.945273631840796,0.945273631840796,0.945273631840796,0.9079180478169335,0.9079180478169335,0.9079180478169335,0.9291639285277545,0.9291639285277545,0.9291639285277545,0.0,0.0,0.0,27.639556776000063,27.639556776000063,27.639556776000063
minibatch,10,markov_pooled,0.945273631840796,0.945273631840796,0.945273631840796,0.945273631840796,0.945273631840796,0.945273631840796,0.9059041248049156,0.9059041248049156,0.9059041248049156,0.9281707682436175,0.9281707682436175,0.9281707682436175,0.0,0.0,0.0,29.129667047000112,29.129667047000112,29.129667047000112
minibatch,10,markov_pooled_soft,0.945273631840796,0.945273631840796,0.945273631840796,0.945273631840796,0.945273631840796,0.945273631840796,0.9047895503469877,0.9047895503469877,0.9047895503469877,0.9276211190868613,0.9276211190868613,0.9276211190868613,0.0,0.0,0.0,29.954345467000167,29.954345467000167,29.954345467000167
minibatch,10,markov_soft,0.945273631840796,0.945273631840796,0.945273631840796,0.945273631840796,0.945273631840796,0.945273631840796,0.9119664480265041,0.9119664480265041,0.9119664480265041,0.9311603853329273,0.9311603853329273,0.9311603853329273,0.0,0.0,0.0,24.64412810399972,24.64412810399972,24.64412810399972
minibatch,10,markov_w20,0.945273631840796,0.945273631840796,0.945273631840796,0.945273631840796,0.945273631840796,0.945273631840796,0.9089378606804265,0.9089378606804265,0.9089378606804265,0.9296668462794407,0.9296668462794407,0.9296668462794407,0.0,0.0,0.0,26.884992865999266,26.884992865999266,26.884992865999266
minibatch,10,markov_w5,0.945273631840796,0.945273631840796,0.945273631840796,0.945273631840796,0.945273631840796,0.945273631840796,0.9163696947729657,0.9163696947729657,0.9163696947729657,0.9333318336771513,0.9333318336771513,0.9333318336771513,0.0,0.0,0.0,21.3861469579997,21.3861469579997,21.3861469579997
minibatch,10,model_posterior_oracle,0.945273631840796,0.945273631840796,0.945273631840796,0.945273631840796,0.945273631840796,0.945273631840796,0.945273631840796,0.945273631840796,0.945273631840796,0.9475857262935332,0.9475857262935332,0.9475857262935332,0.0,0.0,0.0,0.0,0.0,0.0
minibatch,10,reassign_U,0.943841628358209,0.943841628358209,0.943841628358209,0.943841628358209,0.943841628358209,0.943841628358209,0.9427118883066841,0.9427118883066841,0.9427118883066841,0.9463224099100159,0.9463224099100159,0.9463224099100159,143916350.0,143916350.0,143916350.0,1.895445023999855,1.895445023999855,1.895445023999855
minibatch,10,reassign_all,0.9402985074626866,0.9402985074626866,0.9402985074626866,0.9402985074626866,0.9402985074626866,0.9402985074626866,0.9368903200314368,0.9368903200314368,0.9368903200314368,0.9434515204232454,0.9434515204232454,0.9434515204232454,500000000.0,500000000.0,500000000.0,6.20284834999984,6.20284834999984,6.20284834999984
minibatch,10,stop,0.945273631840796,0.945273631840796,0.945273631840796,0.945273631840796,0.945273631840796,0.945273631840796,0.945148760314061,0.945148760314061,0.945148760314061,0.9475241462628008,0.9475241462628008,0.9475241462628008,0.0,0.0,0.0,0.0923929780001344,0.0923929780001344,0.0923929780001344
minibatch,10,true_posterior_oracle,0.945273631840796,0.945273631840796,0.945273631840796,0.945273631840796,0.945273631840796,0.945273631840796,0.945273631840796,0.945273631840796,0.945273631840796,0.9475857262935332,0.9475857262935332,0.9475857262935332,0.0,0.0,0.0,0.0,0.0,0.0
minibatch,20,fcm_soft,0.8955086129353234,0.8955086129353234,0.8955086129353234,0.8955086129353234,0.8955086129353234,0.8955086129353234,0.8954333890106014,0.8954333890106014,0.8954333890106014,0.8995690233473961,0.8995690233473961,0.8995690233473961,1384400.0,1384400.0,1384400.0,0.0658507779999126,0.0658507779999126,0.0658507779999126
minibatch,20,frequency_soft,0.8955223880597015,0.8955223880597015,0.8955223880597015,0.8955223880597015,0.8955223880597015,0.8955223880597015,0.8954727303504172,0.8954727303504172,0.8954727303504172,0.8995884244148632,0.8995884244148632,0.8995884244148632,0.0,0.0,0.0,0.0367419519998293,0.0367419519998293,0.0367419519998293
minibatch,20,full_convergence,0.0,0.0,0.0,0.0,0.0,0.0,0.0,0.0,0.0,0.0,0.0,0.0,90000000000.0,90000000000.0,90000000000.0,1349.7543779710031,1349.7543779710031,1349.7543779710031
minibatch,20,gmm_plugin_soft,0.8955086129353234,0.8955086129353234,0.8955086129353234,0.8955086129353234,0.8955086129353234,0.8955086129353234,0.8954213708223685,0.8954213708223685,0.8954213708223685,0.8995630966127747,0.8995630966127747,0.8995630966127747,1384400.0,1384400.0,1384400.0,0.0747430869996605,0.0747430869996605,0.0747430869996605
minibatch,20,majority,0.8955223880597015,0.8955223880597015,0.8955223880597015,0.8955223880597015,0.8955223880597015,0.8955223880597015,0.8954815054799989,0.8954815054799989,0.8954815054799989,0.89959275184453,0.89959275184453,0.89959275184453,0.0,0.0,0.0,0.0302491960001134,0.0302491960001134,0.0302491960001134
minibatch,20,markov,0.8955223880597015,0.8955223880597015,0.8955223880597015,0.8955223880597015,0.8955223880597015,0.8955223880597015,0.8952025960933039,0.8952025960933039,0.8952025960933039,0.8994552084905459,0.8994552084905459,0.8994552084905459,0.0,0.0,0.0,0.2366154470000765,0.2366154470000765,0.2366154470000765
minibatch,20,markov_a0.5,0.8955223880597015,0.8955223880597015,0.8955223880597015,0.8955223880597015,0.8955223880597015,0.8955223880597015,0.8951915875126815,0.8951915875126815,0.8951915875126815,0.8994497796409853,0.8994497796409853,0.8994497796409853,0.0,0.0,0.0,0.2447607430003699,0.2447607430003699,0.2447607430003699
minibatch,20,markov_a0.5_soft,0.8955223880597015,0.8955223880597015,0.8955223880597015,0.8955223880597015,0.8955223880597015,0.8955223880597015,0.89517851831824,0.89517851831824,0.89517851831824,0.8994433346057047,0.8994433346057047,0.8994433346057047,0.0,0.0,0.0,0.2544306959998721,0.2544306959998721,0.2544306959998721
minibatch,20,markov_pooled,0.8955223880597015,0.8955223880597015,0.8955223880597015,0.8955223880597015,0.8955223880597015,0.8955223880597015,0.895202018351011,0.895202018351011,0.895202018351011,0.8994549235786122,0.8994549235786122,0.8994549235786122,0.0,0.0,0.0,0.2370429209995563,0.2370429209995563,0.2370429209995563
minibatch,20,markov_pooled_soft,0.8955223880597015,0.8955223880597015,0.8955223880597015,0.8955223880597015,0.8955223880597015,0.8955223880597015,0.8951752436973986,0.8951752436973986,0.8951752436973986,0.8994417197359477,0.8994417197359477,0.8994417197359477,0.0,0.0,0.0,0.2568536019998646,0.2568536019998646,0.2568536019998646
minibatch,20,markov_soft,0.8955223880597015,0.8955223880597015,0.8955223880597015,0.8955223880597015,0.8955223880597015,0.8955223880597015,0.8951058911191302,0.8951058911191302,0.8951058911191302,0.8994075187134022,0.8994075187134022,0.8994075187134022,0.0,0.0,0.0,0.3081678720000127,0.3081678720000127,0.3081678720000127
minibatch,20,markov_w20,0.8955223880597015,0.8955223880597015,0.8955223880597015,0.8955223880597015,0.8955223880597015,0.8955223880597015,0.8950030814783441,0.8950030814783441,0.8950030814783441,0.8993568184376489,0.8993568184376489,0.8993568184376489,0.0,0.0,0.0,0.3842371659993659,0.3842371659993659,0.3842371659993659
minibatch,20,markov_w5,0.8955223880597015,0.8955223880597015,0.8955223880597015,0.8955223880597015,0.8955223880597015,0.8955223880597015,0.895143306176013,0.895143306176013,0.895143306176013,0.8994259698400356,0.8994259698400356,0.8994259698400356,0.0,0.0,0.0,0.2804843110006914,0.2804843110006914,0.2804843110006914
minibatch,20,model_posterior_oracle,0.8955223880597015,0.8955223880597015,0.8955223880597015,0.8955223880597015,0.8955223880597015,0.8955223880597015,0.8955223880597015,0.8955223880597015,0.8955223880597015,0.8996129129699709,0.8996129129699709,0.8996129129699709,0.0,0.0,0.0,0.0,0.0,0.0
minibatch,20,reassign_U,0.8955086129353234,0.8955086129353234,0.8955086129353234,0.8955086129353234,0.8955086129353234,0.8955086129353234,0.8954411143016932,0.8954411143016932,0.8954411143016932,0.8995728330522607,0.8995728330522607,0.8995728330522607,1384400.0,1384400.0,1384400.0,0.0601348019999932,0.0601348019999932,0.0601348019999932
minibatch,20,reassign_all,0.8905472636815921,0.8905472636815921,0.8905472636815921,0.8905472636815921,0.8905472636815921,0.8905472636815921,0.8864380305125846,0.8864380305125846,0.8864380305125846,0.8951329884302257,0.8951329884302257,0.8951329884302257,500000000.0,500000000.0,500000000.0,6.721555097000419,6.721555097000419,6.721555097000419
minibatch,20,stop,0.8955223880597015,0.8955223880597015,0.8955223880597015,0.8955223880597015,0.8955223880597015,0.8955223880597015,0.8954883105426072,0.8954883105426072,0.8954883105426072,0.8995961077413906,0.8995961077413906,0.8995961077413906,0.0,0.0,0.0,0.0252141010005289,0.0252141010005289,0.0252141010005289
minibatch,20,true_posterior_oracle,0.8955223880597015,0.8955223880597015,0.8955223880597015,0.8955223880597015,0.8955223880597015,0.8955223880597015,0.8955223880597015,0.8955223880597015,0.8955223880597015,0.8996129129699709,0.8996129129699709,0.8996129129699709,0.0,0.0,0.0,0.0,0.0,0.0
minibatch,30,fcm_soft,0.8457643223880598,0.8457643223880598,0.8457643223880598,0.8457643223880598,0.8457643223880598,0.8457643223880598,0.8456297031749556,0.8456297031749556,0.8456297031749556,0.8501735500891421,0.8501735500891421,0.8501735500891421,685600.0,685600.0,685600.0,0.1046528790002412,0.1046528790002412,0.1046528790002412
minibatch,30,frequency_soft,0.845771144278607,0.845771144278607,0.845771144278607,0.845771144278607,0.845771144278607,0.845771144278607,0.8457304682742728,0.8457304682742728,0.8457304682742728,0.850223242105208,0.850223242105208,0.850223242105208,0.0,0.0,0.0,0.0300963499994395,0.0300963499994395,0.0300963499994395
minibatch,30,full_convergence,0.0,0.0,0.0,0.0,0.0,0.0,0.0,0.0,0.0,0.0,0.0,0.0,85000000000.0,85000000000.0,85000000000.0,1275.6815757130034,1275.6815757130034,1275.6815757130034
minibatch,30,gmm_plugin_soft,0.8457643223880598,0.8457643223880598,0.8457643223880598,0.8457643223880598,0.8457643223880598,0.8457643223880598,0.8456984019673115,0.8456984019673115,0.8456984019673115,0.8502074286990635,0.8502074286990635,0.8502074286990635,685600.0,685600.0,685600.0,0.0538223479998123,0.0538223479998123,0.0538223479998123
minibatch,30,majority,0.845771144278607,0.845771144278607,0.845771144278607,0.845771144278607,0.845771144278607,0.845771144278607,0.8457205523579485,0.8457205523579485,0.8457205523579485,0.8502183520998725,0.8502183520998725,0.8502183520998725,0.0,0.0,0.0,0.0374331790008,0.0374331790008,0.0374331790008
minibatch,30,markov,0.845771144278607,0.845771144278607,0.845771144278607,0.845771144278607,0.845771144278607,0.845771144278607,0.8455446212500703,0.8455446212500703,0.8455446212500703,0.8501315921849969,0.8501315921849969,0.8501315921849969,0.0,0.0,0.0,0.1676053599994702,0.1676053599994702,0.1676053599994702
minibatch,30,markov_a0.5,0.845771144278607,0.845771144278607,0.845771144278607,0.845771144278607,0.845771144278607,0.845771144278607,0.8455930322845941,0.8455930322845941,0.8455930322845941,0.8501554659460673,0.8501554659460673,0.8501554659460673,0.0,0.0,0.0,0.13178582799992,0.13178582799992,0.13178582799992
minibatch,30,markov_a0.5_soft,0.845771144278607,0.845771144278607,0.845771144278607,0.845771144278607,0.845771144278607,0.845771144278607,0.8456022876114213,0.8456022876114213,0.8456022876114213,0.8501600301836109,0.8501600301836109,0.8501600301836109,0.0,0.0,0.0,0.1249377719996118,0.1249377719996118,0.1249377719996118
minibatch,30,markov_pooled,0.845771144278607,0.845771144278607,0.845771144278607,0.845771144278607,0.845771144278607,0.845771144278607,0.8455636817410563,0.8455636817410563,0.8455636817410563,0.8501409918107673,0.8501409918107673,0.8501409918107673,0.0,0.0,0.0,0.1535024209997573,0.1535024209997573,0.1535024209997573
minibatch,30,markov_pooled_soft,0.845771144278607,0.845771144278607,0.845771144278607,0.845771144278607,0.845771144278607,0.845771144278607,0.8455593381454662,0.8455593381454662,0.8455593381454662,0.8501388497792176,0.8501388497792176,0.8501388497792176,0.0,0.0,0.0,0.156716265999421,0.156716265999421,0.156716265999421
minibatch,30,markov_soft,0.845771144278607,0.845771144278607,0.845771144278607,0.845771144278607,0.845771144278607,0.845771144278607,0.8455886702258043,0.8455886702258043,0.8455886702258043,0.8501533148094442,0.8501533148094442,0.8501533148094442,0.0,0.0,0.0,0.1350133340001775,0.1350133340001775,0.1350133340001775
minibatch,30,markov_w20,0.845771144278607,0.845771144278607,0.845771144278607,0.845771144278607,0.845771144278607,0.845771144278607,0.8455661653244483,0.8455661653244483,0.8455661653244483,0.8501422165827037,0.8501422165827037,0.8501422165827037,0.0,0.0,0.0,0.1516648070000883,0.1516648070000883,0.1516648070000883
minibatch,30,markov_w5,0.845771144278607,0.845771144278607,0.845771144278607,0.845771144278607,0.845771144278607,0.845771144278607,0.8455967506425586,0.8455967506425586,0.8455967506425586,0.8501572996434978,0.8501572996434978,0.8501572996434978,0.0,0.0,0.0,0.1290345990000787,0.1290345990000787,0.1290345990000787
minibatch,30,model_posterior_oracle,0.845771144278607,0.845771144278607,0.845771144278607,0.845771144278607,0.845771144278607,0.845771144278607,0.845771144278607,0.845771144278607,0.845771144278607,0.850243301358606,0.850243301358606,0.850243301358606,0.0,0.0,0.0,0.0,0.0,0.0
minibatch,30,reassign_U,0.8457643223880598,0.8457643223880598,0.8457643223880598,0.8457643223880598,0.8457643223880598,0.8457643223880598,0.8457217912979262,0.8457217912979262,0.8457217912979262,0.8502189630795242,0.8502189630795242,0.8502189630795242,685600.0,685600.0,685600.0,0.0365164819995698,0.0365164819995698,0.0365164819995698
minibatch,30,reassign_all,0.8407960199004976,0.8407960199004976,0.8407960199004976,0.8407960199004976,0.8407960199004976,0.8407960199004976,0.8366053246302028,0.8366053246302028,0.8366053246302028,0.8457232040202097,0.8457232040202097,0.8457232040202097,500000000.0,500000000.0,500000000.0,6.781829255000048,6.781829255000048,6.781829255000048
minibatch,30,stop,0.845771144278607,0.845771144278607,0.845771144278607,0.845771144278607,0.845771144278607,0.845771144278607,0.8457362998285337,0.8457362998285337,0.8457362998285337,0.8502261179192546,0.8502261179192546,0.8502261179192546,0.0,0.0,0.0,0.025781557999835,0.025781557999835,0.025781557999835
minibatch,30,true_posterior_oracle,0.845771144278607,0.845771144278607,0.845771144278607,0.845771144278607,0.845771144278607,0.845771144278607,0.845771144278607,0.845771144278607,0.845771144278607,0.850243301358606,0.850243301358606,0.850243301358606,0.0,0.0,0.0,0.0,0.0,0.0
minibatch,40,fcm_soft,0.7960155139303482,0.7960155139303482,0.7960155139303482,0.7960155139303482,0.7960155139303482,0.7960155139303482,0.7959620543196599,0.7959620543196599,0.7959620543196599,0.8033278445930665,0.8033278445930665,0.8033278445930665,440850.0,440850.0,440850.0,0.042800635000276,0.042800635000276,0.042800635000276
minibatch,40,frequency_soft,0.7960199004975125,0.7960199004975125,0.7960199004975125,0.7960199004975125,0.7960199004975125,0.7960199004975125,0.7959766364151886,0.7959766364151886,0.7959766364151886,0.8033350357111242,0.8033350357111242,0.8033350357111242,0.0,0.0,0.0,0.032011280000006,0.032011280000006,0.032011280000006
minibatch,40,full_convergence,0.0,0.0,0.0,0.0,0.0,0.0,0.0,0.0,0.0,0.0,0.0,0.0,80000000000.0,80000000000.0,80000000000.0,1205.3337202660027,1205.3337202660027,1205.3337202660027
minibatch,40,gmm_plugin_soft,0.7960155139303482,0.7960155139303482,0.7960155139303482,0.7960155139303482,0.7960155139303482,0.7960155139303482,0.7959666166489482,0.7959666166489482,0.7959666166489482,0.8033300944925041,0.8033300944925041,0.8033300944925041,440850.0,440850.0,440850.0,0.0394249479995778,0.0394249479995778,0.0394249479995778
minibatch,40,majority,0.7960199004975125,0.7960199004975125,0.7960199004975125,0.7960199004975125,0.7960199004975125,0.7960199004975125,0.7959781268214726,0.7959781268214726,0.7959781268214726,0.8033357707006544,0.8033357707006544,0.8033357707006544,0.0,0.0,0.0,0.0309085220005727,0.0309085220005727,0.0309085220005727
minibatch,40,markov,0.7960199004975125,0.7960199004975125,0.7960199004975125,0.7960199004975125,0.7960199004975125,0.7960199004975125,0.79587210133096,0.79587210133096,0.79587210133096,0.8032834845379486,0.8032834845379486,0.8032834845379486,0.0,0.0,0.0,0.1093572370000401,0.1093572370000401,0.1093572370000401
minibatch,40,markov_a0.5,0.7960199004975125,0.7960199004975125,0.7960199004975125,0.7960199004975125,0.7960199004975125,0.7960199004975125,0.7958844879668485,0.7958844879668485,0.7958844879668485,0.8032895929714613,0.8032895929714613,0.8032895929714613,0.0,0.0,0.0,0.1001923120002175,0.1001923120002175,0.1001923120002175
minibatch,40,markov_a0.5_soft,0.7960199004975125,0.7960199004975125,0.7960199004975125,0.7960199004975125,0.7960199004975125,0.7960199004975125,0.7958372141699576,0.7958372141699576,0.7958372141699576,0.8032662800358266,0.8032662800358266,0.8032662800358266,0.0,0.0,0.0,0.135170396999456,0.135170396999456,0.135170396999456
minibatch,40,markov_pooled,0.7960199004975125,0.7960199004975125,0.7960199004975125,0.7960199004975125,0.7960199004975125,0.7960199004975125,0.7958849042301482,0.7958849042301482,0.7958849042301482,0.8032897982504986,0.8032897982504986,0.8032897982504986,0.0,0.0,0.0,0.0998843170000327,0.0998843170000327,0.0998843170000327
minibatch,40,markov_pooled_soft,0.7960199004975125,0.7960199004975125,0.7960199004975125,0.7960199004975125,0.7960199004975125,0.7960199004975125,0.7958793080766043,0.7958793080766043,0.7958793080766043,0.8032870385236319,0.8032870385236319,0.8032870385236319,0.0,0.0,0.0,0.1040249349998703,0.1040249349998703,0.1040249349998703
minibatch,40,markov_soft,0.7960199004975125,0.7960199004975125,0.7960199004975125,0.7960199004975125,0.7960199004975125,0.7960199004975125,0.795864609001081,0.795864609001081,0.795864609001081,0.8032797897172296,0.8032797897172296,0.8032797897172296,0.0,0.0,0.0,0.1149008439997487,0.1149008439997487,0.1149008439997487
minibatch,40,markov_w20,0.7960199004975125,0.7960199004975125,0.7960199004975125,0.7960199004975125,0.7960199004975125,0.7960199004975125,0.7958945767095786,0.7958945767095786,0.7958945767095786,0.8032945682056369,0.8032945682056369,0.8032945682056369,0.0,0.0,0.0,0.092727608000132,0.092727608000132,0.092727608000132
minibatch,40,markov_w5,0.7960199004975125,0.7960199004975125,0.7960199004975125,0.7960199004975125,0.7960199004975125,0.7960199004975125,0.7958895727650642,0.7958895727650642,0.7958895727650642,0.8032921005249332,0.8032921005249332,0.8032921005249332,0.0,0.0,0.0,0.0964300480000019,0.0964300480000019,0.0964300480000019
minibatch,40,model_posterior_oracle,0.7960199004975125,0.7960199004975125,0.7960199004975125,0.7960199004975125,0.7960199004975125,0.7960199004975125,0.7960199004975125,0.7960199004975125,0.7960199004975125,0.803356371267666,0.803356371267666,0.803356371267666,0.0,0.0,0.0,0.0,0.0,0.0
minibatch,40,reassign_U,0.7960155139303482,0.7960155139303482,0.7960155139303482,0.7960155139303482,0.7960155139303482,0.7960155139303482,0.7959651978303007,0.7959651978303007,0.7959651978303007,0.803329394806209,0.803329394806209,0.803329394806209,440850.0,440850.0,440850.0,0.0404747379998298,0.0404747379998298,0.0404747379998298
minibatch,40,reassign_all,0.791044776119403,0.791044776119403,0.791044776119403,0.791044776119403,0.791044776119403,0.791044776119403,0.7880383926864273,0.7880383926864273,0.7880383926864273,0.7994203138721272,0.7994203138721272,0.7994203138721272,500000000.0,500000000.0,500000000.0,5.905551848999494,5.905551848999494,5.905551848999494
minibatch,40,stop,0.7960199004975125,0.7960199004975125,0.7960199004975125,0.7960199004975125,0.7960199004975125,0.7960199004975125,0.7959836185263726,0.7959836185263726,0.7959836185263726,0.8033384789189757,0.8033384789189757,0.8033384789189757,0.0,0.0,0.0,0.0268451860001732,0.0268451860001732,0.0268451860001732
minibatch,40,true_posterior_oracle,0.7960199004975125,0.7960199004975125,0.7960199004975125,0.7960199004975125,0.7960199004975125,0.7960199004975125,0.7960199004975125,0.7960199004975125,0.7960199004975125,0.803356371267666,0.803356371267666,0.803356371267666,0.0,0.0,0.0,0.0,0.0,0.0
minibatch,50,fcm_soft,0.7462654965174129,0.7462654965174129,0.7462654965174129,0.7462654965174129,0.7462654965174129,0.7462654965174129,0.7462151706795397,0.7462151706795397,0.7462151706795397,0.756237456545517,0.756237456545517,0.756237456545517,317600.0,317600.0,317600.0,0.0395745480000186,0.0395745480000186,0.0395745480000186
minibatch,50,frequency_soft,0.7462686567164178,0.7462686567164178,0.7462686567164178,0.7462686567164178,0.7462686567164178,0.7462686567164178,0.7462242024112307,0.7462242024112307,0.7462242024112307,0.7562419105177687,0.7562419105177687,0.7562419105177687,0.0,0.0,0.0,0.0328919309995399,0.0328919309995399,0.0328919309995399
minibatch,50,full_convergence,0.0,0.0,0.0,0.0,0.0,0.0,0.0,0.0,0.0,0.0,0.0,0.0,75000000000.0,75000000000.0,75000000000.0,1134.677376031003,1134.677376031003,1134.677376031003
minibatch,50,gmm_plugin_soft,0.7462654965174129,0.7462654965174129,0.7462654965174129,0.7462654965174129,0.7462654965174129,0.7462654965174129,0.7462200856355172,0.7462200856355172,0.7462200856355172,0.7562398803417824,0.7562398803417824,0.7562398803417824,317600.0,317600.0,317600.0,0.0359379510000508,0.0359379510000508,0.0359379510000508
minibatch,50,majority,0.7462686567164178,0.7462686567164178,0.7462686567164178,0.7462686567164178,0.7462686567164178,0.7462686567164178,0.7462311797312541,0.7462311797312541,0.7462311797312541,0.7562453513628733,0.7562453513628733,0.7562453513628733,0.0,0.0,0.0,0.0277293819999613,0.0277293819999613,0.0277293819999613
minibatch,50,markov,0.7462686567164178,0.7462686567164178,0.7462686567164178,0.7462686567164178,0.7462686567164178,0.7462686567164178,0.7461667371529168,0.7461667371529168,0.7461667371529168,0.7562135716925333,0.7562135716925333,0.7562135716925333,0.0,0.0,0.0,0.075410722000015,0.075410722000015,0.075410722000015
minibatch,50,markov_a0.5,0.7462686567164178,0.7462686567164178,0.7462686567164178,0.7462686567164178,0.7462686567164178,0.7462686567164178,0.746153105700617,0.746153105700617,0.746153105700617,0.7562068493814229,0.7562068493814229,0.7562068493814229,0.0,0.0,0.0,0.0854966919996513,0.0854966919996513,0.0854966919996513
minibatch,50,markov_a0.5_soft,0.7462686567164178,0.7462686567164178,0.7462686567164178,0.7462686567164178,0.7462686567164178,0.7462686567164178,0.7461684513259821,0.7461684513259821,0.7461684513259821,0.7562144170320019,0.7562144170320019,0.7562144170320019,0.0,0.0,0.0,0.0741423979998217,0.0741423979998217,0.0741423979998217
minibatch,50,markov_pooled,0.7462686567164178,0.7462686567164178,0.7462686567164178,0.7462686567164178,0.7462686567164178,0.7462686567164178,0.7461696943583794,0.7461696943583794,0.7461696943583794,0.7562150300298183,0.7562150300298183,0.7562150300298183,0.0,0.0,0.0,0.0732226729996909,0.0732226729996909,0.0732226729996909
minibatch,50,markov_pooled_soft,0.7462686567164178,0.7462686567164178,0.7462686567164178,0.7462686567164178,0.7462686567164178,0.7462686567164178,0.7461520714776597,0.7461520714776597,0.7461520714776597,0.7562063393573754,0.7562063393573754,0.7562063393573754,0.0,0.0,0.0,0.0862619179997636,0.0862619179997636,0.0862619179997636
minibatch,50,markov_soft,0.7462686567164178,0.7462686567164178,0.7462686567164178,0.7462686567164178,0.7462686567164178,0.7462686567164178,0.7461641821900213,0.7461641821900213,0.7461641821900213,0.7562123117200021,0.7562123117200021,0.7562123117200021,0.0,0.0,0.0,0.077301150000494,0.077301150000494,0.077301150000494
minibatch,50,markov_w20,0.7462686567164178,0.7462686567164178,0.7462686567164178,0.7462686567164178,0.7462686567164178,0.7462686567164178,0.7461598519150723,0.7461598519150723,0.7461598519150723,0.7562101762574878,0.7562101762574878,0.7562101762574878,0.0,0.0,0.0,0.0805051390007065,0.0805051390007065,0.0805051390007065
minibatch,50,markov_w5,0.7462686567164178,0.7462686567164178,0.7462686567164178,0.7462686567164178,0.7462686567164178,0.7462686567164178,0.7461392154013227,0.7461392154013227,0.7461392154013227,0.7561999994206688,0.7561999994206688,0.7561999994206688,0.0,0.0,0.0,0.0957741840002199,0.0957741840002199,0.0957741840002199
minibatch,50,model_posterior_oracle,0.7462686567164178,0.7462686567164178,0.7462686567164178,0.7462686567164178,0.7462686567164178,0.7462686567164178,0.7462686567164178,0.7462686567164178,0.7462686567164178,0.7562638330292586,0.7562638330292586,0.7562638330292586,0.0,0.0,0.0,0.0,0.0,0.0
minibatch,50,reassign_U,0.7462654965174129,0.7462654965174129,0.7462654965174129,0.7462654965174129,0.7462654965174129,0.7462654965174129,0.7462282251274795,0.7462282251274795,0.7462282251274795,0.7562438943086032,0.7562438943086032,0.7562438943086032,317600.0,317600.0,317600.0,0.0299155060001794,0.0299155060001794,0.0299155060001794
minibatch,50,reassign_all,0.7412935323383085,0.7412935323383085,0.7412935323383085,0.7412935323383085,0.7412935323383085,0.7412935323383085,0.7384086158322516,0.7384086158322516,0.7384086158322516,0.7523876766959413,0.7523876766959413,0.7523876766959413,500000000.0,500000000.0,500000000.0,5.815677949000019,5.815677949000019,5.815677949000019
minibatch,50,stop,0.7462686567164178,0.7462686567164178,0.7462686567164178,0.7462686567164178,0.7462686567164178,0.7462686567164178,0.7462314111747037,0.7462314111747037,0.7462314111747037,0.7562454654985383,0.7562454654985383,0.7562454654985383,0.0,0.0,0.0,0.0275581359992429,0.0275581359992429,0.0275581359992429
minibatch,50,true_posterior_oracle,0.7462686567164178,0.7462686567164178,0.7462686567164178,0.7462686567164178,0.7462686567164178,0.7462686567164178,0.7462686567164178,0.7462686567164178,0.7462686567164178,0.7562638330292586,0.7562638330292586,0.7562638330292586,0.0,0.0,0.0,0.0,0.0,0.0
minibatch,60,fcm_soft,0.6965149900497513,0.6965149900497513,0.6965149900497513,0.6965149900497513,0.6965149900497513,0.6965149900497513,0.6964719466222137,0.6964719466222137,0.6964719466222137,0.7069196554609405,0.7069196554609405,0.7069196554609405,243500.0,243500.0,243500.0,0.0336407200002213,0.0336407200002213,0.0336407200002213
minibatch,60,frequency_soft,0.6965174129353233,0.6965174129353233,0.6965174129353233,0.6965174129353233,0.6965174129353233,0.6965174129353233,0.6964758969547763,0.6964758969547763,0.6964758969547763,0.7069216035559704,0.7069216035559704,0.7069216035559704,0.0,0.0,0.0,0.0307178520006345,0.0307178520006345,0.0307178520006345
minibatch,60,full_convergence,0.0,0.0,0.0,0.0,0.0,0.0,0.0,0.0,0.0,0.0,0.0,0.0,70000000000.0,70000000000.0,70000000000.0,1060.6763750290038,1060.6763750290038,1060.6763750290038
minibatch,60,gmm_plugin_soft,0.6965149900497513,0.6965149900497513,0.6965149900497513,0.6965149900497513,0.6965149900497513,0.6965149900497513,0.6964667513826864,0.6964667513826864,0.6964667513826864,0.7069170934436567,0.7069170934436567,0.7069170934436567,243500.0,243500.0,243500.0,0.0374847000002773,0.0374847000002773,0.0374847000002773
minibatch,60,majority,0.6965174129353233,0.6965174129353233,0.6965174129353233,0.6965174129353233,0.6965174129353233,0.6965174129353233,0.6964752249624551,0.6964752249624551,0.6964752249624551,0.706921272164909,0.706921272164909,0.706921272164909,0.0,0.0,0.0,0.0312150620002285,0.0312150620002285,0.0312150620002285
minibatch,60,markov,0.6965174129353233,0.6965174129353233,0.6965174129353233,0.6965174129353233,0.6965174129353233,0.6965174129353233,0.6963981738776396,0.6963981738776396,0.6963981738776396,0.7068832746462195,0.7068832746462195,0.7068832746462195,0.0,0.0,0.0,0.0882254900006955,0.0882254900006955,0.0882254900006955
minibatch,60,markov_a0.5,0.6965174129353233,0.6965174129353233,0.6965174129353233,0.6965174129353233,0.6965174129353233,0.6965174129353233,0.6964272851023863,0.6964272851023863,0.6964272851023863,0.7068976307621526,0.7068976307621526,0.7068976307621526,0.0,0.0,0.0,0.0666859700004351,0.0666859700004351,0.0666859700004351
minibatch,60,markov_a0.5_soft,0.6965174129353233,0.6965174129353233,0.6965174129353233,0.6965174129353233,0.6965174129353233,0.6965174129353233,0.6963987492763876,0.6963987492763876,0.6963987492763876,0.7068835584024408,0.7068835584024408,0.7068835584024408,0.0,0.0,0.0,0.0877997500001583,0.0877997500001583,0.0877997500001583
minibatch,60,markov_pooled,0.6965174129353233,0.6965174129353233,0.6965174129353233,0.6965174129353233,0.6965174129353233,0.6965174129353233,0.6964261032833121,0.6964261032833121,0.6964261032833121,0.7068970479515087,0.7068970479515087,0.7068970479515087,0.0,0.0,0.0,0.0675604030002432,0.0675604030002432,0.0675604030002432
minibatch,60,markov_pooled_soft,0.6965174129353233,0.6965174129353233,0.6965174129353233,0.6965174129353233,0.6965174129353233,0.6965174129353233,0.6964133951071864,0.6964133951071864,0.6964133951071864,0.7068907809513618,0.7068907809513618,0.7068907809513618,0.0,0.0,0.0,0.0769632370002,0.0769632370002,0.0769632370002
minibatch,60,markov_soft,0.6965174129353233,0.6965174129353233,0.6965174129353233,0.6965174129353233,0.6965174129353233,0.6965174129353233,0.6964326610585317,0.6964326610585317,0.6964326610585317,0.7069002818993118,0.7069002818993118,0.7069002818993118,0.0,0.0,0.0,0.0627082769997287,0.0627082769997287,0.0627082769997287
minibatch,60,markov_w20,0.6965174129353233,0.6965174129353233,0.6965174129353233,0.6965174129353233,0.6965174129353233,0.6965174129353233,0.6964343572873839,0.6964343572873839,0.6964343572873839,0.7069011183896436,0.7069011183896436,0.7069011183896436,0.0,0.0,0.0,0.0614532299996426,0.0614532299996426,0.0614532299996426
minibatch,60,markov_w5,0.6965174129353233,0.6965174129353233,0.6965174129353233,0.6965174129353233,0.6965174129353233,0.6965174129353233,0.6964351425105679,0.6964351425105679,0.6964351425105679,0.7069015056201763,0.7069015056201763,0.7069015056201763,0.0,0.0,0.0,0.0608722399992984,0.0608722399992984,0.0608722399992984
minibatch,60,model_posterior_oracle,0.6965174129353233,0.6965174129353233,0.6965174129353233,0.6965174129353233,0.6965174129353233,0.6965174129353233,0.6965174129353233,0.6965174129353233,0.6965174129353233,0.7069420770411982,0.7069420770411982,0.7069420770411982,0.0,0.0,0.0,0.0,0.0,0.0
minibatch,60,reassign_U,0.6965149900497513,0.6965149900497513,0.6965149900497513,0.6965149900497513,0.6965149900497513,0.6965149900497513,0.6964765261726468,0.6964765261726468,0.6964765261726468,0.7069219138529357,0.7069219138529357,0.7069219138529357,243500.0,243500.0,243500.0,0.0302522910005791,0.0302522910005791,0.0302522910005791
minibatch,60,reassign_all,0.691542288557214,0.691542288557214,0.691542288557214,0.691542288557214,0.691542288557214,0.691542288557214,0.6884059349339802,0.6884059349339802,0.6884059349339802,0.7029419252238192,0.7029419252238192,0.7029419252238192,500000000.0,500000000.0,500000000.0,6.001717350000035,6.001717350000035,6.001717350000035
minibatch,60,stop,0.6965174129353233,0.6965174129353233,0.6965174129353233,0.6965174129353233,0.6965174129353233,0.6965174129353233,0.6964835095393994,0.6964835095393994,0.6964835095393994,0.7069253576799673,0.7069253576799673,0.7069253576799673,0.0,0.0,0.0,0.0250852680001116,0.0250852680001116,0.0250852680001116
minibatch,60,true_posterior_oracle,0.6965174129353233,0.6965174129353233,0.6965174129353233,0.6965174129353233,0.6965174129353233,0.6965174129353233,0.6965174129353233,0.6965174129353233,0.6965174129353233,0.7069420770411982,0.7069420770411982,0.7069420770411982,0.0,0.0,0.0,0.0,0.0,0.0
minibatch,70,fcm_soft,0.6467642089552239,0.6467642089552239,0.6467642089552239,0.6467642089552239,0.6467642089552239,0.6467642089552239,0.6464261108192533,0.6464261108192533,0.6464261108192533,0.6586770557628754,0.6586770557628754,0.6586770557628754,197000.0,197000.0,197000.0,0.2516106200000649,0.2516106200000649,0.2516106200000649
minibatch,70,frequency_soft,0.6467661691542288,0.6467661691542288,0.6467661691542288,0.6467661691542288,0.6467661691542288,0.6467661691542288,0.6467282958637518,0.6467282958637518,0.6467282958637518,0.6588260774399033,0.6588260774399033,0.6588260774399033,0.0,0.0,0.0,0.0280226100003346,0.0280226100003346,0.0280226100003346
minibatch,70,full_convergence,0.0,0.0,0.0,0.0,0.0,0.0,0.0,0.0,0.0,0.0,0.0,0.0,65000000000.0,65000000000.0,65000000000.0,988.5124802310038,988.5124802310038,988.5124802310038
minibatch,70,gmm_plugin_soft,0.6467642089552239,0.6467642089552239,0.6467642089552239,0.6467642089552239,0.6467642089552239,0.6467642089552239,0.6467054312766843,0.6467054312766843,0.6467054312766843,0.6588148018351989,0.6588148018351989,0.6588148018351989,197000.0,197000.0,197000.0,0.0449402160002136,0.0449402160002136,0.0449402160002136
minibatch,70,majority,0.6467661691542288,0.6467661691542288,0.6467661691542288,0.6467661691542288,0.6467661691542288,0.6467661691542288,0.6467276625872488,0.6467276625872488,0.6467276625872488,0.6588257651414351,0.6588257651414351,0.6588257651414351,0.0,0.0,0.0,0.0284911740000097,0.0284911740000097,0.0284911740000097
minibatch,70,markov,0.6467661691542288,0.6467661691542288,0.6467661691542288,0.6467661691542288,0.6467661691542288,0.6467661691542288,0.6466891400344166,0.6466891400344166,0.6466891400344166,0.6588067678563909,0.6588067678563909,0.6588067678563909,0.0,0.0,0.0,0.0569941760004439,0.0569941760004439,0.0569941760004439
minibatch,70,markov_a0.5,0.6467661691542288,0.6467661691542288,0.6467661691542288,0.6467661691542288,0.6467661691542288,0.6467661691542288,0.6466903822964449,0.6466903822964449,0.6466903822964449,0.6588073804743021,0.6588073804743021,0.6588073804743021,0.0,0.0,0.0,0.0560750209997422,0.0560750209997422,0.0560750209997422
minibatch,70,markov_a0.5_soft,0.6467661691542288,0.6467661691542288,0.6467661691542288,0.6467661691542288,0.6467661691542288,0.6467661691542288,0.6466594703739288,0.6466594703739288,0.6466594703739288,0.658792136349494,0.658792136349494,0.658792136349494,0.0,0.0,0.0,0.0789468849998229,0.0789468849998229,0.0789468849998229
minibatch,70,markov_pooled,0.6467661691542288,0.6467661691542288,0.6467661691542288,0.6467661691542288,0.6467661691542288,0.6467661691542288,0.6466608012284953,0.6466608012284953,0.6466608012284953,0.6587927926565581,0.6587927926565581,0.6587927926565581,0.0,0.0,0.0,0.0779621800002132,0.0779621800002132,0.0779621800002132
minibatch,70,markov_pooled_soft,0.6467661691542288,0.6467661691542288,0.6467661691542288,0.6467661691542288,0.6467661691542288,0.6467661691542288,0.6466731147346556,0.6466731147346556,0.6466731147346556,0.6587988650263576,0.6587988650263576,0.6587988650263576,0.0,0.0,0.0,0.0688513639997836,0.0688513639997836,0.0688513639997836
minibatch,70,markov_soft,0.6467661691542288,0.6467661691542288,0.6467661691542288,0.6467661691542288,0.6467661691542288,0.6467661691542288,0.6466661445979934,0.6466661445979934,0.6466661445979934,0.6587954277237068,0.6587954277237068,0.6587954277237068,0.0,0.0,0.0,0.0740085979996365,0.0740085979996365,0.0740085979996365
minibatch,70,markov_w20,0.6467661691542288,0.6467661691542288,0.6467661691542288,0.6467661691542288,0.6467661691542288,0.6467661691542288,0.6466823992449865,0.6466823992449865,0.6466823992449865,0.6588034436556613,0.6588034436556613,0.6588034436556613,0.0,0.0,0.0,0.0619817150000017,0.0619817150000017,0.0619817150000017
minibatch,70,markov_w5,0.6467661691542288,0.6467661691542288,0.6467661691542288,0.6467661691542288,0.6467661691542288,0.6467661691542288,0.6466663752575564,0.6466663752575564,0.6466663752575564,0.6587955414728004,0.6587955414728004,0.6587955414728004,0.0,0.0,0.0,0.0738379320000603,0.0738379320000603,0.0738379320000603
minibatch,70,model_posterior_oracle,0.6467661691542288,0.6467661691542288,0.6467661691542288,0.6467661691542288,0.6467661691542288,0.6467661691542288,0.6467661691542288,0.6467661691542288,0.6467661691542288,0.6588447545431029,0.6588447545431029,0.6588447545431029,0.0,0.0,0.0,0.0,0.0,0.0
minibatch,70,reassign_U,0.6467642089552239,0.6467642089552239,0.6467642089552239,0.6467642089552239,0.6467642089552239,0.6467642089552239,0.6467266351759839,0.6467266351759839,0.6467266351759839,0.6588252584765539,0.6588252584765539,0.6588252584765539,197000.0,197000.0,197000.0,0.0292513599997619,0.0292513599997619,0.0292513599997619
minibatch,70,reassign_all,0.6417910447761195,0.6417910447761195,0.6417910447761195,0.6417910447761195,0.6417910447761195,0.6417910447761195,0.6379860346057442,0.6379860346057442,0.6379860346057442,0.6545148566915477,0.6545148566915477,0.6545148566915477,500000000.0,500000000.0,500000000.0,6.496459195999705,6.496459195999705,6.496459195999705
minibatch,70,stop,0.6467661691542288,0.6467661691542288,0.6467661691542288,0.6467661691542288,0.6467661691542288,0.6467661691542288,0.6467289962732627,0.6467289962732627,0.6467289962732627,0.6588264228448194,0.6588264228448194,0.6588264228448194,0.0,0.0,0.0,0.0275043740002729,0.0275043740002729,0.0275043740002729
minibatch,70,true_posterior_oracle,0.6467661691542288,0.6467661691542288,0.6467661691542288,0.6467661691542288,0.6467661691542288,0.6467661691542288,0.6467661691542288,0.6467661691542288,0.6467661691542288,0.6588447545431029,0.6588447545431029,0.6588447545431029,0.0,0.0,0.0,0.0,0.0,0.0
minibatch,80,fcm_soft,0.5970133427860697,0.5970133427860697,0.5970133427860697,0.5970133427860697,0.5970133427860697,0.5970133427860697,0.5969692578164278,0.5969692578164278,0.5969692578164278,0.6100915323807996,0.6100915323807996,0.6100915323807996,159050.0,159050.0,159050.0,0.0337896210003236,0.0337896210003236,0.0337896210003236
minibatch,80,frequency_soft,0.5970149253731343,0.5970149253731343,0.5970149253731343,0.5970149253731343,0.5970149253731343,0.5970149253731343,0.596976351912367,0.596976351912367,0.596976351912367,0.6100950308136079,0.6100950308136079,0.6100950308136079,0.0,0.0,0.0,0.0285406689999945,0.0285406689999945,0.0285406689999945
minibatch,80,full_convergence,0.0,0.0,0.0,0.0,0.0,0.0,0.0,0.0,0.0,0.0,0.0,0.0,60000000000.0,60000000000.0,60000000000.0,915.3982813060034,915.3982813060034,915.3982813060034
minibatch,80,gmm_plugin_soft,0.5970133427860697,0.5970133427860697,0.5970133427860697,0.5970133427860697,0.5970133427860697,0.5970133427860697,0.5969659725536701,0.5969659725536701,0.5969659725536701,0.6100899122630123,0.6100899122630123,0.6100899122630123,159050.0,159050.0,159050.0,0.0362204009998095,0.0362204009998095,0.0362204009998095
minibatch,80,majority,0.5970149253731343,0.5970149253731343,0.5970149253731343,0.5970149253731343,0.5970149253731343,0.5970149253731343,0.5969795706786868,0.5969795706786868,0.5969795706786868,0.61009661813887,0.61009661813887,0.61009661813887,0.0,0.0,0.0,0.0261590899999646,0.0261590899999646,0.0261590899999646
minibatch,80,markov,0.5970149253731343,0.5970149253731343,0.5970149253731343,0.5970149253731343,0.5970149253731343,0.5970149253731343,0.5969449726212928,0.5969449726212928,0.5969449726212928,0.6100795562073527,0.6100795562073527,0.6100795562073527,0.0,0.0,0.0,0.0517583410000952,0.0517583410000952,0.0517583410000952
minibatch,80,markov_a0.5,0.5970149253731343,0.5970149253731343,0.5970149253731343,0.5970149253731343,0.5970149253731343,0.5970149253731343,0.5969273661372896,0.5969273661372896,0.5969273661372896,0.6100708736209028,0.6100708736209028,0.6100708736209028,0.0,0.0,0.0,0.0647854539993204,0.0647854539993204,0.0647854539993204
minibatch,80,markov_a0.5_soft,0.5970149253731343,0.5970149253731343,0.5970149253731343,0.5970149253731343,0.5970149253731343,0.5970149253731343,0.5969461317928433,0.5969461317928433,0.5969461317928433,0.6100801278494361,0.6100801278494361,0.6100801278494361,0.0,0.0,0.0,0.0509006649999719,0.0509006649999719,0.0509006649999719
minibatch,80,markov_pooled,0.5970149253731343,0.5970149253731343,0.5970149253731343,0.5970149253731343,0.5970149253731343,0.5970149253731343,0.5968785016833071,0.5968785016833071,0.5968785016833071,0.6100467762573434,0.6100467762573434,0.6100467762573434,0.0,0.0,0.0,0.1009404730002643,0.1009404730002643,0.1009404730002643
minibatch,80,markov_pooled_soft,0.5970149253731343,0.5970149253731343,0.5970149253731343,0.5970149253731343,0.5970149253731343,0.5970149253731343,0.5969228931817233,0.5969228931817233,0.5969228931817233,0.6100686677958566,0.6100686677958566,0.6100686677958566,0.0,0.0,0.0,0.0680950129999473,0.0680950129999473,0.0680950129999473
minibatch,80,markov_soft,0.5970149253731343,0.5970149253731343,0.5970149253731343,0.5970149253731343,0.5970149253731343,0.5970149253731343,0.5969415290677897,0.5969415290677897,0.5969415290677897,0.6100778580289441,0.6100778580289441,0.6100778580289441,0.0,0.0,0.0,0.0543062410006314,0.0543062410006314,0.0543062410006314
minibatch,80,markov_w20,0.5970149253731343,0.5970149253731343,0.5970149253731343,0.5970149253731343,0.5970149253731343,0.5970149253731343,0.5969387659779768,0.5969387659779768,0.5969387659779768,0.6100764954192279,0.6100764954192279,0.6100764954192279,0.0,0.0,0.0,0.0563506629996481,0.0563506629996481,0.0563506629996481
minibatch,80,markov_w5,0.5970149253731343,0.5970149253731343,0.5970149253731343,0.5970149253731343,0.5970149253731343,0.5970149253731343,0.5969515175218738,0.5969515175218738,0.5969515175218738,0.6100827838060652,0.6100827838060652,0.6100827838060652,0.0,0.0,0.0,0.0469157409997933,0.0469157409997933,0.0469157409997933
minibatch,80,model_posterior_oracle,0.5970149253731343,0.5970149253731343,0.5970149253731343,0.5970149253731343,0.5970149253731343,0.5970149253731343,0.5970149253731343,0.5970149253731343,0.5970149253731343,0.6101140532037526,0.6101140532037526,0.6101140532037526,0.0,0.0,0.0,0.0,0.0,0.0
minibatch,80,reassign_U,0.5970133427860697,0.5970133427860697,0.5970133427860697,0.5970133427860697,0.5970133427860697,0.5970133427860697,0.5969774470540141,0.5969774470540141,0.5969774470540141,0.6100955708795305,0.6100955708795305,0.6100955708795305,159050.0,159050.0,159050.0,0.0277303689999826,0.0277303689999826,0.0277303689999826
minibatch,80,reassign_all,0.592039800995025,0.592039800995025,0.592039800995025,0.592039800995025,0.592039800995025,0.592039800995025,0.5887690835862336,0.5887690835862336,0.5887690835862336,0.6060476402757722,0.6060476402757722,0.6060476402757722,500000000.0,500000000.0,500000000.0,6.101133690999632,6.101133690999632,6.101133690999632
minibatch,80,stop,0.5970149253731343,0.5970149253731343,0.5970149253731343,0.5970149253731343,0.5970149253731343,0.5970149253731343,0.5969822148747447,0.5969822148747447,0.5969822148747447,0.6100979221164761,0.6100979221164761,0.6100979221164761,0.0,0.0,0.0,0.0242026380001334,0.0242026380001334,0.0242026380001334
minibatch,80,true_posterior_oracle,0.5970149253731343,0.5970149253731343,0.5970149253731343,0.5970149253731343,0.5970149253731343,0.5970149253731343,0.5970149253731343,0.5970149253731343,0.5970149253731343,0.6101140532037526,0.6101140532037526,0.6101140532037526,0.0,0.0,0.0,0.0,0.0,0.0
minibatch,90,fcm_soft,0.5472622696517413,0.5472622696517413,0.5472622696517413,0.5472622696517413,0.5472622696517413,0.5472622696517413,0.5472204040971709,0.5472204040971709,0.5472204040971709,0.559237527102836,0.559237527102836,0.559237527102836,141900.0,141900.0,141900.0,0.0320212039996476,0.0320212039996476,0.0320212039996476
minibatch,90,frequency_soft,0.5472636815920398,0.5472636815920398,0.5472636815920398,0.5472636815920398,0.5472636815920398,0.5472636815920398,0.5472259556719753,0.5472259556719753,0.5472259556719753,0.5592402648458268,0.5592402648458268,0.5592402648458268,0.0,0.0,0.0,0.027913570000237,0.027913570000237,0.027913570000237
minibatch,90,full_convergence,0.0,0.0,0.0,0.0,0.0,0.0,0.0,0.0,0.0,0.0,0.0,0.0,55000000000.0,55000000000.0,55000000000.0,839.0965673550027,839.0965673550027,839.0965673550027
minibatch,90,gmm_plugin_soft,0.5472622696517413,0.5472622696517413,0.5472622696517413,0.5472622696517413,0.5472622696517413,0.5472622696517413,0.5468603002978645,0.5468603002978645,0.5468603002978645,0.5590599429600938,0.5590599429600938,0.5590599429600938,141900.0,141900.0,141900.0,0.2984635490001892,0.2984635490001892,0.2984635490001892
minibatch,90,majority,0.5472636815920398,0.5472636815920398,0.5472636815920398,0.5472636815920398,0.5472636815920398,0.5472636815920398,0.547226944721523,0.547226944721523,0.547226944721523,0.5592407525927386,0.5592407525927386,0.5592407525927386,0.0,0.0,0.0,0.0271817679995365,0.0271817679995365,0.0271817679995365
minibatch,90,markov,0.5472636815920398,0.5472636815920398,0.5472636815920398,0.5472636815920398,0.5472636815920398,0.5472636815920398,0.5471961929899962,0.5471961929899962,0.5471961929899962,0.5592255874656515,0.5592255874656515,0.5592255874656515,0.0,0.0,0.0,0.0499351059997934,0.0499351059997934,0.0499351059997934
minibatch,90,markov_a0.5,0.5472636815920398,0.5472636815920398,0.5472636815920398,0.5472636815920398,0.5472636815920398,0.5472636815920398,0.5471889416439882,0.5471889416439882,0.5471889416439882,0.5592220114854286,0.5592220114854286,0.5592220114854286,0.0,0.0,0.0,0.055300408000221,0.055300408000221,0.055300408000221
minibatch,90,markov_a0.5_soft,0.5472636815920398,0.5472636815920398,0.5472636815920398,0.5472636815920398,0.5472636815920398,0.5472636815920398,0.5471986917388632,0.5471986917388632,0.5471986917388632,0.559226819716398,0.559226819716398,0.559226819716398,0.0,0.0,0.0,0.0480862710001019,0.0480862710001019,0.0480862710001019
minibatch,90,markov_pooled,0.5472636815920398,0.5472636815920398,0.5472636815920398,0.5472636815920398,0.5472636815920398,0.5472636815920398,0.5471834115516905,0.5471834115516905,0.5471834115516905,0.5592192843364736,0.5592192843364736,0.5592192843364736,0.0,0.0,0.0,0.0593921470008353,0.0593921470008353,0.0593921470008353
minibatch,90,markov_pooled_soft,0.5472636815920398,0.5472636815920398,0.5472636815920398,0.5472636815920398,0.5472636815920398,0.5472636815920398,0.5471861727345024,0.5471861727345024,0.5471861727345024,0.5592206460057576,0.5592206460057576,0.5592206460057576,0.0,0.0,0.0,0.0573491360000844,0.0573491360000844,0.0573491360000844
minibatch,90,markov_soft,0.5472636815920398,0.5472636815920398,0.5472636815920398,0.5472636815920398,0.5472636815920398,0.5472636815920398,0.547165371822462,0.547165371822462,0.547165371822462,0.5592103880963992,0.5592103880963992,0.5592103880963992,0.0,0.0,0.0,0.0727398199996969,0.0727398199996969,0.0727398199996969
minibatch,90,markov_w20,0.5472636815920398,0.5472636815920398,0.5472636815920398,0.5472636815920398,0.5472636815920398,0.5472636815920398,0.5471952254080917,0.5471952254080917,0.5471952254080917,0.5592251103054456,0.5592251103054456,0.5592251103054456,0.0,0.0,0.0,0.0506510239993076,0.0506510239993076,0.0506510239993076
minibatch,90,markov_w5,0.5472636815920398,0.5472636815920398,0.5472636815920398,0.5472636815920398,0.5472636815920398,0.5472636815920398,0.5472034366309522,0.5472034366309522,0.5472034366309522,0.5592291596461505,0.5592291596461505,0.5592291596461505,0.0,0.0,0.0,0.0445755050004663,0.0445755050004663,0.0445755050004663
minibatch,90,model_posterior_oracle,0.5472636815920398,0.5472636815920398,0.5472636815920398,0.5472636815920398,0.5472636815920398,0.5472636815920398,0.5472636815920398,0.5472636815920398,0.5472636815920398,0.5592588692737355,0.5592588692737355,0.5592588692737355,0.0,0.0,0.0,0.0,0.0,0.0
minibatch,90,reassign_U,0.5472622696517413,0.5472622696517413,0.5472622696517413,0.5472622696517413,0.5472622696517413,0.5472622696517413,0.5472248644619185,0.5472248644619185,0.5472248644619185,0.5592397267187567,0.5592397267187567,0.5592397267187567,141900.0,141900.0,141900.0,0.0287209609996352,0.0287209609996352,0.0287209609996352
minibatch,90,reassign_all,0.5422885572139303,0.5422885572139303,0.5422885572139303,0.5422885572139303,0.5422885572139303,0.5422885572139303,0.5389078764688129,0.5389078764688129,0.5389078764688129,0.5551382282458234,0.5551382282458234,0.5551382282458234,500000000.0,500000000.0,500000000.0,6.182496034999531,6.182496034999531,6.182496034999531
minibatch,90,stop,0.5472636815920398,0.5472636815920398,0.5472636815920398,0.5472636815920398,0.5472636815920398,0.5472636815920398,0.5472250504630035,0.5472250504630035,0.5472250504630035,0.5592398184446514,0.5592398184446514,0.5592398184446514,0.0,0.0,0.0,0.0285833379994073,0.0285833379994073,0.0285833379994073
minibatch,90,true_posterior_oracle,0.5472636815920398,0.5472636815920398,0.5472636815920398,0.5472636815920398,0.5472636815920398,0.5472636815920398,0.5472636815920398,0.5472636815920398,0.5472636815920398,0.5592588692737355,0.5592588692737355,0.5592588692737355,0.0,0.0,0.0,0.0,0.0,0.0
