regime,T0,method,n_disagree_mean,n_disagree_min,n_disagree_max,disagree_rate_mean,disagree_rate_min,disagree_rate_max,U_err_mean,U_err_min,U_err_max,U_err_rate_mean,U_err_rate_min,U_err_rate_max,rel_sse_mean,rel_sse_min,rel_sse_max,center_err_mean,center_err_min,center_err_max,acc_truth_mean,acc_truth_min,acc_truth_max,ari_ref_mean,ari_ref_min,ari_ref_max
exact,10,active_set_U,284934.14285714284,134143.0,597602.0,0.028493414285714284,0.0134143,0.0597602,112803.85714285714,37275.0,260805.0,0.0484076886565164,0.027677383964624033,0.08490937367840345,0.0037132722734723356,3.625996311407143e-05,0.0117804737376423,0.026893454275395984,0.0095160241655236,0.0661175924932831,0.9024383,0.8421908,0.9377059,0.9738120951734957,0.9432072679937028,0.991687257872526
exact,10,fcm_soft,319215.0,134900.0,605744.0,0.0319215,0.01349,0.0605744,147084.7142857143,38032.0,268947.0,0.05875512229753328,0.031508013699424554,0.08756013620400518,0.004296272909672744,3.636531544226607e-05,0.0118503783554635,0.03119642241500074,0.0095808778381477,0.06798168795971,0.8998376285714286,0.842042,0.9378595,0.9706159859783501,0.9410677842667198,0.9916635126482573
exact,10,frequency_soft,478861.14285714284,140384.0,818796.0,0.047886114285714286,0.0140384,0.0818796,306730.85714285716,43516.0,669493.0,0.11778159927731537,0.03605129165292803,0.1844761744945176,0.018651639510456768,0.0013513312844999,0.0389381735191294,0.06804711292087236,0.0217527136323483,0.1135425685750652,0.8889648,0.8355682,0.9366488,0.9464141163897651,0.8948936940905828,0.9913315486458816
exact,10,full_convergence,0.0,0.0,0.0,0.0,0.0,0.0,,,,,,,0.0,0.0,0.0,0.0,0.0,0.0,0.9111097,0.8682017,0.9464385,1.0,1.0,1.0
exact,10,gmm_plugin_soft,327385.85714285716,138854.0,620239.0,0.032738585714285715,0.0138854,0.0620239,155255.57142857142,41986.0,283442.0,0.062402206901309744,0.03478374692848231,0.092279222768559,0.004364483595602461,5.591926446535389e-05,0.0119499336662467,0.03119642241500074,0.0095808778381477,0.06798168795971,0.9002535142857143,0.8426301,0.9377738,0.9681201415949555,0.9373984598406808,0.99045665122025
exact,10,hartigan_U,284926.5714285714,134143.0,597657.0,0.028492657142857144,0.0134143,0.0597657,112796.28571428571,37275.0,260860.0,0.04840361878088556,0.027674083072062684,0.08492727983646144,0.0037132720279881887,3.625994774281161e-05,0.0117804731731647,0.026892619979976686,0.0095162097525934,0.0661202069574451,0.9024382142857144,0.8421925,0.9377042,0.9738122301155074,0.9432005540348796,0.9916868046812684
exact,10,majority,478861.14285714284,140384.0,818796.0,0.047886114285714286,0.0140384,0.0818796,306730.85714285716,43516.0,669493.0,0.11778159927731537,0.03605129165292803,0.1844761744945176,0.013311829396037447,4.58624538781649e-05,0.0304544266085089,0.046121489142987686,0.0099102378196086,0.0846921692120246,0.8889648,0.8355682,0.9366488,0.9464141163897651,0.8948936940905828,0.9913315486458816
exact,10,markov,337011.71428571426,135272.0,638656.0,0.03370117142857143,0.0135272,0.0638656,164881.42857142858,38404.0,308652.0,0.06475334226174786,0.03181620104419174,0.09827518118590206,0.0050633146025868955,3.680431641006621e-05,0.0127261898908639,0.03182391083115777,0.0095907424773021,0.0692921182872906,0.8988690714285715,0.840937,0.9379161,0.9673874076577379,0.9328289056386478,0.991646157528808
exact,10,markov_a0.5,392598.28571428574,136538.0,690928.0,0.03925982857142857,0.0136538,0.0690928,220468.0,39670.0,469185.0,0.08653342255216057,0.032865032169125265,0.12928208947697772,0.008622653546148306,3.870778372117023e-05,0.0181000567842268,0.037568344884089125,0.0096651484641695,0.0737319709093016,0.8948852857142857,0.8410523,0.9376573,0.9591975132738498,0.920127901997956,0.9915951192628352
exact,10,markov_a0.5_soft,392598.28571428574,136538.0,690928.0,0.03925982857142857,0.0136538,0.0690928,220468.0,39670.0,469185.0,0.08653342255216057,0.032865032169125265,0.12928208947697772,0.013055186354319643,0.0007061427232708,0.0261033879964831,0.05780251215225355,0.0179729330262927,0.1013252834169714,0.8948852857142857,0.8410523,0.9376573,0.9591975132738498,0.920127901997956,0.9915951192628352
exact,10,markov_pooled,339416.4285714286,135515.0,643218.0,0.03394164285714286,0.0135515,0.0643218,167286.14285714287,38647.0,308565.0,0.06592766905262014,0.03201751697101548,0.09976041560518419,0.005216599710039502,3.671520233372583e-05,0.0129084784307322,0.032023264637682215,0.009609787201094,0.0696172402633623,0.8987790999999999,0.840451,0.9379429,0.9670031001699307,0.932045508297457,0.9916087793611262
exact,10,markov_pooled_soft,339416.4285714286,135515.0,643218.0,0.03394164285714286,0.0135515,0.0643218,167286.14285714287,38647.0,308565.0,0.06592766905262014,0.03201751697101548,0.09976041560518419,0.005400528684293165,5.165541966101195e-05,0.0130821210698108,0.03495074923358564,0.0105028396758271,0.0732181998333862,0.8987790999999999,0.840451,0.9379429,0.9670031001699307,0.932045508297457,0.9916087793611262
exact,10,markov_soft,337011.71428571426,135272.0,638656.0,0.03370117142857143,0.0135272,0.0638656,164881.42857142858,38404.0,308652.0,0.06475334226174786,0.03181620104419174,0.09827518118590206,0.005118977505073666,4.139810482062245e-05,0.0127970536788046,0.033182874617463755,0.0099397363614117,0.0713311315349485,0.8988690714285715,0.840937,0.9379161,0.9673874076577379,0.9328289056386478,0.991646157528808
exact,10,markov_w20,337011.71428571426,135272.0,638656.0,0.03370117142857143,0.0135272,0.0638656,164881.42857142858,38404.0,308652.0,0.06475334226174786,0.03181620104419174,0.09827518118590206,0.0050633146025868955,3.680431641006621e-05,0.0127261898908639,0.03182391083115777,0.0095907424773021,0.0692921182872906,0.8988690714285715,0.840937,0.9379161,0.9673874076577379,0.9328289056386478,0.991646157528808
exact,10,markov_w5,329774.14285714284,135254.0,618407.0,0.03297741428571429,0.0135254,0.0618407,157643.85714285713,38386.0,295656.0,0.06218998104666867,0.031801288753315914,0.0916827849219731,0.004539894798321562,3.650139920319262e-05,0.011914006694176,0.03130366020557424,0.009587533902297,0.0680737599197687,0.8992175,0.8419485,0.9379212,0.9687874623730917,0.9372399491740152,0.991648844067544
exact,10,model_posterior_oracle,,,,,,,,,,,,,,,,,,,,,,,,
exact,10,reassign_U,319215.0,134900.0,605744.0,0.0319215,0.01349,0.0605744,147084.7142857143,38032.0,268947.0,0.05875512229753328,0.031508013699424554,0.08756013620400518,0.004249000012871039,3.6332624047119566e-05,0.0118223799134931,0.03048837900824457,0.0095630803061043,0.0670620957357429,0.8998376285714286,0.842042,0.9378595,0.9706159859783501,0.9410677842667198,0.9916635126482573
exact,10,stop,328442.28571428574,135160.0,617426.0,0.03284422857142857,0.013516,0.0617426,156312.0,38292.0,291923.0,0.06167309221700599,0.031723413456519904,0.09136340417552072,0.004446237641401083,3.6420667920422645e-05,0.0119108906042555,0.03119642241500074,0.0095808778381477,0.06798168795971,0.8992986142857143,0.8419583,0.9379026,0.9690164419005297,0.9374718029375396,0.9916541927043284
exact,10,true_posterior_oracle,,,,,,,,,,,,,,,,,,,,,,,,
exact,20,active_set_U,244599.42857142858,127862.0,566609.0,0.02445994285714286,0.0127862,0.0566609,22414.85714285714,2615.0,95815.0,0.19284255605277778,0.03315259435738394,0.5403355420837446,0.0023176286677721665,3.115803742814727e-05,0.0109388983215228,0.023150576905560643,0.0091073521434138,0.0617251951699468,0.9039849857142858,0.8415888,0.9380546,0.9795003565720702,0.9495393321781808,0.9919260531886672
exact,20,fcm_soft,244649.14285714287,127858.0,566623.0,0.024464914285714286,0.0127858,0.0566623,22464.571428571428,2611.0,95829.0,0.19301350373804813,0.033518864630614716,0.5404144931622726,0.0023176523402529377,3.1158451829771394e-05,0.0109389135467026,0.023165538344836888,0.0091070293384707,0.06172856578286,0.9039828285714285,0.8415875,0.9380546,0.9794956365189712,0.9495467790439944,0.9919262494703328
exact,20,frequency_soft,283114.28571428574,131474.0,573345.0,0.02831142857142857,0.0131474,0.0573345,60929.71428571428,6227.0,188468.0,0.5002275024539098,0.3443507970884186,0.6451422977126935,0.003907384455512428,3.4005314926588426e-05,0.0110239818929791,0.026727364978612143,0.0093386195893857,0.0635496574582444,0.9016450285714285,0.841599,0.9380131,0.9750695949172599,0.9498487336745548,0.9917974754354756
exact,20,full_convergence,0.0,0.0,0.0,0.0,0.0,0.0,,,,,,,0.0,0.0,0.0,0.0,0.0,0.0,0.9111097,0.8682017,0.9464385,1.0,1.0,1.0
exact,20,gmm_plugin_soft,247344.7142857143,127947.0,573957.0,0.02473447142857143,0.0127947,0.0573957,25160.14285714286,2700.0,103163.0,0.21454957335106198,0.05528284965118747,0.5817735795855068,0.002332536074678864,3.1539304136796176e-05,0.0109759814071419,0.023165538344836888,0.0091070293384707,0.06172856578286,0.9041006142857143,0.8419599,0.9380283,0.9788883746634428,0.9478738896850176,0.9919190482857008
exact,20,hartigan_U,244596.0,127862.0,566605.0,0.0244596,0.0127862,0.0566605,22411.428571428572,2615.0,95811.0,0.19285435263546158,0.03311836349072686,0.5403129846327365,0.00231762865480577,3.115802051323335e-05,0.0109388983175409,0.023150461790697845,0.0091073521434138,0.0617251473760508,0.9039852,0.8415892,0.9380546,0.9795009751386344,0.949539793012269,0.9919260531886672
exact,20,majority,283114.28571428574,131474.0,573345.0,0.02831142857142857,0.0131474,0.0573345,60929.71428571428,6227.0,188468.0,0.5002275024539098,0.3443507970884186,0.6451422977126935,0.0037035627583184043,3.398945444343937e-05,0.010969860398833,0.02707519317416421,0.0093410631911764,0.0629336503350498,0.9016450285714285,0.841599,0.9380131,0.9750695949172599,0.9498487336745548,0.9917974754354756
exact,20,markov,245304.57142857142,127846.0,566696.0,0.024530457142857145,0.0127846,0.0566696,23120.0,2599.0,95902.0,0.19595586600643022,0.04177192658163719,0.5408261666431693,0.0023318535595023534,3.1173195363942696e-05,0.0109391533556761,0.02318966456517933,0.0091070192421914,0.0617353246281181,0.9039521857142857,0.8415739,0.9380592,0.9793808176420908,0.9495716426734666,0.9919267157489996
exact,20,markov_a0.5,252586.7142857143,129254.0,568751.0,0.025258671428571428,0.0129254,0.0568751,30402.14285714286,4007.0,97957.0,0.2900807305627419,0.12208438593248304,0.5524150570985479,0.00239339987547378,3.268507174825075e-05,0.0109486844279913,0.023803126048152958,0.0091985002781223,0.0621440616992617,0.9037408857142857,0.8415693,0.9380354,0.9785135092828223,0.9499530649795432,0.9918764842524508
exact,20,markov_a0.5_soft,252586.7142857143,129254.0,568751.0,0.025258671428571428,0.0129254,0.0568751,30402.14285714286,4007.0,97957.0,0.2900807305627419,0.12208438593248304,0.5524150570985479,0.002730272653835989,3.309448897770295e-05,0.0109835063233747,0.025476261547825455,0.0092618796879452,0.0628392834524054,0.9037408857142857,0.8415693,0.9380354,0.9785135092828223,0.9499530649795432,0.9918764842524508
exact,20,markov_pooled,246276.85714285713,128124.0,566970.0,0.024627685714285714,0.0128124,0.056697,24092.285714285714,2877.0,96176.0,0.2151121474704845,0.047762328246626545,0.5423713520372198,0.0023425145459585657,3.164796161514438e-05,0.0109406143128569,0.023278205864527057,0.0091257172576025,0.0618499289465823,0.9039208,0.8415588,0.9381146,0.9792999575513602,0.9495150328629536,0.991915580714435
exact,20,markov_pooled_soft,246276.85714285713,128124.0,566970.0,0.024627685714285714,0.0128124,0.056697,24092.285714285714,2877.0,96176.0,0.2151121474704845,0.047762328246626545,0.5423713520372198,0.0023472134225247057,3.254674693642379e-05,0.0109432551145591,0.023581904735507926,0.0091978729216678,0.0623091124241894,0.9039208,0.8415588,0.9381146,0.9792999575513602,0.9495150328629536,0.991915580714435
exact,20,markov_soft,245304.57142857142,127846.0,566696.0,0.024530457142857145,0.0127846,0.0566696,23120.0,2599.0,95902.0,0.19595586600643022,0.04177192658163719,0.5408261666431693,0.002332385893235083,3.117329897261989e-05,0.0109391541325509,0.023222381925163203,0.0091070977951001,0.0617369518028837,0.9039521857142857,0.8415739,0.9380592,0.9793808176420908,0.9495716426734666,0.9919267157489996
exact,20,markov_w20,251831.42857142858,129570.0,567683.0,0.025183142857142855,0.012957,0.0567683,29646.85714285714,4323.0,96889.0,0.3004483498538627,0.12187900073254054,0.5463922176794023,0.0025063889047185818,3.375819148243586e-05,0.0109822189087229,0.023729868709662115,0.0092254957246292,0.0622507570978057,0.9038364857142857,0.8415764,0.9383614,0.9785184404957185,0.9489186804311098,0.9918661918160117
exact,20,markov_w5,245001.57142857142,127849.0,566652.0,0.02450015714285714,0.0127849,0.0566652,22817.0,2602.0,95858.0,0.19450609435628455,0.03841387856257745,0.5405780346820809,0.00231900308488467,3.11612467212008e-05,0.0109390232709174,0.023172134285314717,0.0091070170714129,0.0617284013959707,0.9039678857142857,0.8415804,0.9380561,0.9794372502515267,0.9495702173627344,0.9919269140277746
exact,20,model_posterior_oracle,,,,,,,,,,,,,,,,,,,,,,,,
exact,20,reassign_U,244649.14285714287,127858.0,566623.0,0.024464914285714286,0.0127858,0.0566623,22464.571428571428,2611.0,95829.0,0.19301350373804813,0.033518864630614716,0.5404144931622726,0.002317634647242503,3.115814962884045e-05,0.010938902374818,0.023153667676880128,0.0091071426105356,0.0617252280154458,0.9039828285714285,0.8415875,0.9380546,0.9794956365189712,0.9495467790439944,0.9919262494703328
exact,20,stop,244870.14285714287,127853.0,566654.0,0.024487014285714287,0.0127853,0.0566654,22685.571428571428,2606.0,95860.0,0.19404604529893868,0.035719909356665094,0.540589313407585,0.002317794651765227,3.1160260185680855e-05,0.0109390006299172,0.023165538344836888,0.0091070293384707,0.06172856578286,0.9039726714285715,0.8415808,0.9380559,0.9794632436621191,0.9495661908193797,0.9919267177270954
exact,20,true_posterior_oracle,,,,,,,,,,,,,,,,,,,,,,,,
exact,30,active_set_U,222735.85714285713,121698.0,553378.0,0.022273585714285716,0.0121698,0.0553378,7633.714285714285,2468.0,28196.0,0.1893875155662443,0.07166401859185657,0.4174464053061708,0.002291212597858271,2.4896385617978467e-05,0.0108990827013084,0.021166510337193085,0.0087129361010981,0.0594396507053899,0.9044349,0.8420432,0.9380834,0.9812036311284202,0.9480846514711074,0.9921270894185146
exact,30,fcm_soft,222753.0,121700.0,553380.0,0.022275299999999998,0.01217,0.055338,7650.857142857143,2470.0,28198.0,0.18974868545181284,0.0716877326946335,0.41747601563425324,0.0022912336131179593,2.489656184523348e-05,0.0108990828880564,0.021176397431804488,0.0087131078347612,0.0594399349994725,0.9044334999999999,0.8420432,0.9380836,0.9812025672146886,0.9480846431469356,0.9921270627926952
exact,30,frequency_soft,233267.42857142858,124833.0,561021.0,0.023326742857142858,0.0124833,0.0561021,18165.285714285714,5603.0,35839.0,0.4956072130087849,0.39933351225621755,0.561209540366847,0.0023025506083016603,2.76509391345936e-05,0.0109185030154204,0.02215293458222664,0.0089073611244406,0.0605990316801644,0.9041916714285714,0.8417634,0.9380627,0.9804646291965787,0.948560484507134,0.992027203630574
exact,30,full_convergence,0.0,0.0,0.0,0.0,0.0,0.0,,,,,,,0.0,0.0,0.0,0.0,0.0,0.0,0.9111097,0.8682017,0.9464385,1.0,1.0,1.0
exact,30,gmm_plugin_soft,224621.42857142858,121740.0,553865.0,0.022462142857142858,0.012174,0.0553865,9519.285714285714,2510.0,28683.0,0.23138121575030418,0.14221347435319784,0.42465652019424377,0.0023017959297616402,2.503326633340741e-05,0.0109119040062501,0.021176397431804488,0.0087131078347612,0.0594399349994725,0.9045036142857142,0.8422624,0.9380656,0.9809412526584337,0.9482055252468126,0.9921199945903064
exact,30,hartigan_U,222733.7142857143,121696.0,553376.0,0.022273371428571432,0.0121696,0.0553376,7631.571428571428,2466.0,28194.0,0.18932259372122054,0.07159287628352581,0.41741679497808837,0.0022912125938388166,2.4896380345085237e-05,0.0108990826998927,0.021166418079749,0.0087127862800217,0.0594396023873496,0.9044349285714286,0.8420432,0.9380836,0.9812039049831164,0.9480849193980244,0.992127116029683
exact,30,majority,233267.42857142858,124833.0,561021.0,0.023326742857142858,0.0124833,0.0561021,18165.285714285714,5603.0,35839.0,0.4956072130087849,0.39933351225621755,0.561209540366847,0.0023023013383809835,2.760978872906605e-05,0.0109182760101811,0.02215564217167473,0.0089131644692657,0.0606683263828559,0.9041916714285714,0.8417634,0.9380627,0.9804646291965787,0.948560484507134,0.992027203630574
exact,30,markov,222846.14285714287,121702.0,553396.0,0.022284614285714287,0.0121702,0.0553396,7744.0,2472.0,28214.0,0.19163751748022323,0.07206715833906424,0.4177128982589127,0.0022913882046312235,2.489988320308889e-05,0.0108990935128243,0.0211786060867129,0.0087129541562442,0.0594399578152757,0.9044264571428571,0.8420406,0.9380836,0.9811945140050794,0.9480857854395708,0.9921270874342556
exact,30,markov_a0.5,227041.7142857143,122975.0,556637.0,0.022704171428571427,0.0122975,0.0556637,11939.57142857143,3745.0,31455.0,0.31255381947829985,0.191648774378243,0.46569643491649887,0.00229621831680473,2.596591343606569e-05,0.0109064288697526,0.021583219161778914,0.0087933619184468,0.0599392097385746,0.9043210571428572,0.8419146,0.9380763,0.980913921907774,0.9482180147465952,0.9920877550744908
exact,30,markov_a0.5_soft,227041.7142857143,122975.0,556637.0,0.022704171428571427,0.0122975,0.0556637,11939.57142857143,3745.0,31455.0,0.31255381947829985,0.191648774378243,0.46569643491649887,0.0022984137005020453,2.6540785372342057e-05,0.0109103113958062,0.0218379236647647,0.0088441744081573,0.060219541357361,0.9043210571428572,0.8419146,0.9380763,0.980913921907774,0.9482180147465952,0.9920877550744908
exact,30,markov_pooled,223367.42857142858,122019.0,553260.0,0.022336742857142856,0.0122019,0.055326,8265.285714285714,2789.0,28078.0,0.21227509873613096,0.08733673286813383,0.4156993959493071,0.0022918763797035386,2.5269047364995245e-05,0.0109004976049582,0.021230131755978487,0.0087333357360194,0.0595017942424571,0.9044732285714285,0.8421671,0.9381371,0.981164183330436,0.9480433420657604,0.9921169485875534
exact,30,markov_pooled_soft,223367.42857142858,122019.0,553260.0,0.022336742857142856,0.0122019,0.055326,8265.285714285714,2789.0,28078.0,0.21227509873613096,0.08733673286813383,0.4156993959493071,0.002293086363493395,2.586478476240828e-05,0.0109041898338215,0.02145106966225463,0.0087905974241497,0.0599728523887055,0.9044732285714285,0.8421671,0.9381371,0.981164183330436,0.9480433420657604,0.9921169485875534
exact,30,markov_soft,222846.14285714287,121702.0,553396.0,0.022284614285714287,0.0121702,0.0553396,7744.0,2472.0,28214.0,0.19163751748022323,0.07206715833906424,0.4177128982589127,0.002291388446943375,2.489994393339856e-05,0.0108990935465749,0.021179160122942943,0.0087129663106867,0.0594398629171572,0.9044264571428571,0.8420406,0.9380836,0.9811945140050794,0.9480857854395708,0.9921270874342556
exact,30,markov_w20,223180.0,121708.0,553603.0,0.022318,0.0121708,0.0553603,8077.857142857143,2478.0,28421.0,0.19863660642345118,0.07714197633332542,0.42077756721544474,0.002292813441131126,2.494524843088541e-05,0.0109007108125764,0.021203608031331887,0.0087130729441555,0.0594704245349083,0.9044029857142857,0.842013,0.9380862,0.981165685057955,0.9481258895411584,0.9921275714669046
exact,30,markov_w5,222822.57142857142,121702.0,553396.0,0.022282257142857143,0.0121702,0.0553396,7720.428571428572,2472.0,28214.0,0.19107416474862476,0.07199601603073348,0.4177128982589127,0.0022913347809413154,2.489831076624149e-05,0.0108990865931379,0.0211769216701706,0.008713035200714,0.0594399858818858,0.9044278714285714,0.8420419,0.9380832,0.9811966249593372,0.9480843400984338,0.9921270874564636
exact,30,model_posterior_oracle,,,,,,,,,,,,,,,,,,,,,,,,
exact,30,reassign_U,222753.0,121700.0,553380.0,0.022275299999999998,0.01217,0.055338,7650.857142857143,2470.0,28198.0,0.18974868545181284,0.0716877326946335,0.41747601563425324,0.0022912172963649178,2.4896400789842232e-05,0.0108990827168042,0.02116843957527853,0.0087129832204485,0.0594398019814606,0.9044334999999999,0.8420432,0.9380836,0.9812025672146886,0.9480846431469356,0.9921270627926952
exact,30,stop,222816.2857142857,121704.0,553397.0,0.02228162857142857,0.0121704,0.0553397,7714.142857142857,2474.0,28215.0,0.19099007534082565,0.07190115961962579,0.4177277034229539,0.0022913198057685747,2.4897301841297903e-05,0.0108990863030347,0.021176397431804488,0.0087131078347612,0.0594399349994725,0.9044286714285714,0.8420418,0.9380832,0.9811969085048009,0.9480842791688658,0.9921270095897378
exact,30,true_posterior_oracle,,,,,,,,,,,,,,,,,,,,,,,,
exact,40,active_set_U,186161.2857142857,53277.0,530798.0,0.018616128571428574,0.0053277,0.0530798,4429.428571428572,1644.0,17734.0,0.1417681611199154,0.01037387600567913,0.31120470299201547,0.0015778192962101704,9.962399719176672e-06,0.0108618268128468,0.017423254043924315,0.0050509656981789,0.0565326129641761,0.9063569285714286,0.8431155,0.9463726,0.9847121354841085,0.948290811569423,0.995192762229364
exact,40,fcm_soft,186165.85714285713,53297.0,530802.0,0.018616585714285712,0.0053297,0.0530802,4434.0,1664.0,17738.0,0.1418739730410887,0.010500078876794447,0.31127489690269367,0.0015778196227086772,9.9634619181721e-06,0.0108618269901918,0.0174248395689894,0.0050556392548256,0.0565355377552472,0.9063567714285714,0.8431151,0.9463726,0.9847112003015085,0.9482906443992468,0.9951872175209986
exact,40,frequency_soft,201298.7142857143,105199.0,543133.0,0.02012987142857143,0.0105199,0.0543133,19566.85714285714,5710.0,53566.0,0.4728702068909239,0.3380091497081559,0.5276651750460648,0.0018219416587260011,2.232951609348888e-05,0.0108799483904804,0.018900969869690972,0.0084940452002315,0.057990756314031,0.9057664571428571,0.8425211,0.9431565,0.982980417796331,0.9480427582965688,0.9922339706116656
exact,40,full_convergence,0.0,0.0,0.0,0.0,0.0,0.0,,,,,,,0.0,0.0,0.0,0.0,0.0,0.0,0.9111097,0.8682017,0.9464385,1.0,1.0,1.0
exact,40,gmm_plugin_soft,187821.42857142858,56692.0,530038.0,0.018782142857142855,0.0056692,0.0530038,6089.571428571428,2144.0,16974.0,0.1888166958822817,0.03192301624861966,0.30587062787717717,0.001584290907179896,1.6636343947551424e-05,0.010882998233513,0.0174248395689894,0.0050556392548256,0.0565355377552472,0.9064971571428571,0.8434953,0.9464205,0.9844165726166761,0.9484144977009898,0.9943088772343583
exact,40,hartigan_U,186160.7142857143,53274.0,530799.0,0.01861607142857143,0.0053274,0.0530799,4428.857142857143,1641.0,17735.0,0.14175553338092625,0.010354945575011832,0.311222251469685,0.0015778192916610478,9.962379635020112e-06,0.0108618268094624,0.017423207041223316,0.0050507308867591,0.0565326218088758,0.9063568714285715,0.8431153,0.9463726,0.9847122409113929,0.9482907544856372,0.9951934511532752
exact,40,majority,201298.7142857143,105199.0,543133.0,0.02012987142857143,0.0105199,0.0543133,19566.85714285714,5710.0,53566.0,0.4728702068909239,0.3380091497081559,0.5276651750460648,0.0017971118391332845,2.230384560952814e-05,0.010879849265305,0.018684931830292215,0.008503421740959,0.0580309601764905,0.9057664571428571,0.8425211,0.9431565,0.982980417796331,0.9480427582965688,0.9922339706116656
exact,40,markov,186237.85714285713,53611.0,530884.0,0.018623785714285714,0.0053611,0.0530884,4506.0,1978.0,17820.0,0.14310720977211586,0.012481463953304938,0.3127138720715978,0.0015779582990226757,1.0885663636495124e-05,0.0108618451410971,0.017427733228580943,0.0050709738522726,0.056538454392672,0.9063573142857143,0.8431105,0.9463811,0.9846979355017919,0.9482870146169828,0.9951070210365356
exact,40,markov_a0.5,189557.7142857143,55230.0,536000.0,0.018955771428571428,0.005523,0.0536,7825.857142857143,3511.0,22936.0,0.25688290974389666,0.02269758637008992,0.4024918838290778,0.0015803705857149724,1.3057733807553262e-05,0.0108688121507851,0.01773339368262157,0.0051839121467192,0.0571391295393799,0.9063012285714286,0.8428473,0.9463854,0.9844896134215203,0.948169522099388,0.9948425892330932
exact,40,markov_a0.5_soft,189557.7142857143,55230.0,536000.0,0.018955771428571428,0.005523,0.0536,7825.857142857143,3511.0,22936.0,0.25688290974389666,0.02269758637008992,0.4024918838290778,0.0016379871692514894,2.1447904062332768e-05,0.0108725247732812,0.01833625065502253,0.0080786481513752,0.0575140985074095,0.9063012285714286,0.8428473,0.9463854,0.9844896134215203,0.948169522099388,0.9948425892330932
exact,40,markov_pooled,186703.7142857143,54048.0,530832.0,0.018670371428571426,0.0054048,0.0530832,4971.857142857143,2415.0,17768.0,0.16260107506263188,0.015238996687174633,0.3118013512327806,0.0015792954456419687,1.7658850389290492e-05,0.0108628055273953,0.017471695638838113,0.005107168777736,0.0565751307777316,0.9064081571428572,0.8432376,0.9463978,0.9846608457657676,0.9482554476073554,0.9950160118262776
exact,40,markov_pooled_soft,186703.7142857143,54048.0,530832.0,0.018670371428571426,0.0054048,0.0530832,4971.857142857143,2415.0,17768.0,0.16260107506263188,0.015238996687174633,0.3118013512327806,0.0015807197328128477,1.9797137917665356e-05,0.0108663380963858,0.017708755789049842,0.0053443960399438,0.0569906790956181,0.9064081571428572,0.8432376,0.9463978,0.9846608457657676,0.9482554476073554,0.9950160118262776
exact,40,markov_soft,186237.85714285713,53611.0,530884.0,0.018623785714285714,0.0053611,0.0530884,4506.0,1978.0,17820.0,0.14310720977211586,0.012481463953304938,0.3127138720715978,0.0015780647467860739,1.1630580233124022e-05,0.0108618451720217,0.0174413789341973,0.0051657869991123,0.056538814662769,0.9063573142857143,0.8431105,0.9463811,0.9846979355017919,0.9482870146169828,0.9951070210365356
exact,40,markov_w20,186412.42857142858,54438.0,530970.0,0.018641242857142856,0.0054438,0.053097,4680.571428571428,2109.0,17906.0,0.14595634807658237,0.017699952673923332,0.31422304115118016,0.0015840494425443613,2.0204481434582533e-05,0.0108619729165337,0.017437933142395258,0.0051192117743167,0.0565448134479022,0.9063508142857143,0.8431021,0.9463529,0.9846693225127534,0.9482845022463482,0.994940019227525
exact,40,markov_w5,186205.85714285713,53472.0,530844.0,0.018620585714285712,0.0053472,0.0530844,4474.0,1839.0,17780.0,0.14251437145966067,0.011604353999053478,0.3120119329648153,0.0015778289220636827,1.0012938280512527e-05,0.0108618314609365,0.017425413808877244,0.0050593888298614,0.0565359054572752,0.9063563714285714,0.8431119,0.946374,0.9847045387980449,0.9482887361181216,0.9951483239900628
exact,40,model_posterior_oracle,,,,,,,,,,,,,,,,,,,,,,,,
exact,40,reassign_U,186165.85714285713,53297.0,530802.0,0.018616585714285712,0.0053297,0.0530802,4434.0,1664.0,17738.0,0.1418739730410887,0.010500078876794447,0.31127489690269367,0.0015778193645178834,9.962629229809394e-06,0.0108618268332756,0.0174234889090631,0.0050520182910849,0.056532913393431,0.9063567714285714,0.8431151,0.9463726,0.9847112003015085,0.9482906443992468,0.9951872175209986
exact,40,stop,186188.7142857143,53363.0,530838.0,0.01861887142857143,0.0053363,0.0530838,4456.857142857143,1730.0,17774.0,0.1424161811391828,0.010916548351474997,0.3119066420987979,0.0015778212956456801,9.966448632381386e-06,0.0108618301506009,0.0174248395689894,0.0050556392548256,0.0565355377552472,0.9063565142857143,0.8431123,0.9463739,0.9847079256675002,0.9482890002559436,0.9951712772326404
exact,40,true_posterior_oracle,,,,,,,,,,,,,,,,,,,,,,,,
exact,50,active_set_U,169915.14285714287,48917.0,501608.0,0.016991514285714285,0.0048917,0.0501608,2651.285714285714,767.0,8065.0,0.1364898518449281,0.03856251706538405,0.17933779546819062,0.0015688038047030654,8.946880953653036e-06,0.0108365321967796,0.015933083371637215,0.0046744308081259,0.0534889490573609,0.9067051857142857,0.8447926,0.9463849,0.98565948920787,0.9493156301435708,0.9956870473590248
exact,50,fcm_soft,169927.85714285713,48918.0,501687.0,0.016992785714285714,0.0048918,0.0501687,2664.0,768.0,8144.0,0.13683258069192514,0.0386255277141837,0.1810944831113384,0.0015688046435467212,8.946938957921091e-06,0.0108365371445502,0.0159355089687091,0.0046746705053557,0.0535031871473446,0.9067040571428572,0.8447847,0.9463846,0.9856590716953011,0.9493133730257958,0.9956869965379718
exact,50,frequency_soft,178032.85714285713,51127.0,516986.0,0.017803285714285712,0.0051127,0.0516986,10769.0,2977.0,23594.0,0.4952880146957889,0.45531798245614036,0.5212914989660004,0.001573042838946334,9.460698801699864e-06,0.0108476636598584,0.01667090156442414,0.0048632647142055,0.0550285756432025,0.9065173142857142,0.8438563,0.9463842,0.9851857019324444,0.9487431109392744,0.9954410952868444
exact,50,full_convergence,0.0,0.0,0.0,0.0,0.0,0.0,,,,,,,0.0,0.0,0.0,0.0,0.0,0.0,0.9111097,0.8682017,0.9464385,1.0,1.0,1.0
exact,50,gmm_plugin_soft,171480.7142857143,49764.0,502615.0,0.017148071428571426,0.0049764,0.0502615,4216.857142857143,1614.0,9072.0,0.20753528990147352,0.16206092891626436,0.3011924342105263,0.0015753545183171454,9.560934665975296e-06,0.0108653887356606,0.0159355089687091,0.0046746705053557,0.0535031871473446,0.9068437714285714,0.8450484,0.9464116,0.9854730049187593,0.9493526830180988,0.9954908111124616
exact,50,hartigan_U,169914.2857142857,48915.0,501603.0,0.01699142857142857,0.0048915,0.0501603,2650.4285714285716,765.0,8060.0,0.1364527965144959,0.038541513515784165,0.17922661270596607,0.0015688038012534964,8.94687727326371e-06,0.0108365321939489,0.01593302666709436,0.0046743868074196,0.0534886361108388,0.9067051714285714,0.8447929,0.946385,0.9856595945950172,0.9493157337900084,0.9956875428377436
exact,50,majority,178032.85714285713,51127.0,516986.0,0.017803285714285712,0.0051127,0.0516986,10769.0,2977.0,23594.0,0.4952880146957889,0.45531798245614036,0.5212914989660004,0.001573004694855084,9.454947975884307e-06,0.0108475172156512,0.01667530010768934,0.0048670471433256,0.0550392620712602,0.9065173142857142,0.8438563,0.9463842,0.9851857019324444,0.9487431109392744,0.9954410952868444
exact,50,markov,169973.57142857142,48927.0,501913.0,0.016997357142857144,0.0048927,0.0501913,2709.714285714286,777.0,8370.0,0.13855853265850546,0.03904559870618134,0.18611994396388784,0.0015688214068497544,8.948478348758115e-06,0.0108366307833285,0.015936981022905656,0.0046749664899375,0.0535106328396913,0.9067012142857143,0.844764,0.946385,0.98565722303772,0.9493062158365442,0.9956859948118998
exact,50,markov_a0.5,173157.7142857143,49784.0,508042.0,0.01731577142857143,0.0049784,0.0508042,5893.857142857143,1634.0,14499.0,0.2795811817455452,0.2155174224443931,0.32240777389873476,0.001570430364084845,9.142601196776567e-06,0.0108408196828626,0.016230204941207315,0.0047505761705199,0.0541351368697903,0.9066266714285715,0.8443842,0.9463853,0.9854690852449212,0.9490705414496088,0.9955896386008928
exact,50,markov_a0.5_soft,173157.7142857143,49784.0,508042.0,0.01731577142857143,0.0049784,0.0508042,5893.857142857143,1634.0,14499.0,0.2795811817455452,0.2155174224443931,0.32240777389873476,0.0015713154244565654,9.240398944676542e-06,0.0108433321946521,0.016430457318314298,0.0048011846439586,0.0545389870504606,0.9066266714285715,0.8443842,0.9463853,0.9854690852449212,0.9490705414496088,0.9955896386008928
exact,50,markov_pooled,170539.14285714287,49092.0,502412.0,0.017053914285714285,0.0049092,0.0502412,3275.285714285714,942.0,8869.0,0.16760844853864337,0.07256726386759363,0.20986190542614033,0.0015690793224917999,8.996119976290018e-06,0.0108368023250604,0.0159862056839422,0.0046893639725626,0.0535582607145588,0.9067498714285714,0.8448485,0.9464068,0.9856250634094827,0.9492734590594788,0.9956769697303732
exact,50,markov_pooled_soft,170539.14285714287,49092.0,502412.0,0.017053914285714285,0.0049092,0.0502412,3275.285714285714,942.0,8869.0,0.16760844853864337,0.07256726386759363,0.20986190542614033,0.0015697886472720505,9.105396127973007e-06,0.010837906474056,0.016169145284291715,0.0047326100172885,0.0538472595158678,0.9067498714285714,0.8448485,0.9464068,0.9856250634094827,0.9492734590594788,0.9956769697303732
exact,50,markov_soft,169973.57142857142,48927.0,501913.0,0.016997357142857144,0.0048927,0.0501913,2709.714285714286,777.0,8370.0,0.13855853265850546,0.03904559870618134,0.18611994396388784,0.0015688214736224693,8.94850058896779e-06,0.0108366310564316,0.015937438894025886,0.0046750964546111,0.0535131360731879,0.9067012142857143,0.844764,0.946385,0.98565722303772,0.9493062158365442,0.9956859948118998
exact,50,markov_w20,170055.7142857143,48989.0,502184.0,0.01700557142857143,0.0048989,0.0502184,2791.8571428571427,839.0,8641.0,0.14265165817088085,0.04139799626136817,0.19214604967645815,0.00156889366546484,8.963387632565656e-06,0.0108369463568309,0.015942232335651656,0.0046788918469166,0.0535305584470146,0.9066974285714285,0.8447426,0.9463855,0.9856518916462749,0.9492961436454656,0.9956755267236528
exact,50,markov_w5,169956.7142857143,48923.0,501840.0,0.01699567142857143,0.0048923,0.050184,2692.8571428571427,773.0,8297.0,0.13785997826237062,0.03883556321018252,0.18449667563540947,0.0015688099079341155,8.947149895854878e-06,0.0108365666451037,0.015935843229941044,0.0046746705053557,0.0535053591802503,0.9067023285714286,0.8447711,0.9463848,0.9856579509241656,0.9493083873124442,0.9956865781306
exact,50,model_posterior_oracle,,,,,,,,,,,,,,,,,,,,,,,,
exact,50,reassign_U,169927.85714285713,48918.0,501687.0,0.016992785714285714,0.0048918,0.0501687,2664.0,768.0,8144.0,0.13683258069192514,0.0386255277141837,0.1810944831113384,0.001568804065935243,8.94689952390948e-06,0.0108365339024885,0.01593390815276153,0.0046745088969199,0.0534944697337141,0.9067040571428572,0.8447847,0.9463846,0.9856590716953011,0.9493133730257958,0.9956869965379718
exact,50,stop,169952.14285714287,48923.0,501807.0,0.016995214285714287,0.0048923,0.0501807,2688.285714285714,773.0,8264.0,0.13776023863931403,0.03883556321018252,0.1837628694047275,0.001568807943825814,8.947149895854878e-06,0.0108365560199876,0.0159355089687091,0.0046746705053557,0.0535031871473446,0.9067026428571429,0.8447734,0.9463848,0.9856580942922522,0.9493095774732048,0.9956865781306
exact,50,true_posterior_oracle,,,,,,,,,,,,,,,,,,,,,,,,
exact,60,active_set_U,140894.85714285713,45088.0,372556.0,0.014089485714285714,0.0045088,0.0372556,2523.4285714285716,788.0,8997.0,0.11205645686801755,0.03866098475124506,0.14552169898430287,0.0011197254545520356,7.976543105581158e-06,0.0077215898382336,0.0122183996286055,0.0043319450893581,0.0339490474170363,0.9084914857142857,0.8565698,0.9463543,0.9873694548146386,0.9563528361242736,0.9960495472943603
exact,60,fcm_soft,140963.85714285713,45090.0,373023.0,0.014096385714285715,0.004509,0.0373023,2592.4285714285716,790.0,9464.0,0.11271194146728512,0.03871232736047646,0.14594735470419598,0.00112048310562947,7.976667975473362e-06,0.0077268923692601,0.012293496871908742,0.0043328236033245,0.034472238303126,0.9084904714285714,0.8565623,0.9463543,0.9873569454813742,0.9562660979729654,0.9960494396275564
exact,60,frequency_soft,161510.2857142857,47007.0,481534.0,0.016151028571428572,0.0047007,0.0481534,23138.85714285714,2707.0,117975.0,0.5322268342464082,0.46249422395646145,0.7936214296285333,0.0015792940264067108,8.47876588516705e-06,0.0109256050612454,0.014780295688331157,0.0045017715871928,0.0487564793012149,0.9069736857142858,0.8462625,0.946374,0.9861358044311525,0.9500676432722543,0.9958783085075612
exact,60,full_convergence,0.0,0.0,0.0,0.0,0.0,0.0,,,,,,,0.0,0.0,0.0,0.0,0.0,0.0,0.9111097,0.8682017,0.9464385,1.0,1.0,1.0
exact,60,gmm_plugin_soft,142366.7142857143,45604.0,373526.0,0.01423667142857143,0.0045604,0.0373526,3995.285714285714,1304.0,9967.0,0.17659578084166133,0.06704831353344007,0.284928876865346,0.0011264567101867,8.359474048313942e-06,0.0077561319251686,0.012293496871908742,0.0043328236033245,0.034472238303126,0.9086214571428571,0.8567499,0.9463618,0.987202795286425,0.9563282281446216,0.9959299855001894
exact,60,hartigan_U,140893.85714285713,45087.0,372555.0,0.014089385714285713,0.0045087,0.0372555,2522.4285714285716,787.0,8996.0,0.11199454899021699,0.03858397083739796,0.14533924072626184,0.0011197254516616528,7.976542864218672e-06,0.0077215898347211,0.01221835546874683,0.0043319094794169,0.0339488709108505,0.9084914857142857,0.8565699,0.9463544,0.9873695462318508,0.9563528254658376,0.996049601046058
exact,60,majority,161510.2857142857,47007.0,481534.0,0.016151028571428572,0.0047007,0.0481534,23138.85714285714,2707.0,117975.0,0.5322268342464082,0.46249422395646145,0.7936214296285333,0.0015633940060082695,8.471477661364801e-06,0.0108144333183719,0.015132157082297173,0.0045037284555753,0.0512531534265004,0.9069736857142858,0.8462625,0.946374,0.9861358044311525,0.9500676432722543,0.9958783085075612
exact,60,markov,141486.42857142858,45105.0,376597.0,0.014148642857142856,0.0045105,0.0376597,3115.0,805.0,13038.0,0.11714472992232285,0.03937978128048467,0.14866112650046168,0.0011320427176220095,7.979089819309948e-06,0.0078077904169786,0.0122941918995434,0.0043330918157777,0.0344758695566275,0.9084570714285715,0.8563285,0.9463536,0.9872779396044589,0.9557182870914966,0.9960485578206348
exact,60,markov_a0.5,154343.57142857142,45870.0,452874.0,0.015434357142857142,0.004587,0.0452874,15972.142857142857,1570.0,89315.0,0.3141631307122628,0.20118601427324537,0.6008247339459416,0.001539118265328175,8.186630773066028e-06,0.0106524451574325,0.0142573311608052,0.0044035985109564,0.0470048624086062,0.9073645142857144,0.8488029,0.9463571,0.9865148330383059,0.9512890959980956,0.99598059730107
exact,60,markov_a0.5_soft,154343.57142857142,45870.0,452874.0,0.015434357142857142,0.004587,0.0452874,15972.142857142857,1570.0,89315.0,0.3141631307122628,0.20118601427324537,0.6008247339459416,0.0015477746782372025,8.27261170766036e-06,0.0107102672711705,0.014142122188368671,0.0044468539102878,0.0453231648147307,0.9073645142857144,0.8488029,0.9463571,0.9865148330383059,0.9512890959980956,0.99598059730107
exact,60,markov_pooled,141981.85714285713,45270.0,377188.0,0.014198185714285714,0.004527,0.0377188,3610.4285714285716,970.0,13629.0,0.14490484393063502,0.06954356420393284,0.1791320406278855,0.0011328419496604931,8.030282854898374e-06,0.0078122424854942,0.012338612676853458,0.0043479659337014,0.0345378237365345,0.9084953571428571,0.8563938,0.9463308,0.9872476925640351,0.9556769128746706,0.9960386379262968
exact,60,markov_pooled_soft,141981.85714285713,45270.0,377188.0,0.014198185714285714,0.004527,0.0377188,3610.4285714285716,970.0,13629.0,0.14490484393063502,0.06954356420393284,0.1791320406278855,0.0011333049481928022,8.141179091092354e-06,0.0078125323928117,0.0124902746374875,0.004390741664261,0.0347078256266247,0.9084953571428571,0.8563938,0.9463308,0.9872476925640351,0.9556769128746706,0.9960386379262968
exact,60,markov_soft,141486.42857142858,45105.0,376597.0,0.014148642857142856,0.0045105,0.0376597,3115.0,805.0,13038.0,0.11714472992232285,0.03937978128048467,0.14866112650046168,0.0011320428375273645,7.979119682977043e-06,0.0078077910498055,0.012295043929445143,0.0043330320833248,0.0344803206391955,0.9084570714285715,0.8563285,0.9463536,0.9872779396044589,0.9557182870914966,0.9960485578206348
exact,60,markov_w20,141828.14285714287,45117.0,378713.0,0.014182814285714286,0.0045117,0.0378713,3456.714285714286,817.0,15154.0,0.12199411256064005,0.04161318478205062,0.15333159586482495,0.0011619532983700447,7.99795282291349e-06,0.0080169809378598,0.012348377056742828,0.004332910812106,0.0348417394239041,0.9084262714285715,0.8561202,0.9463546,0.9872404341098722,0.9554749283414922,0.9960472530584
exact,60,markov_w5,141482.57142857142,45103.0,376596.0,0.014148257142857142,0.0045103,0.0376596,3111.1428571428573,803.0,13037.0,0.1169138640684857,0.03904605432048057,0.14829178208679594,0.0011320995691886323,7.977689226779106e-06,0.0078082022169942,0.012294193356013913,0.0043329569333155,0.0344764520752677,0.9084570000000001,0.8563274,0.9463536,0.9872781508755448,0.955717666943627,0.9960485832626425
exact,60,model_posterior_oracle,,,,,,,,,,,,,,,,,,,,,,,,
exact,60,reassign_U,140963.85714285713,45090.0,373023.0,0.014096385714285715,0.004509,0.0373023,2592.4285714285716,790.0,9464.0,0.11271194146728512,0.03871232736047646,0.14594735470419598,0.0011198213141918527,7.976568732859235e-06,0.0077222606590483,0.012227395995083828,0.0043321751232298,0.0340114467061876,0.9084904714285714,0.8565623,0.9463543,0.9873569454813742,0.9562660979729654,0.9960494396275564
exact,60,stop,141476.2857142857,45100.0,376565.0,0.014147628571428572,0.00451,0.0376565,3104.8571428571427,800.0,13006.0,0.11668967333164737,0.03904605432048057,0.14773776546629733,0.001131988097125409,7.977032260519934e-06,0.007807423887721,0.012293496871908742,0.0043328236033245,0.034472238303126,0.9084572,0.8563287,0.9463537,0.9872790483246402,0.9557233378191624,0.9960488190367224
exact,60,true_posterior_oracle,,,,,,,,,,,,,,,,,,,,,,,,
exact,70,active_set_U,105614.57142857143,40898.0,190540.0,0.010561457142857143,0.0040898,0.019054,1545.7142857142858,853.0,3515.0,0.09883717735872317,0.017307427175861187,0.14489553252930185,2.0731826697690486e-05,6.80327519031465e-06,4.983192716134788e-05,0.009152050748505728,0.0039534935476753,0.0180853248895231,0.9105662142857144,0.8676968,0.9463798,0.9916757976688214,0.982163205289941,0.9964193640110732
exact,70,fcm_soft,105625.85714285714,40898.0,190621.0,0.010562585714285713,0.0040898,0.0190621,1557.0,853.0,3596.0,0.09888978148834182,0.017706261201819864,0.14489553252930185,2.0732879855632292e-05,6.80330068414392e-06,4.983882524944861e-05,0.009154534808913728,0.0039535806481524,0.0181023880075352,0.9105662,0.8676972,0.9463798,0.9916723046849211,0.9821386248159214,0.9964193640110732
exact,70,frequency_soft,111658.71428571429,43008.0,201353.0,0.011165871428571427,0.0043008,0.0201353,7589.857142857143,2963.0,14328.0,0.43355577728512146,0.07054930770291297,0.5101427498121713,3.79669028782294e-05,7.421272134822132e-06,0.0001603877260942,0.009931009629994427,0.0041396484428738,0.0208168033177959,0.9105221571428571,0.8674727,0.9463685,0.9911302981599864,0.9804529950935492,0.9962245201965902
exact,70,full_convergence,0.0,0.0,0.0,0.0,0.0,0.0,,,,,,,0.0,0.0,0.0,0.0,0.0,0.0,0.9111097,0.8682017,0.9464385,1.0,1.0,1.0
exact,70,gmm_plugin_soft,108008.71428571429,41339.0,198914.0,0.010800871428571428,0.0041339,0.0198914,3939.8571428571427,1165.0,11889.0,0.16775630498914323,0.058539972032379414,0.26701328711727323,2.4557561538137867e-05,7.1871966109693375e-06,6.682863310336629e-05,0.009154534808913728,0.0039535806481524,0.0181023880075352,0.9106878571428572,0.8682526,0.9463915,0.9912638002786414,0.98023458064,0.9963192154747208
exact,70,hartigan_U,105612.14285714286,40898.0,190535.0,0.010561214285714287,0.0040898,0.0190535,1543.2857142857142,853.0,3510.0,0.09869595949827994,0.01728280779154275,0.14489553252930185,2.073182185086913e-05,6.803270979904852e-06,4.983191594321035e-05,0.009151916206827143,0.0039534058769668,0.0180849407831215,0.9105661714285714,0.867697,0.9463799,0.9916760734784227,0.9821642542926902,0.9964192203879532
exact,70,majority,111658.71428571429,43008.0,201353.0,0.011165871428571427,0.0043008,0.0201353,7589.857142857143,2963.0,14328.0,0.43355577728512146,0.07054930770291297,0.5101427498121713,2.2644768814369547e-05,7.4163605983113e-06,5.321321514806243e-05,0.009679557557128743,0.0041417661778114,0.0190751330845243,0.9105221571428571,0.8674727,0.9463685,0.9911302981599864,0.9804529950935492,0.9962245201965902
exact,70,markov,105808.28571428571,40898.0,191851.0,0.010580828571428572,0.0040898,0.0191851,1739.4285714285713,853.0,4826.0,0.10011567365667462,0.02376262974415536,0.14489553252930185,2.0795720866915802e-05,6.804885718914022e-06,5.0262671807743686e-05,0.009166292596586514,0.0039533417841378,0.0181833746748155,0.9105662571428572,0.8676964,0.9463794,0.9916185905705996,0.9817664254795584,0.9964194498800372
exact,70,markov_a0.5,108094.71428571429,41737.0,195488.0,0.01080947142857143,0.0041737,0.0195488,4025.8571428571427,1692.0,8463.0,0.23180155728103502,0.041670769897386405,0.28741294377441823,2.1474493224220887e-05,7.053070614659873e-06,5.113602058859357e-05,0.009367795421613886,0.0040271993769423,0.0185267163562807,0.9105506857142858,0.8676137,0.9463777,0.9914310912425485,0.9812860010053092,0.9963410204283456
exact,70,markov_a0.5_soft,108094.71428571429,41737.0,195488.0,0.01080947142857143,0.0041737,0.0195488,4025.8571428571427,1692.0,8463.0,0.23180155728103502,0.041670769897386405,0.28741294377441823,2.8357903675565615e-05,7.163460045811476e-06,9.728143609288864e-05,0.0096694557174456,0.0040780016464805,0.0198846309976678,0.9105506857142858,0.8676137,0.9463777,0.9914310912425485,0.9812860010053092,0.9963410204283456
exact,70,markov_pooled,106291.42857142857,41048.0,192439.0,0.010629142857142856,0.0041048,0.0192439,2222.5714285714284,1003.0,5414.0,0.13064752221235554,0.026657869340003547,0.1790946656649136,2.097726648501005e-05,6.869575366552638e-06,5.057650465256636e-05,0.009206617615617241,0.0039675167044,0.0182276061307727,0.9105802285714286,0.8677638,0.9463783,0.9915863882030884,0.9817087998722108,0.9964101763476906
exact,70,markov_pooled_soft,106291.42857142857,41048.0,192439.0,0.010629142857142856,0.0041048,0.0192439,2222.5714285714284,1003.0,5414.0,0.13064752221235554,0.026657869340003547,0.1790946656649136,2.17894991164488e-05,7.007042017059817e-06,5.4017948123430415e-05,0.009365070809359142,0.0040173848321263,0.018564055922126,0.9105802285714286,0.8677638,0.9463783,0.9915863882030884,0.9817087998722108,0.9964101763476906
exact,70,markov_soft,105808.28571428571,40898.0,191851.0,0.010580828571428572,0.0040898,0.0191851,1739.4285714285713,853.0,4826.0,0.10011567365667462,0.02376262974415536,0.14489553252930185,2.0913472932569477e-05,6.804900399171032e-06,5.108676444098848e-05,0.009174465807350287,0.0039533949554746,0.0182401198049215,0.9105662571428572,0.8676964,0.9463794,0.9916185905705996,0.9817664254795584,0.9964194498800372
exact,70,markov_w20,105733.71428571429,40906.0,191109.0,0.010573371428571428,0.0040906,0.0191109,1664.857142857143,861.0,4084.0,0.10213555900767209,0.02010911311129931,0.14754477180820336,2.114193521902357e-05,6.8182565127195005e-06,5.254343836291753e-05,0.009158790497140384,0.0039541026387715,0.0181205392089315,0.9105652428571428,0.8676943,0.9463784,0.9916546268244991,0.9820323628025764,0.996418995897474
exact,70,markov_w5,105650.85714285714,40900.0,190785.0,0.010565085714285714,0.00409,0.0190785,1582.0,855.0,3760.0,0.09918972140481078,0.018513777007464597,0.14523526414132834,2.0735403499529325e-05,6.8037239258078586e-06,4.985180075811613e-05,0.00915462808461097,0.0039536446726419,0.0181028871749865,0.9105660857142857,0.8676972,0.9463799,0.9916659429509014,0.9820948097715676,0.9964193854286064
exact,70,model_posterior_oracle,,,,,,,,,,,,,,,,,,,,,,,,
exact,70,reassign_U,105625.85714285714,40898.0,190621.0,0.010562585714285713,0.0040898,0.0190621,1557.0,853.0,3596.0,0.09888978148834182,0.017706261201819864,0.14489553252930185,2.0732304013528135e-05,6.80327519031465e-06,4.9835156492150645e-05,0.009152880897004386,0.0039534935476753,0.0180912102724512,0.9105662,0.8676972,0.9463798,0.9916723046849211,0.9821386248159214,0.9964193640110732
exact,70,stop,105649.28571428571,40900.0,190779.0,0.01056492857142857,0.00409,0.0190779,1580.4285714285713,855.0,3754.0,0.09908662253522157,0.018484233746282473,0.14523526414132834,2.073482333332853e-05,6.803495621543476e-06,4.9850540423390655e-05,0.009154534808913728,0.0039535806481524,0.0181023880075352,0.9105661285714286,0.8676973,0.9463798,0.9916660356575643,0.9820956092087224,0.9964193132470628
exact,70,true_posterior_oracle,,,,,,,,,,,,,,,,,,,,,,,,
exact,80,active_set_U,95391.71428571429,37065.0,174248.0,0.00953917142857143,0.0037065,0.0174248,1145.4285714285713,854.0,1571.0,0.10546462978779189,0.04109147800478557,0.16166077738515902,1.8019307578910825e-05,5.745044117100306e-06,4.645602125541437e-05,0.008262424814540271,0.0036088438116946,0.0165929809569847,0.9106267285714286,0.8680274,0.9463934,0.9924784953759982,0.9839415246557794,0.9967935491850646
exact,80,fcm_soft,95392.28571428571,37066.0,174250.0,0.009539228571428571,0.0037066,0.017425,1146.0,855.0,1573.0,0.10550747471735313,0.041183508190686544,0.1618374558303887,1.8019393771868358e-05,5.745088269337728e-06,4.6456110398551687e-05,0.008262553318901928,0.003609100111686,0.0165931643555635,0.9106267714285714,0.8680273,0.9463935,0.9924784674616633,0.9839414173998172,0.9967934877530608
exact,80,frequency_soft,100256.14285714286,38894.0,182024.0,0.010025614285714286,0.0038894,0.0182024,6009.857142857143,2744.0,9792.0,0.4850812878368858,0.45057979017117616,0.5029681054432036,1.926871636448446e-05,6.248790070051413e-06,4.8015117538602325e-05,0.008688817988791344,0.0037742368764323,0.017313647109061,0.9105988142857143,0.8678817,0.9463957,0.992103793695354,0.9831735126144036,0.9966119935328628
exact,80,full_convergence,0.0,0.0,0.0,0.0,0.0,0.0,,,,,,,0.0,0.0,0.0,0.0,0.0,0.0,0.9111097,0.8682017,0.9464385,1.0,1.0,1.0
exact,80,gmm_plugin_soft,97102.0,37542.0,178697.0,0.0097102,0.0037542,0.0178697,2855.714285714286,1253.0,6528.0,0.21111443471412253,0.10870130996790145,0.310677607472777,1.9776914126483952e-05,6.172035033280565e-06,5.109100341349482e-05,0.008262553318901928,0.003609100111686,0.0165931643555635,0.9107391,0.8685296,0.9464094,0.9922247980098261,0.9830168505029452,0.9966864194800586
exact,80,hartigan_U,95391.85714285714,37065.0,174248.0,0.009539185714285716,0.0037065,0.0174248,1145.5714285714287,857.0,1571.0,0.10550305030887075,0.04099944781888459,0.16166077738515902,1.8019304140359793e-05,5.745044117100306e-06,4.645602125541437e-05,0.008262460458124928,0.0036088438116946,0.0165929809569847,0.9106268142857142,0.8680275,0.9463934,0.9924784962094408,0.9839415246557794,0.9967935491850646
exact,80,majority,100256.14285714286,38894.0,182024.0,0.010025614285714286,0.0038894,0.0182024,6009.857142857143,2744.0,9792.0,0.4850812878368858,0.45057979017117616,0.5029681054432036,1.9256822250251255e-05,6.244005625655191e-06,4.799524373333419e-05,0.008682081952178127,0.0037735838205379,0.0172965192099949,0.9105988142857143,0.8678817,0.9463957,0.992103793695354,0.9831735126144036,0.9966119935328628
exact,80,markov,95394.28571428571,37070.0,174259.0,0.009539428571428572,0.003707,0.0174259,1148.0,853.0,1582.0,0.10566682878105431,0.041183508190686544,0.1625441696113074,1.8021875116617076e-05,5.745901864084857e-06,4.645781706846819e-05,0.00826262434780647,0.0036091281489126,0.0165933282411333,0.9106266714285713,0.868027,0.9463931,0.9924782323925043,0.9839407758493196,0.996793235809082
exact,80,markov_a0.5,97252.28571428571,37753.0,177390.0,0.009725228571428572,0.0037753,0.017739,3006.0,1603.0,4713.0,0.2501565472367916,0.1917448923246825,0.2832155477031802,1.8478922767232015e-05,5.922576248540423e-06,4.70806954020464e-05,0.008422177900264087,0.0036709877813157,0.016874385447955,0.9106162714285714,0.8679794,0.9463966,0.9923354859080458,0.9836426545885392,0.996724255597808
exact,80,markov_a0.5_soft,97252.28571428571,37753.0,177390.0,0.009725228571428572,0.0037753,0.017739,3006.0,1603.0,4713.0,0.2501565472367916,0.1917448923246825,0.2832155477031802,1.874825692043431e-05,6.03261580467418e-06,4.738798130388133e-05,0.0085460995099085,0.0037188275125993,0.0170746360952303,0.9106162714285714,0.8679794,0.9463966,0.9923354859080458,0.9836426545885392,0.996724255597808
exact,80,markov_pooled,95739.71428571429,37237.0,174736.0,0.009573971428571429,0.0037237,0.0174736,1493.4285714285713,950.0,2059.0,0.13342315260307355,0.06681391496410823,0.19204946996466432,1.8121701644835397e-05,5.7990613764324905e-06,4.658906374355176e-05,0.008291061177965471,0.0036241123925554,0.0166350930816445,0.9106435285714286,0.8680616,0.9464166,0.992458093182143,0.983919348378744,0.9967820407715298
exact,80,markov_pooled_soft,95739.71428571429,37237.0,174736.0,0.009573971428571429,0.0037237,0.0174736,1493.4285714285713,950.0,2059.0,0.13342315260307355,0.06681391496410823,0.19204946996466432,1.841272570866716e-05,5.904900331810126e-06,4.6855035876980367e-05,0.008412516565934613,0.0036649994445914,0.0168007239763124,0.9106435285714286,0.8680616,0.9464166,0.992458093182143,0.983919348378744,0.9967820407715298
exact,80,markov_soft,95394.28571428571,37070.0,174259.0,0.009539428571428572,0.003707,0.0174259,1148.0,853.0,1582.0,0.10566682878105431,0.041183508190686544,0.1625441696113074,1.8021906465603976e-05,5.745917681654333e-06,4.6457839698366143e-05,0.0082627561279723,0.0036089955363045,0.0165934293141977,0.9106266714285713,0.868027,0.9463931,0.9924782323925043,0.9839407758493196,0.996793235809082
exact,80,markov_w20,95448.0,37088.0,174477.0,0.0095448,0.0037088,0.0174477,1201.7142857142858,878.0,1800.0,0.1092413735805493,0.04454260997607215,0.1657243816254417,1.80427394019324e-05,5.758021198731811e-06,4.651621360185487e-05,0.0082650535613626,0.0036096170686106,0.0166022390516576,0.9106267142857142,0.8680289,0.9463933,0.992469281078248,0.983889864603918,0.9967919597508156
exact,80,markov_w5,95396.85714285714,37070.0,174254.0,0.009539685714285715,0.003707,0.0174254,1150.5714285714287,857.0,1577.0,0.10592389099838946,0.041413583655438985,0.1625441696113074,1.8019983374425612e-05,5.745367681608826e-06,4.645677906611745e-05,0.008262674561428773,0.00360900510218,0.0165930326008256,0.9106268428571429,0.8680281,0.9463935,0.9924780985780438,0.9839409548129964,0.9967932182086684
exact,80,model_posterior_oracle,,,,,,,,,,,,,,,,,,,,,,,,
exact,80,reassign_U,95392.28571428571,37066.0,174250.0,0.009539228571428571,0.0037066,0.017425,1146.0,855.0,1573.0,0.10550747471735313,0.041183508190686544,0.1618374558303887,1.8019323954636996e-05,5.745052471306522e-06,4.645603154784794e-05,0.008262440815897385,0.0036088598687091,0.0165930255659488,0.9106267714285714,0.8680273,0.9463935,0.9924784674616633,0.9839414173998172,0.9967934877530608
exact,80,stop,95394.42857142857,37071.0,174256.0,0.009539442857142857,0.0037071,0.0174256,1148.142857142857,853.0,1579.0,0.10572639325807655,0.04109147800478557,0.1627208480565371,1.8019725534802943e-05,5.745260305722866e-06,4.645657172197559e-05,0.008262553318901928,0.003609100111686,0.0165931643555635,0.9106268285714286,0.8680276,0.9463934,0.9924782709900792,0.9839408225176036,0.9967931569176954
exact,80,true_posterior_oracle,,,,,,,,,,,,,,,,,,,,,,,,
exact,90,active_set_U,86985.57142857143,34018.0,158423.0,0.008698557142857142,0.0034018,0.0158423,1020.8571428571429,685.0,1368.0,0.11274750945761872,0.05931249458827604,0.1800210304942166,1.607269705474122e-05,4.932588488992806e-06,4.294498096069077e-05,0.007551435948878771,0.0033355332972852,0.0151598790281047,0.9106719571428571,0.8681884,0.9464028,0.9930828701106366,0.9851897778454326,0.9970682529852628
exact,90,fcm_soft,86985.42857142857,34011.0,158422.0,0.008698542857142857,0.0034011,0.0158422,1020.7142857142857,685.0,1368.0,0.11263392508012163,0.05931249458827604,0.17854889589905362,1.607279741373218e-05,4.932728736140035e-06,4.294510246816152e-05,0.007551617599956042,0.003334769770965,0.0151603691777977,0.9106720285714286,0.8681884,0.9464033,0.993082852012776,0.98518986983735,0.9970686996417728
exact,90,frequency_soft,91006.71428571429,35425.0,166322.0,0.00910067142857143,0.0035425,0.0166322,5042.0,2263.0,9264.0,0.4808295127363874,0.42542527339003644,0.5199310274875748,1.7000699665433876e-05,5.318186456770846e-06,4.478401449548031e-05,0.007893585589533885,0.0034640399960562,0.0158747669729892,0.9106510999999999,0.8681231,0.9463924,0.9928019424721717,0.98460643614711,0.9969474764374352
exact,90,full_convergence,0.0,0.0,0.0,0.0,0.0,0.0,,,,,,,0.0,0.0,0.0,0.0,0.0,0.0,0.9111097,0.8682017,0.9464385,1.0,1.0,1.0
exact,90,gmm_plugin_soft,88289.85714285714,34370.0,161731.0,0.008828985714285715,0.003437,0.0161731,2325.1428571428573,1001.0,4935.0,0.21879380090475567,0.08667417092388952,0.37477217496962334,1.7142723104570023e-05,5.166060142114404e-06,4.570670933889964e-05,0.007551617599956042,0.003334769770965,0.0151603691777977,0.9107706,0.8685898,0.9464173,0.9929059671204309,0.9845903794180436,0.9970011889867768
exact,90,hartigan_U,86985.85714285714,34019.0,158423.0,0.008698585714285714,0.0034019,0.0158423,1021.1428571428571,684.0,1371.0,0.11279108072129164,0.05922590700493549,0.18023133543638276,1.6072692466823873e-05,4.932586973760422e-06,4.294497087919957e-05,0.0075514484168604,0.0033357064928563,0.0151599590240651,0.9106720142857144,0.8681885,0.9464029,0.993082824001416,0.9851897157674232,0.9970681890618444
exact,90,majority,91006.71428571429,35425.0,166322.0,0.00910067142857143,0.0035425,0.0166322,5042.0,2263.0,9264.0,0.4808295127363874,0.42542527339003644,0.5199310274875748,1.699034345782811e-05,5.312171697635648e-06,4.477262329594112e-05,0.0078899415218712,0.0034610261373346,0.0158752444821869,0.9106510999999999,0.8681231,0.9463924,0.9928019424721717,0.98460643614711,0.9969474764374352
exact,90,markov,86993.42857142857,34008.0,158437.0,0.008699342857142857,0.0034008,0.0158437,1028.7142857142858,695.0,1379.0,0.11326976722643947,0.06017837042168153,0.17791798107255521,1.6075227150366294e-05,4.934469689077403e-06,4.294847474484165e-05,0.0075518382988620575,0.0033345405889358,0.0151608951335244,0.9106721285714287,0.8681873,0.9464034,0.993082085165368,0.985188128432281,0.9970688019380548
exact,90,markov_a0.5,88559.71428571429,34569.0,161622.0,0.008855971428571429,0.0034569,0.0161622,2595.0,1407.0,4564.0,0.2568774889515895,0.1927399756986634,0.29589905362776026,1.6427776491166413e-05,5.089663196233829e-06,4.3702052298755234e-05,0.007683209556480371,0.0033844140669586,0.0154512235554278,0.9106643,0.868169,0.9463995,0.9929742078011066,0.984959268215668,0.9970218326103838
exact,90,markov_a0.5_soft,88559.71428571429,34569.0,161622.0,0.008855971428571429,0.0034569,0.0161622,2595.0,1407.0,4564.0,0.2568774889515895,0.1927399756986634,0.29589905362776026,1.6616708203346215e-05,5.165238047943888e-06,4.4027291053350126e-05,0.007780015659479714,0.0034207354823097,0.015641841601179,0.9106643,0.868169,0.9463995,0.9929742078011066,0.984959268215668,0.9970218326103838
exact,90,markov_pooled,87325.85714285714,34139.0,159071.0,0.008732585714285713,0.0034139,0.0159071,1361.142857142857,977.0,2013.0,0.1445522535091878,0.08657351154313488,0.20546792849631967,1.6161606041770987e-05,4.97049301717567e-06,4.314198958721427e-05,0.007579445983705071,0.0033456225111183,0.0152190400866487,0.9106882428571429,0.8682087,0.9464065,0.9930627018297589,0.9851570229358878,0.9970599687778364
exact,90,markov_pooled_soft,87325.85714285714,34139.0,159071.0,0.008732585714285713,0.0034139,0.0159071,1361.142857142857,977.0,2013.0,0.1445522535091878,0.08657351154313488,0.20546792849631967,1.637802254258628e-05,5.063605486688161e-06,4.3523134386713735e-05,0.007677642324789686,0.0033816278659858,0.0154024587223798,0.9106882428571429,0.8682087,0.9464065,0.9930627018297589,0.9851570229358878,0.9970599687778364
exact,90,markov_soft,86993.42857142857,34008.0,158437.0,0.008699342857142857,0.0034008,0.0158437,1028.7142857142858,695.0,1379.0,0.11326976722643947,0.06017837042168153,0.17791798107255521,1.6075255065021006e-05,4.934486260266269e-06,4.294850057018351e-05,0.007552004349899728,0.0033347466176599,0.015161090641479,0.9106721285714287,0.8681873,0.9464034,0.993082085165368,0.985188128432281,0.9970688019380548
exact,90,markov_w20,87014.71428571429,34017.0,158483.0,0.008701471428571429,0.0034017,0.0158483,1050.0,716.0,1425.0,0.11508953807015554,0.06199670967183306,0.17981072555205047,1.6089812364450395e-05,4.951516740181461e-06,4.2960749490728034e-05,0.007553180119960528,0.0033362946071827,0.0151632184545286,0.9106721,0.8681884,0.9464034,0.9930804033517653,0.9851846763643148,0.9970682218617716
exact,90,markov_w5,86987.85714285714,34006.0,158430.0,0.008698785714285714,0.0034006,0.015843,1023.1428571428571,688.0,1372.0,0.11270195223338134,0.059572257338297685,0.17749737118822292,1.607361564765724e-05,4.933562250730716e-06,4.2946362420526185e-05,0.0075516700842635,0.0033346526405306,0.0151605481757171,0.9106720571428571,0.8681878,0.9464032,0.9930824400203582,0.9851884004023708,0.9970688638091432
exact,90,model_posterior_oracle,,,,,,,,,,,,,,,,,,,,,,,,
exact,90,reassign_U,86985.42857142857,34011.0,158422.0,0.008698542857142857,0.0034011,0.0158422,1020.7142857142857,685.0,1368.0,0.11263392508012163,0.05931249458827604,0.17854889589905362,1.6072718328549334e-05,4.932658099088272e-06,4.2945000038319137e-05,0.0075514154127025715,0.003334953005028,0.0151598220861718,0.9106720285714286,0.8681884,0.9464033,0.993082852012776,0.98518986983735,0.9970686996417728
exact,90,stop,86988.14285714286,34008.0,158427.0,0.008698814285714286,0.0034008,0.0158427,1023.4285714285714,687.0,1369.0,0.11281874606040895,0.059485669754957136,0.17791798107255521,1.6073232257670815e-05,4.933020424369161e-06,4.294605914600957e-05,0.007551617599956042,0.003334769770965,0.0151603691777977,0.9106721142857143,0.868188,0.9464034,0.9930824880242922,0.9851887269165208,0.997068820939146
exact,90,true_posterior_oracle,,,,,,,,,,,,,,,,,,,,,,,,
minibatch,10,fcm_soft,129910.66666666667,5963.0,300548.0,0.012991066666666667,0.0005963,0.0300548,78485.0,1199.0,193703.0,0.023836734288242067,0.0012974589715121728,0.05612365672556421,0.003023221693293252,1.7892561332555346e-06,0.0084727266596931,0.012715881811566734,0.0005193636663823,0.0279120179267881,0.8712945,0.8122147,0.9079007,0.9771728582563636,0.9503401660850456,0.9993907604622636
minibatch,10,frequency_soft,158416.0,8052.0,354987.0,0.0158416,0.0008052,0.0354987,106990.33333333333,3288.0,248142.0,0.0332050241596607,0.0035580025840967673,0.0718968546031551,0.003200073112128287,2.085564964060538e-06,0.0088973862456394,0.012715881811566734,0.0005193636663823,0.0279120179267881,0.8701816,0.8123691,0.9077128,0.9725224087953975,0.943112810686858,0.9991676655323556
minibatch,10,full_convergence,0.0,0.0,0.0,0.0,0.0,0.0,,,,,,,0.0,0.0,0.0,0.0,0.0,0.0,0.8777092666666667,0.8118576,0.9129767,1.0,1.0,1.0
minibatch,10,gmm_plugin_soft,143933.0,15783.0,307898.0,0.0143933,0.0015783,0.0307898,92507.33333333333,11019.0,201053.0,0.030972002828571585,0.011923853550535973,0.05825325139850627,0.003141016343444323,2.1462689631768228e-05,0.0086782063636632,0.012715881811566734,0.0005193636663823,0.0279120179267881,0.8715991666666666,0.8133021,0.9073017,0.9745661119031249,0.948798864032071,0.9976763059447428
minibatch,10,majority,158416.0,8052.0,354987.0,0.0158416,0.0008052,0.0354987,106990.33333333333,3288.0,248142.0,0.0332050241596607,0.0035580025840967673,0.0718968546031551,0.003200073112128287,2.085564964060538e-06,0.0088973862456394,0.012715881811566734,0.0005193636663823,0.0279120179267881,0.8701816,0.8123691,0.9077128,0.9725224087953975,0.943112810686858,0.9991676655323556
minibatch,10,markov,133106.66666666666,6180.0,306542.0,0.013310666666666667,0.000618,0.0306542,81681.0,1416.0,199697.0,0.024884993184627075,0.0015322784851219654,0.05786036291190635,0.0030296175626717274,1.806643038282374e-06,0.0084900411260728,0.012715881811566734,0.0005193636663823,0.0279120179267881,0.8712204333333333,0.8122791,0.9078913,0.9766334717963238,0.9494385541414464,0.9993697248397893
minibatch,10,markov_a0.5,145808.33333333334,6724.0,333086.0,0.014580833333333335,0.0006724,0.0333086,94382.66666666667,1960.0,226241.0,0.028920700410115973,0.0021209504455078055,0.0655512419593314,0.0030806344081542396,1.8350371118192044e-06,0.0086248898373477,0.012715881811566734,0.0005193636663823,0.0279120179267881,0.8706237666666667,0.8123126,0.9078393,0.9745561451066348,0.9459253891974893,0.9993110725805738
minibatch,10,markov_a0.5_soft,145808.33333333334,6724.0,333086.0,0.014580833333333335,0.0006724,0.0333086,94382.66666666667,1960.0,226241.0,0.028920700410115973,0.0021209504455078055,0.0655512419593314,0.0030806344081542396,1.8350371118192044e-06,0.0086248898373477,0.012715881811566734,0.0005193636663823,0.0279120179267881,0.8706237666666667,0.8123126,0.9078393,0.9745561451066348,0.9459253891974893,0.9993110725805738
minibatch,10,markov_pooled,133843.66666666666,6185.0,307355.0,0.013384366666666666,0.0006185,0.0307355,82418.0,1421.0,200510.0,0.02512663702649835,0.001537689072993159,0.0580959221594032,0.003032683014192064,1.807715052093428e-06,0.0084982117015668,0.012715881811566734,0.0005193636663823,0.0279120179267881,0.8712648,0.8123689,0.9079041,0.9765422925659247,0.9493268708257532,0.9993689402011842
minibatch,10,markov_pooled_soft,133843.66666666666,6185.0,307355.0,0.013384366666666666,0.0006185,0.0307355,82418.0,1421.0,200510.0,0.02512663702649835,0.001537689072993159,0.0580959221594032,0.003032683014192064,1.807715052093428e-06,0.0084982117015668,0.012715881811566734,0.0005193636663823,0.0279120179267881,0.8712648,0.8123689,0.9079041,0.9765422925659247,0.9493268708257532,0.9993689402011842
minibatch,10,markov_soft,133106.66666666666,6180.0,306542.0,0.013310666666666667,0.000618,0.0306542,81681.0,1416.0,199697.0,0.024884993184627075,0.0015322784851219654,0.05786036291190635,0.0030296175626717274,1.806643038282374e-06,0.0084900411260728,0.012715881811566734,0.0005193636663823,0.0279120179267881,0.8712204333333333,0.8122791,0.9078913,0.9766334717963238,0.9494385541414464,0.9993697248397893
minibatch,10,markov_w20,133106.66666666666,6180.0,306542.0,0.013310666666666667,0.000618,0.0306542,81681.0,1416.0,199697.0,0.024884993184627075,0.0015322784851219654,0.05786036291190635,0.0030296175626717274,1.806643038282374e-06,0.0084900411260728,0.012715881811566734,0.0005193636663823,0.0279120179267881,0.8712204333333333,0.8122791,0.9078913,0.9766334717963238,0.9494385541414464,0.9993697248397893
minibatch,10,markov_w5,131301.66666666666,5977.0,303658.0,0.013130166666666665,0.0005977,0.0303658,79876.0,1213.0,196813.0,0.024263631377005098,0.0013126086175515143,0.057024750525951934,0.003024050836489291,1.789986395772658e-06,0.0084750412826291,0.012715881811566734,0.0005193636663823,0.0279120179267881,0.8712271,0.812226,0.9079007,0.9769412257149002,0.9499095971794028,0.9993889047071391
minibatch,10,model_posterior_oracle,,,,,,,,,,,,,,,,,,,,,,,,
minibatch,10,reassign_U,129910.66666666667,5963.0,300548.0,0.012991066666666667,0.0005963,0.0300548,78485.0,1199.0,193703.0,0.023836734288242067,0.0012974589715121728,0.05612365672556421,0.003023221693293252,1.7892561332555346e-06,0.0084727266596931,0.012715881811566734,0.0005193636663823,0.0279120179267881,0.8712945,0.8122147,0.9079007,0.9771728582563636,0.9503401660850456,0.9993907604622636
minibatch,10,reassign_all,128954.33333333333,5839.0,298881.0,0.012895433333333333,0.0005839,0.0298881,,,,,,,0.00302247723168385,1.7875552289492449e-06,0.0084709112039209,0.012715881811566734,0.0005193636663823,0.0279120179267881,0.8713319333333334,0.8122153,0.9079119,0.977319643976367,0.9505500088745088,0.999404333606606
minibatch,10,stop,131288.0,5975.0,303639.0,0.013128800000000001,0.0005975,0.0303639,79862.33333333333,1211.0,196794.0,0.024258758780121934,0.0013104443824030368,0.05701924545128719,0.003024049662716768,1.789630915904894e-06,0.0084750387832845,0.012715881811566734,0.0005193636663823,0.0279120179267881,0.8712270000000001,0.8122251,0.9079013,0.9769427997549059,0.9499127477959374,0.9993887094798294
minibatch,10,true_posterior_oracle,,,,,,,,,,,,,,,,,,,,,,,,
minibatch,20,fcm_soft,96812.33333333333,4369.0,228734.0,0.009681233333333332,0.0004369,0.0228734,4620.0,29.0,13171.0,0.06220843413409041,0.017313432835820895,0.14547482824891206,0.0024081574772345854,1.1867821878563944e-06,0.0068652386712435,0.009729410810855267,0.0003722031010487,0.0219227829139642,0.8729143666666667,0.8121,0.9080271,0.9825784686051259,0.9605753190195164,0.9995582907479282
minibatch,20,frequency_soft,111346.0,4987.0,261272.0,0.0111346,0.0004987,0.0261272,19153.666666666668,647.0,45709.0,0.43073492436892363,0.3862686567164179,0.5048598378581369,0.0024741649471207595,1.2144372176781104e-06,0.0070513283350421,0.009729410810855267,0.0003722031010487,0.0219227829139642,0.872166,0.8121419,0.9079802,0.9801692206288367,0.9557548387598808,0.999493959920478
minibatch,20,full_convergence,0.0,0.0,0.0,0.0,0.0,0.0,,,,,,,0.0,0.0,0.0,0.0,0.0,0.0,0.8777092666666667,0.8118576,0.9129767,1.0,1.0,1.0
minibatch,20,gmm_plugin_soft,102754.0,5821.0,239469.0,0.0102754,0.0005821,0.0239469,10561.666666666666,1481.0,23906.0,0.45856203077172303,0.22746316093614563,0.8841791044776119,0.00242583836760077,1.344731400010346e-06,0.0069138872898848,0.009729410810855267,0.0003722031010487,0.0219227829139642,0.8728635333333333,0.8123815,0.9078866,0.9815946796726198,0.9586654297325944,0.9994038101452464
minibatch,20,majority,111346.0,4987.0,261272.0,0.0111346,0.0004987,0.0261272,19153.666666666668,647.0,45709.0,0.43073492436892363,0.3862686567164179,0.5048598378581369,0.0024741649471207595,1.2144372176781104e-06,0.0070513283350421,0.009729410810855267,0.0003722031010487,0.0219227829139642,0.872166,0.8121419,0.9079802,0.9801692206288367,0.9557548387598808,0.999493959920478
minibatch,20,markov,96919.33333333333,4389.0,228982.0,0.009691933333333333,0.0004389,0.0228982,4727.0,49.0,13419.0,0.06773965629973781,0.025751227968795146,0.14821400958713468,0.0024082192257544447,1.1873207579338183e-06,0.0068654209723624,0.009729410810855267,0.0003722031010487,0.0219227829139642,0.8729077333333333,0.8121002,0.908026,0.9825641648786357,0.9605423610843766,0.9995560559403605
minibatch,20,markov_a0.5,102328.33333333333,4610.0,241288.0,0.010232833333333332,0.000461,0.0241288,10136.0,270.0,25725.0,0.20157066484174102,0.15938312626408552,0.2841348384103912,0.00242047847450659,1.1920231570705653e-06,0.0069003667121827,0.009729410810855267,0.0003722031010487,0.0219227829139642,0.8726233666666667,0.8121148,0.9080102,0.9816587262444427,0.9586792722909476,0.9995334935882676
minibatch,20,markov_a0.5_soft,102328.33333333333,4610.0,241288.0,0.010232833333333332,0.000461,0.0241288,10136.0,270.0,25725.0,0.20157066484174102,0.15938312626408552,0.2841348384103912,0.00242047847450659,1.1920231570705653e-06,0.0069003667121827,0.009729410810855267,0.0003722031010487,0.0219227829139642,0.8726233666666667,0.8121148,0.9080102,0.9816587262444427,0.9586792722909476,0.9995334935882676
minibatch,20,markov_pooled,97059.0,4416.0,229216.0,0.0097059,0.0004416,0.0229216,4866.666666666667,76.0,13653.0,0.07587645508081171,0.03145767119329673,0.1507985597207802,0.0024082431339235108,1.1875099872327155e-06,0.006865487946249,0.009729410810855267,0.0003722031010487,0.0219227829139642,0.8729063333333333,0.8120956,0.9080293,0.9825501631669823,0.9605164422407032,0.9995535536944434
minibatch,20,markov_pooled_soft,97059.0,4416.0,229216.0,0.0097059,0.0004416,0.0229216,4866.666666666667,76.0,13653.0,0.07587645508081171,0.03145767119329673,0.1507985597207802,0.0024082431339235108,1.1875099872327155e-06,0.006865487946249,0.009729410810855267,0.0003722031010487,0.0219227829139642,0.8729063333333333,0.8120956,0.9080293,0.9825501631669823,0.9605164422407032,0.9995535536944434
minibatch,20,markov_soft,96919.33333333333,4389.0,228982.0,0.009691933333333333,0.0004389,0.0228982,4727.0,49.0,13419.0,0.06773965629973781,0.025751227968795146,0.14821400958713468,0.0024082192257544447,1.1873207579338183e-06,0.0068654209723624,0.009729410810855267,0.0003722031010487,0.0219227829139642,0.8729077333333333,0.8121002,0.908026,0.9825641648786357,0.9605423610843766,0.9995560559403605
minibatch,20,markov_w20,99157.33333333333,4573.0,233021.0,0.009915733333333333,0.0004573,0.0233021,6965.0,233.0,17458.0,0.14921586343247709,0.11571800057786767,0.19282511210762332,0.0024167233921505117,1.2004080829353114e-06,0.0068894113699347,0.009729410810855267,0.0003722031010487,0.0219227829139642,0.8728840666666667,0.8121535,0.9080256,0.9821742476881535,0.959845816567681,0.9995385996256864
minibatch,20,markov_w5,96889.33333333333,4377.0,228929.0,0.009688933333333333,0.0004377,0.0228929,4697.0,37.0,13366.0,0.06485549400094207,0.02208955223880597,0.14762862002695,0.0024082104817590034,1.1869817944099026e-06,0.0068653955783422,0.009729410810855267,0.0003722031010487,0.0219227829139642,0.8729088333333334,0.8121003,0.9080266,0.9825676348648326,0.9605489577782284,0.9995572636361468
minibatch,20,model_posterior_oracle,,,,,,,,,,,,,,,,,,,,,,,,
minibatch,20,reassign_U,96812.33333333333,4369.0,228734.0,0.009681233333333332,0.0004369,0.0228734,4620.0,29.0,13171.0,0.06220843413409041,0.017313432835820895,0.14547482824891206,0.0024081574772345854,1.1867821878563944e-06,0.0068652386712435,0.009729410810855267,0.0003722031010487,0.0219227829139642,0.8729143666666667,0.8121,0.9080271,0.9825784686051259,0.9605753190195164,0.9995582907479282
minibatch,20,reassign_all,95631.66666666667,4327.0,226068.0,0.009563166666666666,0.0004327,0.0226068,,,,,,,0.0024076145516982333,1.1866334233001652e-06,0.0068637007440193,0.009729410810855267,0.0003722031010487,0.0219227829139642,0.8729745333333333,0.8120935,0.9080313,0.982781484786868,0.9609905527334556,0.999562552982966
minibatch,20,stop,96883.33333333333,4368.0,228929.0,0.009688333333333334,0.0004368,0.0228929,4691.0,28.0,13366.0,0.06295609903701567,0.01671641791044776,0.14762862002695,0.002408210237555521,1.1868396858627506e-06,0.0068653951467667,0.009729410810855267,0.0003722031010487,0.0219227829139642,0.8729087,0.8121,0.9080265,0.982568115152673,0.9605486476970492,0.9995580956525416
minibatch,20,true_posterior_oracle,,,,,,,,,,,,,,,,,,,,,,,,
minibatch,30,fcm_soft,76658.33333333333,3492.0,182576.0,0.007665833333333333,0.0003492,0.0182576,2006.3333333333333,20.0,5763.0,0.04906195569975889,0.01721120186697783,0.10816441441441442,0.001947705337230196,9.25334336487893e-07,0.0055900101971042,0.007965524007967234,0.0002978683648277,0.0181867439224263,0.8739478666666667,0.8120298,0.9080883,0.9861526118531811,0.9682193978934956,0.999646925795492
minibatch,30,frequency_soft,85529.0,3874.0,202847.0,0.0085529,0.0003874,0.0202847,10877.0,402.0,26034.0,0.45960207219125687,0.43838604143947657,0.4886261261261261,0.001974684962382332,9.355592331949936e-07,0.0056673266492921,0.007965524007967234,0.0002978683648277,0.0181867439224263,0.8735014,0.8120599,0.9080615,0.984544808980341,0.96475251440154,0.999608948136968
minibatch,30,full_convergence,0.0,0.0,0.0,0.0,0.0,0.0,,,,,,,0.0,0.0,0.0,0.0,0.0,0.0,0.8777092666666667,0.8118576,0.9129767,1.0,1.0,1.0
minibatch,30,gmm_plugin_soft,80810.66666666667,4243.0,191086.0,0.008081066666666666,0.0004243,0.0191086,6158.666666666667,771.0,14273.0,0.4529878403173205,0.25029171528588096,0.8407851690294439,0.001956938858267605,9.674374115142823e-07,0.0056162504201415,0.007965524007967234,0.0002978683648277,0.0181867439224263,0.8738948999999999,0.8121974,0.9080145,0.9854189971465094,0.9665981501012472,0.9995700586023806
minibatch,30,majority,85529.0,3874.0,202847.0,0.0085529,0.0003874,0.0202847,10877.0,402.0,26034.0,0.45960207219125687,0.43838604143947657,0.4886261261261261,0.001974684962382332,9.355592331949936e-07,0.0056673266492921,0.007965524007967234,0.0002978683648277,0.0181867439224263,0.8735014,0.8120599,0.9080615,0.984544808980341,0.96475251440154,0.999608948136968
minibatch,30,markov,76696.33333333333,3514.0,182641.0,0.007669633333333333,0.0003514,0.0182641,2044.3333333333333,42.0,5828.0,0.058122063716205354,0.019180280046674446,0.10938438438438439,0.0019477158497882916,9.256426076742486e-07,0.0055900410153295,0.007965524007967234,0.0002978683648277,0.0181867439224263,0.8739463666666666,0.8120304,0.9080876,0.9861473859806452,0.968209377211728,0.9996446979519996
minibatch,30,markov_a0.5,80035.0,3654.0,190289.0,0.0080035,0.0003654,0.0190289,5383.0,182.0,13476.0,0.21102230155101878,0.18166569428238039,0.25292792792792795,0.0019526212841467297,9.274724865893092e-07,0.0056041486117284,0.007965524007967234,0.0002978683648277,0.0181867439224263,0.8737762333333334,0.812042,0.908077,0.9855363637681497,0.96687622329504,0.9996305812710878
minibatch,30,markov_a0.5_soft,80035.0,3654.0,190289.0,0.0080035,0.0003654,0.0190289,5383.0,182.0,13476.0,0.21102230155101878,0.18166569428238039,0.25292792792792795,0.0019526212841467297,9.274724865893092e-07,0.0056041486117284,0.007965524007967234,0.0002978683648277,0.0181867439224263,0.8737762333333334,0.812042,0.908077,0.9855363637681497,0.96687622329504,0.9996305812710878
minibatch,30,markov_pooled,76804.0,3523.0,182846.0,0.0076804,0.0003523,0.0182846,2152.0,51.0,6033.0,0.06532588105150612,0.027129521586931157,0.11323198198198198,0.001947730082592052,9.256286288561456e-07,0.0055900820580339,0.007965524007967234,0.0002978683648277,0.0181867439224263,0.8739435333333333,0.8120279,0.9080899,0.9861357868654258,0.968184904393412,0.9996438624257988
minibatch,30,markov_pooled_soft,76804.0,3523.0,182846.0,0.0076804,0.0003523,0.0182846,2152.0,51.0,6033.0,0.06532588105150612,0.027129521586931157,0.11323198198198198,0.001947730082592052,9.256286288561456e-07,0.0055900820580339,0.007965524007967234,0.0002978683648277,0.0181867439224263,0.8739435333333333,0.8120279,0.9080899,0.9861357868654258,0.968184904393412,0.9996438624257988
minibatch,30,markov_soft,76696.33333333333,3514.0,182641.0,0.007669633333333333,0.0003514,0.0182641,2044.3333333333333,42.0,5828.0,0.058122063716205354,0.019180280046674446,0.10938438438438439,0.0019477158497882916,9.256426076742486e-07,0.0055900410153295,0.007965524007967234,0.0002978683648277,0.0181867439224263,0.8739463666666666,0.8120304,0.9080876,0.9861473859806452,0.968209377211728,0.9996446979519996
minibatch,30,markov_w20,76755.33333333333,3523.0,182784.0,0.007675533333333334,0.0003523,0.0182784,2103.3333333333335,51.0,5971.0,0.06289598616245137,0.021003500583430573,0.11206831831831832,0.0019477721071116151,9.260466300453628e-07,0.005590208704614,0.007965524007967234,0.0002978683648277,0.0181867439224263,0.8739434666666667,0.8120303,0.9080868,0.9861378093587309,0.9681855221082738,0.999643398762598
minibatch,30,markov_w5,76683.33333333333,3500.0,182630.0,0.007668333333333333,0.00035,0.018263,2031.3333333333333,28.0,5817.0,0.05262385187301904,0.018159276546091015,0.10917792792792792,0.0019477155540039183,9.254054964547008e-07,0.0055900405839066,0.007965524007967234,0.0002978683648277,0.0181867439224263,0.8739466,0.8120306,0.9080884,0.9861489523376582,0.968211125061644,0.9996459927950876
minibatch,30,model_posterior_oracle,,,,,,,,,,,,,,,,,,,,,,,,
minibatch,30,reassign_U,76658.33333333333,3492.0,182576.0,0.007665833333333333,0.0003492,0.0182576,2006.3333333333333,20.0,5763.0,0.04906195569975889,0.01721120186697783,0.10816441441441442,0.001947705337230196,9.25334336487893e-07,0.0055900101971042,0.007965524007967234,0.0002978683648277,0.0181867439224263,0.8739478666666667,0.8120298,0.9080883,0.9861526118531811,0.9682193978934956,0.999646925795492
minibatch,30,reassign_all,75886.33333333333,3451.0,180837.0,0.007588633333333334,0.0003451,0.0180837,,,,,,,0.0019474792883441118,9.252088757349952e-07,0.0055893650568668,0.007965524007967234,0.0002978683648277,0.0181867439224263,0.8739849,0.8120276,0.9080914,0.9862963281158027,0.968525731887423,0.9996507334350924
minibatch,30,stop,76677.33333333333,3493.0,182628.0,0.0076677333333333335,0.0003493,0.0182628,2025.3333333333333,21.0,5815.0,0.049848023634009274,0.01750291715285881,0.10914039039039039,0.001947715487384924,9.253577206713716e-07,0.0055900405230089,0.007965524007967234,0.0002978683648277,0.0181867439224263,0.8739466333333333,0.8120305,0.9080883,0.986149501169256,0.9682113219322348,0.9996466439562482
minibatch,30,true_posterior_oracle,,,,,,,,,,,,,,,,,,,,,,,,
minibatch,40,fcm_soft,64053.333333333336,2853.0,154097.0,0.006405333333333333,0.0002853,0.0154097,1111.6666666666667,14.0,3219.0,0.04395086236356538,0.011568560734943858,0.09926300533473126,0.0016295292520139074,7.576110441220862e-07,0.0046973938234597,0.006741297005230701,0.0002479222674975,0.0155461940435173,0.8745367666666667,0.8119841,0.9081301,0.9885213810762838,0.9733567112576026,0.9997114681036392
minibatch,40,frequency_soft,69659.66666666667,3135.0,166729.0,0.006965966666666667,0.0003135,0.0166729,6718.0,296.0,15851.0,0.46256610358165645,0.4444444444444444,0.48879089703660306,0.0016397218889870194,7.630299485583691e-07,0.004726485061121,0.006741297005230701,0.0002479222674975,0.0155461940435173,0.8742833333333334,0.812002,0.9081131,0.9874590099213655,0.971048893934476,0.9996834197312644
minibatch,40,full_convergence,0.0,0.0,0.0,0.0,0.0,0.0,,,,,,,0.0,0.0,0.0,0.0,0.0,0.0,0.8777092666666667,0.8118576,0.9129767,1.0,1.0,1.0
minibatch,40,gmm_plugin_soft,67214.33333333333,3388.0,160785.0,0.006721433333333333,0.0003388,0.0160785,4272.666666666667,549.0,9907.0,0.46590468754807857,0.26789157309742545,0.8243243243243243,0.0016349464757500086,7.792312082255393e-07,0.0047128365007593,0.006741297005230701,0.0002479222674975,0.0155461940435173,0.8744976000000001,0.8121047,0.9080774,0.9879592736106084,0.9720737491582068,0.9996567208296304
minibatch,40,majority,69659.66666666667,3135.0,166729.0,0.006965966666666667,0.0003135,0.0166729,6718.0,296.0,15851.0,0.46256610358165645,0.4444444444444444,0.48879089703660306,0.0016397218889870194,7.630299485583691e-07,0.004726485061121,0.006741297005230701,0.0002479222674975,0.0155461940435173,0.8742833333333334,0.812002,0.9081131,0.9874590099213655,0.971048893934476,0.9996834197312644
minibatch,40,markov,64073.0,2858.0,154131.0,0.0064073,0.0002858,0.0154131,1131.3333333333333,19.0,3253.0,0.04755896137801242,0.013836905977089713,0.10031144962841901,0.0016295324548239504,7.57678181750876e-07,0.0046974031763578,0.006741297005230701,0.0002479222674975,0.0155461940435173,0.8745358666666666,0.8119845,0.9081296,0.9885184184348011,0.9733506986918544,0.9997110018314748
minibatch,40,markov_a0.5,66185.0,2964.0,158950.0,0.006618499999999999,0.0002964,0.015895,3243.3333333333335,125.0,8072.0,0.20348978681946273,0.17386866281047975,0.24891300996022078,0.0016313828708507904,7.585226615702823e-07,0.0047026999436141,0.006741297005230701,0.0002479222674975,0.0155461940435173,0.8744400666666667,0.8119895,0.9081229,0.9881172989990125,0.9724649964323738,0.999700532037346
minibatch,40,markov_a0.5_soft,66185.0,2964.0,158950.0,0.006618499999999999,0.0002964,0.015895,3243.3333333333335,125.0,8072.0,0.20348978681946273,0.17386866281047975,0.24891300996022078,0.0016313828708507904,7.585226615702823e-07,0.0047026999436141,0.006741297005230701,0.0002479222674975,0.0155461940435173,0.8744400666666667,0.8119895,0.9081229,0.9881172989990125,0.9724649964323738,0.999700532037346
minibatch,40,markov_pooled,64128.0,2873.0,154211.0,0.0064128,0.0002873,0.0154211,1186.3333333333333,34.0,3333.0,0.0585351809179746,0.021776114324600204,0.10277837737827253,0.0016295373437466894,7.577437912686946e-07,0.004697416833697,0.006741297005230701,0.0002479222674975,0.0155461940435173,0.8745372666666666,0.8119853,0.9081315,0.9885122685721063,0.9733395540157448,0.999709607258651
minibatch,40,markov_pooled_soft,64128.0,2873.0,154211.0,0.0064128,0.0002873,0.0154211,1186.3333333333333,34.0,3333.0,0.0585351809179746,0.021776114324600204,0.10277837737827253,0.0016295373437466894,7.577437912686946e-07,0.004697416833697,0.006741297005230701,0.0002479222674975,0.0155461940435173,0.8745372666666666,0.8119853,0.9081315,0.9885122685721063,0.9733395540157448,0.999709607258651
minibatch,40,markov_soft,64073.0,2858.0,154131.0,0.0064073,0.0002858,0.0154131,1131.3333333333333,19.0,3253.0,0.04755896137801242,0.013836905977089713,0.10031144962841901,0.0016295324548239504,7.57678181750876e-07,0.0046974031763578,0.006741297005230701,0.0002479222674975,0.0155461940435173,0.8745358666666666,0.8119845,0.9081296,0.9885184184348011,0.9733506986918544,0.9997110018314748
minibatch,40,markov_w20,64096.666666666664,2865.0,154178.0,0.006409666666666667,0.0002865,0.0154178,1155.0,26.0,3300.0,0.052188269384470236,0.01576499943291369,0.10176076968145796,0.0016295362704345712,7.577846146133993e-07,0.0046974142073943,0.006741297005230701,0.0002479222674975,0.0155461940435173,0.8745353666666666,0.8119846,0.9081295,0.9885150316592282,0.973342794989607,0.999710351311558
minibatch,40,markov_w5,64067.333333333336,2852.0,154130.0,0.0064067333333333336,0.0002852,0.015413,1125.6666666666667,13.0,3252.0,0.04416762196902738,0.012702733356016786,0.10028061303154584,0.001629532365209166,7.576528568975505e-07,0.0046974029887576,0.006741297005230701,0.0002479222674975,0.0155461940435173,0.8745359333333332,0.8119848,0.9081298,0.9885190950081677,0.9733508916528808,0.999711560322952
minibatch,40,model_posterior_oracle,,,,,,,,,,,,,,,,,,,,,,,,
minibatch,40,reassign_U,64053.333333333336,2853.0,154097.0,0.006405333333333333,0.0002853,0.0154097,1111.6666666666667,14.0,3219.0,0.04395086236356538,0.011568560734943858,0.09926300533473126,0.0016295292520139074,7.576110441220862e-07,0.0046973938234597,0.006741297005230701,0.0002479222674975,0.0155461940435173,0.8745367666666667,0.8119841,0.9081301,0.9885213810762838,0.9733567112576026,0.9997114681036392
minibatch,40,reassign_all,63557.666666666664,2830.0,152979.0,0.006355766666666666,0.000283,0.0152979,,,,,,,0.0016294353075560692,7.575679890070575e-07,0.0046971260391566,0.006741297005230701,0.0002479222674975,0.0155461940435173,0.8745599,0.8119824,0.9081321,0.9886170224193916,0.97356405441277,0.9997140724171206
minibatch,40,stop,64063.333333333336,2849.0,154127.0,0.006406333333333333,0.0002849,0.0154127,1121.6666666666667,10.0,3249.0,0.04240844934643812,0.01202222978337303,0.10018810324092634,0.0016295323190289475,7.576332985426149e-07,0.0046974028895239,0.006741297005230701,0.0002479222674975,0.0155461940435173,0.8745358333333334,0.8119845,0.9081299,0.9885195767702686,0.9733512607365432,0.9997118390972214
minibatch,40,true_posterior_oracle,,,,,,,,,,,,,,,,,,,,,,,,
minibatch,50,fcm_soft,55286.0,2384.0,134526.0,0.005528600000000001,0.0002384,0.0134526,720.6666666666666,4.0,2087.0,0.037881102305312185,0.008350730688935281,0.09411499436302143,0.00141576921326513,6.353877803899621e-07,0.0040969259039695,0.005830900497657734,0.000210522212868,0.0135722286575058,0.8749108666666667,0.8119574,0.9081603,0.9902097726732784,0.9770045123253056,0.9997598125153252
minibatch,50,frequency_soft,59332.0,2604.0,143580.0,0.0059332,0.0002604,0.014358,4766.666666666667,224.0,11141.0,0.4773709131223513,0.46205919395465994,0.502412626832018,0.0014205084490111237,6.387633608717636e-07,0.004110364039233,0.005830900497657734,0.000210522212868,0.0135722286575058,0.8747399333333333,0.8119649,0.9081452,0.9894293743650252,0.9753132044672712,0.9997366072757308
minibatch,50,full_convergence,0.0,0.0,0.0,0.0,0.0,0.0,,,,,,,0.0,0.0,0.0,0.0,0.0,0.0,0.8777092666666667,0.8118576,0.9129767,1.0,1.0,1.0
minibatch,50,gmm_plugin_soft,57879.0,2779.0,140251.0,0.0057878999999999995,0.0002779,0.0140251,3313.6666666666665,399.0,7812.0,0.4858763877508412,0.2723551637279597,0.8329853862212944,0.0014196551286632091,6.473077174273811e-07,0.0041080853795929,0.005830900497657734,0.000210522212868,0.0135722286575058,0.8748751333333334,0.8120404,0.9081223,0.9897463335909186,0.9759181863819651,0.9997181676338384
minibatch,50,majority,59332.0,2604.0,143580.0,0.0059332,0.0002604,0.014358,4766.666666666667,224.0,11141.0,0.4773709131223513,0.46205919395465994,0.502412626832018,0.0014205084490111237,6.387633608717636e-07,0.004110364039233,0.005830900497657734,0.000210522212868,0.0135722286575058,0.8747399333333333,0.8119649,0.9081452,0.9894293743650252,0.9753132044672712,0.9997366072757308
minibatch,50,markov,55300.333333333336,2397.0,134534.0,0.005530033333333333,0.0002397,0.0134534,735.0,17.0,2095.0,0.048202474784864,0.014641057934508817,0.09447576099210823,0.001415769728196372,6.354659081164726e-07,0.0040969272290274,0.005830900497657734,0.000210522212868,0.0135722286575058,0.8749104333333334,0.8119573,0.9081594,0.9902078463057989,0.9770032882542726,0.9997575792285582
minibatch,50,markov_a0.5,56795.666666666664,2470.0,137918.0,0.005679566666666667,0.000247,0.0137918,2230.3333333333335,90.0,5479.0,0.2038695883979499,0.17663727959697734,0.24708004509582865,0.0014165722902889834,6.360079074507752e-07,0.0040992021066694,0.005830900497657734,0.000210522212868,0.0135722286575058,0.8748482333333333,0.8119584,0.9081538,0.9899175992030519,0.9763659097608498,0.9997505879016908
minibatch,50,markov_a0.5_soft,56795.666666666664,2470.0,137918.0,0.005679566666666667,0.000247,0.0137918,2230.3333333333335,90.0,5479.0,0.2038695883979499,0.17663727959697734,0.24708004509582865,0.0014165722902889834,6.360079074507752e-07,0.0040992021066694,0.005830900497657734,0.000210522212868,0.0135722286575058,0.8748482333333333,0.8119584,0.9081538,0.9899175992030519,0.9763659097608498,0.9997505879016908
minibatch,50,markov_pooled,55334.0,2403.0,134596.0,0.005533400000000001,0.0002403,0.0134596,768.6666666666666,23.0,2157.0,0.055041558623070384,0.019836272040302267,0.09727170236753101,0.0014157717977409674,6.354849007017549e-07,0.0040969331540448,0.005830900497657734,0.000210522212868,0.0135722286575058,0.8749112666666666,0.8119558,0.9081604,0.9902042808328821,0.976995519603632,0.9997572986975992
minibatch,50,markov_pooled_soft,55334.0,2403.0,134596.0,0.005533400000000001,0.0002403,0.0134596,768.6666666666666,23.0,2157.0,0.055041558623070384,0.019836272040302267,0.09727170236753101,0.0014157717977409674,6.354849007017549e-07,0.0040969331540448,0.005830900497657734,0.000210522212868,0.0135722286575058,0.8749112666666666,0.8119558,0.9081604,0.9902042808328821,0.976995519603632,0.9997572986975992
minibatch,50,markov_soft,55300.333333333336,2397.0,134534.0,0.005530033333333333,0.0002397,0.0134534,735.0,17.0,2095.0,0.048202474784864,0.014641057934508817,0.09447576099210823,0.001415769728196372,6.354659081164726e-07,0.0040969272290274,0.005830900497657734,0.000210522212868,0.0135722286575058,0.8749104333333334,0.8119573,0.9081594,0.9902078463057989,0.9770032882542726,0.9997575792285582
minibatch,50,markov_w20,55316.0,2407.0,134558.0,0.0055316,0.0002407,0.0134558,750.6666666666666,27.0,2119.0,0.0562043834868041,0.016687657430730477,0.09555806087936866,0.0014157704667235194,6.356010091579378e-07,0.0040969291332351,0.005830900497657734,0.000210522212868,0.0135722286575058,0.8749106666666666,0.8119576,0.9081592,0.9902058182342727,0.9769999810040074,0.9997563696574304
minibatch,50,markov_w5,55293.666666666664,2391.0,134531.0,0.005529366666666667,0.0002391,0.0134531,728.3333333333334,11.0,2092.0,0.043404767600005674,0.012909319899244332,0.09434047350620067,0.0014157696166979862,6.354275463582582e-07,0.0040969270112363,0.005830900497657734,0.000210522212868,0.0135722286575058,0.8749105333333334,0.8119572,0.9081597,0.9902087735163948,0.9770037756927902,0.9997586018465716
minibatch,50,model_posterior_oracle,,,,,,,,,,,,,,,,,,,,,,,,
minibatch,50,reassign_U,55286.0,2384.0,134526.0,0.005528600000000001,0.0002384,0.0134526,720.6666666666666,4.0,2087.0,0.037881102305312185,0.008350730688935281,0.09411499436302143,0.00141576921326513,6.353877803899621e-07,0.0040969259039695,0.005830900497657734,0.000210522212868,0.0135722286575058,0.8749108666666667,0.8119574,0.9081603,0.9902097726732784,0.9770045123253056,0.9997598125153252
minibatch,50,reassign_all,54931.666666666664,2367.0,133712.0,0.005493166666666667,0.0002367,0.0133712,,,,,,,0.0014157273031342266,6.353546779802599e-07,0.0040968073477436,0.005830900497657734,0.000210522212868,0.0135722286575058,0.8749262,0.8119554,0.9081614,0.990277881100992,0.9771560146773764,0.9997617729942452
minibatch,50,stop,55291.0,2389.0,134531.0,0.0055290999999999995,0.0002389,0.0134531,725.6666666666666,9.0,2092.0,0.04169811769089262,0.011964735516372796,0.09434047350620067,0.001415769593070817,6.354171524503016e-07,0.0040969269947521,0.005830900497657734,0.000210522212868,0.0135722286575058,0.8749104000000001,0.811957,0.9081597,0.9902090041824602,0.9770035804862346,0.999758788667866
minibatch,50,true_posterior_oracle,,,,,,,,,,,,,,,,,,,,,,,,
minibatch,60,fcm_soft,48731.333333333336,2025.0,120029.0,0.004873133333333334,0.0002025,0.0120029,484.6666666666667,8.0,1398.0,0.039062075298988426,0.009856262833675565,0.08622178364376465,0.0012674736379984053,5.406502752158815e-07,0.0036811644044754,0.005116891818570467,0.0001808301377717,0.0120203031389567,0.8751649,0.8119319,0.9081828,0.9914667948613273,0.9796959261754112,0.9997958194198648
minibatch,60,frequency_soft,51807.0,2192.0,126843.0,0.005180700000000001,0.0002192,0.0126843,3560.3333333333335,175.0,8212.0,0.4797548459219369,0.46174142480211083,0.5064758850376218,0.0012698988900332762,5.42542288428649e-07,0.0036879807335374,0.005116891818570467,0.0001808301377717,0.0120203031389567,0.8750456999999999,0.8119428,0.9081722,0.9908809567076243,0.9784404739182728,0.9997789310979814
minibatch,60,full_convergence,0.0,0.0,0.0,0.0,0.0,0.0,,,,,,,0.0,0.0,0.0,0.0,0.0,0.0,0.8777092666666667,0.8118576,0.9129767,1.0,1.0,1.0
minibatch,60,gmm_plugin_soft,51019.666666666664,2324.0,125281.0,0.005101966666666667,0.0002324,0.0125281,2773.0,307.0,6650.0,0.4999457429486221,0.27967145790554415,0.8100263852242744,0.0012705764400106217,5.479104092653841e-07,0.0036901733286587,0.005116891818570467,0.0001808301377717,0.0120203031389567,0.8751294333333334,0.8120021,0.9081533,0.9910666295035165,0.9787329539859824,0.9997649463572466
minibatch,60,majority,51807.0,2192.0,126843.0,0.005180700000000001,0.0002192,0.0126843,3560.3333333333335,175.0,8212.0,0.4797548459219369,0.46174142480211083,0.5064758850376218,0.0012698988900332762,5.42542288428649e-07,0.0036879807335374,0.005116891818570467,0.0001808301377717,0.0120203031389567,0.8750456999999999,0.8119428,0.9081722,0.9908809567076243,0.9784404739182728,0.9997789310979814
minibatch,60,markov,48741.0,2027.0,120051.0,0.0048741,0.0002027,0.0120051,494.3333333333333,10.0,1420.0,0.04161560563338061,0.010882956878850103,0.0875786357468854,0.0012674743707114138,5.406964005416626e-07,0.0036811665085039,0.005116891818570467,0.0001808301377717,0.0120203031389567,0.8751645666666666,0.8119321,0.9081823,0.9914654514027154,0.9796925907044806,0.9997957310247798
minibatch,60,markov_a0.5,49940.333333333336,2100.0,122713.0,0.004994033333333334,0.00021,0.0122713,1693.6666666666667,83.0,4082.0,0.2196151502593484,0.18809034907597535,0.2517577402244974,0.0012679347200804548,5.41152419764046e-07,0.0036824668063388,0.005116891818570467,0.0001808301377717,0.0120203031389567,0.8751167999999999,0.8119347,0.9081785,0.9912379272842684,0.9792031619988926,0.9997884491011496
minibatch,60,markov_a0.5_soft,49940.333333333336,2100.0,122713.0,0.004994033333333334,0.00021,0.0122713,1693.6666666666667,83.0,4082.0,0.2196151502593484,0.18809034907597535,0.2517577402244974,0.0012679347200804548,5.41152419764046e-07,0.0036824668063388,0.005116891818570467,0.0001808301377717,0.0120203031389567,0.8751167999999999,0.8119347,0.9081785,0.9912379272842684,0.9792031619988926,0.9997884491011496
minibatch,60,markov_pooled,48785.666666666664,2038.0,120113.0,0.004878566666666667,0.0002038,0.0120113,539.0,21.0,1482.0,0.05674002896003163,0.023408624229979465,0.0914024916738621,0.0012674765809759072,5.407475143215379e-07,0.003681172550499,0.005116891818570467,0.0001808301377717,0.0120203031389567,0.8751648,0.8119304,0.9081834,0.9914608189530233,0.9796852549732104,0.9997947054686902
minibatch,60,markov_pooled_soft,48785.666666666664,2038.0,120113.0,0.004878566666666667,0.0002038,0.0120113,539.0,21.0,1482.0,0.05674002896003163,0.023408624229979465,0.0914024916738621,0.0012674765809759072,5.407475143215379e-07,0.003681172550499,0.005116891818570467,0.0001808301377717,0.0120203031389567,0.8751648,0.8119304,0.9081834,0.9914608189530233,0.9796852549732104,0.9997947054686902
minibatch,60,markov_soft,48741.0,2027.0,120051.0,0.0048741,0.0002027,0.0120051,494.3333333333333,10.0,1420.0,0.04161560563338061,0.010882956878850103,0.0875786357468854,0.0012674743707114138,5.406964005416626e-07,0.0036811665085039,0.005116891818570467,0.0001808301377717,0.0120203031389567,0.8751645666666666,0.8119321,0.9081823,0.9914654514027154,0.9796925907044806,0.9997957310247798
minibatch,60,markov_w20,48752.666666666664,2035.0,120063.0,0.004875266666666667,0.0002035,0.0120063,506.0,18.0,1432.0,0.0499250598674491,0.013963039014373716,0.08831873689404218,0.001267475116466507,5.40770350720976e-07,0.0036811685179545,0.005116891818570467,0.0001808301377717,0.0120203031389567,0.8751640666666667,0.8119322,0.9081816,0.9914639266330637,0.9796905455453672,0.999794800334046
minibatch,60,markov_w5,48736.333333333336,2025.0,120045.0,0.004873633333333333,0.0002025,0.0120045,489.6666666666667,8.0,1414.0,0.03932256287249091,0.009650924024640658,0.08720858517330701,0.001267474319834545,5.406794212348132e-07,0.0036811663969575,0.005116891818570467,0.0001808301377717,0.0120203031389567,0.8751646333333333,0.8119322,0.9081823,0.9914661031792984,0.9796936574292502,0.9997959180551188
minibatch,60,model_posterior_oracle,,,,,,,,,,,,,,,,,,,,,,,,
minibatch,60,reassign_U,48731.333333333336,2025.0,120029.0,0.004873133333333334,0.0002025,0.0120029,484.6666666666667,8.0,1398.0,0.039062075298988426,0.009856262833675565,0.08622178364376465,0.0012674736379984053,5.406502752158815e-07,0.0036811644044754,0.005116891818570467,0.0001808301377717,0.0120203031389567,0.8751649,0.8119319,0.9081828,0.9914667948613273,0.9796959261754112,0.9997958194198648
minibatch,60,reassign_all,48452.333333333336,2006.0,119425.0,0.004845233333333333,0.0002006,0.0119425,,,,,,,0.001267450836072359,5.406174867772506e-07,0.003681100984902,0.005116891818570467,0.0001808301377717,0.0120203031389567,0.8751752333333332,0.8119322,0.9081839,0.9915208026227783,0.9798098515965028,0.9997975933658476
minibatch,60,stop,48732.666666666664,2022.0,120041.0,0.0048732666666666665,0.0002022,0.0120041,486.0,5.0,1410.0,0.03632802190554187,0.008829568788501026,0.08696188479092143,0.0012674743001834519,5.406571712551766e-07,0.0036811663719427,0.005116891818570467,0.0001808301377717,0.0120203031389567,0.8751646666666666,0.8119318,0.9081824,0.9914665439189511,0.9796941366688312,0.9997961978251144
minibatch,60,true_posterior_oracle,,,,,,,,,,,,,,,,,,,,,,,,
minibatch,70,fcm_soft,43439.333333333336,1726.0,108352.0,0.0043439333333333335,0.0001726,0.0108352,343.6666666666667,4.0,995.0,0.03265735053570708,0.008121827411167513,0.07690524037718349,0.001159003389974796,4.63985858401017e-07,0.003377775937603,0.004531146337420934,0.0001563659897001,0.0107441222781811,0.8753639666666667,0.8119191,0.9082019,0.9924656740333786,0.9818291430214292,0.9998256909594554
minibatch,70,frequency_soft,45927.333333333336,1880.0,113879.0,0.004592733333333333,0.000188,0.0113879,2831.6666666666665,158.0,6522.0,0.49202773978625763,0.4606598984771574,0.511326860841424,0.001160559126827744,4.656988432660825e-07,0.0033821504016517,0.004531146337420934,0.0001563659897001,0.0107441222781811,0.8752691,0.8119269,0.9081911,0.9919984271477486,0.9808275892387732,0.9998096454673924
minibatch,70,full_convergence,0.0,0.0,0.0,0.0,0.0,0.0,,,,,,,0.0,0.0,0.0,0.0,0.0,0.0,0.8777092666666667,0.8118576,0.9129767,1.0,1.0,1.0
minibatch,70,gmm_plugin_soft,45473.0,1976.0,113139.0,0.0045473,0.0001976,0.0113139,2377.3333333333335,254.0,5782.0,0.5156932213998826,0.2781725888324873,0.8220064724919094,0.0011618491898069397,4.6877708648196403e-07,0.003386036240484,0.004531146337420934,0.0001563659897001,0.0107441222781811,0.8753201,0.8119726,0.9081776,0.992120646841245,0.980982495238776,0.9998003021557068
minibatch,70,majority,45927.333333333336,1880.0,113879.0,0.004592733333333333,0.000188,0.0113879,2831.6666666666665,158.0,6522.0,0.49202773978625763,0.4606598984771574,0.511326860841424,0.001160559126827744,4.656988432660825e-07,0.0033821504016517,0.004531146337420934,0.0001563659897001,0.0107441222781811,0.8752691,0.8119269,0.9081911,0.9919984271477486,0.9808275892387732,0.9998096454673924
minibatch,70,markov,43449.666666666664,1731.0,108368.0,0.004344966666666667,0.0001731,0.0108368,354.0,9.0,1011.0,0.039309339876172834,0.01065989847715736,0.07814190755912814,0.0011590036951117401,4.640235395925174e-07,0.0033777767715601,0.004531146337420934,0.0001563659897001,0.0107441222781811,0.8753636666666668,0.8119196,0.9082016,0.9924640352281632,0.9818264395127164,0.999824946439525
minibatch,70,markov_a0.5,44416.666666666664,1780.0,110539.0,0.004441666666666667,0.000178,0.0110539,1321.0,58.0,3182.0,0.20571566308415945,0.18350253807106598,0.2459421858092441,0.001159310665668407,4.642893787210056e-07,0.0033786463645579,0.004531146337420934,0.0001563659897001,0.0107441222781811,0.8753254666666667,0.8119228,0.9081985,0.9922815820053305,0.9814323932147402,0.9998200023371884
minibatch,70,markov_a0.5_soft,44416.666666666664,1780.0,110539.0,0.004441666666666667,0.000178,0.0110539,1321.0,58.0,3182.0,0.20571566308415945,0.18350253807106598,0.2459421858092441,0.001159310665668407,4.642893787210056e-07,0.0033786463645579,0.004531146337420934,0.0001563659897001,0.0107441222781811,0.8753254666666667,0.8119228,0.9081985,0.9922815820053305,0.9814323932147402,0.9998200023371884
minibatch,70,markov_pooled,43480.0,1735.0,108418.0,0.004348,0.0001735,0.0108418,384.3333333333333,13.0,1061.0,0.04804281711167608,0.020050761421319795,0.08200649250270521,0.0011590061423765745,4.640278528089681e-07,0.0033777837724342,0.004531146337420934,0.0001563659897001,0.0107441222781811,0.8753631333333334,0.8119197,0.9082022,0.9924608199214683,0.9818206436139912,0.9998245718116195
minibatch,70,markov_pooled_soft,43480.0,1735.0,108418.0,0.004348,0.0001735,0.0108418,384.3333333333333,13.0,1061.0,0.04804281711167608,0.020050761421319795,0.08200649250270521,0.0011590061423765745,4.640278528089681e-07,0.0033777837724342,0.004531146337420934,0.0001563659897001,0.0107441222781811,0.8753631333333334,0.8119197,0.9082022,0.9924608199214683,0.9818206436139912,0.9998245718116195
minibatch,70,markov_soft,43449.666666666664,1731.0,108368.0,0.004344966666666667,0.0001731,0.0108368,354.0,9.0,1011.0,0.039309339876172834,0.01065989847715736,0.07814190755912814,0.0011590036951117401,4.640235395925174e-07,0.0033777767715601,0.004531146337420934,0.0001563659897001,0.0107441222781811,0.8753636666666668,0.8119196,0.9082016,0.9924640352281632,0.9818264395127164,0.999824946439525
minibatch,70,markov_w20,43456.666666666664,1740.0,108370.0,0.004345666666666667,0.000174,0.010837,361.0,18.0,1013.0,0.049915629228161486,0.013197969543147208,0.07829649095687123,0.0011590037840431948,4.641387918447038e-07,0.0033777768136884,0.004531146337420934,0.0001563659897001,0.0107441222781811,0.8753635000000001,0.8119194,0.9082012,0.9924631918631173,0.9818261196334154,0.999823918780676
minibatch,70,markov_w5,43445.666666666664,1726.0,108361.0,0.0043445666666666665,0.0001726,0.0108361,350.0,4.0,1004.0,0.033735249320984984,0.01065989847715736,0.07760086566702735,0.0011590036609960006,4.63995837307607e-07,0.003377776702818,0.004531146337420934,0.0001563659897001,0.0107441222781811,0.8753638,0.8119194,0.9082019,0.992464666790288,0.9818275902453124,0.999825690411052
minibatch,70,model_posterior_oracle,,,,,,,,,,,,,,,,,,,,,,,,
minibatch,70,reassign_U,43439.333333333336,1726.0,108352.0,0.0043439333333333335,0.0001726,0.0108352,343.6666666666667,4.0,995.0,0.03265735053570708,0.008121827411167513,0.07690524037718349,0.001159003389974796,4.63985858401017e-07,0.003377775937603,0.004531146337420934,0.0001563659897001,0.0107441222781811,0.8753639666666667,0.8119191,0.9082019,0.9924656740333786,0.9818291430214292,0.9998256909594554
minibatch,70,reassign_all,43217.333333333336,1716.0,107836.0,0.0043217333333333335,0.0001716,0.0107836,,,,,,,0.0011589883746993066,4.639740875944654e-07,0.00337773310017,0.004531146337420934,0.0001563659897001,0.0107441222781811,0.8753732333333334,0.8119193,0.9082025,0.9925071903331132,0.9819229480250882,0.999826625262382
minibatch,70,stop,43443.333333333336,1725.0,108358.0,0.004344333333333333,0.0001725,0.0108358,347.6666666666667,3.0,1001.0,0.03232540186395027,0.009708737864077669,0.07736899057041274,0.0011590036563265435,4.639921473703623e-07,0.0033777766976379,0.004531146337420934,0.0001563659897001,0.0107441222781811,0.8753637666666667,0.8119193,0.908202,0.9924650368500418,0.9818281741667272,0.9998257841389648
minibatch,70,true_posterior_oracle,,,,,,,,,,,,,,,,,,,,,,,,
minibatch,80,fcm_soft,38881.333333333336,1469.0,98084.0,0.0038881333333333334,0.0001469,0.0098084,282.3333333333333,3.0,822.0,0.030338269259129646,0.0069160641307764855,0.07269189954014857,0.0010746665311594436,3.991921422308309e-07,0.003141946136103,0.004032899645262233,0.0001354739585314,0.0096510655782211,0.8755449333333333,0.8119096,0.9082163,0.9932947856527586,0.9836253660705534,0.9998517492824708
minibatch,80,frequency_soft,41117.333333333336,1592.0,103127.0,0.004111733333333333,0.0001592,0.0103127,2518.3333333333335,126.0,5865.0,0.4964720316891352,0.4790874524714829,0.5186593562079943,0.0010759949581564665,4.003171232280778e-07,0.0031457304511282,0.004032899645262233,0.0001354739585314,0.0096510655782211,0.8754537333333333,0.8119134,0.90821,0.9928915244341777,0.9827536227955384,0.9998395520091276
minibatch,80,full_convergence,0.0,0.0,0.0,0.0,0.0,0.0,,,,,,,0.0,0.0,0.0,0.0,0.0,0.0,0.8777092666666667,0.8118576,0.9129767,1.0,1.0,1.0
minibatch,80,gmm_plugin_soft,40786.333333333336,1673.0,102710.0,0.004078633333333334,0.0001673,0.010271,2187.3333333333335,207.0,5448.0,0.5179951713652986,0.28513046211883053,0.7870722433460076,0.0010775183490931916,4.0271857448814796e-07,0.0031503145394731,0.004032899645262233,0.0001354739585314,0.0096510655782211,0.8754922333333334,0.8119551,0.9081964,0.9929822457284058,0.9828456165589826,0.9998306408339742
minibatch,80,majority,41117.333333333336,1592.0,103127.0,0.004111733333333333,0.0001592,0.0103127,2518.3333333333335,126.0,5865.0,0.4964720316891352,0.4790874524714829,0.5186593562079943,0.0010759949581564665,4.003171232280778e-07,0.0031457304511282,0.004032899645262233,0.0001354739585314,0.0096510655782211,0.8754537333333333,0.8119134,0.90821,0.9928915244341777,0.9827536227955384,0.9998395520091276
minibatch,80,markov,38888.333333333336,1474.0,98087.0,0.003888833333333333,0.0001474,0.0098087,289.3333333333333,8.0,825.0,0.03812609289770424,0.011002829298962591,0.07295719844357977,0.001074666621699185,3.9920617522781764e-07,0.0031419463144233,0.004032899645262233,0.0001354739585314,0.0096510655782211,0.8755449,0.8119093,0.9082166,0.9932940329445991,0.9836251258562632,0.999851091460496
minibatch,80,markov_a0.5,39770.0,1521.0,100091.0,0.0039770000000000005,0.0001521,0.0100091,1171.0,55.0,2829.0,0.21901296735023987,0.1977365608299277,0.2501768659356208,0.0010749289548102625,3.994344164315322e-07,0.0031426933466609,0.004032899645262233,0.0001354739585314,0.0096510655782211,0.8755090666666666,0.8119109,0.9082132,0.9931338304670706,0.9832745901606414,0.9998463724555078
minibatch,80,markov_a0.5_soft,39770.0,1521.0,100091.0,0.0039770000000000005,0.0001521,0.0100091,1171.0,55.0,2829.0,0.21901296735023987,0.1977365608299277,0.2501768659356208,0.0010749289548102625,3.994344164315322e-07,0.0031426933466609,0.004032899645262233,0.0001354739585314,0.0096510655782211,0.8755090666666666,0.8119109,0.9082132,0.9931338304670706,0.9832745901606414,0.9998463724555078
minibatch,80,markov_pooled,38920.666666666664,1476.0,98148.0,0.003892066666666667,0.0001476,0.0098148,321.6666666666667,10.0,886.0,0.04602190507158444,0.02169129204652625,0.07835160948001416,0.0010746691285630763,3.9920998173847977e-07,0.0031419535854153,0.004032899645262233,0.0001354739585314,0.0096510655782211,0.8755445666666667,0.8119099,0.9082168,0.9932901311332613,0.9836165007889868,0.9998510943084652
minibatch,80,markov_pooled_soft,38920.666666666664,1476.0,98148.0,0.003892066666666667,0.0001476,0.0098148,321.6666666666667,10.0,886.0,0.04602190507158444,0.02169129204652625,0.07835160948001416,0.0010746691285630763,3.9920998173847977e-07,0.0031419535854153,0.004032899645262233,0.0001354739585314,0.0096510655782211,0.8755445666666667,0.8119099,0.9082168,0.9932901311332613,0.9836165007889868,0.9998510943084652
minibatch,80,markov_soft,38888.333333333336,1474.0,98087.0,0.003888833333333333,0.0001474,0.0098087,289.3333333333333,8.0,825.0,0.03812609289770424,0.011002829298962591,0.07295719844357977,0.001074666621699185,3.9920617522781764e-07,0.0031419463144233,0.004032899645262233,0.0001354739585314,0.0096510655782211,0.8755449,0.8119093,0.9082166,0.9932940329445991,0.9836251258562632,0.999851091460496
minibatch,80,markov_w20,38895.0,1481.0,98092.0,0.0038895,0.0001481,0.0098092,296.0,15.0,830.0,0.04798378184170173,0.01351776171015404,0.07339936328263176,0.0010746666951825517,3.992755761572653e-07,0.0031419463892339,0.004032899645262233,0.0001354739585314,0.0096510655782211,0.8755447666666667,0.8119094,0.9082162,0.9932932509796001,0.9836245045350182,0.9998502513885076
minibatch,80,markov_w5,38883.666666666664,1472.0,98085.0,0.0038883666666666666,0.0001472,0.0098085,284.6666666666667,6.0,823.0,0.03448439483528667,0.00785916378497328,0.07278033250795897,0.0010746665920805057,3.99201983913855e-07,0.0031419462900126,0.004032899645262233,0.0001354739585314,0.0096510655782211,0.8755449,0.8119093,0.9082162,0.9932944866502565,0.983625207892854,0.9998512805881687
minibatch,80,model_posterior_oracle,,,,,,,,,,,,,,,,,,,,,,,,
minibatch,80,reassign_U,38881.333333333336,1469.0,98084.0,0.0038881333333333334,0.0001469,0.0098084,282.3333333333333,3.0,822.0,0.030338269259129646,0.0069160641307764855,0.07269189954014857,0.0010746665311594436,3.991921422308309e-07,0.003141946136103,0.004032899645262233,0.0001354739585314,0.0096510655782211,0.8755449333333333,0.8119096,0.9082163,0.9932947856527586,0.9836253660705534,0.9998517492824708
minibatch,80,reassign_all,38667.333333333336,1459.0,97610.0,0.003866733333333334,0.0001459,0.009761,,,,,,,0.0010746528435482687,3.991852841611632e-07,0.0031419072131966,0.004032899645262233,0.0001354739585314,0.0096510655782211,0.8755543666666666,0.8119101,0.9082166,0.9933336904474478,0.983707944074936,0.9998528706129408
minibatch,80,stop,38882.333333333336,1471.0,98085.0,0.003888233333333333,0.0001471,0.0098085,283.3333333333333,5.0,823.0,0.03290260116094731,0.0069160641307764855,0.07278033250795897,0.0010746665867344936,3.992004595776422e-07,0.0031419462889588,0.004032899645262233,0.0001354739585314,0.0096510655782211,0.8755448333333332,0.8119092,0.9082161,0.9932946401253725,0.983625305669682,0.999851374120832
minibatch,80,true_posterior_oracle,,,,,,,,,,,,,,,,,,,,,,,,
minibatch,90,fcm_soft,34727.333333333336,1247.0,88662.0,0.003472733333333333,0.0001247,0.0088662,211.0,0.0,616.0,0.022113624528519917,0.0,0.060350739688449104,0.0010041468088255348,3.4386783198669946e-07,0.0029442663439336,0.0035946041103837663,0.0001173568455866,0.0086801643546639,0.8757100000000001,0.8118982,0.9082284,0.9940393793883936,0.9852354443350212,0.9998751237414902
minibatch,90,frequency_soft,36736.666666666664,1361.0,93254.0,0.0036736666666666667,0.0001361,0.0093254,2220.3333333333335,114.0,5208.0,0.4947506165616906,0.47181113460183227,0.5102380719114333,0.0010053222819910062,3.447697638492287e-07,0.0029476582287726,0.0035946041103837663,0.0001173568455866,0.0086801643546639,0.8756274,0.8119031,0.9082224,0.9936829661671117,0.984454041811528,0.9998636071713064
minibatch,90,full_convergence,0.0,0.0,0.0,0.0,0.0,0.0,,,,,,,0.0,0.0,0.0,0.0,0.0,0.0,0.8777092666666667,0.8118576,0.9129767,1.0,1.0,1.0
minibatch,90,gmm_plugin_soft,36626.666666666664,1425.0,93349.0,0.0036626666666666665,0.0001425,0.0093349,2110.3333333333335,178.0,5303.0,0.5343976913437546,0.29950669485553205,0.7841409691629956,0.0010072021732219765,3.4649709412803986e-07,0.0029532864178316,0.0035946041103837663,0.0001173568455866,0.0086801643546639,0.8756508666666667,0.8119397,0.9082115,0.9937322734585631,0.9844666639235796,0.9998558653207732
minibatch,90,majority,36736.666666666664,1361.0,93254.0,0.0036736666666666667,0.0001361,0.0093254,2220.3333333333335,114.0,5208.0,0.4947506165616906,0.47181113460183227,0.5102380719114333,0.0010053222819910062,3.447697638492287e-07,0.0029476582287726,0.0035946041103837663,0.0001173568455866,0.0086801643546639,0.8756274,0.8119031,0.9082224,0.9936829661671117,0.984454041811528,0.9998636071713064
minibatch,90,markov,34738.666666666664,1259.0,88677.0,0.0034738666666666667,0.0001259,0.0088677,222.33333333333334,12.0,631.0,0.041046805043817726,0.008456659619450317,0.06182031938865484,0.0010041472862348175,3.439251394787846e-07,0.0029442676626125,0.0035946041103837663,0.0001173568455866,0.0086801643546639,0.8757099333333334,0.8118988,0.9082284,0.9940379498824767,0.9852330927498152,0.9998739020110582
minibatch,90,markov_a0.5,35516.666666666664,1292.0,90439.0,0.003551666666666667,0.0001292,0.0090439,1000.3333333333334,45.0,2393.0,0.21035465795832767,0.19823788546255505,0.23444694817282258,0.0010043804705607547,3.440684266386995e-07,0.0029449397897798,0.0035946041103837663,0.0001173568455866,0.0086801643546639,0.8756765333333334,0.8119004,0.9082261,0.9939009800361333,0.9849355886347142,0.9998708140627266
minibatch,90,markov_a0.5_soft,35516.666666666664,1292.0,90439.0,0.003551666666666667,0.0001292,0.0090439,1000.3333333333334,45.0,2393.0,0.21035465795832767,0.19823788546255505,0.23444694817282258,0.0010043804705607547,3.440684266386995e-07,0.0029449397897798,0.0035946041103837663,0.0001173568455866,0.0086801643546639,0.8756765333333334,0.8119004,0.9082261,0.9939009800361333,0.9849355886347142,0.9998708140627266
minibatch,90,markov_pooled,34774.0,1261.0,88743.0,0.0034774,0.0001261,0.0088743,257.6666666666667,14.0,697.0,0.050602283187904266,0.021846370683579985,0.06828647006956011,0.0010041501034869025,3.439065574539768e-07,0.002944275958491,0.0035946041103837663,0.0001173568455866,0.0086801643546639,0.8757097333333332,0.8118997,0.9082292,0.9940338213295236,0.9852243024125388,0.9998737150238398
minibatch,90,markov_pooled_soft,34774.0,1261.0,88743.0,0.0034774,0.0001261,0.0088743,257.6666666666667,14.0,697.0,0.050602283187904266,0.021846370683579985,0.06828647006956011,0.0010041501034869025,3.439065574539768e-07,0.002944275958491,0.0035946041103837663,0.0001173568455866,0.0086801643546639,0.8757097333333332,0.8118997,0.9082292,0.9940338213295236,0.9852243024125388,0.9998737150238398
minibatch,90,markov_soft,34738.666666666664,1259.0,88677.0,0.0034738666666666667,0.0001259,0.0088677,222.33333333333334,12.0,631.0,0.041046805043817726,0.008456659619450317,0.06182031938865484,0.0010041472862348175,3.439251394787846e-07,0.0029442676626125,0.0035946041103837663,0.0001173568455866,0.0086801643546639,0.8757099333333334,0.8118988,0.9082284,0.9940379498824767,0.9852330927498152,0.9998739020110582
minibatch,90,markov_w20,34743.333333333336,1261.0,88677.0,0.003474333333333333,0.0001261,0.0088677,227.0,14.0,631.0,0.04539310587613434,0.012684989429175475,0.06182031938865484,0.0010041473612380167,3.4394290349126777e-07,0.0029442678148341,0.0035946041103837663,0.0001173568455866,0.0086801643546639,0.8757097666666667,0.8118984,0.9082284,0.9940373803247886,0.9852330953893932,0.999873714574283
minibatch,90,markov_w5,34735.0,1253.0,88675.0,0.0034735000000000005,0.0001253,0.0088675,218.66666666666666,6.0,629.0,0.03181855688577349,0.007399577167019027,0.06162437542862741,0.0010041472408543724,3.438788938048276e-07,0.0029442676151167,0.0035946041103837663,0.0001173568455866,0.0086801643546639,0.8757098666666666,0.8118984,0.9082284,0.9940383217654069,0.9852332902305996,0.99987446462429
minibatch,90,model_posterior_oracle,,,,,,,,,,,,,,,,,,,,,,,,
minibatch,90,reassign_U,34727.333333333336,1247.0,88662.0,0.003472733333333333,0.0001247,0.0088662,211.0,0.0,616.0,0.022113624528519917,0.0,0.060350739688449104,0.0010041468088255348,3.4386783198669946e-07,0.0029442663439336,0.0035946041103837663,0.0001173568455866,0.0086801643546639,0.8757100000000001,0.8118982,0.9082284,0.9940393793883936,0.9852354443350212,0.9998751237414902
minibatch,90,reassign_all,34517.333333333336,1228.0,88192.0,0.003451733333333333,0.0001228,0.0088192,,,,,,,0.0010041326762046097,3.438444071690583e-07,0.0029442252583067,0.0035946041103837663,0.0001173568455866,0.0086801643546639,0.8757189333333333,0.8118971,0.9082295,0.9940767652343451,0.9853140498717256,0.9998769025176149
minibatch,90,stop,34733.0,1252.0,88674.0,0.0034733,0.0001252,0.0088674,216.66666666666666,5.0,628.0,0.029847656354595336,0.005990133897110641,0.061526403448613695,0.001004147236969434,3.4387640135413733e-07,0.0029442676148057,0.0035946041103837663,0.0001173568455866,0.0086801643546639,0.8757098666666666,0.8118984,0.9082283,0.9940385368815354,0.9852334838582592,0.9998745582002756
minibatch,90,true_posterior_oracle,,,,,,,,,,,,,,,,,,,,,,,,
