regime,group,T0,method,brier_ref_mean,brier_ref_min,brier_ref_max,p_ref_label_mean,p_ref_label_min,p_ref_label_max,ece_ref_mean,ece_ref_min,ece_ref_max,auroc_err_ref_mean,auroc_err_ref_min,auroc_err_ref_max,entropy_mean,entropy_min,entropy_max,frac_fractional_mean,frac_fractional_min,frac_fractional_max,tv_model_post_mean,tv_model_post_min,tv_model_post_max,tv_ref_soft_mean,tv_ref_soft_min,tv_ref_soft_max,n_U_matched_mean,n_U_matched_min,n_U_matched_max,tv_true_post_mean,tv_true_post_min,tv_true_post_max,brier_truth_mean,brier_truth_min,brier_truth_max,ece_truth_mean,ece_truth_min,ece_truth_max,auroc_err_truth_mean,auroc_err_truth_min,auroc_err_truth_max
exact,extreme,10,active_set_U,0.08356,0.08356,0.08356,0.95822,0.95822,0.95822,0.04178,0.04178,0.04178,0.5,0.5,0.5,0.0,0.0,0.0,0.0,0.0,0.0,0.0602215736074423,0.0602215736074423,0.0602215736074423,,,,137235.0,137235,137235,0.0226624650839355,0.0226624650839355,0.0226624650839355,0.0446387583342441,0.0446387583342441,0.0446387583342441,0.0223193791671221,0.0223193791671221,0.0223193791671221,0.5,0.5,0.5
exact,extreme,10,fcm_soft,0.811034488428616,0.811034488428616,0.811034488428616,0.1118606164440966,0.1118606164440966,0.1118606164440966,0.8451145515113888,0.8451145515113888,0.8451145515113888,0.2082566433038387,0.2082566433038387,0.2082566433038387,3.721318303441264,3.721318303441264,3.721318303441264,1.0,1.0,1.0,0.8678363025181021,0.8678363025181021,0.8678363025181021,,,,137235.0,137235,137235,0.8824885598334394,0.8824885598334394,0.8824885598334394,0.8030493944353113,0.8030493944353113,0.8030493944353113,0.8622192348270925,0.8622192348270925,0.8622192348270925,0.9527571404465324,0.9527571404465324,0.9527571404465324
exact,extreme,10,frequency_soft,0.1153518181818181,0.1153518181818181,0.1153518181818181,0.8203036363636361,0.8203036363636361,0.8203036363636361,0.1021259090909093,0.1021259090909093,0.1021259090909093,0.5587704249918103,0.5587704249918103,0.5587704249918103,0.414125617016659,0.414125617016659,0.414125617016659,1.0,1.0,1.0,0.1631489866102871,0.1631489866102871,0.1631489866102871,,,,137235.0,137235,137235,0.1637171999235964,0.1637171999235964,0.1637171999235964,0.0852004178150105,0.0852004178150105,0.0852004178150105,0.1313095983333168,0.1313095983333168,0.1313095983333168,0.6894924445181065,0.6894924445181065,0.6894924445181065
exact,extreme,10,full_convergence,0.0,0.0,0.0,1.0,1.0,1.0,0.0,0.0,0.0,,,,0.0,0.0,0.0,0.0,0.0,0.0,0.0466824212740874,0.0466824212740874,0.0466824212740874,,,,137235.0,137235,137235,0.0226624650839355,0.0226624650839355,0.0226624650839355,0.0446387583342441,0.0446387583342441,0.0446387583342441,0.0223193791671221,0.0223193791671221,0.0223193791671221,0.5,0.5,0.5
exact,extreme,10,gmm_plugin_soft,0.0595311153354968,0.0595311153354968,0.0595311153354968,0.9354530497300686,0.9354530497300686,0.9354530497300686,0.0101089294689116,0.0101089294689116,0.0101089294689116,0.9648323033583428,0.9648323033583428,0.9648323033583428,0.1033886599482569,0.1033886599482569,0.1033886599482569,0.96807,0.96807,0.96807,0.0208924118361283,0.0208924118361283,0.0208924118361283,,,,137235.0,137235,137235,0.0168889485899852,0.0168889485899852,0.0168889485899852,0.0311076628519939,0.0311076628519939,0.0311076628519939,0.008850040166731,0.008850040166731,0.008850040166731,0.9854736640555396,0.9854736640555396,0.9854736640555396
exact,extreme,10,hartigan_U,0.08356,0.08356,0.08356,0.95822,0.95822,0.95822,0.04178,0.04178,0.04178,0.5,0.5,0.5,0.0,0.0,0.0,0.0,0.0,0.0,0.0602215736074423,0.0602215736074423,0.0602215736074423,,,,137235.0,137235,137235,0.0226624650839355,0.0226624650839355,0.0226624650839355,0.0446387583342441,0.0446387583342441,0.0446387583342441,0.0223193791671221,0.0223193791671221,0.0223193791671221,0.5,0.5,0.5
exact,extreme,10,majority,0.09498,0.09498,0.09498,0.95251,0.95251,0.95251,0.04749,0.04749,0.04749,0.5,0.5,0.5,0.0,0.0,0.0,0.0,0.0,0.0,0.0633168963229952,0.0633168963229952,0.0633168963229952,,,,137235.0,137235,137235,0.0226624695882063,0.0226624695882063,0.0226624695882063,0.0446241847925092,0.0446241847925092,0.0446241847925092,0.0223120923962546,0.0223120923962546,0.0223120923962546,0.5,0.5,0.5
exact,extreme,10,markov,0.08728,0.08728,0.08728,0.95636,0.95636,0.95636,0.04364,0.04364,0.04364,0.5,0.5,0.5,0.0,0.0,0.0,0.0,0.0,0.0,0.0612057723920337,0.0612057723920337,0.0612057723920337,,,,137235.0,137235,137235,0.0226624650839355,0.0226624650839355,0.0226624650839355,0.0446387583342441,0.0446387583342441,0.0446387583342441,0.0223193791671221,0.0223193791671221,0.0223193791671221,0.5,0.5,0.5
exact,extreme,10,markov_a0.5,0.09004,0.09004,0.09004,0.95498,0.95498,0.95498,0.0450199999999999,0.0450199999999999,0.0450199999999999,0.5,0.5,0.5,0.0,0.0,0.0,0.0,0.0,0.0,0.0619447066915241,0.0619447066915241,0.0619447066915241,,,,137235.0,137235,137235,0.0226624650839355,0.0226624650839355,0.0226624650839355,0.0446387583342441,0.0446387583342441,0.0446387583342441,0.0223193791671221,0.0223193791671221,0.0223193791671221,0.5,0.5,0.5
exact,extreme,10,markov_a0.5_soft,0.0952301121885363,0.0952301121885363,0.0952301121885363,0.8628366324838169,0.8628366324838169,0.8628366324838169,0.0575253465324793,0.0575253465324793,0.0575253465324793,0.5258469465002514,0.5258469465002514,0.5258469465002514,0.3287823082336862,0.3287823082336862,0.3287823082336862,1.0,1.0,1.0,0.1290260693154628,0.1290260693154628,0.1290260693154628,,,,137235.0,137235,137235,0.1195686785629515,0.1195686785629515,0.1195686785629515,0.0613032429133504,0.0613032429133504,0.0613032429133504,0.0836344890939152,0.0836344890939152,0.0836344890939152,0.6621152923624604,0.6621152923624604,0.6621152923624604
exact,extreme,10,markov_pooled,0.08803,0.08803,0.08803,0.955985,0.955985,0.955985,0.044015,0.044015,0.044015,0.5,0.5,0.5,0.0,0.0,0.0,0.0,0.0,0.0,0.0614179481012734,0.0614179481012734,0.0614179481012734,,,,137235.0,137235,137235,0.0226624650839355,0.0226624650839355,0.0226624650839355,0.0446387583342441,0.0446387583342441,0.0446387583342441,0.0223193791671221,0.0223193791671221,0.0223193791671221,0.5,0.5,0.5
exact,extreme,10,markov_pooled_soft,0.0884754829050455,0.0884754829050455,0.0884754829050455,0.9486161896171256,0.9486161896171256,0.9486161896171256,0.0420867960937985,0.0420867960937985,0.0420867960937985,0.4236629163091728,0.4236629163091728,0.4236629163091728,0.0307890597657586,0.0307890597657586,0.0307890597657586,0.97743,0.97743,0.97743,0.0652133485737357,0.0652133485737357,0.0652133485737357,,,,137235.0,137235,137235,0.0288229258144199,0.0288229258144199,0.0288229258144199,0.045102428067623,0.045102428067623,0.045102428067623,0.0202335424850497,0.0202335424850497,0.0202335424850497,0.7603117904054408,0.7603117904054408,0.7603117904054408
exact,extreme,10,markov_soft,0.0876048839450355,0.0876048839450355,0.0876048839450355,0.953699979632296,0.953699979632296,0.953699979632296,0.0425344214372229,0.0425344214372229,0.0425344214372229,0.4993694899745761,0.4993694899745761,0.4993694899745761,0.0084243609514341,0.0084243609514341,0.0084243609514341,0.02192,0.02192,0.02192,0.0621521057153812,0.0621521057153812,0.0621521057153812,,,,137235.0,137235,137235,0.0247675168087401,0.0247675168087401,0.0247675168087401,0.0447964470826327,0.0447964470826327,0.0447964470826327,0.0206542746317262,0.0206542746317262,0.0206542746317262,0.5202969915704265,0.5202969915704265,0.5202969915704265
exact,extreme,10,markov_w20,0.08728,0.08728,0.08728,0.95636,0.95636,0.95636,0.04364,0.04364,0.04364,0.5,0.5,0.5,0.0,0.0,0.0,0.0,0.0,0.0,0.0612057723920337,0.0612057723920337,0.0612057723920337,,,,137235.0,137235,137235,0.0226624650839355,0.0226624650839355,0.0226624650839355,0.0446387583342441,0.0446387583342441,0.0446387583342441,0.0223193791671221,0.0223193791671221,0.0223193791671221,0.5,0.5,0.5
exact,extreme,10,markov_w5,0.08631,0.08631,0.08631,0.956845,0.956845,0.956845,0.043155,0.043155,0.043155,0.5,0.5,0.5,0.0,0.0,0.0,0.0,0.0,0.0,0.0609721197595223,0.0609721197595223,0.0609721197595223,,,,137235.0,137235,137235,0.0226624650839355,0.0226624650839355,0.0226624650839355,0.0446387583342441,0.0446387583342441,0.0446387583342441,0.0223193791671221,0.0223193791671221,0.0223193791671221,0.5,0.5,0.5
exact,extreme,10,model_posterior_oracle,0.0323656978668074,0.0323656978668074,0.0323656978668074,0.9533175787259126,0.9533175787259126,0.9533175787259126,0.0421738600159482,0.0421738600159482,0.0421738600159482,0.9723269533911078,0.9723269533911078,0.9723269533911078,0.0936467663566771,0.0936467663566771,0.0936467663566771,0.96807,0.96807,0.96807,0.0,0.0,0.0,,,,137235.0,137235,137235,0.0168813192890152,0.0168813192890152,0.0168813192890152,0.0311067499340747,0.0311067499340747,0.0311067499340747,0.0089162789962947,0.0089162789962947,0.0089162789962947,0.9855713396887642,0.9855713396887642,0.9855713396887642
exact,extreme,10,reassign_U,0.08529,0.08529,0.08529,0.957355,0.957355,0.957355,0.042645,0.042645,0.042645,0.5,0.5,0.5,0.0,0.0,0.0,0.0,0.0,0.0,0.0606961015450523,0.0606961015450523,0.0606961015450523,,,,137235.0,137235,137235,0.0226624650839355,0.0226624650839355,0.0226624650839355,0.0446387583342441,0.0446387583342441,0.0446387583342441,0.0223193791671221,0.0223193791671221,0.0223193791671221,0.5,0.5,0.5
exact,extreme,10,stop,0.08614,0.08614,0.08614,0.95693,0.95693,0.95693,0.04307,0.04307,0.04307,0.5,0.5,0.5,0.0,0.0,0.0,0.0,0.0,0.0,0.0609187116967472,0.0609187116967472,0.0609187116967472,,,,137235.0,137235,137235,0.0226624650839355,0.0226624650839355,0.0226624650839355,0.0446387583342441,0.0446387583342441,0.0446387583342441,0.0223193791671221,0.0223193791671221,0.0223193791671221,0.5,0.5,0.5
exact,extreme,10,switch_rule,0.08729,0.08729,0.08729,0.956355,0.956355,0.956355,0.043645,0.043645,0.043645,0.5,0.5,0.5,0.0,0.0,0.0,0.0,0.0,0.0,0.0612082145582126,0.0612082145582126,0.0612082145582126,,,,137235.0,137235,137235,0.0226624650839355,0.0226624650839355,0.0226624650839355,0.0446387583342441,0.0446387583342441,0.0446387583342441,0.0223193791671221,0.0223193791671221,0.0223193791671221,0.5,0.5,0.5
exact,extreme,10,switch_rule_soft,0.095690909090909,0.095690909090909,0.095690909090909,0.9310977272727272,0.9310977272727272,0.9310977272727272,0.065301818181818,0.065301818181818,0.065301818181818,0.4454231749016205,0.4454231749016205,0.4454231749016205,0.0765739894490431,0.0765739894490431,0.0765739894490431,0.12236,0.12236,0.12236,0.0830588055961688,0.0830588055961688,0.0830588055961688,,,,137235.0,137235,137235,0.0534280840334183,0.0534280840334183,0.0534280840334183,0.0536177462379034,0.0536177462379034,0.0536177462379034,0.046912230844901,0.046912230844901,0.046912230844901,0.519250279600276,0.519250279600276,0.519250279600276
exact,extreme,10,true_posterior_oracle,0.4130524994024085,0.4130524994024085,0.4130524994024085,0.7901702109023014,0.7901702109023014,0.7901702109023014,0.2048176266577479,0.2048176266577479,0.2048176266577479,0.3204328020222181,0.3204328020222181,0.3204328020222181,0.0120523621207604,0.0120523621207604,0.0120523621207604,0.80641,0.80641,0.80641,0.2048152967124501,0.2048152967124501,0.2048152967124501,,,,137235.0,137235,137235,0.0,0.0,0.0,0.0085410481377215,0.0085410481377215,0.0085410481377215,0.000410231431999,0.000410231431999,0.000410231431999,0.9889978647777524,0.9889978647777524,0.9889978647777524
exact,extreme,20,active_set_U,0.1691090649721177,0.1691090649721177,0.1691090649721177,0.9154454675139412,0.9154454675139412,0.9154454675139412,0.0845545324860589,0.0845545324860589,0.0845545324860589,0.5,0.5,0.5,0.0,0.0,0.0,0.0,0.0,0.0,0.2828768206311426,0.2828768206311426,0.2828768206311426,,,,41.0,41,41,0.2794541550542804,0.2794541550542804,0.2794541550542804,0.3414634146341463,0.3414634146341463,0.3414634146341463,0.1707317073170732,0.1707317073170732,0.1707317073170732,0.5,0.5,0.5
exact,extreme,20,fcm_soft,0.7687477333038585,0.7687477333038585,0.7687477333038585,0.1436074875534225,0.1436074875534225,0.1436074875534225,0.7718241625559435,0.7718241625559435,0.7718241625559435,0.477241498741999,0.477241498741999,0.477241498741999,3.5101183302581687,3.5101183302581687,3.5101183302581687,1.0,1.0,1.0,0.7241167415098634,0.7241167415098634,0.7241167415098634,,,,41.0,41,41,0.8628457124702226,0.8628457124702226,0.8628457124702226,0.8944085798000396,0.8944085798000396,0.8944085798000396,0.7624095215462912,0.7624095215462912,0.7624095215462912,0.4201680672268907,0.4201680672268907,0.4201680672268907
exact,extreme,20,frequency_soft,0.6230275307036958,0.6230275307036958,0.6230275307036958,0.5072682472500913,0.5072682472500913,0.5072682472500913,0.2159135119840605,0.2159135119840605,0.2159135119840605,0.5074105038494608,0.5074105038494608,0.5074105038494608,0.5404301701188913,0.5404301701188913,0.5404301701188913,1.0,1.0,1.0,0.297098724809979,0.297098724809979,0.297098724809979,,,,41.0,41,41,0.3294254466987977,0.3294254466987977,0.3294254466987977,0.6389840757911711,0.6389840757911711,0.6389840757911711,0.2771618625277162,0.2771618625277162,0.2771618625277162,0.3888888888888888,0.3888888888888888,0.3888888888888888
exact,extreme,20,full_convergence,0.0,0.0,0.0,1.0,1.0,1.0,0.0,0.0,0.0,,,,0.0,0.0,0.0,0.0,0.0,0.0,0.2688055515741416,0.2688055515741416,0.2688055515741416,,,,41.0,41,41,0.2794541550542804,0.2794541550542804,0.2794541550542804,0.3414634146341463,0.3414634146341463,0.3414634146341463,0.1707317073170732,0.1707317073170732,0.1707317073170732,0.5,0.5,0.5
exact,extreme,20,gmm_plugin_soft,0.4694078164615824,0.4694078164615824,0.4694078164615824,0.5155298161742738,0.5155298161742738,0.5155298161742738,0.397449666473905,0.397449666473905,0.397449666473905,0.7553406391659503,0.7553406391659503,0.7553406391659503,0.6940608034615319,0.6940608034615319,0.6940608034615319,1.0,1.0,1.0,0.2158671672863307,0.2158671672863307,0.2158671672863307,,,,41.0,41,41,0.1283913448808122,0.1283913448808122,0.1283913448808122,0.343790812317346,0.343790812317346,0.343790812317346,0.1872106490088547,0.1872106490088547,0.1872106490088547,0.4453781512605042,0.4453781512605042,0.4453781512605042
exact,extreme,20,hartigan_U,0.1691955215493018,0.1691955215493018,0.1691955215493018,0.915402239225349,0.915402239225349,0.915402239225349,0.0845977607746509,0.0845977607746509,0.0845977607746509,0.5,0.5,0.5,0.0,0.0,0.0,0.0,0.0,0.0,0.2828867696539269,0.2828867696539269,0.2828867696539269,,,,41.0,41,41,0.2794541550542804,0.2794541550542804,0.2794541550542804,0.3414634146341463,0.3414634146341463,0.3414634146341463,0.1707317073170732,0.1707317073170732,0.1707317073170732,0.5,0.5,0.5
exact,extreme,20,majority,0.9752301906367526,0.9752301906367526,0.9752301906367526,0.5123849046816237,0.5123849046816237,0.5123849046816237,0.4876150953183763,0.4876150953183763,0.4876150953183763,0.5,0.5,0.5,0.0,0.0,0.0,0.0,0.0,0.0,0.4911990317456592,0.4911990317456592,0.4911990317456592,,,,41.0,41,41,0.5104201429016564,0.5104201429016564,0.5104201429016564,0.8780487804878049,0.8780487804878049,0.8780487804878049,0.4390243902439024,0.4390243902439024,0.4390243902439024,0.5,0.5,0.5
exact,extreme,20,markov,0.1688496952405654,0.1688496952405654,0.1688496952405654,0.9155751523797172,0.9155751523797172,0.9155751523797172,0.0844248476202826,0.0844248476202826,0.0844248476202826,0.5,0.5,0.5,0.0,0.0,0.0,0.0,0.0,0.0,0.2828168429760396,0.2828168429760396,0.2828168429760396,,,,41.0,41,41,0.2794541550542804,0.2794541550542804,0.2794541550542804,0.3414634146341463,0.3414634146341463,0.3414634146341463,0.1707317073170732,0.1707317073170732,0.1707317073170732,0.5,0.5,0.5
exact,extreme,20,markov_a0.5,0.4864047032377988,0.4864047032377988,0.4864047032377988,0.7567976483811006,0.7567976483811006,0.7567976483811006,0.2432023516188993,0.2432023516188993,0.2432023516188993,0.5,0.5,0.5,0.0,0.0,0.0,0.0,0.0,0.0,0.36565764357159,0.36565764357159,0.36565764357159,,,,41.0,41,41,0.4225937132065847,0.4225937132065847,0.4225937132065847,0.6829268292682927,0.6829268292682927,0.6829268292682927,0.3414634146341463,0.3414634146341463,0.3414634146341463,0.5,0.5,0.5
exact,extreme,20,markov_a0.5_soft,0.3747107202377965,0.3747107202377965,0.3747107202377965,0.6411228722861454,0.6411228722861454,0.6411228722861454,0.1135298124907125,0.1135298124907125,0.1135298124907125,0.599833143287548,0.599833143287548,0.599833143287548,0.5173737481078963,0.5173737481078963,0.5173737481078963,1.0,1.0,1.0,0.2124318230785699,0.2124318230785699,0.2124318230785699,,,,41.0,41,41,0.2394977640134327,0.2394977640134327,0.2394977640134327,0.4284636264100778,0.4284636264100778,0.4284636264100778,0.1832749567505664,0.1832749567505664,0.1832749567505664,0.6984126984126985,0.6984126984126985,0.6984126984126985
exact,extreme,20,markov_pooled,0.2507240738339169,0.2507240738339169,0.2507240738339169,0.8746379630830415,0.8746379630830415,0.8746379630830415,0.1253620369169584,0.1253620369169584,0.1253620369169584,0.5,0.5,0.5,0.0,0.0,0.0,0.0,0.0,0.0,0.3038437792824069,0.3038437792824069,0.3038437792824069,,,,41.0,41,41,0.2794541550542804,0.2794541550542804,0.2794541550542804,0.3414634146341463,0.3414634146341463,0.3414634146341463,0.1707317073170732,0.1707317073170732,0.1707317073170732,0.5,0.5,0.5
exact,extreme,20,markov_pooled_soft,0.2173141840443504,0.2173141840443504,0.2173141840443504,0.750897028439445,0.750897028439445,0.750897028439445,0.0836502303470258,0.0836502303470258,0.0836502303470258,0.6895855609732819,0.6895855609732819,0.6895855609732819,0.4397043002203503,0.4397043002203503,0.4397043002203503,0.9977089007046211,0.9977089007046211,0.9977089007046211,0.1738548992752654,0.1738548992752654,0.1738548992752654,,,,41.0,41,41,0.2824359250974843,0.2824359250974843,0.2824359250974843,0.3534202198987945,0.3534202198987945,0.3534202198987945,0.1828070830192767,0.1828070830192767,0.1828070830192767,0.4852941176470588,0.4852941176470588,0.4852941176470588
exact,extreme,20,markov_soft,0.1667567428860648,0.1667567428860648,0.1667567428860648,0.9156327151166456,0.9156327151166456,0.9156327151166456,0.0828370034671957,0.0828370034671957,0.0828370034671957,0.512641389987375,0.512641389987375,0.512641389987375,0.0029032319554661,0.0029032319554661,0.0029032319554661,0.0050577097652703,0.0050577097652703,0.0050577097652703,0.2814454917749038,0.2814454917749038,0.2814454917749038,,,,41.0,41,41,0.2794541550542804,0.2794541550542804,0.2794541550542804,0.3414634146341463,0.3414634146341463,0.3414634146341463,0.1707317073170732,0.1707317073170732,0.1707317073170732,0.5,0.5,0.5
exact,extreme,20,markov_w20,0.7228634418363377,0.7228634418363377,0.7228634418363377,0.6385682790818311,0.6385682790818311,0.6385682790818311,0.3614317209181689,0.3614317209181689,0.3614317209181689,0.5,0.5,0.5,0.0,0.0,0.0,0.0,0.0,0.0,0.4269356527809499,0.4269356527809499,0.4269356527809499,,,,41.0,41,41,0.4421156371057866,0.4421156371057866,0.4421156371057866,0.6341463414634146,0.6341463414634146,0.6341463414634146,0.3170731707317072,0.3170731707317072,0.3170731707317072,0.5,0.5,0.5
exact,extreme,20,markov_w5,0.1690226083949336,0.1690226083949336,0.1690226083949336,0.9154886958025332,0.9154886958025332,0.9154886958025332,0.0845113041974667,0.0845113041974667,0.0845113041974667,0.5,0.5,0.5,0.0,0.0,0.0,0.0,0.0,0.0,0.2827848994780292,0.2827848994780292,0.2827848994780292,,,,41.0,41,41,0.2794541550542804,0.2794541550542804,0.2794541550542804,0.3414634146341463,0.3414634146341463,0.3414634146341463,0.1707317073170732,0.1707317073170732,0.1707317073170732,0.5,0.5,0.5
exact,extreme,20,model_posterior_oracle,0.1750209008260922,0.1750209008260922,0.1750209008260922,0.7311944484258583,0.7311944484258583,0.7311944484258583,0.2676854666808172,0.2676854666808172,0.2676854666808172,0.9826190064047085,0.9826190064047085,0.9826190064047085,0.5414307583333425,0.5414307583333425,0.5414307583333425,1.0,1.0,1.0,0.0,0.0,0.0,,,,41.0,41,41,0.1351957421758914,0.1351957421758914,0.1351957421758914,0.3215774651152481,0.3215774651152481,0.3215774651152481,0.1279576006772733,0.1279576006772733,0.1279576006772733,0.4327731092436975,0.4327731092436975,0.4327731092436975
exact,extreme,20,reassign_U,0.1690226083949336,0.1690226083949336,0.1690226083949336,0.9154886958025332,0.9154886958025332,0.9154886958025332,0.0845113041974667,0.0845113041974667,0.0845113041974667,0.5,0.5,0.5,0.0,0.0,0.0,0.0,0.0,0.0,0.2828724057594272,0.2828724057594272,0.2828724057594272,,,,41.0,41,41,0.2794541550542804,0.2794541550542804,0.2794541550542804,0.3414634146341463,0.3414634146341463,0.3414634146341463,0.1707317073170732,0.1707317073170732,0.1707317073170732,0.5,0.5,0.5
exact,extreme,20,stop,0.1690226083949336,0.1690226083949336,0.1690226083949336,0.9154886958025332,0.9154886958025332,0.9154886958025332,0.0845113041974667,0.0845113041974667,0.0845113041974667,0.5,0.5,0.5,0.0,0.0,0.0,0.0,0.0,0.0,0.2828278496873149,0.2828278496873149,0.2828278496873149,,,,41.0,41,41,0.2794541550542804,0.2794541550542804,0.2794541550542804,0.3414634146341463,0.3414634146341463,0.3414634146341463,0.1707317073170732,0.1707317073170732,0.1707317073170732,0.5,0.5,0.5
exact,extreme,20,switch_rule,0.1688496952405654,0.1688496952405654,0.1688496952405654,0.9155751523797172,0.9155751523797172,0.9155751523797172,0.0844248476202826,0.0844248476202826,0.0844248476202826,0.5,0.5,0.5,0.0,0.0,0.0,0.0,0.0,0.0,0.2828168429760396,0.2828168429760396,0.2828168429760396,,,,41.0,41,41,0.2794541550542804,0.2794541550542804,0.2794541550542804,0.3414634146341463,0.3414634146341463,0.3414634146341463,0.1707317073170732,0.1707317073170732,0.1707317073170732,0.5,0.5,0.5
exact,extreme,20,switch_rule_soft,0.1666375500921191,0.1666375500921191,0.1666375500921191,0.9156616089569014,0.9156616089569014,0.9156616089569014,0.0828371904756292,0.0828371904756292,0.0828371904756292,0.5134638509215865,0.5134638509215865,0.5134638509215865,0.002974403186502,0.002974403186502,0.002974403186502,0.0050577097652703,0.0050577097652703,0.0050577097652703,0.2813841436619997,0.2813841436619997,0.2813841436619997,,,,41.0,41,41,0.2794541550542804,0.2794541550542804,0.2794541550542804,0.3414634146341463,0.3414634146341463,0.3414634146341463,0.1707317073170732,0.1707317073170732,0.1707317073170732,0.5,0.5,0.5
exact,extreme,20,true_posterior_oracle,0.9645141974098927,0.9645141974098927,0.9645141974098927,0.5168715430576518,0.5168715430576518,0.5168715430576518,0.4814459814706388,0.4814459814706388,0.4814459814706388,0.6060632672487154,0.6060632672487154,0.6060632672487154,0.002943495855377,0.002943495855377,0.002943495855377,0.2947304716206285,0.2947304716206285,0.2947304716206285,0.490389208388269,0.490389208388269,0.490389208388269,,,,41.0,41,41,0.0,0.0,0.0,0.335163089785959,0.335163089785959,0.335163089785959,0.1385943342387646,0.1385943342387646,0.1385943342387646,0.4747899159663865,0.4747899159663865,0.4747899159663865
exact,extreme,30,active_set_U,0.1923703084437013,0.1923703084437013,0.1923703084437013,0.9038148457781492,0.9038148457781492,0.9038148457781492,0.0961851542218507,0.0961851542218507,0.0961851542218507,0.5,0.5,0.5,0.0,0.0,0.0,0.0,0.0,0.0,0.2964051825490001,0.2964051825490001,0.2964051825490001,,,,42.0,42,42,0.2734107202986253,0.2734107202986253,0.2734107202986253,0.6190476190476191,0.6190476190476191,0.6190476190476191,0.3095238095238095,0.3095238095238095,0.3095238095238095,0.5,0.5,0.5
exact,extreme,30,fcm_soft,0.7660340219152297,0.7660340219152297,0.7660340219152297,0.1454649897871527,0.1454649897871527,0.1454649897871527,0.7581885921781117,0.7581885921781117,0.7581885921781117,0.462649934360395,0.462649934360395,0.462649934360395,3.501943198033284,3.501943198033284,3.501943198033284,1.0,1.0,1.0,0.7186771595674373,0.7186771595674373,0.7186771595674373,,,,42.0,42,42,0.8564954724139026,0.8564954724139026,0.8564954724139026,0.8889886176549453,0.8889886176549453,0.8889886176549453,0.6204207161927734,0.6204207161927734,0.6204207161927734,0.4880636604774536,0.4880636604774536,0.4880636604774536
exact,extreme,30,frequency_soft,0.6257660546472013,0.6257660546472013,0.6257660546472013,0.5055380664567974,0.5055380664567974,0.5055380664567974,0.2176586119033429,0.2176586119033429,0.2176586119033429,0.5040054072178144,0.5040054072178144,0.5040054072178144,0.5413141560246578,0.5413141560246578,0.5413141560246578,1.0,1.0,1.0,0.2908076408938936,0.2908076408938936,0.2908076408938936,,,,42.0,42,42,0.2774760278136687,0.2774760278136687,0.2774760278136687,0.5588351042896497,0.5588351042896497,0.5588351042896497,0.2316017316017316,0.2316017316017316,0.2316017316017316,0.6361556064073226,0.6361556064073226,0.6361556064073226
exact,extreme,30,full_convergence,0.0,0.0,0.0,1.0,1.0,1.0,0.0,0.0,0.0,,,,0.0,0.0,0.0,0.0,0.0,0.0,0.2797334281177285,0.2797334281177285,0.2797334281177285,,,,42.0,42,42,0.2734107202986253,0.2734107202986253,0.2734107202986253,0.6190476190476191,0.6190476190476191,0.6190476190476191,0.3095238095238095,0.3095238095238095,0.3095238095238095,0.5,0.5,0.5
exact,extreme,30,gmm_plugin_soft,0.4706282281247874,0.4706282281247874,0.4706282281247874,0.5149167722804651,0.5149167722804651,0.5149167722804651,0.3858790784298585,0.3858790784298585,0.3858790784298585,0.7196885483428496,0.7196885483428496,0.7196885483428496,0.6940809432284942,0.6940809432284942,0.6940809432284942,1.0,1.0,1.0,0.2055818689757358,0.2055818689757358,0.2055818689757358,,,,42.0,42,42,0.117633389870446,0.117633389870446,0.117633389870446,0.4329089975065615,0.4329089975065615,0.4329089975065615,0.0432870943758816,0.0432870943758816,0.0432870943758816,0.6657824933687002,0.6657824933687002,0.6657824933687002
exact,extreme,30,hartigan_U,0.1923703084437013,0.1923703084437013,0.1923703084437013,0.9038148457781492,0.9038148457781492,0.9038148457781492,0.0961851542218507,0.0961851542218507,0.0961851542218507,0.5,0.5,0.5,0.0,0.0,0.0,0.0,0.0,0.0,0.2964051825490001,0.2964051825490001,0.2964051825490001,,,,42.0,42,42,0.2734107202986253,0.2734107202986253,0.2734107202986253,0.6190476190476191,0.6190476190476191,0.6190476190476191,0.3095238095238095,0.3095238095238095,0.3095238095238095,0.5,0.5,0.5
exact,extreme,30,majority,0.9793637523650284,0.9793637523650284,0.9793637523650284,0.5103181238174858,0.5103181238174858,0.5103181238174858,0.4896818761825142,0.4896818761825142,0.4896818761825142,0.5,0.5,0.5,0.0,0.0,0.0,0.0,0.0,0.0,0.4915840990900788,0.4915840990900788,0.4915840990900788,,,,42.0,42,42,0.5050063335213297,0.5050063335213297,0.5050063335213297,0.9047619047619048,0.9047619047619048,0.9047619047619048,0.4523809523809523,0.4523809523809523,0.4523809523809523,0.5,0.5,0.5
exact,extreme,30,markov,0.1939543274519294,0.1939543274519294,0.1939543274519294,0.9030228362740352,0.9030228362740352,0.9030228362740352,0.0969771637259647,0.0969771637259647,0.0969771637259647,0.5,0.5,0.5,0.0,0.0,0.0,0.0,0.0,0.0,0.2966416179589817,0.2966416179589817,0.2966416179589817,,,,42.0,42,42,0.2734107202986253,0.2734107202986253,0.2734107202986253,0.6190476190476191,0.6190476190476191,0.6190476190476191,0.3095238095238095,0.3095238095238095,0.3095238095238095,0.5,0.5,0.5
exact,extreme,30,markov_a0.5,0.5038940467285608,0.5038940467285608,0.5038940467285608,0.7480529766357197,0.7480529766357197,0.7480529766357197,0.2519470233642803,0.2519470233642803,0.2519470233642803,0.5,0.5,0.5,0.0,0.0,0.0,0.0,0.0,0.0,0.3728063121296454,0.3728063121296454,0.3728063121296454,,,,42.0,42,42,0.3456723687107386,0.3456723687107386,0.3456723687107386,0.5714285714285714,0.5714285714285714,0.5714285714285714,0.2857142857142857,0.2857142857142857,0.2857142857142857,0.5,0.5,0.5
exact,extreme,30,markov_a0.5_soft,0.3876345665610738,0.3876345665610738,0.3876345665610738,0.6355158428965967,0.6355158428965967,0.6355158428965967,0.109148003692273,0.109148003692273,0.109148003692273,0.5866341038104989,0.5866341038104989,0.5866341038104989,0.5153253511483276,0.5153253511483276,0.5153253511483276,1.0,1.0,1.0,0.2145331750767251,0.2145331750767251,0.2145331750767251,,,,42.0,42,42,0.2178764860402192,0.2178764860402192,0.2178764860402192,0.4796619127180084,0.4796619127180084,0.4796619127180084,0.1903227724656296,0.1903227724656296,0.1903227724656296,0.5125000000000001,0.5125000000000001,0.5125000000000001
exact,extreme,30,markov_pooled,0.3055396664759977,0.3055396664759977,0.3055396664759977,0.8472301667620011,0.8472301667620011,0.8472301667620011,0.1527698332379988,0.1527698332379988,0.1527698332379988,0.5,0.5,0.5,0.0,0.0,0.0,0.0,0.0,0.0,0.3226524692433952,0.3226524692433952,0.3226524692433952,,,,42.0,42,42,0.2734107202986253,0.2734107202986253,0.2734107202986253,0.6190476190476191,0.6190476190476191,0.6190476190476191,0.3095238095238095,0.3095238095238095,0.3095238095238095,0.5,0.5,0.5
exact,extreme,30,markov_pooled_soft,0.236026304424494,0.236026304424494,0.236026304424494,0.7426264869937229,0.7426264869937229,0.7426264869937229,0.1033107000677903,0.1033107000677903,0.1033107000677903,0.6929713031626233,0.6929713031626233,0.6929713031626233,0.4375249234334118,0.4375249234334118,0.4375249234334118,0.9973599683196198,0.9973599683196198,0.9973599683196198,0.1810255523703828,0.1810255523703828,0.1810255523703828,,,,42.0,42,42,0.2734107202986253,0.2734107202986253,0.2734107202986253,0.6107670001680672,0.6107670001680672,0.6107670001680672,0.3041874994780421,0.3041874994780421,0.3041874994780421,0.5384615384615384,0.5384615384615384,0.5384615384615384
exact,extreme,30,markov_soft,0.1930834489983008,0.1930834489983008,0.1930834489983008,0.9030167437639502,0.9030167437639502,0.9030167437639502,0.096425916214636,0.096425916214636,0.096425916214636,0.5061949330807018,0.5061949330807018,0.5061949330807018,0.0013157354512783,0.0013157354512783,0.0013157354512783,0.0024200290403484,0.0024200290403484,0.0024200290403484,0.2960511814928439,0.2960511814928439,0.2960511814928439,,,,42.0,42,42,0.2734107202986253,0.2734107202986253,0.2734107202986253,0.6190476190476191,0.6190476190476191,0.6190476190476191,0.3095238095238095,0.3095238095238095,0.3095238095238095,0.5,0.5,0.5
exact,extreme,30,markov_w20,0.1936903242838914,0.1936903242838914,0.1936903242838914,0.9031548378580544,0.9031548378580544,0.9031548378580544,0.0968451621419457,0.0968451621419457,0.0968451621419457,0.5,0.5,0.5,0.0,0.0,0.0,0.0,0.0,0.0,0.2966651341766034,0.2966651341766034,0.2966651341766034,,,,42.0,42,42,0.2734107202986253,0.2734107202986253,0.2734107202986253,0.6190476190476191,0.6190476190476191,0.6190476190476191,0.3095238095238095,0.3095238095238095,0.3095238095238095,0.5,0.5,0.5
exact,extreme,30,markov_w5,0.1933383200598407,0.1933383200598407,0.1933383200598407,0.9033308399700796,0.9033308399700796,0.9033308399700796,0.0966691600299203,0.0966691600299203,0.0966691600299203,0.5,0.5,0.5,0.0,0.0,0.0,0.0,0.0,0.0,0.2965783825571165,0.2965783825571165,0.2965783825571165,,,,42.0,42,42,0.2734107202986253,0.2734107202986253,0.2734107202986253,0.6190476190476191,0.6190476190476191,0.6190476190476191,0.3095238095238095,0.3095238095238095,0.3095238095238095,0.5,0.5,0.5
exact,extreme,30,model_posterior_oracle,0.1859033269566585,0.1859033269566585,0.1859033269566585,0.7202665718822715,0.7202665718822715,0.7202665718822715,0.2783135565460168,0.2783135565460168,0.2783135565460168,0.9783861302830114,0.9783861302830114,0.9783861302830114,0.5546511278217019,0.5546511278217019,0.5546511278217019,1.0,1.0,1.0,0.0,0.0,0.0,,,,42.0,42,42,0.1214332549419582,0.1214332549419582,0.1214332549419582,0.4437150699320701,0.4437150699320701,0.4437150699320701,0.1159334635140828,0.1159334635140828,0.1159334635140828,0.6525198938992043,0.6525198938992043,0.6525198938992043
exact,extreme,30,reassign_U,0.1925463105557266,0.1925463105557266,0.1925463105557266,0.9037268447221368,0.9037268447221368,0.9037268447221368,0.0962731552778632,0.0962731552778632,0.0962731552778632,0.5,0.5,0.5,0.0,0.0,0.0,0.0,0.0,0.0,0.2964185848644959,0.2964185848644959,0.2964185848644959,,,,42.0,42,42,0.2734107202986253,0.2734107202986253,0.2734107202986253,0.6190476190476191,0.6190476190476191,0.6190476190476191,0.3095238095238095,0.3095238095238095,0.3095238095238095,0.5,0.5,0.5
exact,extreme,30,stop,0.1934263211158534,0.1934263211158534,0.1934263211158534,0.9032868394420732,0.9032868394420732,0.9032868394420732,0.0967131605579266,0.0967131605579266,0.0967131605579266,0.5,0.5,0.5,0.0,0.0,0.0,0.0,0.0,0.0,0.2965873211933351,0.2965873211933351,0.2965873211933351,,,,42.0,42,42,0.2734107202986253,0.2734107202986253,0.2734107202986253,0.6190476190476191,0.6190476190476191,0.6190476190476191,0.3095238095238095,0.3095238095238095,0.3095238095238095,0.5,0.5,0.5
exact,extreme,30,switch_rule,0.1940423285079421,0.1940423285079421,0.1940423285079421,0.902978835746029,0.902978835746029,0.902978835746029,0.097021164253971,0.097021164253971,0.097021164253971,0.5,0.5,0.5,0.0,0.0,0.0,0.0,0.0,0.0,0.2966485806768267,0.2966485806768267,0.2966485806768267,,,,42.0,42,42,0.2734107202986253,0.2734107202986253,0.2734107202986253,0.6190476190476191,0.6190476190476191,0.6190476190476191,0.3095238095238095,0.3095238095238095,0.3095238095238095,0.5,0.5,0.5
exact,extreme,30,switch_rule_soft,0.1929855885543353,0.1929855885543353,0.1929855885543353,0.903062836754041,0.903062836754041,0.903062836754041,0.0963371560458726,0.0963371560458726,0.0963371560458726,0.5064446185842041,0.5064446185842041,0.5064446185842041,0.0013188983834805,0.0013188983834805,0.0013188983834805,0.0024200290403484,0.0024200290403484,0.0024200290403484,0.2960320397601275,0.2960320397601275,0.2960320397601275,,,,42.0,42,42,0.2734107202986253,0.2734107202986253,0.2734107202986253,0.6190476190476191,0.6190476190476191,0.6190476190476191,0.3095238095238095,0.3095238095238095,0.3095238095238095,0.5,0.5,0.5
exact,extreme,30,true_posterior_oracle,1.0134094702335197,1.0134094702335197,1.0134094702335197,0.4923610578305415,0.4923610578305415,0.4923610578305415,0.505825375567533,0.505825375567533,0.505825375567533,0.5868940431693906,0.5868940431693906,0.5868940431693906,0.0031388744659867,0.0031388744659867,0.0031388744659867,0.2780393364720376,0.2780393364720376,0.2780393364720376,0.5031443828864356,0.5031443828864356,0.5031443828864356,,,,42.0,42,42,0.0,0.0,0.0,0.3920382145054974,0.3920382145054974,0.3920382145054974,0.0644182797592991,0.0644182797592991,0.0644182797592991,0.6194444444444445,0.6194444444444445,0.6194444444444445
exact,extreme,40,active_set_U,0.1941170741209701,0.1941170741209701,0.1941170741209701,0.9029414629395148,0.9029414629395148,0.9029414629395148,0.097058537060485,0.097058537060485,0.097058537060485,0.5,0.5,0.5,0.0,0.0,0.0,0.0,0.0,0.0,0.3022711198548426,0.3022711198548426,0.3022711198548426,,,,29.0,29,29,0.3299602032396578,0.3299602032396578,0.3299602032396578,0.4827586206896552,0.4827586206896552,0.4827586206896552,0.2413793103448276,0.2413793103448276,0.2413793103448276,0.5,0.5,0.5
exact,extreme,40,fcm_soft,0.7660046882951846,0.7660046882951846,0.7660046882951846,0.1454805589160719,0.1454805589160719,0.1454805589160719,0.7573884882803923,0.7573884882803923,0.7573884882803923,0.4379639454881904,0.4379639454881904,0.4379639454881904,3.5020424219190405,3.5020424219190405,3.5020424219190405,1.0,1.0,1.0,0.7180378432213868,0.7180378432213868,0.7180378432213868,,,,29.0,29,29,0.8478968116890248,0.8478968116890248,0.8478968116890248,0.8842761034140112,0.8842761034140112,0.8842761034140112,0.6856314783853505,0.6856314783853505,0.6856314783853505,0.7207792207792209,0.7207792207792209,0.7207792207792209
exact,extreme,40,frequency_soft,0.6454797405150257,0.6454797405150257,0.6454797405150257,0.4957631245738774,0.4957631245738774,0.4957631245738774,0.2352860444318512,0.2352860444318512,0.2352860444318512,0.4962412795159834,0.4962412795159834,0.4962412795159834,0.5411125905031446,0.5411125905031446,0.5411125905031446,1.0,1.0,1.0,0.2955166572948494,0.2955166572948494,0.2955166572948494,,,,29.0,29,29,0.3011700218954068,0.3011700218954068,0.3011700218954068,0.6565973211741236,0.6565973211741236,0.6565973211741236,0.2539184952978056,0.2539184952978056,0.2539184952978056,0.5047619047619047,0.5047619047619047,0.5047619047619047
exact,extreme,40,full_convergence,0.0,0.0,0.0,1.0,1.0,1.0,0.0,0.0,0.0,,,,0.0,0.0,0.0,0.0,0.0,0.0,0.2849757358323388,0.2849757358323388,0.2849757358323388,,,,29.0,29,29,0.3299602032396578,0.3299602032396578,0.3299602032396578,0.4827586206896552,0.4827586206896552,0.4827586206896552,0.2413793103448276,0.2413793103448276,0.2413793103448276,0.5,0.5,0.5
exact,extreme,40,gmm_plugin_soft,0.4726941705920781,0.4726941705920781,0.4726941705920781,0.5138045128739313,0.5138045128739313,0.5138045128739313,0.3863019226030872,0.3863019226030872,0.3863019226030872,0.7177877031839881,0.7177877031839881,0.7177877031839881,0.6942039784934725,0.6942039784934725,0.6942039784934725,1.0,1.0,1.0,0.2014389703452675,0.2014389703452675,0.2014389703452675,,,,29.0,29,29,0.1155011854681383,0.1155011854681383,0.1155011854681383,0.4019491392550615,0.4019491392550615,0.4019491392550615,0.1334786312746565,0.1334786312746565,0.1334786312746565,0.7597402597402597,0.7597402597402597,0.7597402597402597
exact,extreme,40,hartigan_U,0.1941170741209701,0.1941170741209701,0.1941170741209701,0.9029414629395148,0.9029414629395148,0.9029414629395148,0.097058537060485,0.097058537060485,0.097058537060485,0.5,0.5,0.5,0.0,0.0,0.0,0.0,0.0,0.0,0.3022701375805109,0.3022701375805109,0.3022701375805109,,,,29.0,29,29,0.3299602032396578,0.3299602032396578,0.3299602032396578,0.4827586206896552,0.4827586206896552,0.4827586206896552,0.2413793103448276,0.2413793103448276,0.2413793103448276,0.5,0.5,0.5
exact,extreme,40,majority,1.0146099152624914,1.0146099152624914,1.0146099152624914,0.4926950423687543,0.4926950423687543,0.4926950423687543,0.5073049576312457,0.5073049576312457,0.5073049576312457,0.5,0.5,0.5,0.0,0.0,0.0,0.0,0.0,0.0,0.5015529923358276,0.5015529923358276,0.5015529923358276,,,,29.0,29,29,0.50642789262299,0.50642789262299,0.50642789262299,1.0344827586206895,1.0344827586206895,1.0344827586206895,0.5172413793103448,0.5172413793103448,0.5172413793103448,0.5,0.5,0.5
exact,extreme,40,markov,0.1959676633875523,0.1959676633875523,0.1959676633875523,0.9020161683062238,0.9020161683062238,0.9020161683062238,0.0979838316937762,0.0979838316937762,0.0979838316937762,0.5,0.5,0.5,0.0,0.0,0.0,0.0,0.0,0.0,0.302475124896077,0.302475124896077,0.302475124896077,,,,29.0,29,29,0.3299602032396578,0.3299602032396578,0.3299602032396578,0.4827586206896552,0.4827586206896552,0.4827586206896552,0.2413793103448276,0.2413793103448276,0.2413793103448276,0.5,0.5,0.5
exact,extreme,40,markov_a0.5,0.5298529268530242,0.5298529268530242,0.5298529268530242,0.7350735365734878,0.7350735365734878,0.7350735365734878,0.2649264634265121,0.2649264634265121,0.2649264634265121,0.5,0.5,0.5,0.0,0.0,0.0,0.0,0.0,0.0,0.3833921136188103,0.3833921136188103,0.3833921136188103,,,,29.0,29,29,0.4054621895552206,0.4054621895552206,0.4054621895552206,0.6896551724137931,0.6896551724137931,0.6896551724137931,0.3448275862068966,0.3448275862068966,0.3448275862068966,0.5,0.5,0.5
exact,extreme,40,markov_a0.5_soft,0.400783490226381,0.400783490226381,0.400783490226381,0.6263531981521709,0.6263531981521709,0.6263531981521709,0.1174977521144906,0.1174977521144906,0.1174977521144906,0.5809864240943596,0.5809864240943596,0.5809864240943596,0.5214221917194736,0.5214221917194736,0.5214221917194736,1.0,1.0,1.0,0.2185578507879149,0.2185578507879149,0.2185578507879149,,,,29.0,29,29,0.2115277729393705,0.2115277729393705,0.2115277729393705,0.4961357049974036,0.4961357049974036,0.4961357049974036,0.1095352922939129,0.1095352922939129,0.1095352922939129,0.5315789473684212,0.5315789473684212,0.5315789473684212
exact,extreme,40,markov_pooled,0.2786597837732541,0.2786597837732541,0.2786597837732541,0.860670108113373,0.860670108113373,0.860670108113373,0.139329891886627,0.139329891886627,0.139329891886627,0.5,0.5,0.5,0.0,0.0,0.0,0.0,0.0,0.0,0.322066182878751,0.322066182878751,0.322066182878751,,,,29.0,29,29,0.3299602032396578,0.3299602032396578,0.3299602032396578,0.4827586206896552,0.4827586206896552,0.4827586206896552,0.2413793103448276,0.2413793103448276,0.2413793103448276,0.5,0.5,0.5
exact,extreme,40,markov_pooled_soft,0.241093332549534,0.241093332549534,0.241093332549534,0.7363399292931994,0.7363399292931994,0.7363399292931994,0.0844443988336366,0.0844443988336366,0.0844443988336366,0.6518238345754309,0.6518238345754309,0.6518238345754309,0.4467528475331004,0.4467528475331004,0.4467528475331004,0.998246810168501,0.998246810168501,0.998246810168501,0.1827705469058105,0.1827705469058105,0.1827705469058105,,,,29.0,29,29,0.3299602032396578,0.3299602032396578,0.3299602032396578,0.4827586206896552,0.4827586206896552,0.4827586206896552,0.2413793103448276,0.2413793103448276,0.2413793103448276,0.5,0.5,0.5
exact,extreme,40,markov_soft,0.1941562766646501,0.1941562766646501,0.1941562766646501,0.9022732748675087,0.9022732748675087,0.9022732748675087,0.0969686328627596,0.0969686328627596,0.0969686328627596,0.5089430660117397,0.5089430660117397,0.5089430660117397,0.0019002802721791,0.0019002802721791,0.0019002802721791,0.0032628810752897,0.0032628810752897,0.0032628810752897,0.3015613720068769,0.3015613720068769,0.3015613720068769,,,,29.0,29,29,0.3299602032396578,0.3299602032396578,0.3299602032396578,0.4827586206896552,0.4827586206896552,0.4827586206896552,0.2413793103448276,0.2413793103448276,0.2413793103448276,0.5,0.5,0.5
exact,extreme,40,markov_w20,0.1979156520892178,0.1979156520892178,0.1979156520892178,0.9010421739553912,0.9010421739553912,0.9010421739553912,0.0989578260446089,0.0989578260446089,0.0989578260446089,0.5,0.5,0.5,0.0,0.0,0.0,0.0,0.0,0.0,0.3027138035521856,0.3027138035521856,0.3027138035521856,,,,29.0,29,29,0.3299602032396578,0.3299602032396578,0.3299602032396578,0.4827586206896552,0.4827586206896552,0.4827586206896552,0.2413793103448276,0.2413793103448276,0.2413793103448276,0.5,0.5,0.5
exact,extreme,40,markov_w5,0.1954806662121359,0.1954806662121359,0.1954806662121359,0.902259666893932,0.902259666893932,0.902259666893932,0.097740333106068,0.097740333106068,0.097740333106068,0.5,0.5,0.5,0.0,0.0,0.0,0.0,0.0,0.0,0.3025154899692481,0.3025154899692481,0.3025154899692481,,,,29.0,29,29,0.3299602032396578,0.3299602032396578,0.3299602032396578,0.4827586206896552,0.4827586206896552,0.4827586206896552,0.2413793103448276,0.2413793103448276,0.2413793103448276,0.5,0.5,0.5
exact,extreme,40,model_posterior_oracle,0.191075310029449,0.191075310029449,0.191075310029449,0.7150242641676612,0.7150242641676612,0.7150242641676612,0.283790656159767,0.283790656159767,0.283790656159767,0.9785480961435328,0.9785480961435328,0.9785480961435328,0.5607546121335553,0.5607546121335553,0.5607546121335553,1.0,1.0,1.0,0.0,0.0,0.0,,,,29.0,29,29,0.1537499996436575,0.1537499996436575,0.1537499996436575,0.3804588313499637,0.3804588313499637,0.3804588313499637,0.211053908062278,0.211053908062278,0.211053908062278,0.7597402597402597,0.7597402597402597,0.7597402597402597
exact,extreme,40,reassign_U,0.1941170741209701,0.1941170741209701,0.1941170741209701,0.9029414629395148,0.9029414629395148,0.9029414629395148,0.097058537060485,0.097058537060485,0.097058537060485,0.5,0.5,0.5,0.0,0.0,0.0,0.0,0.0,0.0,0.3022711198548426,0.3022711198548426,0.3022711198548426,,,,29.0,29,29,0.3299602032396578,0.3299602032396578,0.3299602032396578,0.4827586206896552,0.4827586206896552,0.4827586206896552,0.2413793103448276,0.2413793103448276,0.2413793103448276,0.5,0.5,0.5
exact,extreme,40,stop,0.1952858673419694,0.1952858673419694,0.1952858673419694,0.9023570663290152,0.9023570663290152,0.9023570663290152,0.0976429336709847,0.0976429336709847,0.0976429336709847,0.5,0.5,0.5,0.0,0.0,0.0,0.0,0.0,0.0,0.3024501668871401,0.3024501668871401,0.3024501668871401,,,,29.0,29,29,0.3299602032396578,0.3299602032396578,0.3299602032396578,0.4827586206896552,0.4827586206896552,0.4827586206896552,0.2413793103448276,0.2413793103448276,0.2413793103448276,0.5,0.5,0.5
exact,extreme,40,switch_rule,0.195870263952469,0.195870263952469,0.195870263952469,0.9020648680237656,0.9020648680237656,0.9020648680237656,0.0979351319762344,0.0979351319762344,0.0979351319762344,0.5,0.5,0.5,0.0,0.0,0.0,0.0,0.0,0.0,0.3024719240367805,0.3024719240367805,0.3024719240367805,,,,29.0,29,29,0.3299602032396578,0.3299602032396578,0.3299602032396578,0.4827586206896552,0.4827586206896552,0.4827586206896552,0.2413793103448276,0.2413793103448276,0.2413793103448276,0.5,0.5,0.5
exact,extreme,40,switch_rule_soft,0.1942048141079459,0.1942048141079459,0.1942048141079459,0.9022552396468828,0.9022552396468828,0.9022552396468828,0.0969567103783525,0.0969567103783525,0.0969567103783525,0.508942314328903,0.508942314328903,0.508942314328903,0.0018860342937772,0.0018860342937772,0.0018860342937772,0.0032628810752897,0.0032628810752897,0.0032628810752897,0.3015784131369216,0.3015784131369216,0.3015784131369216,,,,29.0,29,29,0.3299602032396578,0.3299602032396578,0.3299602032396578,0.4827586206896552,0.4827586206896552,0.4827586206896552,0.2413793103448276,0.2413793103448276,0.2413793103448276,0.5,0.5,0.5
exact,extreme,40,true_posterior_oracle,0.9934282107163942,0.9934282107163942,0.9934282107163942,0.502495630350174,0.502495630350174,0.502495630350174,0.4959558649557046,0.4959558649557046,0.4959558649557046,0.5860813815963652,0.5860813815963652,0.5860813815963652,0.0027059101027415,0.0027059101027415,0.0027059101027415,0.2712574267069251,0.2712574267069251,0.2712574267069251,0.4985456524401477,0.4985456524401477,0.4985456524401477,,,,29.0,29,29,0.0,0.0,0.0,0.3599352395330401,0.3599352395330401,0.3599352395330401,0.1364131959663015,0.1364131959663015,0.1364131959663015,0.7857142857142857,0.7857142857142857,0.7857142857142857
exact,extreme,50,active_set_U,0.2009811208562509,0.2009811208562509,0.2009811208562509,0.8995094395718746,0.8995094395718746,0.8995094395718746,0.1004905604281254,0.1004905604281254,0.1004905604281254,0.5,0.5,0.5,0.0,0.0,0.0,0.0,0.0,0.0,0.3109210135981263,0.3109210135981263,0.3109210135981263,,,,17.0,17,17,0.3300923618315572,0.3300923618315572,0.3300923618315572,0.4705882352941176,0.4705882352941176,0.4705882352941176,0.2352941176470588,0.2352941176470588,0.2352941176470588,0.5,0.5,0.5
exact,extreme,50,fcm_soft,0.7638244719615211,0.7638244719615211,0.7638244719615211,0.1469044568458474,0.1469044568458474,0.1469044568458474,0.7524829098623258,0.7524829098623258,0.7524829098623258,0.4638427301701355,0.4638427301701355,0.4638427301701355,3.496408406046549,3.496408406046549,3.496408406046549,1.0,1.0,1.0,0.7143548696688481,0.7143548696688481,0.7143548696688481,,,,17.0,17,17,0.8559451685606261,0.8559451685606261,0.8559451685606261,0.887901825000791,0.887901825000791,0.887901825000791,0.6940532700845731,0.6940532700845731,0.6940532700845731,0.7115384615384615,0.7115384615384615,0.7115384615384615
exact,extreme,50,frequency_soft,0.6076044851941171,0.6076044851941171,0.6076044851941171,0.513741548080778,0.513741548080778,0.513741548080778,0.2026028082219548,0.2026028082219548,0.2026028082219548,0.5140862715222873,0.5140862715222873,0.5140862715222873,0.5433556663413025,0.5433556663413025,0.5433556663413025,1.0,1.0,1.0,0.2801153950083125,0.2801153950083125,0.2801153950083125,,,,17.0,17,17,0.2771037284325109,0.2771037284325109,0.2771037284325109,0.5542051531356345,0.5542051531356345,0.5542051531356345,0.2459893048128342,0.2459893048128342,0.2459893048128342,0.5714285714285714,0.5714285714285714,0.5714285714285714
exact,extreme,50,full_convergence,0.0,0.0,0.0,1.0,1.0,1.0,0.0,0.0,0.0,,,,0.0,0.0,0.0,0.0,0.0,0.0,0.2939049991273033,0.2939049991273033,0.2939049991273033,,,,17.0,17,17,0.3300923618315572,0.3300923618315572,0.3300923618315572,0.4705882352941176,0.4705882352941176,0.4705882352941176,0.2352941176470588,0.2352941176470588,0.2352941176470588,0.5,0.5,0.5
exact,extreme,50,gmm_plugin_soft,0.4731832580586084,0.4731832580586084,0.4731832580586084,0.5135782773122494,0.5135782773122494,0.5135782773122494,0.3834171361188321,0.3834171361188321,0.3834171361188321,0.7096432991372562,0.7096432991372562,0.7096432991372562,0.6940347451390995,0.6940347451390995,0.6940347451390995,1.0,1.0,1.0,0.1927354996991048,0.1927354996991048,0.1927354996991048,,,,17.0,17,17,0.1098234463468487,0.1098234463468487,0.1098234463468487,0.3855152694026099,0.3855152694026099,0.3855152694026099,0.1304699517172772,0.1304699517172772,0.1304699517172772,0.6153846153846154,0.6153846153846154,0.6153846153846154
exact,extreme,50,hartigan_U,0.2009811208562509,0.2009811208562509,0.2009811208562509,0.8995094395718746,0.8995094395718746,0.8995094395718746,0.1004905604281254,0.1004905604281254,0.1004905604281254,0.5,0.5,0.5,0.0,0.0,0.0,0.0,0.0,0.0,0.3109210135981263,0.3109210135981263,0.3109210135981263,,,,17.0,17,17,0.3300923618315572,0.3300923618315572,0.3300923618315572,0.4705882352941176,0.4705882352941176,0.4705882352941176,0.2352941176470588,0.2352941176470588,0.2352941176470588,0.5,0.5,0.5
exact,extreme,50,majority,0.9530746741985036,0.9530746741985036,0.9530746741985036,0.5234626629007483,0.5234626629007483,0.5234626629007483,0.4765373370992517,0.4765373370992517,0.4765373370992517,0.5,0.5,0.5,0.0,0.0,0.0,0.0,0.0,0.0,0.4898338996471196,0.4898338996471196,0.4898338996471196,,,,17.0,17,17,0.5193488530337826,0.5193488530337826,0.5193488530337826,0.8235294117647058,0.8235294117647058,0.8235294117647058,0.4117647058823529,0.4117647058823529,0.4117647058823529,0.5,0.5,0.5
exact,extreme,50,markov,0.2011793270898369,0.2011793270898369,0.2011793270898369,0.8994103364550815,0.8994103364550815,0.8994103364550815,0.1005896635449185,0.1005896635449185,0.1005896635449185,0.5,0.5,0.5,0.0,0.0,0.0,0.0,0.0,0.0,0.3109259743596213,0.3109259743596213,0.3109259743596213,,,,17.0,17,17,0.3300923618315572,0.3300923618315572,0.3300923618315572,0.4705882352941176,0.4705882352941176,0.4705882352941176,0.2352941176470588,0.2352941176470588,0.2352941176470588,0.5,0.5,0.5
exact,extreme,50,markov_a0.5,0.4878846439720529,0.4878846439720529,0.4878846439720529,0.7560576780139735,0.7560576780139735,0.7560576780139735,0.2439423219860265,0.2439423219860265,0.2439423219860265,0.5,0.5,0.5,0.0,0.0,0.0,0.0,0.0,0.0,0.3785453377735382,0.3785453377735382,0.3785453377735382,,,,17.0,17,17,0.4346901769392828,0.4346901769392828,0.4346901769392828,0.7058823529411765,0.7058823529411765,0.7058823529411765,0.3529411764705882,0.3529411764705882,0.3529411764705882,0.5,0.5,0.5
exact,extreme,50,markov_a0.5_soft,0.3764016883692422,0.3764016883692422,0.3764016883692422,0.6418281034812565,0.6418281034812565,0.6418281034812565,0.1033030776280723,0.1033030776280723,0.1033030776280723,0.597294840744077,0.597294840744077,0.597294840744077,0.5137362534752068,0.5137362534752068,0.5137362534752068,1.0,1.0,1.0,0.2125017673620283,0.2125017673620283,0.2125017673620283,,,,17.0,17,17,0.2318105892000001,0.2318105892000001,0.2318105892000001,0.4212425999912411,0.4212425999912411,0.4212425999912411,0.2408444496679791,0.2408444496679791,0.2408444496679791,0.7196969696969697,0.7196969696969697,0.7196969696969697
exact,extreme,50,markov_pooled,0.2745156335166741,0.2745156335166741,0.2745156335166741,0.862742183241663,0.862742183241663,0.862742183241663,0.137257816758337,0.137257816758337,0.137257816758337,0.5,0.5,0.5,0.0,0.0,0.0,0.0,0.0,0.0,0.3284632583811287,0.3284632583811287,0.3284632583811287,,,,17.0,17,17,0.3300923618315572,0.3300923618315572,0.3300923618315572,0.4705882352941176,0.4705882352941176,0.4705882352941176,0.2352941176470588,0.2352941176470588,0.2352941176470588,0.5,0.5,0.5
exact,extreme,50,markov_pooled_soft,0.234390712244681,0.234390712244681,0.234390712244681,0.7448225407256238,0.7448225407256238,0.7448225407256238,0.0819012384040141,0.0819012384040141,0.0819012384040141,0.650628114472634,0.650628114472634,0.650628114472634,0.4344578787781979,0.4344578787781979,0.4344578787781979,0.9986621079232942,0.9986621079232942,0.9986621079232942,0.1876436019638328,0.1876436019638328,0.1876436019638328,,,,17.0,17,17,0.3300923618315572,0.3300923618315572,0.3300923618315572,0.4705882352941176,0.4705882352941176,0.4705882352941176,0.2352941176470588,0.2352941176470588,0.2352941176470588,0.5,0.5,0.5
exact,extreme,50,markov_soft,0.2004027948128273,0.2004027948128273,0.2004027948128273,0.8994689585858624,0.8994689585858624,0.8994689585858624,0.1001767739300421,0.1001767739300421,0.1001767739300421,0.5044310006939595,0.5044310006939595,0.5044310006939595,0.0009916662915055,0.0009916662915055,0.0009916662915055,0.0018829592190674,0.0018829592190674,0.0018829592190674,0.3104809563631564,0.3104809563631564,0.3104809563631564,,,,17.0,17,17,0.3300923618315572,0.3300923618315572,0.3300923618315572,0.4705882352941176,0.4705882352941176,0.4705882352941176,0.2352941176470588,0.2352941176470588,0.2352941176470588,0.5,0.5,0.5
exact,extreme,50,markov_w20,0.2017739457905951,0.2017739457905951,0.2017739457905951,0.8991130271047024,0.8991130271047024,0.8991130271047024,0.1008869728952975,0.1008869728952975,0.1008869728952975,0.5,0.5,0.5,0.0,0.0,0.0,0.0,0.0,0.0,0.3110338609171111,0.3110338609171111,0.3110338609171111,,,,17.0,17,17,0.3300923618315572,0.3300923618315572,0.3300923618315572,0.4705882352941176,0.4705882352941176,0.4705882352941176,0.2352941176470588,0.2352941176470588,0.2352941176470588,0.5,0.5,0.5
exact,extreme,50,markov_w5,0.20127843020663,0.20127843020663,0.20127843020663,0.899360784896685,0.899360784896685,0.899360784896685,0.1006392151033149,0.1006392151033149,0.1006392151033149,0.5,0.5,0.5,0.0,0.0,0.0,0.0,0.0,0.0,0.310968189926207,0.310968189926207,0.310968189926207,,,,17.0,17,17,0.3300923618315572,0.3300923618315572,0.3300923618315572,0.4705882352941176,0.4705882352941176,0.4705882352941176,0.2352941176470588,0.2352941176470588,0.2352941176470588,0.5,0.5,0.5
exact,extreme,50,model_posterior_oracle,0.2010164218592625,0.2010164218592625,0.2010164218592625,0.7060950008726966,0.7060950008726966,0.7060950008726966,0.2929340104255178,0.2929340104255178,0.2929340104255178,0.9644921666198262,0.9644921666198262,0.9644921666198262,0.5699056372017774,0.5699056372017774,0.5699056372017774,1.0,1.0,1.0,0.0,0.0,0.0,,,,17.0,17,17,0.1733909213654547,0.1733909213654547,0.1733909213654547,0.3948417924591524,0.3948417924591524,0.3948417924591524,0.1196812799220263,0.1196812799220263,0.1196812799220263,0.5576923076923077,0.5576923076923077,0.5576923076923077
exact,extreme,50,reassign_U,0.2010802239730439,0.2010802239730439,0.2010802239730439,0.899459888013478,0.899459888013478,0.899459888013478,0.100540111986522,0.100540111986522,0.100540111986522,0.5,0.5,0.5,0.0,0.0,0.0,0.0,0.0,0.0,0.3109239001091519,0.3109239001091519,0.3109239001091519,,,,17.0,17,17,0.3300923618315572,0.3300923618315572,0.3300923618315572,0.4705882352941176,0.4705882352941176,0.4705882352941176,0.2352941176470588,0.2352941176470588,0.2352941176470588,0.5,0.5,0.5
exact,extreme,50,stop,0.2011793270898369,0.2011793270898369,0.2011793270898369,0.8994103364550815,0.8994103364550815,0.8994103364550815,0.1005896635449185,0.1005896635449185,0.1005896635449185,0.5,0.5,0.5,0.0,0.0,0.0,0.0,0.0,0.0,0.3109345720687966,0.3109345720687966,0.3109345720687966,,,,17.0,17,17,0.3300923618315572,0.3300923618315572,0.3300923618315572,0.4705882352941176,0.4705882352941176,0.4705882352941176,0.2352941176470588,0.2352941176470588,0.2352941176470588,0.5,0.5,0.5
exact,extreme,50,switch_rule,0.201377533323423,0.201377533323423,0.201377533323423,0.8993112333382884,0.8993112333382884,0.8993112333382884,0.1006887666617115,0.1006887666617115,0.1006887666617115,0.5,0.5,0.5,0.0,0.0,0.0,0.0,0.0,0.0,0.3109575427669732,0.3109575427669732,0.3109575427669732,,,,17.0,17,17,0.3300923618315572,0.3300923618315572,0.3300923618315572,0.4705882352941176,0.4705882352941176,0.4705882352941176,0.2352941176470588,0.2352941176470588,0.2352941176470588,0.5,0.5,0.5
exact,extreme,50,switch_rule_soft,0.2004659484557318,0.2004659484557318,0.2004659484557318,0.8994418692649703,0.8994418692649703,0.8994418692649703,0.1002157745133813,0.1002157745133813,0.1002157745133813,0.5049739053105027,0.5049739053105027,0.5049739053105027,0.0009803350500256,0.0009803350500256,0.0009803350500256,0.0018829592190674,0.0018829592190674,0.0018829592190674,0.3105082638328053,0.3105082638328053,0.3105082638328053,,,,17.0,17,17,0.3300923618315572,0.3300923618315572,0.3300923618315572,0.4705882352941176,0.4705882352941176,0.4705882352941176,0.2352941176470588,0.2352941176470588,0.2352941176470588,0.5,0.5,0.5
exact,extreme,50,true_posterior_oracle,0.998674683953284,0.998674683953284,0.998674683953284,0.4999991831312841,0.4999991831312841,0.4999991831312841,0.4987837929075281,0.4987837929075281,0.4987837929075281,0.5831919472911316,0.5831919472911316,0.5831919472911316,0.0023008932211615,0.0023008932211615,0.0023008932211615,0.2470640701650067,0.2470640701650067,0.2470640701650067,0.4988018880973644,0.4988018880973644,0.4988018880973644,,,,17.0,17,17,0.0,0.0,0.0,0.3643447701069454,0.3643447701069454,0.3643447701069454,0.1185766194476304,0.1185766194476304,0.1185766194476304,0.6153846153846154,0.6153846153846154,0.6153846153846154
exact,extreme,60,active_set_U,0.2114084585731046,0.2114084585731046,0.2114084585731046,0.8942957707134477,0.8942957707134477,0.8942957707134477,0.1057042292865523,0.1057042292865523,0.1057042292865523,0.5,0.5,0.5,0.0,0.0,0.0,0.0,0.0,0.0,0.316547211019292,0.316547211019292,0.316547211019292,,,,26.0,26,26,0.3124186765143166,0.3124186765143166,0.3124186765143166,0.4615384615384615,0.4615384615384615,0.4615384615384615,0.2307692307692307,0.2307692307692307,0.2307692307692307,0.5,0.5,0.5
exact,extreme,60,fcm_soft,0.7622014986849363,0.7622014986849363,0.7622014986849363,0.1480318762979357,0.1480318762979357,0.1480318762979357,0.7461952288251069,0.7461952288251069,0.7461952288251069,0.4956604939355945,0.4956604939355945,0.4956604939355945,3.4914829606584057,3.4914829606584057,3.4914829606584057,1.0,1.0,1.0,0.7107893341734404,0.7107893341734404,0.7107893341734404,,,,26.0,26,26,0.8571156754715294,0.8571156754715294,0.8571156754715294,0.8901808405967132,0.8901808405967132,0.8901808405967132,0.6998316848990298,0.6998316848990298,0.6998316848990298,0.6583333333333333,0.6583333333333333,0.6583333333333333
exact,extreme,60,frequency_soft,0.6326822819872202,0.6326822819872202,0.6326822819872202,0.5017243218260035,0.5017243218260035,0.5017243218260035,0.222775269314182,0.222775269314182,0.222775269314182,0.4999129649650552,0.4999129649650552,0.4999129649650552,0.5420914273151162,0.5420914273151162,0.5420914273151162,1.0,1.0,1.0,0.2831498063958199,0.2831498063958199,0.2831498063958199,,,,26.0,26,26,0.3108427447663715,0.3108427447663715,0.3108427447663715,0.7380801017164653,0.7380801017164653,0.7380801017164653,0.2937062937062937,0.2937062937062937,0.2937062937062937,0.4515151515151515,0.4515151515151515,0.4515151515151515
exact,extreme,60,full_convergence,0.0,0.0,0.0,1.0,1.0,1.0,0.0,0.0,0.0,,,,0.0,0.0,0.0,0.0,0.0,0.0,0.3013058173303307,0.3013058173303307,0.3013058173303307,,,,26.0,26,26,0.3124186765143166,0.3124186765143166,0.3124186765143166,0.4615384615384615,0.4615384615384615,0.4615384615384615,0.2307692307692307,0.2307692307692307,0.2307692307692307,0.5,0.5,0.5
exact,extreme,60,gmm_plugin_soft,0.4755222911027019,0.4755222911027019,0.4755222911027019,0.5123486757620985,0.5123486757620985,0.5123486757620985,0.379482032389708,0.379482032389708,0.379482032389708,0.7165793341406583,0.7165793341406583,0.7165793341406583,0.694192753344208,0.694192753344208,0.694192753344208,1.0,1.0,1.0,0.1865299014582719,0.1865299014582719,0.1865299014582719,,,,26.0,26,26,0.1248036513768113,0.1248036513768113,0.1248036513768113,0.3759941999324425,0.3759941999324425,0.3759941999324425,0.1932117067082521,0.1932117067082521,0.1932117067082521,0.7583333333333333,0.7583333333333333,0.7583333333333333
exact,extreme,60,hartigan_U,0.2114084585731046,0.2114084585731046,0.2114084585731046,0.8942957707134477,0.8942957707134477,0.8942957707134477,0.1057042292865523,0.1057042292865523,0.1057042292865523,0.5,0.5,0.5,0.0,0.0,0.0,0.0,0.0,0.0,0.3165534511042365,0.3165534511042365,0.3165534511042365,,,,26.0,26,26,0.3124186765143166,0.3124186765143166,0.3124186765143166,0.4615384615384615,0.4615384615384615,0.4615384615384615,0.2307692307692307,0.2307692307692307,0.2307692307692307,0.5,0.5,0.5
exact,extreme,60,majority,0.9920107268562488,0.9920107268562488,0.9920107268562488,0.5039946365718755,0.5039946365718755,0.5039946365718755,0.4960053634281245,0.4960053634281245,0.4960053634281245,0.5,0.5,0.5,0.0,0.0,0.0,0.0,0.0,0.0,0.4959692800497128,0.4959692800497128,0.4959692800497128,,,,26.0,26,26,0.5253834870533329,0.5253834870533329,0.5253834870533329,1.1538461538461535,1.1538461538461535,1.1538461538461535,0.5769230769230769,0.5769230769230769,0.5769230769230769,0.5,0.5,0.5
exact,extreme,60,markov,0.2117436728308844,0.2117436728308844,0.2117436728308844,0.8941281635845578,0.8941281635845578,0.8941281635845578,0.1058718364154421,0.1058718364154421,0.1058718364154421,0.5,0.5,0.5,0.0,0.0,0.0,0.0,0.0,0.0,0.3165869420346549,0.3165869420346549,0.3165869420346549,,,,26.0,26,26,0.3124186765143166,0.3124186765143166,0.3124186765143166,0.4615384615384615,0.4615384615384615,0.4615384615384615,0.2307692307692307,0.2307692307692307,0.2307692307692307,0.5,0.5,0.5
exact,extreme,60,markov_a0.5,0.5249455276831108,0.5249455276831108,0.5249455276831108,0.7375272361584446,0.7375272361584446,0.7375272361584446,0.2624727638415554,0.2624727638415554,0.2624727638415554,0.5,0.5,0.5,0.0,0.0,0.0,0.0,0.0,0.0,0.3878869138190396,0.3878869138190396,0.3878869138190396,,,,26.0,26,26,0.3862370886473312,0.3862370886473312,0.3862370886473312,0.7692307692307693,0.7692307692307693,0.7692307692307693,0.3846153846153846,0.3846153846153846,0.3846153846153846,0.5,0.5,0.5
exact,extreme,60,markov_a0.5_soft,0.3957759328741702,0.3957759328741702,0.3957759328741702,0.6294498835906299,0.6294498835906299,0.6294498835906299,0.1073350257126008,0.1073350257126008,0.1073350257126008,0.5877694659008221,0.5877694659008221,0.5877694659008221,0.5201065222558615,0.5201065222558615,0.5201065222558615,1.0,1.0,1.0,0.2126223344593082,0.2126223344593082,0.2126223344593082,,,,26.0,26,26,0.2374414988937772,0.2374414988937772,0.2374414988937772,0.5691227601526077,0.5691227601526077,0.5691227601526077,0.1880902751095058,0.1880902751095058,0.1880902751095058,0.5375000000000001,0.5375000000000001,0.5375000000000001
exact,extreme,60,markov_pooled,0.2878373093468909,0.2878373093468909,0.2878373093468909,0.8560813453265546,0.8560813453265546,0.8560813453265546,0.1439186546734454,0.1439186546734454,0.1439186546734454,0.5,0.5,0.5,0.0,0.0,0.0,0.0,0.0,0.0,0.3336096125212492,0.3336096125212492,0.3336096125212492,,,,26.0,26,26,0.3124186765143166,0.3124186765143166,0.3124186765143166,0.4615384615384615,0.4615384615384615,0.4615384615384615,0.2307692307692307,0.2307692307692307,0.2307692307692307,0.5,0.5,0.5
exact,extreme,60,markov_pooled_soft,0.2456414511401507,0.2456414511401507,0.2456414511401507,0.7352073209171504,0.7352073209171504,0.7352073209171504,0.0822299579483727,0.0822299579483727,0.0822299579483727,0.6464597301867894,0.6464597301867894,0.6464597301867894,0.4440471425572778,0.4440471425572778,0.4440471425572778,0.9979887144533214,0.9979887144533214,0.9979887144533214,0.1855821460841202,0.1855821460841202,0.1855821460841202,,,,26.0,26,26,0.3113516512560657,0.3113516512560657,0.3113516512560657,0.4615976657693523,0.4615976657693523,0.4615976657693523,0.2297022055109798,0.2297022055109798,0.2297022055109798,0.475,0.475,0.475
exact,extreme,60,markov_soft,0.2107337431735319,0.2107337431735319,0.2107337431735319,0.8942284822836809,0.8942284822836809,0.8942284822836809,0.1051910526853261,0.1051910526853261,0.1051910526853261,0.5042997222027039,0.5042997222027039,0.5042997222027039,0.0012193609179889,0.0012193609179889,0.0012193609179889,0.0023464998044583,0.0023464998044583,0.0023464998044583,0.3159876843228395,0.3159876843228395,0.3159876843228395,,,,26.0,26,26,0.3124186765143166,0.3124186765143166,0.3124186765143166,0.4615384615384615,0.4615384615384615,0.4615384615384615,0.2307692307692307,0.2307692307692307,0.2307692307692307,0.5,0.5,0.5
exact,extreme,60,markov_w20,0.211296720487178,0.211296720487178,0.211296720487178,0.894351639756411,0.894351639756411,0.894351639756411,0.105648360243589,0.105648360243589,0.105648360243589,0.5,0.5,0.5,0.0,0.0,0.0,0.0,0.0,0.0,0.3166022674646955,0.3166022674646955,0.3166022674646955,,,,26.0,26,26,0.3124186765143166,0.3124186765143166,0.3124186765143166,0.4615384615384615,0.4615384615384615,0.4615384615384615,0.2307692307692307,0.2307692307692307,0.2307692307692307,0.5,0.5,0.5
exact,extreme,60,markov_w5,0.2120788870886641,0.2120788870886641,0.2120788870886641,0.893960556455668,0.893960556455668,0.893960556455668,0.106039443544332,0.106039443544332,0.106039443544332,0.5,0.5,0.5,0.0,0.0,0.0,0.0,0.0,0.0,0.3166137398943736,0.3166137398943736,0.3166137398943736,,,,26.0,26,26,0.3124186765143166,0.3124186765143166,0.3124186765143166,0.4615384615384615,0.4615384615384615,0.4615384615384615,0.2307692307692307,0.2307692307692307,0.2307692307692307,0.5,0.5,0.5
exact,extreme,60,model_posterior_oracle,0.2095294938489872,0.2095294938489872,0.2095294938489872,0.6986941826696693,0.6986941826696693,0.6986941826696693,0.2988589398496543,0.2988589398496543,0.2988589398496543,0.9778584895345828,0.9778584895345828,0.9778584895345828,0.5773511609023891,0.5773511609023891,0.5773511609023891,1.0,1.0,1.0,0.0,0.0,0.0,,,,26.0,26,26,0.1374837649839859,0.1374837649839859,0.1374837649839859,0.356651467299614,0.356651467299614,0.356651467299614,0.1204700102288408,0.1204700102288408,0.1204700102288408,0.7083333333333333,0.7083333333333333,0.7083333333333333
exact,extreme,60,reassign_U,0.2114084585731046,0.2114084585731046,0.2114084585731046,0.8942957707134477,0.8942957707134477,0.8942957707134477,0.1057042292865523,0.1057042292865523,0.1057042292865523,0.5,0.5,0.5,0.0,0.0,0.0,0.0,0.0,0.0,0.316547211019292,0.316547211019292,0.316547211019292,,,,26.0,26,26,0.3124186765143166,0.3124186765143166,0.3124186765143166,0.4615384615384615,0.4615384615384615,0.4615384615384615,0.2307692307692307,0.2307692307692307,0.2307692307692307,0.5,0.5,0.5
exact,extreme,60,stop,0.2120788870886641,0.2120788870886641,0.2120788870886641,0.893960556455668,0.893960556455668,0.893960556455668,0.106039443544332,0.106039443544332,0.106039443544332,0.5,0.5,0.5,0.0,0.0,0.0,0.0,0.0,0.0,0.3166137398943736,0.3166137398943736,0.3166137398943736,,,,26.0,26,26,0.3124186765143166,0.3124186765143166,0.3124186765143166,0.4615384615384615,0.4615384615384615,0.4615384615384615,0.2307692307692307,0.2307692307692307,0.2307692307692307,0.5,0.5,0.5
exact,extreme,60,switch_rule,0.2115201966590312,0.2115201966590312,0.2115201966590312,0.8942399016704844,0.8942399016704844,0.8942399016704844,0.1057600983295156,0.1057600983295156,0.1057600983295156,0.5,0.5,0.5,0.0,0.0,0.0,0.0,0.0,0.0,0.3165665712553442,0.3165665712553442,0.3165665712553442,,,,26.0,26,26,0.3124186765143166,0.3124186765143166,0.3124186765143166,0.4615384615384615,0.4615384615384615,0.4615384615384615,0.2307692307692307,0.2307692307692307,0.2307692307692307,0.5,0.5,0.5
exact,extreme,60,switch_rule_soft,0.2107149436761553,0.2107149436761553,0.2107149436761553,0.8942297436626729,0.8942297436626729,0.8942297436626729,0.1052420399311289,0.1052420399311289,0.1052420399311289,0.5040063390121995,0.5040063390121995,0.5040063390121995,0.001237567664203,0.001237567664203,0.001237567664203,0.0023464998044583,0.0023464998044583,0.0023464998044583,0.3159544806872665,0.3159544806872665,0.3159544806872665,,,,26.0,26,26,0.3124186765143166,0.3124186765143166,0.3124186765143166,0.4615384615384615,0.4615384615384615,0.4615384615384615,0.2307692307692307,0.2307692307692307,0.2307692307692307,0.5,0.5,0.5
exact,extreme,60,true_posterior_oracle,0.991750293857934,0.991750293857934,0.991750293857934,0.5033167294362991,0.5033167294362991,0.5033167294362991,0.4950709935656319,0.4950709935656319,0.4950709935656319,0.5494418558934577,0.5494418558934577,0.5494418558934577,0.0027165877764191,0.0027165877764191,0.0027165877764191,0.2345382423599083,0.2345382423599083,0.2345382423599083,0.4964089880996308,0.4964089880996308,0.4964089880996308,,,,26.0,26,26,0.0,0.0,0.0,0.320492572507213,0.320492572507213,0.320492572507213,0.1701218323121687,0.1701218323121687,0.1701218323121687,0.7749999999999999,0.7749999999999999,0.7749999999999999
exact,extreme,70,active_set_U,0.2206753373633754,0.2206753373633754,0.2206753373633754,0.8896623313183123,0.8896623313183123,0.8896623313183123,0.1103376686816877,0.1103376686816877,0.1103376686816877,0.5,0.5,0.5,0.0,0.0,0.0,0.0,0.0,0.0,0.3302566906596698,0.3302566906596698,0.3302566906596698,,,,18.0,18,18,0.3418199850047816,0.3418199850047816,0.3418199850047816,0.6666666666666666,0.6666666666666666,0.6666666666666666,0.3333333333333333,0.3333333333333333,0.3333333333333333,0.5,0.5,0.5
exact,extreme,70,fcm_soft,0.7647430143533519,0.7647430143533519,0.7647430143533519,0.1463430618139438,0.1463430618139438,0.1463430618139438,0.7432514562721474,0.7432514562721474,0.7432514562721474,0.4653657191452899,0.4653657191452899,0.4653657191452899,3.4981859913843243,3.4981859913843243,3.4981859913843243,1.0,1.0,1.0,0.712329628278026,0.712329628278026,0.712329628278026,,,,18.0,18,18,0.8524662154460705,0.8524662154460705,0.8524662154460705,0.8881975399464304,0.8881975399464304,0.8881975399464304,0.5960621959185852,0.5960621959185852,0.5960621959185852,0.3888888888888889,0.3888888888888889,0.3888888888888889
exact,extreme,70,frequency_soft,0.6189430147197971,0.6189430147197971,0.6189430147197971,0.5089676763976086,0.5089676763976086,0.5089676763976086,0.2111608852770237,0.2111608852770237,0.2111608852770237,0.5066118816103624,0.5066118816103624,0.5066118816103624,0.5412198897402463,0.5412198897402463,0.5412198897402463,1.0,1.0,1.0,0.2717585216368553,0.2717585216368553,0.2717585216368553,,,,18.0,18,18,0.3287098323646322,0.3287098323646322,0.3287098323646322,0.830119375573921,0.830119375573921,0.830119375573921,0.3636363636363636,0.3636363636363636,0.3636363636363636,0.3571428571428571,0.3571428571428571,0.3571428571428571
exact,extreme,70,full_convergence,0.0,0.0,0.0,1.0,1.0,1.0,0.0,0.0,0.0,,,,0.0,0.0,0.0,0.0,0.0,0.0,0.3133185962889693,0.3133185962889693,0.3133185962889693,,,,18.0,18,18,0.3418199850047816,0.3418199850047816,0.3418199850047816,0.6666666666666666,0.6666666666666666,0.6666666666666666,0.3333333333333333,0.3333333333333333,0.3333333333333333,0.5,0.5,0.5
exact,extreme,70,gmm_plugin_soft,0.47855565446086,0.47855565446086,0.47855565446086,0.5107032831981646,0.5107032831981646,0.5107032831981646,0.3764878183815756,0.3764878183815756,0.3764878183815756,0.6917147806266635,0.6917147806266635,0.6917147806266635,0.6946705849705729,0.6946705849705729,0.6946705849705729,1.0,1.0,1.0,0.1761478703044547,0.1761478703044547,0.1761478703044547,,,,18.0,18,18,0.1287927743401833,0.1287927743401833,0.1287927743401833,0.4556681530904026,0.4556681530904026,0.4556681530904026,0.0753882128606122,0.0753882128606122,0.0753882128606122,0.5972222222222222,0.5972222222222222,0.5972222222222222
exact,extreme,70,hartigan_U,0.2206753373633754,0.2206753373633754,0.2206753373633754,0.8896623313183123,0.8896623313183123,0.8896623313183123,0.1103376686816877,0.1103376686816877,0.1103376686816877,0.5,0.5,0.5,0.0,0.0,0.0,0.0,0.0,0.0,0.3302657920401717,0.3302657920401717,0.3302657920401717,,,,18.0,18,18,0.3418199850047816,0.3418199850047816,0.3418199850047816,0.6666666666666666,0.6666666666666666,0.6666666666666666,0.3333333333333333,0.3333333333333333,0.3333333333333333,0.5,0.5,0.5
exact,extreme,70,majority,0.9669658667643648,0.9669658667643648,0.9669658667643648,0.5165170666178177,0.5165170666178177,0.5165170666178177,0.4834829333821823,0.4834829333821823,0.4834829333821823,0.5,0.5,0.5,0.0,0.0,0.0,0.0,0.0,0.0,0.4893331486105623,0.4893331486105623,0.4893331486105623,,,,18.0,18,18,0.530022211956707,0.530022211956707,0.530022211956707,1.2222222222222223,1.2222222222222223,1.2222222222222223,0.6111111111111112,0.6111111111111112,0.6111111111111112,0.5,0.5,0.5
exact,extreme,70,markov,0.2215301947853697,0.2215301947853697,0.2215301947853697,0.8892349026073152,0.8892349026073152,0.8892349026073152,0.1107650973926848,0.1107650973926848,0.1107650973926848,0.5,0.5,0.5,0.0,0.0,0.0,0.0,0.0,0.0,0.3303021732092008,0.3303021732092008,0.3303021732092008,,,,18.0,18,18,0.3418199850047816,0.3418199850047816,0.3418199850047816,0.6666666666666666,0.6666666666666666,0.6666666666666666,0.3333333333333333,0.3333333333333333,0.3333333333333333,0.5,0.5,0.5
exact,extreme,70,markov_a0.5,0.5174329852842401,0.5174329852842401,0.5174329852842401,0.74128350735788,0.74128350735788,0.74128350735788,0.25871649264212,0.25871649264212,0.25871649264212,0.5,0.5,0.5,0.0,0.0,0.0,0.0,0.0,0.0,0.394027107615375,0.394027107615375,0.394027107615375,,,,18.0,18,18,0.4084258619334879,0.4084258619334879,0.4084258619334879,0.8888888888888888,0.8888888888888888,0.8888888888888888,0.4444444444444444,0.4444444444444444,0.4444444444444444,0.5,0.5,0.5
exact,extreme,70,markov_a0.5_soft,0.3937049001352122,0.3937049001352122,0.3937049001352122,0.6337437504023198,0.6337437504023198,0.6337437504023198,0.1061783072473436,0.1061783072473436,0.1061783072473436,0.5872862764002356,0.5872862764002356,0.5872862764002356,0.5124801641801278,0.5124801641801278,0.5124801641801278,1.0,1.0,1.0,0.2124141736848494,0.2124141736848494,0.2124141736848494,,,,18.0,18,18,0.2600901022873434,0.2600901022873434,0.2600901022873434,0.6743921042812775,0.6743921042812775,0.6743921042812775,0.2586413586413585,0.2586413586413585,0.2586413586413585,0.35625,0.35625,0.35625
exact,extreme,70,markov_pooled,0.2939488306771692,0.2939488306771692,0.2939488306771692,0.8530255846614154,0.8530255846614154,0.8530255846614154,0.1469744153385845,0.1469744153385845,0.1469744153385845,0.5,0.5,0.5,0.0,0.0,0.0,0.0,0.0,0.0,0.345136883406368,0.345136883406368,0.345136883406368,,,,18.0,18,18,0.3418199850047816,0.3418199850047816,0.3418199850047816,0.6666666666666666,0.6666666666666666,0.6666666666666666,0.3333333333333333,0.3333333333333333,0.3333333333333333,0.5,0.5,0.5
exact,extreme,70,markov_pooled_soft,0.2523710122051974,0.2523710122051974,0.2523710122051974,0.7356389694231885,0.7356389694231885,0.7356389694231885,0.0812452435418665,0.0812452435418665,0.0812452435418665,0.6185535120513154,0.6185535120513154,0.6185535120513154,0.4346328570163775,0.4346328570163775,0.4346328570163775,0.9980460401782988,0.9980460401782988,0.9980460401782988,0.1951014445163174,0.1951014445163174,0.1951014445163174,,,,18.0,18,18,0.3418199850047816,0.3418199850047816,0.3418199850047816,0.6666666666666666,0.6666666666666666,0.6666666666666666,0.3333333333333333,0.3333333333333333,0.3333333333333333,0.5,0.5,0.5
exact,extreme,70,markov_soft,0.2205771228310117,0.2205771228310117,0.2205771228310117,0.8890521155550304,0.8890521155550304,0.8890521155550304,0.1101284112312851,0.1101284112312851,0.1101284112312851,0.5055505623049862,0.5055505623049862,0.5055505623049862,0.0019280696012196,0.0019280696012196,0.0019280696012196,0.0033583684435488,0.0033583684435488,0.0033583684435488,0.3294362100349079,0.3294362100349079,0.3294362100349079,,,,18.0,18,18,0.3418199850047816,0.3418199850047816,0.3418199850047816,0.6666666666666666,0.6666666666666666,0.6666666666666666,0.3333333333333333,0.3333333333333333,0.3333333333333333,0.5,0.5,0.5
exact,extreme,70,markov_w20,0.2221408072296513,0.2221408072296513,0.2221408072296513,0.8889295963851743,0.8889295963851743,0.8889295963851743,0.1110704036148256,0.1110704036148256,0.1110704036148256,0.5,0.5,0.5,0.0,0.0,0.0,0.0,0.0,0.0,0.3303776667986484,0.3303776667986484,0.3303776667986484,,,,18.0,18,18,0.3418199850047816,0.3418199850047816,0.3418199850047816,0.6666666666666666,0.6666666666666666,0.6666666666666666,0.3333333333333333,0.3333333333333333,0.3333333333333333,0.5,0.5,0.5
exact,extreme,70,markov_w5,0.2212859498076571,0.2212859498076571,0.2212859498076571,0.8893570250961714,0.8893570250961714,0.8893570250961714,0.1106429749038285,0.1106429749038285,0.1106429749038285,0.5,0.5,0.5,0.0,0.0,0.0,0.0,0.0,0.0,0.3303072389666996,0.3303072389666996,0.3303072389666996,,,,18.0,18,18,0.3418199850047816,0.3418199850047816,0.3418199850047816,0.6666666666666666,0.6666666666666666,0.6666666666666666,0.3333333333333333,0.3333333333333333,0.3333333333333333,0.5,0.5,0.5
exact,extreme,70,model_posterior_oracle,0.2218807115909994,0.2218807115909994,0.2218807115909994,0.6866814037110306,0.6866814037110306,0.6866814037110306,0.3108389427527735,0.3108389427527735,0.3108389427527735,0.966866489928843,0.966866489928843,0.966866489928843,0.5910710900288295,0.5910710900288295,0.5910710900288295,1.0,1.0,1.0,0.0,0.0,0.0,,,,18.0,18,18,0.1590713895305068,0.1590713895305068,0.1590713895305068,0.4893572730587673,0.4893572730587673,0.4893572730587673,0.1588256345719335,0.1588256345719335,0.1588256345719335,0.5694444444444444,0.5694444444444444,0.5694444444444444
exact,extreme,70,reassign_U,0.2206753373633754,0.2206753373633754,0.2206753373633754,0.8896623313183123,0.8896623313183123,0.8896623313183123,0.1103376686816877,0.1103376686816877,0.1103376686816877,0.5,0.5,0.5,0.0,0.0,0.0,0.0,0.0,0.0,0.3302566906596698,0.3302566906596698,0.3302566906596698,,,,18.0,18,18,0.3418199850047816,0.3418199850047816,0.3418199850047816,0.6666666666666666,0.6666666666666666,0.6666666666666666,0.3333333333333333,0.3333333333333333,0.3333333333333333,0.5,0.5,0.5
exact,extreme,70,stop,0.2209195823410881,0.2209195823410881,0.2209195823410881,0.889540208829456,0.889540208829456,0.889540208829456,0.110459791170544,0.110459791170544,0.110459791170544,0.5,0.5,0.5,0.0,0.0,0.0,0.0,0.0,0.0,0.3302524550619908,0.3302524550619908,0.3302524550619908,,,,18.0,18,18,0.3418199850047816,0.3418199850047816,0.3418199850047816,0.6666666666666666,0.6666666666666666,0.6666666666666666,0.3333333333333333,0.3333333333333333,0.3333333333333333,0.5,0.5,0.5
exact,extreme,70,switch_rule,0.221652317274226,0.221652317274226,0.221652317274226,0.889173841362887,0.889173841362887,0.889173841362887,0.1108261586371129,0.1108261586371129,0.1108261586371129,0.5,0.5,0.5,0.0,0.0,0.0,0.0,0.0,0.0,0.3303368461722825,0.3303368461722825,0.3303368461722825,,,,18.0,18,18,0.3418199850047816,0.3418199850047816,0.3418199850047816,0.6666666666666666,0.6666666666666666,0.6666666666666666,0.3333333333333333,0.3333333333333333,0.3333333333333333,0.5,0.5,0.5
exact,extreme,70,switch_rule_soft,0.2205683540260302,0.2205683540260302,0.2205683540260302,0.8890628209184721,0.8890628209184721,0.8890628209184721,0.1100601175706506,0.1100601175706506,0.1100601175706506,0.5061646354544433,0.5061646354544433,0.5061646354544433,0.0019115527221046,0.0019115527221046,0.0019115527221046,0.0033583684435488,0.0033583684435488,0.0033583684435488,0.3294447851882581,0.3294447851882581,0.3294447851882581,,,,18.0,18,18,0.3418199850047816,0.3418199850047816,0.3418199850047816,0.6666666666666666,0.6666666666666666,0.6666666666666666,0.3333333333333333,0.3333333333333333,0.3333333333333333,0.5,0.5,0.5
exact,extreme,70,true_posterior_oracle,0.979972668960154,0.979972668960154,0.979972668960154,0.5091139668893635,0.5091139668893635,0.5091139668893635,0.4891235659738489,0.4891235659738489,0.4891235659738489,0.558247566952084,0.558247566952084,0.558247566952084,0.0030182435003646,0.0030182435003646,0.0030182435003646,0.2535262868657263,0.2535262868657263,0.2535262868657263,0.4959808774323613,0.4959808774323613,0.4959808774323613,,,,18.0,18,18,0.0,0.0,0.0,0.431920274047791,0.431920274047791,0.431920274047791,0.1063797513811411,0.1063797513811411,0.1063797513811411,0.625,0.625,0.625
exact,extreme,80,active_set_U,0.2285970416853429,0.2285970416853429,0.2285970416853429,0.8857014791573286,0.8857014791573286,0.8857014791573286,0.1142985208426714,0.1142985208426714,0.1142985208426714,0.5,0.5,0.5,0.0,0.0,0.0,0.0,0.0,0.0,0.3405907168436513,0.3405907168436513,0.3405907168436513,,,,17.0,17,17,0.3666784604043943,0.3666784604043943,0.3666784604043943,0.5882352941176471,0.5882352941176471,0.5882352941176471,0.2941176470588235,0.2941176470588235,0.2941176470588235,0.5,0.5,0.5
exact,extreme,80,fcm_soft,0.7657687767658203,0.7657687767658203,0.7657687767658203,0.1456878027597685,0.1456878027597685,0.1456878027597685,0.7399451238647119,0.7399451238647119,0.7399451238647119,0.4491462576933608,0.4491462576933608,0.4491462576933608,3.500593880745913,3.500593880745913,3.500593880745913,1.0,1.0,1.0,0.7128010131283096,0.7128010131283096,0.7128010131283096,,,,17.0,17,17,0.8541698741899354,0.8541698741899354,0.8541698741899354,0.890786054804235,0.890786054804235,0.890786054804235,0.6367406527370674,0.6367406527370674,0.6367406527370674,0.3833333333333333,0.3833333333333333,0.3833333333333333
exact,extreme,80,frequency_soft,0.6220123546230877,0.6220123546230877,0.6220123546230877,0.5060802039735254,0.5060802039735254,0.5060802039735254,0.2155052477777712,0.2155052477777712,0.2155052477777712,0.5082428693916485,0.5082428693916485,0.5082428693916485,0.5443890167842704,0.5443890167842704,0.5443890167842704,1.0,1.0,1.0,0.2687191670441015,0.2687191670441015,0.2687191670441015,,,,17.0,17,17,0.2880547676211207,0.2880547676211207,0.2880547676211207,0.7554691298006805,0.7554691298006805,0.7554691298006805,0.3689839572192513,0.3689839572192513,0.3689839572192513,0.5151515151515151,0.5151515151515151,0.5151515151515151
exact,extreme,80,full_convergence,0.0,0.0,0.0,1.0,1.0,1.0,0.0,0.0,0.0,,,,0.0,0.0,0.0,0.0,0.0,0.0,0.3224395456987498,0.3224395456987498,0.3224395456987498,,,,17.0,17,17,0.3666784604043943,0.3666784604043943,0.3666784604043943,0.5882352941176471,0.5882352941176471,0.5882352941176471,0.2941176470588235,0.2941176470588235,0.2941176470588235,0.5,0.5,0.5
exact,extreme,80,gmm_plugin_soft,0.4798301286644265,0.4798301286644265,0.4798301286644265,0.5100313692326929,0.5100313692326929,0.5100313692326929,0.3716928534042727,0.3716928534042727,0.3716928534042727,0.6942796164975507,0.6942796164975507,0.6942796164975507,0.6946873907969884,0.6946873907969884,0.6946873907969884,1.0,1.0,1.0,0.1676958163119656,0.1676958163119656,0.1676958163119656,,,,17.0,17,17,0.1551710764575349,0.1551710764575349,0.1551710764575349,0.4438478638035356,0.4438478638035356,0.4438478638035356,0.1414526888800059,0.1414526888800059,0.1414526888800059,0.6,0.6,0.6
exact,extreme,80,hartigan_U,0.2285970416853429,0.2285970416853429,0.2285970416853429,0.8857014791573286,0.8857014791573286,0.8857014791573286,0.1142985208426714,0.1142985208426714,0.1142985208426714,0.5,0.5,0.5,0.0,0.0,0.0,0.0,0.0,0.0,0.3405907168436513,0.3405907168436513,0.3405907168436513,,,,17.0,17,17,0.3666784604043943,0.3666784604043943,0.3666784604043943,0.5882352941176471,0.5882352941176471,0.5882352941176471,0.2941176470588235,0.2941176470588235,0.2941176470588235,0.5,0.5,0.5
exact,extreme,80,majority,0.9809822629186143,0.9809822629186143,0.9809822629186143,0.5095088685406929,0.5095088685406929,0.5095088685406929,0.4904911314593071,0.4904911314593071,0.4904911314593071,0.5,0.5,0.5,0.0,0.0,0.0,0.0,0.0,0.0,0.4939472496297247,0.4939472496297247,0.4939472496297247,,,,17.0,17,17,0.536017381971548,0.536017381971548,0.536017381971548,1.2941176470588236,1.2941176470588236,1.2941176470588236,0.6470588235294117,0.6470588235294117,0.6470588235294117,0.5,0.5,0.5
exact,extreme,80,markov,0.2278286482679131,0.2278286482679131,0.2278286482679131,0.8860856758660434,0.8860856758660434,0.8860856758660434,0.1139143241339566,0.1139143241339566,0.1139143241339566,0.5,0.5,0.5,0.0,0.0,0.0,0.0,0.0,0.0,0.3404361134650738,0.3404361134650738,0.3404361134650738,,,,17.0,17,17,0.3666784604043943,0.3666784604043943,0.3666784604043943,0.5882352941176471,0.5882352941176471,0.5882352941176471,0.2941176470588235,0.2941176470588235,0.2941176470588235,0.5,0.5,0.5
exact,extreme,80,markov_a0.5,0.5190497534737786,0.5190497534737786,0.5190497534737786,0.7404751232631107,0.7404751232631107,0.7404751232631107,0.2595248767368893,0.2595248767368893,0.2595248767368893,0.5,0.5,0.5,0.0,0.0,0.0,0.0,0.0,0.0,0.3985364587775207,0.3985364587775207,0.3985364587775207,,,,17.0,17,17,0.4337260844439921,0.4337260844439921,0.4337260844439921,0.8235294117647058,0.8235294117647058,0.8235294117647058,0.4117647058823529,0.4117647058823529,0.4117647058823529,0.5,0.5,0.5
exact,extreme,80,markov_a0.5_soft,0.392791013543202,0.392791013543202,0.392791013543202,0.6311620536148365,0.6311620536148365,0.6311620536148365,0.102791179542163,0.102791179542163,0.102791179542163,0.5889684321887121,0.5889684321887121,0.5889684321887121,0.5196550972565124,0.5196550972565124,0.5196550972565124,1.0,1.0,1.0,0.2094402532587065,0.2094402532587065,0.2094402532587065,,,,17.0,17,17,0.2557082145742279,0.2557082145742279,0.2557082145742279,0.6154952979712595,0.6154952979712595,0.6154952979712595,0.2852537168713639,0.2852537168713639,0.2852537168713639,0.4071428571428571,0.4071428571428571,0.4071428571428571
exact,extreme,80,markov_pooled,0.3027470064673113,0.3027470064673113,0.3027470064673113,0.8486264967663444,0.8486264967663444,0.8486264967663444,0.1513735032336556,0.1513735032336556,0.1513735032336556,0.5,0.5,0.5,0.0,0.0,0.0,0.0,0.0,0.0,0.3550499324644175,0.3550499324644175,0.3550499324644175,,,,17.0,17,17,0.3666784604043943,0.3666784604043943,0.3666784604043943,0.5882352941176471,0.5882352941176471,0.5882352941176471,0.2941176470588235,0.2941176470588235,0.2941176470588235,0.5,0.5,0.5
exact,extreme,80,markov_pooled_soft,0.2515197884493927,0.2515197884493927,0.2515197884493927,0.7329371495332149,0.7329371495332149,0.7329371495332149,0.0771094093069766,0.0771094093069766,0.0771094093069766,0.6463504639565055,0.6463504639565055,0.6463504639565055,0.4426328377531008,0.4426328377531008,0.4426328377531008,0.9985272459499264,0.9985272459499264,0.9985272459499264,0.1951348062044794,0.1951348062044794,0.1951348062044794,,,,17.0,17,17,0.366678460404394,0.366678460404394,0.366678460404394,0.5883152960357764,0.5883152960357764,0.5883152960357764,0.2925836986920129,0.2925836986920129,0.2925836986920129,0.4583333333333333,0.4583333333333333,0.4583333333333333
exact,extreme,80,markov_soft,0.2261769361933822,0.2261769361933822,0.2261769361933822,0.8862309780003168,0.8862309780003168,0.8862309780003168,0.1127071773251088,0.1127071773251088,0.1127071773251088,0.5066223517586632,0.5066223517586632,0.5066223517586632,0.0019913768091136,0.0019913768091136,0.0019913768091136,0.0034577703784337,0.0034577703784337,0.0034577703784337,0.3394551620817301,0.3394551620817301,0.3394551620817301,,,,17.0,17,17,0.3666784604043943,0.3666784604043943,0.3666784604043943,0.5882352941176471,0.5882352941176471,0.5882352941176471,0.2941176470588235,0.2941176470588235,0.2941176470588235,0.5,0.5,0.5
exact,extreme,80,markov_w20,0.2302618940897739,0.2302618940897739,0.2302618940897739,0.884869052955113,0.884869052955113,0.884869052955113,0.115130947044887,0.115130947044887,0.115130947044887,0.5,0.5,0.5,0.0,0.0,0.0,0.0,0.0,0.0,0.3406668934819167,0.3406668934819167,0.3406668934819167,,,,17.0,17,17,0.3666784604043943,0.3666784604043943,0.3666784604043943,0.5882352941176471,0.5882352941176471,0.5882352941176471,0.2941176470588235,0.2941176470588235,0.2941176470588235,0.5,0.5,0.5
exact,extreme,80,markov_w5,0.2277005826983415,0.2277005826983415,0.2277005826983415,0.8861497086508292,0.8861497086508292,0.8861497086508292,0.1138502913491708,0.1138502913491708,0.1138502913491708,0.5,0.5,0.5,0.0,0.0,0.0,0.0,0.0,0.0,0.3404139072395393,0.3404139072395393,0.3404139072395393,,,,17.0,17,17,0.3666784604043943,0.3666784604043943,0.3666784604043943,0.5882352941176471,0.5882352941176471,0.5882352941176471,0.2941176470588235,0.2941176470588235,0.2941176470588235,0.5,0.5,0.5
exact,extreme,80,model_posterior_oracle,0.2320982861927909,0.2320982861927909,0.2320982861927909,0.6775604543012502,0.6775604543012502,0.6775604543012502,0.3211706059120571,0.3211706059120571,0.3211706059120571,0.962844563319044,0.962844563319044,0.962844563319044,0.6001913990615617,0.6001913990615617,0.6001913990615617,1.0,1.0,1.0,0.0,0.0,0.0,,,,17.0,17,17,0.184205137054365,0.184205137054365,0.184205137054365,0.4432403279019611,0.4432403279019611,0.4432403279019611,0.1118347357779162,0.1118347357779162,0.1118347357779162,0.6666666666666667,0.6666666666666667,0.6666666666666667
exact,extreme,80,reassign_U,0.2285970416853429,0.2285970416853429,0.2285970416853429,0.8857014791573286,0.8857014791573286,0.8857014791573286,0.1142985208426714,0.1142985208426714,0.1142985208426714,0.5,0.5,0.5,0.0,0.0,0.0,0.0,0.0,0.0,0.3405907168436513,0.3405907168436513,0.3405907168436513,,,,17.0,17,17,0.3666784604043943,0.3666784604043943,0.3666784604043943,0.5882352941176471,0.5882352941176471,0.5882352941176471,0.2941176470588235,0.2941176470588235,0.2941176470588235,0.5,0.5,0.5
exact,extreme,80,stop,0.228212844976628,0.228212844976628,0.228212844976628,0.885893577511686,0.885893577511686,0.885893577511686,0.114106422488314,0.114106422488314,0.114106422488314,0.5,0.5,0.5,0.0,0.0,0.0,0.0,0.0,0.0,0.3405181084994356,0.3405181084994356,0.3405181084994356,,,,17.0,17,17,0.3666784604043943,0.3666784604043943,0.3666784604043943,0.5882352941176471,0.5882352941176471,0.5882352941176471,0.2941176470588235,0.2941176470588235,0.2941176470588235,0.5,0.5,0.5
exact,extreme,80,switch_rule,0.2277005826983415,0.2277005826983415,0.2277005826983415,0.8861497086508292,0.8861497086508292,0.8861497086508292,0.1138502913491708,0.1138502913491708,0.1138502913491708,0.5,0.5,0.5,0.0,0.0,0.0,0.0,0.0,0.0,0.3404333418812283,0.3404333418812283,0.3404333418812283,,,,17.0,17,17,0.3666784604043943,0.3666784604043943,0.3666784604043943,0.5882352941176471,0.5882352941176471,0.5882352941176471,0.2941176470588235,0.2941176470588235,0.2941176470588235,0.5,0.5,0.5
exact,extreme,80,switch_rule_soft,0.226164854256619,0.226164854256619,0.226164854256619,0.886213741435615,0.886213741435615,0.886213741435615,0.1127268070342924,0.1127268070342924,0.1127268070342924,0.5069354543341956,0.5069354543341956,0.5069354543341956,0.0020439899229532,0.0020439899229532,0.0020439899229532,0.0034577703784337,0.0034577703784337,0.0034577703784337,0.3394216879380949,0.3394216879380949,0.3394216879380949,,,,17.0,17,17,0.3666784604043943,0.3666784604043943,0.3666784604043943,0.5882352941176471,0.5882352941176471,0.5882352941176471,0.2941176470588235,0.2941176470588235,0.2941176470588235,0.5,0.5,0.5
exact,extreme,80,true_posterior_oracle,1.0012244281528866,1.0012244281528866,1.0012244281528866,0.4985655739828799,0.4985655739828799,0.4985655739828799,0.5000860432581604,0.5000860432581604,0.5000860432581604,0.5779677027267942,0.5779677027267942,0.5779677027267942,0.0027993190966662,0.0027993190966662,0.0027993190966662,0.2673368764807581,0.2673368764807581,0.2673368764807581,0.5001512756179411,0.5001512756179411,0.5001512756179411,,,,17.0,17,17,0.0,0.0,0.0,0.3901017795565116,0.3901017795565116,0.3901017795565116,0.2073191488593768,0.2073191488593768,0.2073191488593768,0.5384615384615384,0.5384615384615384,0.5384615384615384
exact,extreme,90,active_set_U,0.2466337821623783,0.2466337821623783,0.2466337821623783,0.8766831089188108,0.8766831089188108,0.8766831089188108,0.1233168910811891,0.1233168910811891,0.1233168910811891,0.5,0.5,0.5,0.0,0.0,0.0,0.0,0.0,0.0,0.3525616202624358,0.3525616202624358,0.3525616202624358,,,,20.0,20,20,0.3301695748232137,0.3301695748232137,0.3301695748232137,0.8,0.8,0.8,0.4,0.4,0.4,0.5,0.5,0.5
exact,extreme,90,fcm_soft,0.7673443153568349,0.7673443153568349,0.7673443153568349,0.1445992243293502,0.1445992243293502,0.1445992243293502,0.732151446871943,0.732151446871943,0.732151446871943,0.4813626391853547,0.4813626391853547,0.4813626391853547,3.505130118411857,3.505130118411857,3.505130118411857,1.0,1.0,1.0,0.71391974997463,0.71391974997463,0.71391974997463,,,,20.0,20,20,0.8626003462096217,0.8626003462096217,0.8626003462096217,0.8920366078642419,0.8920366078642419,0.8920366078642419,0.5313303514991352,0.5313303514991352,0.5313303514991352,0.5833333333333333,0.5833333333333333,0.5833333333333333
exact,extreme,90,frequency_soft,0.6400182455011508,0.6400182455011508,0.6400182455011508,0.4977033365248269,0.4977033365248269,0.4977033365248269,0.229842081661839,0.229842081661839,0.229842081661839,0.4976450969301185,0.4976450969301185,0.4976450969301185,0.5428875110643496,0.5428875110643496,0.5428875110643496,1.0,1.0,1.0,0.2689814415395657,0.2689814415395657,0.2689814415395657,,,,20.0,20,20,0.2667759360009464,0.2667759360009464,0.2667759360009464,0.6768595041322313,0.6768595041322313,0.6768595041322313,0.3045454545454544,0.3045454545454544,0.3045454545454544,0.5757575757575757,0.5757575757575757,0.5757575757575757
exact,extreme,90,full_convergence,0.0,0.0,0.0,1.0,1.0,1.0,0.0,0.0,0.0,,,,0.0,0.0,0.0,0.0,0.0,0.0,0.3344843432430351,0.3344843432430351,0.3344843432430351,,,,20.0,20,20,0.3301695748232137,0.3301695748232137,0.3301695748232137,0.8,0.8,0.8,0.4,0.4,0.4,0.5,0.5,0.5
exact,extreme,90,gmm_plugin_soft,0.4811921271169043,0.4811921271169043,0.4811921271169043,0.5093521730992268,0.5093521730992268,0.5093521730992268,0.3629609613219966,0.3629609613219966,0.3629609613219966,0.7001460925840285,0.7001460925840285,0.7001460925840285,0.6946597537013874,0.6946597537013874,0.6946597537013874,1.0,1.0,1.0,0.1563484813274567,0.1563484813274567,0.1563484813274567,,,,20.0,20,20,0.1349106588311757,0.1349106588311757,0.1349106588311757,0.5267370598583576,0.5267370598583576,0.5267370598583576,0.1054602406251684,0.1054602406251684,0.1054602406251684,0.5625,0.5625,0.5625
exact,extreme,90,hartigan_U,0.2466337821623783,0.2466337821623783,0.2466337821623783,0.8766831089188108,0.8766831089188108,0.8766831089188108,0.1233168910811891,0.1233168910811891,0.1233168910811891,0.5,0.5,0.5,0.0,0.0,0.0,0.0,0.0,0.0,0.3525452733358624,0.3525452733358624,0.3525452733358624,,,,20.0,20,20,0.3301695748232137,0.3301695748232137,0.3301695748232137,0.8,0.8,0.8,0.4,0.4,0.4,0.5,0.5,0.5
exact,extreme,90,majority,1.0073323556859086,1.0073323556859086,1.0073323556859086,0.4963338221570457,0.4963338221570457,0.4963338221570457,0.5036661778429543,0.5036661778429543,0.5036661778429543,0.5,0.5,0.5,0.0,0.0,0.0,0.0,0.0,0.0,0.5000380653745725,0.5000380653745725,0.5000380653745725,,,,20.0,20,20,0.5054536859111586,0.5054536859111586,0.5054536859111586,1.1,1.1,1.1,0.55,0.55,0.55,0.5,0.5,0.5
exact,extreme,90,markov,0.2459672043727503,0.2459672043727503,0.2459672043727503,0.8770163978136248,0.8770163978136248,0.8770163978136248,0.1229836021863751,0.1229836021863751,0.1229836021863751,0.5,0.5,0.5,0.0,0.0,0.0,0.0,0.0,0.0,0.3525607559547623,0.3525607559547623,0.3525607559547623,,,,20.0,20,20,0.3301695748232137,0.3301695748232137,0.3301695748232137,0.8,0.8,0.8,0.4,0.4,0.4,0.5,0.5,0.5
exact,extreme,90,markov_a0.5,0.5495267297693641,0.5495267297693641,0.5495267297693641,0.725236635115318,0.725236635115318,0.725236635115318,0.274763364884682,0.274763364884682,0.274763364884682,0.5,0.5,0.5,0.0,0.0,0.0,0.0,0.0,0.0,0.4106032627598767,0.4106032627598767,0.4106032627598767,,,,20.0,20,20,0.3818729011835122,0.3818729011835122,0.3818729011835122,0.9,0.9,0.9,0.4499999999999999,0.4499999999999999,0.4499999999999999,0.5,0.5,0.5
exact,extreme,90,markov_a0.5_soft,0.4117827152744024,0.4117827152744024,0.4117827152744024,0.6206992190189358,0.6206992190189358,0.6206992190189358,0.1086677603222136,0.1086677603222136,0.1086677603222136,0.573105117001313,0.573105117001313,0.573105117001313,0.5218985727279716,0.5218985727279716,0.5218985727279716,1.0,1.0,1.0,0.2137908107602638,0.2137908107602638,0.2137908107602638,,,,20.0,20,20,0.2148286615447069,0.2148286615447069,0.2148286615447069,0.6457401666608866,0.6457401666608866,0.6457401666608866,0.2145598151848151,0.2145598151848151,0.2145598151848151,0.5454545454545454,0.5454545454545454,0.5454545454545454
exact,extreme,90,markov_pooled,0.3234235435275296,0.3234235435275296,0.3234235435275296,0.8382882282362352,0.8382882282362352,0.8382882282362352,0.1617117717637648,0.1617117717637648,0.1617117717637648,0.5,0.5,0.5,0.0,0.0,0.0,0.0,0.0,0.0,0.3674772014966907,0.3674772014966907,0.3674772014966907,,,,20.0,20,20,0.3301695748232137,0.3301695748232137,0.3301695748232137,0.8,0.8,0.8,0.4,0.4,0.4,0.5,0.5,0.5
exact,extreme,90,markov_pooled_soft,0.2685317391379381,0.2685317391379381,0.2685317391379381,0.7228822661912535,0.7228822661912535,0.7228822661912535,0.079200423344083,0.079200423344083,0.079200423344083,0.6285466474306128,0.6285466474306128,0.6285466474306128,0.4462825395341988,0.4462825395341988,0.4462825395341988,0.9995333955472604,0.9995333955472604,0.9995333955472604,0.2018455319747939,0.2018455319747939,0.2018455319747939,,,,20.0,20,20,0.3147844198781726,0.3147844198781726,0.3147844198781726,0.7527290752221838,0.7527290752221838,0.7527290752221838,0.3588145323164433,0.3588145323164433,0.3588145323164433,0.5572916666666666,0.5572916666666666,0.5572916666666666
exact,extreme,90,markov_soft,0.2446548689621978,0.2446548689621978,0.2446548689621978,0.8769351436162528,0.8769351436162528,0.8769351436162528,0.1220436853503425,0.1220436853503425,0.1220436853503425,0.5058312236234773,0.5058312236234773,0.5058312236234773,0.0021753087966866,0.0021753087966866,0.0021753087966866,0.0038661511798426,0.0038661511798426,0.0038661511798426,0.3515450524751182,0.3515450524751182,0.3515450524751182,,,,20.0,20,20,0.3301695748232137,0.3301695748232137,0.3301695748232137,0.8,0.8,0.8,0.4,0.4,0.4,0.5,0.5,0.5
exact,extreme,90,markov_w20,0.2462338354886015,0.2462338354886015,0.2462338354886015,0.8768830822556992,0.8768830822556992,0.8768830822556992,0.1231169177443007,0.1231169177443007,0.1231169177443007,0.5,0.5,0.5,0.0,0.0,0.0,0.0,0.0,0.0,0.3527666264266366,0.3527666264266366,0.3527666264266366,,,,20.0,20,20,0.3301695748232137,0.3301695748232137,0.3301695748232137,0.8,0.8,0.8,0.4,0.4,0.4,0.5,0.5,0.5
exact,extreme,90,markov_w5,0.2458338888148246,0.2458338888148246,0.2458338888148246,0.8770830555925877,0.8770830555925877,0.8770830555925877,0.1229169444074123,0.1229169444074123,0.1229169444074123,0.5,0.5,0.5,0.0,0.0,0.0,0.0,0.0,0.0,0.3524770960075029,0.3524770960075029,0.3524770960075029,,,,20.0,20,20,0.3301695748232137,0.3301695748232137,0.3301695748232137,0.8,0.8,0.8,0.4,0.4,0.4,0.5,0.5,0.5
exact,extreme,90,model_posterior_oracle,0.2468388848132501,0.2468388848132501,0.2468388848132501,0.6655156567569648,0.6655156567569648,0.6655156567569648,0.3320941418340843,0.3320941418340843,0.3320941418340843,0.9358593618731236,0.9358593618731236,0.9358593618731236,0.6107204054783731,0.6107204054783731,0.6107204054783731,1.0,1.0,1.0,0.0,0.0,0.0,,,,20.0,20,20,0.1507316147510354,0.1507316147510354,0.1507316147510354,0.5834678154961964,0.5834678154961964,0.5834678154961964,0.1000665267499734,0.1000665267499734,0.1000665267499734,0.4895833333333333,0.4895833333333333,0.4895833333333333
exact,extreme,90,reassign_U,0.2463671510465271,0.2463671510465271,0.2463671510465271,0.8768164244767365,0.8768164244767365,0.8768164244767365,0.1231835755232635,0.1231835755232635,0.1231835755232635,0.5,0.5,0.5,0.0,0.0,0.0,0.0,0.0,0.0,0.3525164206445964,0.3525164206445964,0.3525164206445964,,,,20.0,20,20,0.3301695748232137,0.3301695748232137,0.3301695748232137,0.8,0.8,0.8,0.4,0.4,0.4,0.5,0.5,0.5
exact,extreme,90,stop,0.2455672576989734,0.2455672576989734,0.2455672576989734,0.8772163711505133,0.8772163711505133,0.8772163711505133,0.1227836288494866,0.1227836288494866,0.1227836288494866,0.5,0.5,0.5,0.0,0.0,0.0,0.0,0.0,0.0,0.3524407278083535,0.3524407278083535,0.3524407278083535,,,,20.0,20,20,0.3301695748232137,0.3301695748232137,0.3301695748232137,0.8,0.8,0.8,0.4,0.4,0.4,0.5,0.5,0.5
exact,extreme,90,switch_rule,0.2461005199306759,0.2461005199306759,0.2461005199306759,0.8769497400346621,0.8769497400346621,0.8769497400346621,0.1230502599653379,0.1230502599653379,0.1230502599653379,0.5,0.5,0.5,0.0,0.0,0.0,0.0,0.0,0.0,0.3525875593115709,0.3525875593115709,0.3525875593115709,,,,20.0,20,20,0.3301695748232137,0.3301695748232137,0.3301695748232137,0.8,0.8,0.8,0.4,0.4,0.4,0.5,0.5,0.5
exact,extreme,90,switch_rule_soft,0.2446318452305533,0.2446318452305533,0.2446318452305533,0.8769315606403995,0.8769315606403995,0.8769315606403995,0.1218928385306202,0.1218928385306202,0.1218928385306202,0.5061371220987784,0.5061371220987784,0.5061371220987784,0.0022078997859027,0.0022078997859027,0.0022078997859027,0.0038661511798426,0.0038661511798426,0.0038661511798426,0.3515083267469389,0.3515083267469389,0.3515083267469389,,,,20.0,20,20,0.3301695748232137,0.3301695748232137,0.3301695748232137,0.8,0.8,0.8,0.4,0.4,0.4,0.5,0.5,0.5
exact,extreme,90,true_posterior_oracle,0.9831808121848168,0.9831808121848168,0.9831808121848168,0.5074877378877141,0.5074877378877141,0.5074877378877141,0.4908432949297409,0.4908432949297409,0.4908432949297409,0.58049831797701,0.58049831797701,0.58049831797701,0.0030447594403345,0.0030447594403345,0.0030447594403345,0.2884948673510198,0.2884948673510198,0.2884948673510198,0.496902690944119,0.496902690944119,0.496902690944119,,,,20.0,20,20,0.0,0.0,0.0,0.5004501723706706,0.5004501723706706,0.5004501723706706,0.1042690158194531,0.1042690158194531,0.1042690158194531,0.5208333333333334,0.5208333333333334,0.5208333333333334
exact,highdim,10,active_set_U,0.01486,0.00751,0.02221,0.99257,0.988895,0.996245,0.0074299999999999505,0.0037549999999999,0.011105,0.5,0.5,0.5,0.0,0.0,0.0,0.0,0.0,0.0,0.0122159661544324,0.0093721648768123,0.0150597674320525,,,,177417.5,164480,190355,0.0019838752322429666,7.872959137093312e-05,0.003889020873115,0.00425461777998855,0.0001459143968871,0.00836332116309,0.0021273088899942897,7.295719844357951e-05,0.004181660581545,0.5,0.5,0.5
exact,highdim,10,fcm_soft,0.9546007262778556,0.9469403837064236,0.9622610688492876,0.032862263907523,0.028965027145763,0.036759500669283,0.9393943970131691,0.9268575834011284,0.9519312106252096,0.5790711564976425,0.4098210253649037,0.7483212876303813,3.904846664457822,3.9021539309589537,3.907539397956691,1.0,1.0,1.0,0.965486859193752,0.961565944940052,0.969407773447452,,,,177417.5,164480,190355,0.9663253078115047,0.9624998455398158,0.9701507700831936,0.9538205978454108,0.9454737319347486,0.9621674637560732,0.9439325248150587,0.9254356916293708,0.9624293580007466,0.9090715711976711,0.8202033202617561,0.9979398221335862
exact,highdim,10,frequency_soft,0.0978660330578512,0.0636827272727272,0.1320493388429752,0.8237781818181817,0.7961163636363635,0.8514399999999999,0.11745363636363645,0.1124240909090909,0.122483181818182,0.8145311435944185,0.7889794334598687,0.8400828537289683,0.4518537356418052,0.4146488388588226,0.4890586324247878,1.0,1.0,1.0,0.1716073127037649,0.1413095116916777,0.2019051137158521,,,,177417.5,164480,190355,0.16641943660340436,0.1303093581464736,0.2025295150603351,0.08596519375626474,0.0391471645174775,0.132783222995052,0.123801322244527,0.1174193671632667,0.1301832773257873,0.7784134665667273,0.7105624903730006,0.8462644427604541
exact,highdim,10,full_convergence,0.0,0.0,0.0,1.0,1.0,1.0,0.0,0.0,0.0,,,,0.0,0.0,0.0,0.0,0.0,0.0,0.00950324438393205,0.008170689985356,0.0108357987825081,,,,177417.5,164480,190355,0.0019827473306646666,7.872959137093312e-05,0.0038867650699584,0.0042493644375494,0.0001459143968871,0.0083528144782117,0.00212468221877469,7.295719844357951e-05,0.0041764072391058,0.5,0.5,0.5
exact,highdim,10,gmm_plugin_soft,0.0467282511493515,0.0162541883732729,0.0772023139254301,0.9665254842570401,0.9502295962519236,0.9828213722621566,0.01596713676884745,0.003077667318736,0.0288566062189589,0.917730634860815,0.8469874167287876,0.9884738529928424,0.03173055476332235,0.026402442085312,0.0370586674413327,0.4728225,0.123285,0.82236,0.02574036534132435,0.0083007990718637,0.043179931610785,,,,177417.5,164480,190355,0.021719408404326346,7.609629642269078e-05,0.04336272051223,0.03940213019503295,0.0001083936227469,0.078695866767319,0.017032678157811267,2.965739361992782e-05,0.0340356989220026,0.9300086817096014,0.86004555331296,0.9999718101062428
exact,highdim,10,hartigan_U,0.01466,0.00726,0.02206,0.9926699999999999,0.98897,0.99637,0.007329999999999949,0.00363,0.0110299999999999,0.5,0.5,0.5,0.0,0.0,0.0,0.0,0.0,0.0,0.01216391695455905,0.0093094731102089,0.0150183607989092,,,,177417.5,164480,190355,0.0019838079079751666,7.872959137093312e-05,0.0038888862245794,0.0042441110951103,0.0001459143968871,0.0083423077933335,0.0021220555475551395,7.295719844357951e-05,0.0041711538966667,0.5,0.5,0.5
exact,highdim,10,majority,0.073825,0.03571,0.11194,0.9630875000000001,0.94403,0.982145,0.036912499999999904,0.0178549999999999,0.0559699999999999,0.5,0.5,0.5,0.0,0.0,0.0,0.0,0.0,0.0,0.0398230480286701,0.0192745386287231,0.0603715574286171,,,,177417.5,164480,190355,0.028121006385236916,7.872959137093312e-05,0.0561632831791029,0.056467588282470754,0.0001459143968871,0.1127892621680544,0.02823379414123539,7.295719844357951e-05,0.0563946310840272,0.5,0.5,0.5
exact,highdim,10,markov,0.0577,0.02449,0.09091,0.97115,0.954545,0.987755,0.028849999999999952,0.0122449999999999,0.045455,0.5,0.5,0.5,0.0,0.0,0.0,0.0,0.0,0.0,0.03300537429332285,0.015785226012389,0.0502255225742567,,,,177417.5,164480,190355,0.023005846165715316,7.872959137093312e-05,0.0459329627400597,0.0462288238686124,0.0001459143968871,0.0923117333403377,0.02311441193430624,7.295719844357951e-05,0.0461558666701689,0.5,0.5,0.5
exact,highdim,10,markov_a0.5,0.060515,0.02814,0.09289,0.9697425,0.953555,0.98593,0.03025749999999995,0.01407,0.0464449999999999,0.5,0.5,0.5,0.0,0.0,0.0,0.0,0.0,0.0,0.033986144498134196,0.0169233458085195,0.0510489431877489,,,,177417.5,164480,190355,0.023329543455113816,7.872959137093312e-05,0.0465803573188567,0.0468854916735033,0.0001459143968871,0.0936250689501195,0.02344274583675164,7.295719844357951e-05,0.0468125344750597,0.5,0.5,0.5
exact,highdim,10,markov_a0.5_soft,0.08252134652676316,0.0490427387079896,0.1159999543455367,0.8527142530888943,0.8249025112519565,0.880525994925832,0.09742748200633766,0.0972374165872563,0.097617547425419,0.7932792866704956,0.7859755882301953,0.8005829851107958,0.3949296393002046,0.3548437957481971,0.4350154828522121,1.0,1.0,1.0,0.14351646768317605,0.1134746124419224,0.1735583229244297,,,,177417.5,164480,190355,0.137498413538913,0.1014437705120162,0.1735530565658098,0.07157330086735755,0.0265745432977656,0.1165720584369495,0.09946074060790275,0.0976051373060296,0.1013163439097759,0.7826091600348288,0.7576529578195556,0.8075653622501022
exact,highdim,10,markov_pooled,0.058785000000000004,0.02568,0.09189,0.9706075000000001,0.954055,0.98716,0.02939249999999995,0.0128399999999999,0.045945,0.5,0.5,0.5,0.0,0.0,0.0,0.0,0.0,0.0,0.03337018170340005,0.016157587794977,0.0505827756118231,,,,177417.5,164480,190355,0.023071922711025466,7.872959137093312e-05,0.04606511583068,0.046360157429590605,0.0001459143968871,0.0925744004622941,0.02318007871479529,7.295719844357951e-05,0.046287200231147,0.5,0.5,0.5
exact,highdim,10,markov_pooled_soft,0.05532632899434755,0.0219016448562583,0.0887510131324368,0.9626372340539555,0.9454894509648072,0.979785017143104,0.0211528134953865,0.0044232021827995,0.0378824248079735,0.8598981891206681,0.7600213649286566,0.9597750133126794,0.040347724616491,0.0372182601520423,0.0434771890809397,0.9902625,0.980815,0.99971,0.036915551446619496,0.0174437805248309,0.0563873223684081,,,,177417.5,164480,190355,0.0287557201132999,0.0045552221799281,0.0529562180466717,0.045590812550879156,0.0010719551080556,0.0901096699937027,0.02148819184347675,0.0044193892681293,0.0385569944188242,0.7522576920855857,0.7443213370787427,0.7601940470924287
exact,highdim,10,markov_soft,0.056242775632888355,0.023015256739114,0.0894702945266627,0.9683207537238088,0.9513014000615396,0.985340107386078,0.0254476601523476,0.009561031798267,0.0413342885064282,0.5924805550542,0.5472526207252313,0.6377084893831688,0.01151533900247275,0.0102295134060248,0.0128011645989207,0.024745,0.022385,0.027105,0.03409975167044075,0.0162383684364921,0.0519611349043894,,,,177417.5,164480,190355,0.0248431500517982,0.0015599025586977,0.0481263975448987,0.0458526896685902,0.0006436248193107,0.0910617545178697,0.02202472355369805,0.0014243631345209,0.0426250839728752,0.6429794242352307,0.5403333063183912,0.7456255421520701
exact,highdim,10,markov_w20,0.0577,0.02449,0.09091,0.97115,0.954545,0.987755,0.028849999999999952,0.0122449999999999,0.045455,0.5,0.5,0.5,0.0,0.0,0.0,0.0,0.0,0.0,0.03300537429332285,0.015785226012389,0.0502255225742567,,,,177417.5,164480,190355,0.023005846165715316,7.872959137093312e-05,0.0459329627400597,0.0462288238686124,0.0001459143968871,0.0923117333403377,0.02311441193430624,7.295719844357951e-05,0.0461558666701689,0.5,0.5,0.5
exact,highdim,10,markov_w5,0.0562,0.02331,0.08909,0.9719,0.955455,0.988345,0.0280999999999999,0.0116549999999999,0.0445449999999999,0.5,0.5,0.5,0.0,0.0,0.0,0.0,0.0,0.0,0.0324512979755615,0.0154184460869489,0.0494841498641741,,,,177417.5,164480,190355,0.022785113335804366,7.872959137093312e-05,0.0454914970802378,0.0457770364188475,0.0001459143968871,0.0914081584408079,0.02288851820942374,7.295719844357951e-05,0.0457040792204039,0.5,0.5,0.5
exact,highdim,10,model_posterior_oracle,0.005782028090788149,0.0047148785931899,0.0068491775883864,0.990496755616068,0.989164201217492,0.9918293100146438,0.00921591875187445,0.0076370295579294,0.0107948079458195,0.9952002636542909,0.9936304913529118,0.99677003595567,0.0213046807241852,0.0201525715372842,0.0224567899110862,0.4575125,0.12311,0.791915,0.0,0.0,0.0,,,,177417.5,164480,190355,0.0007736145501643016,7.609740110300317e-05,0.0014711316992256,0.0032319590101535997,0.0001083937564816,0.0063555242638256,0.000373562653722816,2.9660872792631896e-05,0.000717464434653,0.9972634951328132,0.9945551801593836,0.9999718101062428
exact,highdim,10,reassign_U,0.05536,0.02261,0.08811,0.9723200000000001,0.955945,0.988695,0.02767999999999995,0.011305,0.0440549999999999,0.5,0.5,0.5,0.0,0.0,0.0,0.0,0.0,0.0,0.03215310806469445,0.0152058856104309,0.049100330518958,,,,177417.5,164480,190355,0.022645174005348215,7.872959137093312e-05,0.0452116184193255,0.04549335592713465,0.0001459143968871,0.0908407974573822,0.02274667796356729,7.295719844357951e-05,0.045420398728691,0.5,0.5,0.5
exact,highdim,10,stop,0.05611000000000001,0.02321,0.08901,0.9719450000000001,0.955495,0.988395,0.02805499999999995,0.0116049999999999,0.044505,0.5,0.5,0.5,0.0,0.0,0.0,0.0,0.0,0.0,0.032438990257858,0.0153893515205458,0.0494886289951702,,,,177417.5,164480,190355,0.022804746537759865,7.872959137093312e-05,0.0455307634841488,0.045813809815921404,0.0001459143968871,0.0914817052349557,0.022906904907960688,7.295719844357951e-05,0.0457408526174778,0.5,0.5,0.5
exact,highdim,10,true_posterior_oracle,0.1430061672591933,0.0431317915133561,0.2428805430050305,0.9274226076597367,0.8785552507371583,0.976289964582315,0.0715852298960533,0.0217320806389325,0.1214383791531741,0.4789485524200846,0.4602213424741669,0.4976757623660023,0.004231153138175085,1.9399199356369352e-05,0.0084429070769938,0.394235,0.02957,0.7589,0.07054748954892144,0.0217659952173201,0.1193289838805228,,,,177417.5,164480,190355,0.0,0.0,0.0,0.0023670150571349973,2.002615624594477e-06,0.0047320274986454,0.00016867996958521951,5.780526652639038e-06,0.0003315794125178,0.994459945329348,0.994459945329348,0.994459945329348
exact,highdim,20,active_set_U,0.3946713741523573,0.3593331605770061,0.4300095877277085,0.8026643129238213,0.7849952061361457,0.820333419711497,0.19733568707617866,0.179666580288503,0.2150047938638543,0.5,0.5,0.5,0.0,0.0,0.0,0.0,0.0,0.0,0.2857517969182895,0.2392450292762568,0.3322585645603222,,,,3729.0,0,7458,0.1956807494843252,0.1956807494843252,0.1956807494843252,0.3912577098417806,0.3912577098417806,0.3912577098417806,0.1956288549208903,0.1956288549208903,0.1956288549208903,0.5,0.5,0.5
exact,highdim,20,fcm_soft,0.9535655098751998,0.9440983700196116,0.9630326497307882,0.03349381790564025,0.0286109557283738,0.0383766800829067,0.7673052503880082,0.7458626179471589,0.7887478828288574,0.5860718754218672,0.5150665580005434,0.6570771928431911,3.9002845689017294,3.894429055454983,3.906140082348476,1.0,1.0,1.0,0.9411607926961704,0.9236083355645264,0.9587132498278144,,,,3729.0,0,7458,0.969974537995112,0.969974537995112,0.969974537995112,0.9648859740082452,0.9648859740082452,0.9648859740082452,0.772219110648875,0.772219110648875,0.772219110648875,0.7206754270625592,0.7206754270625592,0.7206754270625592
exact,highdim,20,frequency_soft,0.6234267552291739,0.5828110266792389,0.6640424837791089,0.5076268519196321,0.4890181943822783,0.5262355094569858,0.21486392585809785,0.1809901507888084,0.2487377009273873,0.5076704186174991,0.4898255354571766,0.5255153017778216,0.5392166943344396,0.5353178805430963,0.5431155081257829,1.0,1.0,1.0,0.36157320422967654,0.2807539868333761,0.4423924216259769,,,,3729.0,0,7458,0.541427156340363,0.541427156340363,0.541427156340363,0.7375783727718197,0.7375783727718197,0.7375783727718197,0.3017504083473512,0.3017504083473512,0.3017504083473512,0.4529136521364524,0.4529136521364524,0.4529136521364524
exact,highdim,20,full_convergence,0.0,0.0,0.0,1.0,1.0,1.0,0.0,0.0,0.0,,,,0.0,0.0,0.0,0.0,0.0,0.0,0.18526748887780176,0.1062908645602734,0.2642441131953301,,,,3729.0,0,7458,0.0135119871268247,0.0135119871268247,0.0135119871268247,0.026012335746849,0.026012335746849,0.026012335746849,0.0130061678734244,0.0130061678734244,0.0130061678734244,0.5,0.5,0.5
exact,highdim,20,gmm_plugin_soft,0.3467101402519471,0.3048017519702961,0.3886185285335981,0.6030518101559036,0.5706523259577981,0.635451294354009,0.1819841070823518,0.1803174238777894,0.1836507902869142,0.7249005389982656,0.6778663758715977,0.7719347021249334,0.6448389556786401,0.6273642063024044,0.6623137050548759,1.0,1.0,1.0,0.2200848902602125,0.1760149155016601,0.2641548650187649,,,,3729.0,0,7458,0.3288618837966912,0.3288618837966912,0.3288618837966912,0.2782755428338824,0.2782755428338824,0.2782755428338824,0.1400774161570406,0.1400774161570406,0.1400774161570406,0.8297079541122965,0.8297079541122965,0.8297079541122965
exact,highdim,20,hartigan_U,0.39222473130221247,0.3558780340329964,0.4285714285714285,0.8038876343488937,0.7857142857142857,0.8220609829835017,0.19611236565110624,0.1779390170164982,0.2142857142857143,0.5,0.5,0.5,0.0,0.0,0.0,0.0,0.0,0.0,0.28486771720361964,0.2379430336579101,0.3317924007493292,,,,3729.0,0,7458,0.1939702553158147,0.1939702553158147,0.1939702553158147,0.3877715205148833,0.3877715205148833,0.3877715205148833,0.1938857602574416,0.1938857602574416,0.1938857602574416,0.5,0.5,0.5
exact,highdim,20,majority,0.9700301106162242,0.9093959731543624,1.030664248078086,0.5149849446918879,0.484667875960957,0.5453020134228188,0.48501505530811206,0.4546979865771812,0.5153321240390429,0.5,0.5,0.5,0.0,0.0,0.0,0.0,0.0,0.0,0.49843231940001487,0.4699139986074294,0.5269506401926003,,,,3729.0,0,7458,0.5652527250604701,0.5652527250604701,0.5652527250604701,1.131670689192813,1.131670689192813,1.131670689192813,0.5658353445964066,0.5658353445964066,0.5658353445964066,0.5,0.5,0.5
exact,highdim,20,markov,0.42038597954038365,0.3973395525611125,0.4434324065196548,0.7898070102298081,0.7782837967401726,0.8013302237194437,0.2101929897701918,0.1986697762805562,0.2217162032598274,0.5,0.5,0.5,0.0,0.0,0.0,0.0,0.0,0.0,0.29576500030113473,0.2564904056518637,0.3350395949504057,,,,3729.0,0,7458,0.2209029235680022,0.2209029235680022,0.2209029235680022,0.4424778761061947,0.4424778761061947,0.4424778761061947,0.2212389380530973,0.2212389380530973,0.2212389380530973,0.5,0.5,0.5
exact,highdim,20,markov_a0.5,0.6537332447688001,0.6181687440076702,0.6892977455299301,0.6731333776155999,0.655351127235035,0.6909156279961649,0.3268666223844,0.3090843720038351,0.344648872764965,0.5,0.5,0.5,0.0,0.0,0.0,0.0,0.0,0.0,0.38518578764272393,0.3834729435680228,0.3868986317174251,,,,3729.0,0,7458,0.3985671620462599,0.3985671620462599,0.3985671620462599,0.798605524269241,0.798605524269241,0.798605524269241,0.3993027621346205,0.3993027621346205,0.3993027621346205,0.5,0.5,0.5
exact,highdim,20,markov_a0.5_soft,0.46875418753763964,0.4469081485018536,0.4906002265734256,0.597954201605395,0.5844095330272754,0.6114988701835147,0.13111479994800468,0.112200081871142,0.1500295180248674,0.5707630258741568,0.5634697731340141,0.5780562786142995,0.5082640493946203,0.5020313308180954,0.5144967679711453,1.0,1.0,1.0,0.2989410521911904,0.2333491215017195,0.3645329828806612,,,,3729.0,0,7458,0.4486002766175745,0.4486002766175745,0.4486002766175745,0.5576738829411714,0.5576738829411714,0.5576738829411714,0.2031647105335977,0.2031647105335977,0.2031647105335977,0.5236746903871436,0.5236746903871436,0.5236746903871436
exact,highdim,20,markov_pooled,0.4399824974486143,0.3957847456163082,0.4841802492809204,0.7800087512756928,0.7579098753595398,0.8021076271918459,0.2199912487243071,0.197892372808154,0.2420901246404602,0.5,0.5,0.5,0.0,0.0,0.0,0.0,0.0,0.0,0.29912504048891675,0.2521539087860237,0.3460961721918098,,,,3729.0,0,7458,0.2083368253225189,0.2083368253225189,0.2083368253225189,0.4172700455886297,0.4172700455886297,0.4172700455886297,0.2086350227943147,0.2086350227943147,0.2086350227943147,0.5,0.5,0.5
exact,highdim,20,markov_pooled_soft,0.35061422169284545,0.3205466223108362,0.3806818210748547,0.7023132727449612,0.6774506007674396,0.727175944722483,0.08476030987216296,0.0822570639358853,0.0872635558084406,0.5939631705524072,0.5679909084361946,0.6199354326686198,0.3905139162448841,0.3609131184062512,0.4201147140835169,0.9581497797356828,0.9162995594713657,1.0,0.23438466447022926,0.2226141632115335,0.246155165728925,,,,3729.0,0,7458,0.2698264343096495,0.2698264343096495,0.2698264343096495,0.334226200075193,0.334226200075193,0.334226200075193,0.1049480832747374,0.1049480832747374,0.1049480832747374,0.6457888877370662,0.6457888877370662,0.6457888877370662
exact,highdim,20,markov_soft,0.41116622778142703,0.3875957325300349,0.4347367230328192,0.7888082442044839,0.7777586959753786,0.7998577924335893,0.20381638061393542,0.1917698475637897,0.2158629136640811,0.5294294169487405,0.5245854279261378,0.5342734059713431,0.0164583837275246,0.0143336432725815,0.0185831241824677,0.0286070419652945,0.0251677852348993,0.0320462986956897,0.29261733467833406,0.2557690313097909,0.3294656380468773,,,,3729.0,0,7458,0.2230010043118497,0.2230010043118497,0.2230010043118497,0.4327084929027683,0.4327084929027683,0.4327084929027683,0.2143889282098549,0.2143889282098549,0.2143889282098549,0.5191002586589977,0.5191002586589977,0.5191002586589977
exact,highdim,20,markov_w20,0.7277243925391461,0.5647171620325983,0.8907316230456941,0.6361378037304268,0.554634188477153,0.7176414189837008,0.36386219626957306,0.2823585810162992,0.445365811522847,0.5,0.5,0.5,0.0,0.0,0.0,0.0,0.0,0.0,0.41853138865690764,0.3706740615931838,0.4663887157206315,,,,3729.0,0,7458,0.4831506555626447,0.4831506555626447,0.4831506555626447,0.9670152855993563,0.9670152855993563,0.9670152855993563,0.4835076427996782,0.4835076427996782,0.4835076427996782,0.5,0.5,0.5
exact,highdim,20,markov_w5,0.41257207876794094,0.3881834672194869,0.436960690316395,0.7937139606160295,0.7815196548418025,0.8059082663902566,0.2062860393839704,0.1940917336097434,0.2184803451581974,0.5,0.5,0.5,0.0,0.0,0.0,0.0,0.0,0.0,0.29339190126446235,0.253215191673144,0.3335686108557807,,,,3729.0,0,7458,0.2168885845760039,0.2168885845760039,0.2168885845760039,0.4341646554035934,0.4341646554035934,0.4341646554035934,0.2170823277017967,0.2170823277017967,0.2170823277017967,0.5,0.5,0.5
exact,highdim,20,model_posterior_oracle,0.12114297105835875,0.0697267086354444,0.1725592334812731,0.8147325111221981,0.73575588680467,0.8937091354397264,0.18460047327776014,0.1053172266221565,0.2638837199333638,0.960032229085986,0.9206239434455202,0.9994405147264516,0.37461509704949525,0.2173274010425522,0.5319027930564383,0.9733955256111255,0.946791051222251,1.0,0.0,0.0,0.0,,,,3729.0,0,7458,0.003873850293735,0.003873850293735,0.003873850293735,0.0179160253345922,0.0179160253345922,0.0179160253345922,0.0010039541110383,0.0010039541110383,0.0010039541110383,0.9896376275613392,0.9896376275613392,0.9896376275613392
exact,highdim,20,reassign_U,0.39832731129290555,0.3652068757018226,0.4314477468839885,0.8008363443535472,0.7842761265580057,0.8173965621490887,0.19916365564645272,0.1826034378509112,0.2157238734419942,0.5,0.5,0.5,0.0,0.0,0.0,0.0,0.0,0.0,0.2872628559502371,0.242101740044755,0.3324239718557192,,,,3729.0,0,7458,0.2000414002320451,0.2000414002320451,0.2000414002320451,0.4001072673639045,0.4001072673639045,0.4001072673639045,0.2000536336819522,0.2000536336819522,0.2000536336819522,0.5,0.5,0.5
exact,highdim,20,stop,0.4112904334486064,0.3849010970026777,0.437679769894535,0.7943547832756968,0.7811601150527325,0.8075494514986611,0.20564521672430314,0.1924505485013389,0.2188398849472674,0.5,0.5,0.5,0.0,0.0,0.0,0.0,0.0,0.0,0.29256139688933686,0.2515177368175932,0.3336050569610805,,,,3729.0,0,7458,0.2143446402742963,0.2143446402742963,0.2143446402742963,0.4290694556181282,0.4290694556181282,0.4290694556181282,0.2145347278090641,0.2145347278090641,0.2145347278090641,0.5,0.5,0.5
exact,highdim,20,true_posterior_oracle,0.721299196232517,0.3845926530341065,1.0580057394309277,0.6367696530782433,0.4709971233928379,0.8025421827636486,0.3615413957101134,0.1940799219939533,0.5290028694262735,0.32146301986554787,0.1744731296635452,0.4684529100675505,0.009583784611647238,7.734403927284697e-08,0.0191674918792552,0.3812407291509573,0.0071907957813998,0.7552906625205148,0.35096117135087457,0.1863662017914455,0.5155561409103037,,,,3729.0,0,7458,0.0,0.0,0.0,0.0140877616161487,0.0140877616161487,0.0140877616161487,0.0020693319157186,0.0020693319157186,0.0020693319157186,0.9894150344495592,0.9894150344495592,0.9894150344495592
exact,highdim,30,active_set_U,0.21490651177455775,0.0094091978317935,0.420403825717322,0.8925467441127211,0.789798087141339,0.9952954010841032,0.10745325588727886,0.0047045989158968,0.2102019128586609,0.5,0.5,0.5,0.0,0.0,0.0,0.0,0.0,0.0,0.18792339655076096,0.022508923334399,0.3533378697671229,,,,28117.5,0,56235,0.0103319463781281,0.0103319463781281,0.0103319463781281,0.0211256335022672,0.0211256335022672,0.0211256335022672,0.0105628167511336,0.0105628167511336,0.0105628167511336,0.5,0.5,0.5
exact,highdim,30,fcm_soft,0.9531027800409941,0.9440334057149063,0.962172154367082,0.03371067185736065,0.0290081185015932,0.0384132252131281,0.858726861213361,0.7511496268728592,0.9663040955538628,0.3995579957415922,0.2947542040258383,0.5043617874573461,3.9009363713384078,3.894270103434649,3.907602639242167,1.0,1.0,1.0,0.9453537660532693,0.9233356884324642,0.9673718436740744,,,,28117.5,0,56235,0.9689903184293542,0.9689903184293542,0.9689903184293542,0.9622473590625792,0.9622473590625792,0.9622473590625792,0.9604570044571163,0.9604570044571163,0.9604570044571163,0.9666739826873542,0.9666739826873542,0.9666739826873542
exact,highdim,30,frequency_soft,0.46115398435910027,0.3545384954130302,0.5677694733051704,0.5636841886104946,0.5348275528934402,0.5925408243275492,0.2410786530343329,0.1693169742053906,0.3128403318632752,0.5745682543521995,0.5351807228915663,0.6139557858128326,0.5959545818288812,0.5406018427647983,0.6513073208929642,1.0,1.0,1.0,0.3282828547142588,0.2581185572064733,0.3984471522220442,,,,28117.5,0,56235,0.4050721642459675,0.4050721642459675,0.4050721642459675,0.3560116306497159,0.3560116306497159,0.3560116306497159,0.3283784766846917,0.3283784766846917,0.3283784766846917,0.6748897006321435,0.6748897006321435,0.6748897006321435
exact,highdim,30,full_convergence,0.0,0.0,0.0,1.0,1.0,1.0,0.0,0.0,0.0,,,,0.0,0.0,0.0,0.0,0.0,0.0,0.1590339481695382,0.021788757846592,0.2962791384924844,,,,28117.5,0,56235,0.0103319463781281,0.0103319463781281,0.0103319463781281,0.0211256335022672,0.0211256335022672,0.0211256335022672,0.0105628167511336,0.0105628167511336,0.0105628167511336,0.5,0.5,0.5
exact,highdim,30,gmm_plugin_soft,0.21971594905482794,0.0209230664168698,0.4185088316927861,0.7603482483176703,0.5474419298120243,0.9732545668233163,0.1221150856026915,0.0202711847740645,0.2239589864313185,0.8277212993233898,0.6676679203441023,0.9877746783026772,0.3662805659315078,0.0529870276885319,0.6795741041744837,0.9104080728190094,0.8208161456380186,1.0,0.0830737073359867,0.005064371077214,0.1610830435947594,,,,28117.5,0,56235,0.0032702729931139,0.0032702729931139,0.0032702729931139,0.0153218809980738,0.0153218809980738,0.0153218809980738,0.0011318863616117,0.0011318863616117,0.0011318863616117,0.9909135907397292,0.9909135907397292,0.9909135907397292
exact,highdim,30,hartigan_U,0.21432802123789946,0.0091023761633654,0.4195536663124335,0.8928359893810502,0.7902231668437832,0.9954488119183172,0.1071640106189497,0.0045511880816827,0.2097768331562167,0.5,0.5,0.5,0.0,0.0,0.0,0.0,0.0,0.0,0.1877157947354228,0.0224789049307645,0.3529526845400811,,,,28117.5,0,56235,0.0103328200945805,0.0103328200945805,0.0103328200945805,0.0210900684627011,0.0210900684627011,0.0210900684627011,0.0105450342313505,0.0105450342313505,0.0105450342313505,0.5,0.5,0.5
exact,highdim,30,majority,0.5220892943438554,0.1621382061159786,0.8820403825717322,0.7389553528280723,0.5589798087141339,0.9189308969420108,0.2610446471719277,0.0810691030579893,0.4410201912858661,0.5,0.5,0.5,0.0,0.0,0.0,0.0,0.0,0.0,0.27530594097721295,0.0871256117043044,0.4634862702501215,,,,28117.5,0,56235,0.0704968857820035,0.0704968857820035,0.0704968857820035,0.141228772117009,0.141228772117009,0.141228772117009,0.0706143860585044,0.0706143860585044,0.0706143860585044,0.5,0.5,0.5
exact,highdim,30,markov,0.21665796752907254,0.0095114717212695,0.4238044633368756,0.8916710162354637,0.7880977683315622,0.9952442641393652,0.1083289837645363,0.0047557358606348,0.2119022316684378,0.5,0.5,0.5,0.0,0.0,0.0,0.0,0.0,0.0,0.18811723745438236,0.0225606536076161,0.3536738213011486,,,,28117.5,0,56235,0.0103319463781281,0.0103319463781281,0.0103319463781281,0.0211256335022672,0.0211256335022672,0.0211256335022672,0.0105628167511336,0.0105628167511336,0.0105628167511336,0.5,0.5,0.5
exact,highdim,30,markov_a0.5,0.301683461551267,0.0171820134319708,0.5861849096705632,0.8491582692243664,0.7069075451647184,0.9914089932840146,0.15084173077563345,0.0085910067159854,0.2930924548352815,0.5,0.5,0.5,0.0,0.0,0.0,0.0,0.0,0.0,0.2087668501607368,0.0242921633117671,0.3932415370097065,,,,28117.5,0,56235,0.0103377021061253,0.0103377021061253,0.0103377021061253,0.0210900684627011,0.0210900684627011,0.0210900684627011,0.0105450342313505,0.0105450342313505,0.0105450342313505,0.5,0.5,0.5
exact,highdim,30,markov_a0.5_soft,0.2724347522649187,0.1159111390147376,0.4289583655150998,0.6964118365796856,0.6215556124865139,0.7712680606728575,0.15970021101858506,0.1031656488639115,0.2162347731732586,0.5959879979277534,0.5827625707666365,0.6092134250888701,0.5111025446373566,0.4993690647380524,0.5228360245366608,1.0,1.0,1.0,0.22166809223861605,0.2201035642390367,0.2232326202381954,,,,28117.5,0,56235,0.2249617877776993,0.2249617877776993,0.2249617877776993,0.1197721183087085,0.1197721183087085,0.1197721183087085,0.2133049561405195,0.2133049561405195,0.2133049561405195,0.7049798016710904,0.7049798016710904,0.7049798016710904
exact,highdim,30,markov_pooled,0.23740482921872635,0.0118978624757099,0.4629117959617428,0.8812975853906369,0.7685441020191286,0.994051068762145,0.1187024146093632,0.005948931237855,0.2314558979808714,0.5,0.5,0.5,0.0,0.0,0.0,0.0,0.0,0.0,0.19377162787105226,0.0231423876892669,0.3644008680528376,,,,28117.5,0,56235,0.0104649112210888,0.0104649112210888,0.0104649112210888,0.0214457188583622,0.0214457188583622,0.0214457188583622,0.0107228594291811,0.0107228594291811,0.0107228594291811,0.5,0.5,0.5
exact,highdim,30,markov_pooled_soft,0.18722751957767336,0.0117832759608924,0.3626717631944543,0.8362936347750145,0.6870870419409719,0.9855002276090572,0.041860413592989,0.0057712210442213,0.0779496061417567,0.7820594834363734,0.583976201069423,0.9801427658033238,0.22383218392860935,0.0292627235650591,0.4184016442921596,0.9998124978692939,0.999624995738588,1.0,0.1199740401926872,0.0189627519964595,0.2209853283889149,,,,28117.5,0,56235,0.0118245615552949,0.0118245615552949,0.0118245615552949,0.0210901057947316,0.0210901057947316,0.0210901057947316,0.0074636733827166,0.0074636733827166,0.0074636733827166,0.8815076872134392,0.8815076872134392,0.8815076872134392
exact,highdim,30,markov_soft,0.21235987442075266,0.0100082547011329,0.4147114941403724,0.8906006449042547,0.7878040456761467,0.9933972441323629,0.10493556680942011,0.0051175408549956,0.2047535927638446,0.5409700727458968,0.5192500370583162,0.5626901084334774,0.0096092863254294,0.0049835179253485,0.0142350547255103,0.0176921637803849,0.0105171649677837,0.0248671625929861,0.18530204361450325,0.0228516316516739,0.3477524555773326,,,,28117.5,0,56235,0.0109381980602626,0.0109381980602626,0.0109381980602626,0.0212774665798833,0.0212774665798833,0.0212774665798833,0.0099072577669223,0.0099072577669223,0.0099072577669223,0.5645943762120232,0.5645943762120232,0.5645943762120232
exact,highdim,30,markov_w20,0.2370659776722658,0.0265230286707803,0.4476089266737513,0.8814670111638672,0.7761955366631244,0.98673848566461,0.11853298883613285,0.0132615143353901,0.2238044633368756,0.5,0.5,0.5,0.0,0.0,0.0,0.0,0.0,0.0,0.19506605212942607,0.0301825288647589,0.3599495753940932,,,,28117.5,0,56235,0.0177812731833091,0.0177812731833091,0.0177812731833091,0.036062950120032,0.036062950120032,0.036062950120032,0.018031475060016,0.018031475060016,0.018031475060016,0.5,0.5,0.5
exact,highdim,30,markov_w5,0.21460874368210564,0.0092387413493335,0.4199787460148778,0.8926956281589471,0.7900106269925611,0.9953806293253332,0.10730437184105279,0.0046193706746667,0.2099893730074389,0.5,0.5,0.5,0.0,0.0,0.0,0.0,0.0,0.0,0.1878728142962878,0.0225153793043316,0.353230249288244,,,,28117.5,0,56235,0.0103319463781281,0.0103319463781281,0.0103319463781281,0.0211256335022672,0.0211256335022672,0.0211256335022672,0.0105628167511336,0.0105628167511336,0.0105628167511336,0.5,0.5,0.5
exact,highdim,30,model_posterior_oracle,0.10851736865724486,0.0140690526886461,0.2029656846258436,0.8409660518304618,0.7037208615075156,0.978211242153408,0.15794153154224466,0.0202439609696504,0.2956391021148389,0.993994100764217,0.9894769297291998,0.9985112717992344,0.3110578042425925,0.049669613373942,0.572445995111243,0.9104080728190094,0.8208161456380186,1.0,0.0,0.0,0.0,,,,28117.5,0,56235,0.0032638384535233,0.0032638384535233,0.0032638384535233,0.0153208442407703,0.0153208442407703,0.0153208442407703,0.0011190259876283,0.0011190259876283,0.0011190259876283,0.9909113591921846,0.9909113591921846,0.9909113591921846
exact,highdim,30,reassign_U,0.21510200597753384,0.0093751065353015,0.4208289054197662,0.892448997011233,0.7895855472901169,0.9953124467323492,0.10755100298876695,0.0046875532676508,0.2104144527098831,0.5,0.5,0.5,0.0,0.0,0.0,0.0,0.0,0.0,0.18796504658176794,0.0225073755660318,0.3534227175975041,,,,28117.5,0,56235,0.0103319463781281,0.0103319463781281,0.0103319463781281,0.0211256335022672,0.0211256335022672,0.0211256335022672,0.0105628167511336,0.0105628167511336,0.0105628167511336,0.5,0.5,0.5
exact,highdim,30,stop,0.2141666183314154,0.0092046500528415,0.4191285866099893,0.8929166908342923,0.7904357066950053,0.9953976749735792,0.1070833091657077,0.0046023250264207,0.2095642933049947,0.5,0.5,0.5,0.0,0.0,0.0,0.0,0.0,0.0,0.18774063366390814,0.0225025513585272,0.3529787159692891,,,,28117.5,0,56235,0.0103319463781281,0.0103319463781281,0.0103319463781281,0.0211256335022672,0.0211256335022672,0.0211256335022672,0.0105628167511336,0.0105628167511336,0.0105628167511336,0.5,0.5,0.5
exact,highdim,30,true_posterior_oracle,0.5474327808032983,0.0534202811664559,1.0414452804401406,0.7232933957924232,0.4792762955709894,0.9673104960138572,0.27454296251502547,0.0283643589795674,0.5207215660504836,0.41927683994077236,0.3642357469434027,0.474317932938142,0.011397560457435278,6.872586899156621e-06,0.0227882483279714,0.39689917739983976,0.0104144527098831,0.7833839020897965,0.2678686134298744,0.0256228130606911,0.5101144137990576,,,,28117.5,0,56235,0.0,0.0,0.0,0.0120249722105122,0.0120249722105122,0.0120249722105122,0.0008384489729685,0.0008384489729685,0.0008384489729685,0.991018678808829,0.991018678808829,0.991018678808829
exact,highdim,40,active_set_U,0.3606162805794413,0.2853437094682231,0.4358888516906595,0.8196918597102794,0.7820555741546702,0.8573281452658884,0.1803081402897207,0.1426718547341116,0.2179444258453298,0.5,0.5,0.5,0.0,0.0,0.0,0.0,0.0,0.0,0.37298628832811626,0.370009869676779,0.3759627069794535,,,,3.0,0,6,0.4778234082697163,0.4778234082697163,0.4778234082697163,1.3333333333333333,1.3333333333333333,1.3333333333333333,0.6666666666666667,0.6666666666666667,0.6666666666666667,0.5,0.5,0.5
exact,highdim,40,fcm_soft,0.9517519571491031,0.94392513166313,0.9595787826350762,0.0344215532914243,0.0303731532655197,0.0384699533173289,0.7849337234199563,0.7435685749772538,0.8262988718626587,0.506580519678515,0.5048871072954149,0.5082739320616152,3.8994274277867564,3.894176235039687,3.9046786205338258,1.0,1.0,1.0,0.9310321425364961,0.9231751845964526,0.9388891004765396,,,,3.0,0,6,0.952368346309698,0.952368346309698,0.952368346309698,0.9689854715893178,0.9689854715893178,0.9689854715893178,0.3074283663624093,0.3074283663624093,0.3074283663624093,0.75,0.75,0.75
exact,highdim,40,frequency_soft,0.6134876098944544,0.5869456349414958,0.6400295848474129,0.5120503611392795,0.4996462681287583,0.5244544541498006,0.20171530351603795,0.1789877347292814,0.2244428723027945,0.49180852540116765,0.4695802894822352,0.5140367613201001,0.5404181793108105,0.538493796620761,0.5423425620008601,1.0,1.0,1.0,0.26232147194707967,0.2609027564754437,0.2637401874187156,,,,3.0,0,6,0.4537829697942023,0.4537829697942023,0.4537829697942023,0.7961432506887052,0.7961432506887052,0.7961432506887052,0.409090909090909,0.409090909090909,0.409090909090909,0.5555555555555556,0.5555555555555556,0.5555555555555556
exact,highdim,40,full_convergence,0.0,0.0,0.0,1.0,1.0,1.0,0.0,0.0,0.0,,,,0.0,0.0,0.0,0.0,0.0,0.0,0.3320696256827168,0.3172168551322936,0.34692239623314,,,,3.0,0,6,0.4778234082697163,0.4778234082697163,0.4778234082697163,1.3333333333333333,1.3333333333333333,1.3333333333333333,0.6666666666666667,0.6666666666666667,0.6666666666666667,0.5,0.5,0.5
exact,highdim,40,gmm_plugin_soft,0.4362555627485937,0.4278898984472035,0.4446212270499839,0.5348731967141918,0.5306541812445054,0.5390922121838782,0.27335436614346564,0.2364841045737718,0.3102246277131595,0.6876040406830459,0.6543569133729459,0.720851167993146,0.6882867883507527,0.6871847076203526,0.6893888690811529,1.0,1.0,1.0,0.1361416893449502,0.1175127287141145,0.1547706499757859,,,,3.0,0,6,0.4493029243141285,0.4493029243141285,0.4493029243141285,0.813996372603928,0.813996372603928,0.813996372603928,0.4050403611046949,0.4050403611046949,0.4050403611046949,1.0,1.0,1.0
exact,highdim,40,hartigan_U,0.35791694836726545,0.2866407263294422,0.4291931704050887,0.8210415258163672,0.7854034147974557,0.8566796368352788,0.17895847418363275,0.1433203631647212,0.2145965852025443,0.5,0.5,0.5,0.0,0.0,0.0,0.0,0.0,0.0,0.37227029659728395,0.3699125743960942,0.3746280187984737,,,,3.0,0,6,0.4778234082697163,0.4778234082697163,0.4778234082697163,1.3333333333333333,1.3333333333333333,1.3333333333333333,0.6666666666666667,0.6666666666666667,0.6666666666666667,0.5,0.5,0.5
exact,highdim,40,majority,0.9386956534954538,0.9059256779377302,0.9714656290531776,0.530652173252273,0.5142671854734111,0.5470371610311349,0.469347826747727,0.4529628389688651,0.4857328145265889,0.5,0.5,0.5,0.0,0.0,0.0,0.0,0.0,0.0,0.48748570180254486,0.4814451956908245,0.4935262079142652,,,,3.0,0,6,0.4519140326014368,0.4519140326014368,0.4519140326014368,1.0,1.0,1.0,0.5,0.5,0.5,0.5,0.5,0.5
exact,highdim,40,markov,0.3634187401784733,0.298313878080415,0.4285236022765316,0.8182906299107633,0.7857381988617341,0.8508430609597925,0.18170937008923665,0.1491569390402075,0.2142618011382658,0.5,0.5,0.5,0.0,0.0,0.0,0.0,0.0,0.0,0.3736063329425162,0.3710871569503646,0.3761255089346679,,,,3.0,0,6,0.4778234082697163,0.4778234082697163,0.4778234082697163,1.3333333333333333,1.3333333333333333,1.3333333333333333,0.6666666666666667,0.6666666666666667,0.6666666666666667,0.5,0.5,0.5
exact,highdim,40,markov_a0.5,0.6074038082012977,0.5914396887159533,0.6233679276866421,0.6962980958993512,0.6883160361566789,0.7042801556420234,0.30370190410064885,0.2957198443579766,0.3116839638433211,0.5,0.5,0.5,0.0,0.0,0.0,0.0,0.0,0.0,0.42082528712582,0.4204316126940927,0.4212189615575474,,,,3.0,0,6,0.4519140326014368,0.4519140326014368,0.4519140326014368,1.0,1.0,1.0,0.5,0.5,0.5,0.5,0.5,0.5
exact,highdim,40,markov_a0.5_soft,0.43253861214097405,0.422491586063442,0.4425856382185061,0.6123373202875452,0.6113131069039645,0.6133615336711259,0.11370979350716379,0.1108864099055289,0.1165331771087987,0.5884484850749658,0.5851273647288828,0.591769605421049,0.5170842518531371,0.5076961024567052,0.526472401249569,1.0,1.0,1.0,0.21988710427874303,0.2102000991477836,0.2295741094097025,,,,3.0,0,6,0.4602262306609279,0.4602262306609279,0.4602262306609279,0.8716369047619047,0.8716369047619047,0.8716369047619047,0.4720238095238094,0.4720238095238094,0.4720238095238094,0.5555555555555556,0.5555555555555556,0.5555555555555556
exact,highdim,40,markov_pooled,0.42377648582682326,0.3748378728923476,0.4727150987612989,0.7881117570865883,0.7636424506193505,0.8125810635538262,0.2118882429134116,0.1874189364461738,0.2363575493806494,0.5,0.5,0.5,0.0,0.0,0.0,0.0,0.0,0.0,0.3856289988448002,0.3840257972103431,0.3872322004792572,,,,3.0,0,6,0.4778234082697163,0.4778234082697163,0.4778234082697163,1.3333333333333333,1.3333333333333333,1.3333333333333333,0.6666666666666667,0.6666666666666667,0.6666666666666667,0.5,0.5,0.5
exact,highdim,40,markov_pooled_soft,0.32927859895122136,0.2892241597701429,0.3693330381322998,0.6922739839805863,0.6781156805557308,0.7064322874054418,0.0789139134409382,0.0719029363952023,0.0859248904866741,0.6196341891464834,0.579839243510562,0.6594291347824047,0.44645657496855506,0.4325980604890928,0.4603150894480174,0.9974059662775616,0.9948119325551232,1.0,0.21621098342042555,0.1978807418228703,0.2345412250179808,,,,3.0,0,6,0.4778234082697163,0.4778234082697163,0.4778234082697163,1.3333333333333333,1.3333333333333333,1.3333333333333333,0.6666666666666667,0.6666666666666667,0.6666666666666667,0.5,0.5,0.5
exact,highdim,40,markov_soft,0.3560248143066906,0.2875880296931977,0.4244615989201835,0.8168797950127789,0.7831792022284153,0.8505803877971423,0.1763311300927114,0.1421130838846562,0.2105491763007666,0.5246438875630142,0.5075034724721603,0.541784302653868,0.01503220062740375,0.0135382088891503,0.0165261923656572,0.0263194117874386,0.0241044526280549,0.0285343709468223,0.36689410658240335,0.3633291074990195,0.3704591056657872,,,,3.0,0,6,0.4778234082697163,0.4778234082697163,0.4778234082697163,1.3333333333333333,1.3333333333333333,1.3333333333333333,0.6666666666666667,0.6666666666666667,0.6666666666666667,0.5,0.5,0.5
exact,highdim,40,markov_w20,0.3836931502138319,0.3073929961089494,0.4599933043187144,0.8081534248930841,0.7700033478406428,0.8463035019455253,0.19184657510691588,0.1536964980544747,0.2299966521593571,0.5,0.5,0.5,0.0,0.0,0.0,0.0,0.0,0.0,0.37645273518559025,0.3721036616029501,0.3808018087682304,,,,3.0,0,6,0.4778234082697163,0.4778234082697163,0.4778234082697163,1.3333333333333333,1.3333333333333333,1.3333333333333333,0.6666666666666667,0.6666666666666667,0.6666666666666667,0.5,0.5,0.5
exact,highdim,40,markov_w5,0.36385882273248926,0.2918287937743191,0.4358888516906595,0.8180705886337554,0.7820555741546702,0.8540856031128404,0.18192941136624463,0.1459143968871595,0.2179444258453298,0.5,0.5,0.5,0.0,0.0,0.0,0.0,0.0,0.0,0.37385448500639784,0.3707924340102699,0.3769165360025258,,,,3.0,0,6,0.4778234082697163,0.4778234082697163,0.4778234082697163,1.3333333333333333,1.3333333333333333,1.3333333333333333,0.6666666666666667,0.6666666666666667,0.6666666666666667,0.5,0.5,0.5
exact,highdim,40,model_posterior_oracle,0.24200309681564153,0.2261626515333072,0.2578435420979759,0.6679303743172832,0.6530776037668601,0.6827831448677063,0.33110570713806065,0.3165445892121194,0.3456668250640018,0.9970567782562574,0.9952860858257476,0.9988274706867672,0.6108582953425983,0.5936388411241541,0.6280777495610425,1.0,1.0,1.0,0.0,0.0,0.0,,,,3.0,0,6,0.422214282226465,0.422214282226465,0.422214282226465,0.8058054826807028,0.8058054826807028,0.8058054826807028,0.3484378135588258,0.3484378135588258,0.3484378135588258,1.0,1.0,1.0
exact,highdim,40,reassign_U,0.3612647890100509,0.2866407263294422,0.4358888516906595,0.8193676054949746,0.7820555741546702,0.8566796368352788,0.1806323945050255,0.1433203631647212,0.2179444258453298,0.5,0.5,0.5,0.0,0.0,0.0,0.0,0.0,0.0,0.37315060975213754,0.3700679165994192,0.3762333029048559,,,,3.0,0,6,0.4778234082697163,0.4778234082697163,0.4778234082697163,1.3333333333333333,1.3333333333333333,1.3333333333333333,0.6666666666666667,0.6666666666666667,0.6666666666666667,0.5,0.5,0.5
exact,highdim,40,stop,0.36026043681721526,0.2866407263294422,0.4338801473049883,0.8198697815913923,0.7830599263475059,0.8566796368352788,0.18013021840860766,0.1433203631647212,0.2169400736524941,0.5,0.5,0.5,0.0,0.0,0.0,0.0,0.0,0.0,0.37328373334743464,0.3701672522244464,0.3764002144704229,,,,3.0,0,6,0.4778234082697163,0.4778234082697163,0.4778234082697163,1.3333333333333333,1.3333333333333333,1.3333333333333333,0.6666666666666667,0.6666666666666667,0.6666666666666667,0.5,0.5,0.5
exact,highdim,40,true_posterior_oracle,0.9936696113236051,0.9816478935850887,1.0056913290621214,0.5027297789527969,0.4971543354438836,0.5083052224617103,0.4968348109935431,0.4908239574657743,0.5028456645213119,0.38063570065176433,0.297999983171924,0.4632714181316046,0.0016048400770204115,5.125974228402766e-10,0.0032096796414434,0.242291607775501,0.0046869768998995,0.4798962386511025,0.4982967888228586,0.4975394293649898,0.4990541482807274,,,,3.0,0,6,0.0,0.0,0.0,0.3436787047941241,0.3436787047941241,0.3436787047941241,0.1899039177844738,0.1899039177844738,0.1899039177844738,1.0,1.0,1.0
exact,highdim,50,active_set_U,0.4612041647804436,0.4,0.5224083295608872,0.7693979176097783,0.7387958352195564,0.8,0.23060208239022176,0.1999999999999999,0.2612041647804436,0.5,0.5,0.5,0.0,0.0,0.0,0.0,0.0,0.0,0.39844779782967954,0.3889358683530354,0.4079597273063237,,,,0.5,0,1,0.4343912422959066,0.4343912422959066,0.4343912422959066,2.0,2.0,2.0,1.0,1.0,1.0,,,
exact,highdim,50,fcm_soft,0.9518702586258766,0.944104159469998,0.9596363577817552,0.034359824548093554,0.0303448894083979,0.0383747596877892,0.7345722393824763,0.6994973606518815,0.769647118113071,0.4994436638860824,0.491565741653157,0.5073215861190079,3.899530789485707,3.894406753667871,3.904654825303543,1.0,1.0,1.0,0.9312159599211663,0.923335977667952,0.9390959421743807,,,,0.5,0,1,0.95132853509553,0.95132853509553,0.95132853509553,0.9724126945186816,0.9724126945186816,0.9724126945186816,0.0241648716806179,0.0241648716806179,0.0241648716806179,,,
exact,highdim,50,frequency_soft,0.564423078383397,0.5336551837001882,0.5951909730666057,0.5367716513616052,0.5198979381867567,0.5536453645364537,0.1680410390518453,0.1464446444644463,0.1896374336392443,0.538453700078795,0.5151630900580169,0.5617443100995733,0.5400577270950677,0.5366125143527654,0.5435029398373701,1.0,1.0,1.0,0.2456622785659454,0.2254061596669594,0.2659183974649314,,,,0.5,0,1,0.4343911743126014,0.4343911743126014,0.4343911743126014,1.8347107438016528,1.8347107438016528,1.8347107438016528,0.9090909090909092,0.9090909090909092,0.9090909090909092,,,
exact,highdim,50,full_convergence,0.0,0.0,0.0,1.0,1.0,1.0,0.0,0.0,0.0,,,,0.0,0.0,0.0,0.0,0.0,0.0,0.3493366059640402,0.3197241440252298,0.3789490679028506,,,,0.5,0,1,0.4343912422959066,0.4343912422959066,0.4343912422959066,2.0,2.0,2.0,1.0,1.0,1.0,,,
exact,highdim,50,gmm_plugin_soft,0.4569967764234444,0.4541931562097702,0.4598003966371186,0.5232812290231836,0.5222379331754767,0.5243245248708904,0.2313315449656194,0.1960553648610126,0.2666077250702262,0.6714764953234109,0.632345050200172,0.71060794044665,0.6903755851391706,0.6888519828834486,0.6918991873948925,1.0,1.0,1.0,0.12996961818683375,0.1000075491649272,0.1599316872087403,,,,0.5,0,1,0.3282198957581417,0.3282198957581417,0.3282198957581417,1.2476124083744025,1.2476124083744025,1.2476124083744025,0.60205356291609,0.60205356291609,0.60205356291609,,,
exact,highdim,50,hartigan_U,0.4595072363732525,0.3920792079207921,0.526935264825713,0.7702463818133738,0.7365323675871435,0.803960396039604,0.22975361818662624,0.196039603960396,0.2634676324128565,0.5,0.5,0.5,0.0,0.0,0.0,0.0,0.0,0.0,0.398015755353183,0.3896983744900503,0.4063331362163157,,,,0.5,0,1,0.4343912422959066,0.4343912422959066,0.4343912422959066,2.0,2.0,2.0,1.0,1.0,1.0,,,
exact,highdim,50,majority,0.8774195572567669,0.8277227722772277,0.927116342236306,0.5612902213716165,0.536441828881847,0.5861386138613861,0.43870977862838345,0.4138613861386139,0.463558171118153,0.5,0.5,0.5,0.0,0.0,0.0,0.0,0.0,0.0,0.4788907033368302,0.470181269294475,0.4876001373791854,,,,0.5,0,1,0.4343912422959066,0.4343912422959066,0.4343912422959066,2.0,2.0,2.0,1.0,1.0,1.0,,,
exact,highdim,50,markov,0.460044641856671,0.3940594059405941,0.5260298777727479,0.7699776790716646,0.736985061113626,0.802970297029703,0.2300223209283354,0.1970297029702969,0.2630149388863739,0.5,0.5,0.5,0.0,0.0,0.0,0.0,0.0,0.0,0.399418554068191,0.3911044052657959,0.4077327028705861,,,,0.5,0,1,0.4343912422959066,0.4343912422959066,0.4343912422959066,2.0,2.0,2.0,1.0,1.0,1.0,,,
exact,highdim,50,markov_a0.5,0.6081758243728401,0.5445544554455446,0.6717971933001358,0.6959120878135798,0.6641014033499321,0.7277227722772277,0.30408791218642006,0.2722772277227723,0.3358985966500679,0.5,0.5,0.5,0.0,0.0,0.0,0.0,0.0,0.0,0.42855064593657455,0.4261895890945675,0.4309117027785816,,,,0.5,0,1,0.4343912422959066,0.4343912422959066,0.4343912422959066,2.0,2.0,2.0,1.0,1.0,1.0,,,
exact,highdim,50,markov_a0.5_soft,0.43631227614347295,0.4015565876086881,0.4710679646782578,0.6172404374793101,0.5942420658412058,0.6402388091174144,0.10492727309457195,0.0863430248901622,0.1235115212989817,0.5903698180574508,0.5698231240555325,0.6109165120593693,0.5008144082229793,0.4873726357720409,0.5142561806739178,1.0,1.0,1.0,0.23158079010220065,0.2254738863909111,0.2376876938134902,,,,0.5,0,1,0.4343911743126013,0.4343911743126013,0.4343911743126013,1.8828125,1.8828125,1.8828125,0.9375,0.9375,0.9375,,,
exact,highdim,50,markov_pooled,0.5330340775136816,0.4811881188118811,0.5848800362154821,0.7334829612431593,0.707559981892259,0.7594059405940594,0.26651703875684074,0.2405940594059405,0.292440018107741,0.5,0.5,0.5,0.0,0.0,0.0,0.0,0.0,0.0,0.41372501931416855,0.4074987591536241,0.419951279474713,,,,0.5,0,1,0.4343912422959066,0.4343912422959066,0.4343912422959066,2.0,2.0,2.0,1.0,1.0,1.0,,,
exact,highdim,50,markov_pooled_soft,0.3774415999785756,0.3381983484941346,0.4166848514630167,0.6767851607237587,0.6496298085044461,0.7039405129430713,0.0975921649853144,0.0910915322983801,0.1040927976722487,0.6376715185696294,0.6097521239023946,0.6655909132368643,0.42546832675108837,0.4066724423261145,0.4442642111760623,0.9985148514851485,0.997029702970297,1.0,0.24609206234789094,0.2403600998151852,0.2518240248805967,,,,0.5,0,1,0.4343912422959066,0.4343912422959066,0.4343912422959066,2.0,2.0,2.0,1.0,1.0,1.0,,,
exact,highdim,50,markov_soft,0.44743583113399843,0.3853216430039304,0.5095500192640664,0.7702444781639269,0.7374712343875925,0.8030177219402613,0.22136258297624029,0.1913717170036331,0.2513534489488475,0.5243058186793845,0.5213800197039451,0.527231617654824,0.01760654586156245,0.0125473345913006,0.0226657571318243,0.0298618612427109,0.0207920792079207,0.0389316432775011,0.39143961102877456,0.3810500106960958,0.4018292113614533,,,,0.5,0,1,0.4343912422959066,0.4343912422959066,0.4343912422959066,2.0,2.0,2.0,1.0,1.0,1.0,,,
exact,highdim,50,markov_w20,0.4754917999722109,0.4059405940594059,0.5450430058850159,0.7622541000138946,0.7274784970574921,0.7970297029702971,0.2377458999861054,0.2029702970297029,0.2725215029425079,0.5,0.5,0.5,0.0,0.0,0.0,0.0,0.0,0.0,0.40199537794006923,0.394641751365626,0.4093490045145125,,,,0.5,0,1,0.4343912422959066,0.4343912422959066,0.4343912422959066,2.0,2.0,2.0,1.0,1.0,1.0,,,
exact,highdim,50,markov_w5,0.4612041647804436,0.4,0.5224083295608872,0.7693979176097783,0.7387958352195564,0.8,0.23060208239022176,0.1999999999999999,0.2612041647804436,0.5,0.5,0.5,0.0,0.0,0.0,0.0,0.0,0.0,0.39928232303833144,0.3899549786731657,0.4086096674034972,,,,0.5,0,1,0.4343912422959066,0.4343912422959066,0.4343912422959066,2.0,2.0,2.0,1.0,1.0,1.0,,,
exact,highdim,50,model_posterior_oracle,0.26541309997284135,0.2313274886352662,0.2994987113104165,0.6506633940359599,0.6210509320971495,0.6802758559747701,0.3485578939341526,0.3188159917628684,0.3782997961054368,0.9992070684186678,0.9984141368373356,1.0,0.6223140342066088,0.5929875306186986,0.651640537794519,1.0,1.0,1.0,0.0,0.0,0.0,,,,0.5,0,1,0.3230263015710999,0.3230263015710999,0.3230263015710999,1.2385368568999304,1.2385368568999304,1.2385368568999304,0.6070355833087935,0.6070355833087935,0.6070355833087935,,,
exact,highdim,50,reassign_U,0.4621095518334088,0.4,0.5242191036668176,0.7689452240832957,0.7378904481665912,0.8,0.23105477591670434,0.1999999999999999,0.2621095518334088,0.5,0.5,0.5,0.0,0.0,0.0,0.0,0.0,0.0,0.39865456111162134,0.389349394916919,0.4079597273063237,,,,0.5,0,1,0.4343912422959066,0.4343912422959066,0.4343912422959066,2.0,2.0,2.0,1.0,1.0,1.0,,,
exact,highdim,50,stop,0.46111945282350775,0.398019801980198,0.5242191036668176,0.7694402735882462,0.7378904481665912,0.800990099009901,0.23055972641175385,0.1990099009900989,0.2621095518334088,0.5,0.5,0.5,0.0,0.0,0.0,0.0,0.0,0.0,0.39903387557340453,0.3898846248914456,0.4081831262553635,,,,0.5,0,1,0.4343912422959066,0.4343912422959066,0.4343912422959066,2.0,2.0,2.0,1.0,1.0,1.0,,,
exact,highdim,50,true_posterior_oracle,0.9955789953019043,0.9787234036451792,1.0124345869586295,0.5018205496421141,0.4930028309655707,0.5106382683186574,0.49749344555666203,0.489361672267448,0.5056252188458761,0.4093208054696743,0.3421263177710844,0.4765152931682642,0.0012033259000272104,3.420341592209402e-07,0.0024063097658952,0.25875603404613884,0.0086011770031688,0.5089108910891089,0.4992011190200656,0.4963177620948867,0.5020844759452445,,,,0.5,0,1,0.0,0.0,0.0,0.6405680491200649,0.6405680491200649,0.6405680491200649,0.5656087577040935,0.5656087577040935,0.5656087577040935,,,
exact,highdim,60,active_set_U,0.3927748216245516,0.2769857433808554,0.5085638998682477,0.8036125891877242,0.7457180500658761,0.8615071283095723,0.19638741081227573,0.1384928716904276,0.2542819499341239,0.5,0.5,0.5,0.0,0.0,0.0,0.0,0.0,0.0,0.3908704116922239,0.3812764498019816,0.4004643735824663,,,,0.5,0,1,0.3992500616010431,0.3992500616010431,0.3992500616010431,2.0,2.0,2.0,1.0,1.0,1.0,,,
exact,highdim,60,fcm_soft,0.9519309171730885,0.9443269815890504,0.9595348527571268,0.0343280103576577,0.0303955747540899,0.0382604459612255,0.7686164158930422,0.7061245178013115,0.8311083139847728,0.50822060273976,0.508062676763069,0.5083785287164511,3.8995952790264874,3.894524930521854,3.904665627531121,1.0,1.0,1.0,0.931334171299367,0.923540387232672,0.939127955366062,,,,0.5,0,1,0.9493469478946112,0.9493469478946112,0.9493469478946112,0.9700525510436068,0.9700525510436068,0.9700525510436068,0.0255393621809181,0.0255393621809181,0.0255393621809181,,,
exact,highdim,60,frequency_soft,0.6217477925429096,0.6128158085203077,0.6306797765655114,0.5057420562580638,0.5028745957599713,0.5086095167561563,0.20360469771005657,0.1910757267172744,0.2161336687028387,0.48884329592188214,0.4859955398748502,0.4916910519689141,0.5452000936899487,0.5415982700094404,0.548801917370457,1.0,1.0,1.0,0.25640162522086424,0.2383338066038905,0.274469443837838,,,,0.5,0,1,0.636363636135295,0.636363636135295,0.636363636135295,1.537190082644628,1.537190082644628,1.537190082644628,0.6363636363636364,0.6363636363636364,0.6363636363636364,,,
exact,highdim,60,full_convergence,0.0,0.0,0.0,1.0,1.0,1.0,0.0,0.0,0.0,,,,0.0,0.0,0.0,0.0,0.0,0.0,0.35053653464371876,0.3152960123597876,0.3857770569276499,,,,0.5,0,1,0.3992500616010431,0.3992500616010431,0.3992500616010431,2.0,2.0,2.0,1.0,1.0,1.0,,,
exact,highdim,60,gmm_plugin_soft,0.4686033601252972,0.4677184304254744,0.46948828982512,0.5166749227859823,0.5157211910843338,0.5176286544876307,0.27647025921226154,0.2064204210474943,0.3465200973770288,0.6521234762916716,0.6024287707651613,0.7018181818181818,0.6914717646802517,0.6901664725679764,0.6927770567925272,1.0,1.0,1.0,0.1338142394325757,0.0990205283588926,0.1686079505062588,,,,0.5,0,1,0.3223490571560005,0.3223490571560005,0.3223490571560005,1.329955071448882,1.329955071448882,1.329955071448882,0.6223116639738376,0.6223116639738376,0.6223116639738376,,,
exact,highdim,60,hartigan_U,0.38061523765056926,0.2566191446028513,0.5046113306982872,0.8096923811747154,0.7476943346508564,0.8716904276985743,0.1903076188252846,0.1283095723014257,0.2523056653491435,0.5,0.5,0.5,0.0,0.0,0.0,0.0,0.0,0.0,0.3904860066910707,0.3812306519555875,0.399741361426554,,,,0.5,0,1,0.3992500616010431,0.3992500616010431,0.3992500616010431,2.0,2.0,2.0,1.0,1.0,1.0,,,
exact,highdim,60,majority,0.9619649071964667,0.945010183299389,0.9789196310935442,0.5190175464017668,0.5105401844532279,0.5274949083503055,0.4809824535982332,0.4725050916496944,0.4894598155467721,0.5,0.5,0.5,0.0,0.0,0.0,0.0,0.0,0.0,0.49689524059130263,0.4957645475902135,0.4980259335923918,,,,0.5,0,1,0.9999999997716584,0.9999999997716584,0.9999999997716584,2.0,2.0,2.0,1.0,1.0,1.0,,,
exact,highdim,60,markov,0.4048740303057137,0.2932790224032586,0.5164690382081687,0.7975629848471432,0.7417654808959157,0.8533604887983707,0.20243701515285678,0.1466395112016293,0.2582345191040843,0.5,0.5,0.5,0.0,0.0,0.0,0.0,0.0,0.0,0.3914959181725775,0.3818146463640029,0.4011771899811521,,,,0.5,0,1,0.3992500616010431,0.3992500616010431,0.3992500616010431,2.0,2.0,2.0,1.0,1.0,1.0,,,
exact,highdim,60,markov_a0.5,0.6280452626861907,0.5498981670061099,0.7061923583662714,0.6859773686569046,0.6469038208168643,0.725050916496945,0.3140226313430954,0.274949083503055,0.3530961791831357,0.5,0.5,0.5,0.0,0.0,0.0,0.0,0.0,0.0,0.43219593283797364,0.4249972337571336,0.4393946319188137,,,,0.5,0,1,0.3992500616010431,0.3992500616010431,0.3992500616010431,2.0,2.0,2.0,1.0,1.0,1.0,,,
exact,highdim,60,markov_a0.5_soft,0.4609533799856447,0.4172839483491395,0.5046228116221498,0.6004878143601207,0.5798029792380196,0.6211726494822218,0.13207993432626924,0.1106861400649588,0.1534737285875797,0.5490379426493672,0.5347743058521593,0.5633015794465752,0.5113261117115977,0.5087366527499895,0.5139155706732059,1.0,1.0,1.0,0.23121346370146034,0.2156066682676142,0.2468202591353065,,,,0.5,0,1,0.3999999997716587,0.3999999997716587,0.3999999997716587,1.52,1.52,1.52,0.6,0.6,0.6,,,
exact,highdim,60,markov_pooled,0.47650864440025864,0.3706720977596741,0.5823451910408433,0.7617456777998707,0.7088274044795784,0.814663951120163,0.2382543222001293,0.185336048879837,0.2911725955204216,0.5,0.5,0.5,0.0,0.0,0.0,0.0,0.0,0.0,0.4045315903438541,0.3975771942734469,0.4114859864142613,,,,0.5,0,1,0.3992500616010431,0.3992500616010431,0.3992500616010431,2.0,2.0,2.0,1.0,1.0,1.0,,,
exact,highdim,60,markov_pooled_soft,0.3702473826327418,0.301933768581179,0.4385609966843046,0.6762447333822061,0.6414980738024646,0.7109913929619478,0.10259587901756434,0.074333708123156,0.1308580499119727,0.5696717549616358,0.5506484549782167,0.5886950549450549,0.4360039911804223,0.4346692312232334,0.4373387511376113,0.9989816700610998,0.9979633401221996,1.0,0.23846467652342415,0.2352953253095456,0.2416340277373027,,,,0.5,0,1,0.3992500616010431,0.3992500616010431,0.3992500616010431,2.0,2.0,2.0,1.0,1.0,1.0,,,
exact,highdim,60,markov_soft,0.39773497288573534,0.29010183299389,0.5053681127775808,0.7943816429481323,0.7402907808046149,0.8484725050916497,0.19600611209914642,0.1417515274949083,0.2502606967033845,0.5277539806817636,0.5176895674300255,0.5378183939335017,0.019576154492998,0.0186670680078435,0.0204852409781525,0.0327321295841618,0.0305498981670061,0.0349143610013175,0.38296433310478545,0.3729322262913317,0.3929964399182392,,,,0.5,0,1,0.3992500616010431,0.3992500616010431,0.3992500616010431,2.0,2.0,2.0,1.0,1.0,1.0,,,
exact,highdim,60,markov_w20,0.4527328540876756,0.3665987780040733,0.538866930171278,0.7736335729561621,0.730566534914361,0.8167006109979633,0.2263664270438378,0.1832993890020366,0.269433465085639,0.5,0.5,0.5,0.0,0.0,0.0,0.0,0.0,0.0,0.3988143391980777,0.3884987390709342,0.4091299393252212,,,,0.5,0,1,0.3992500616010431,0.3992500616010431,0.3992500616010431,2.0,2.0,2.0,1.0,1.0,1.0,,,
exact,highdim,60,markov_w5,0.40283737042791323,0.2892057026476578,0.5164690382081687,0.7985813147860434,0.7417654808959157,0.8553971486761711,0.20141868521395656,0.1446028513238288,0.2582345191040843,0.5,0.5,0.5,0.0,0.0,0.0,0.0,0.0,0.0,0.3914342399382873,0.3817933134721717,0.4010751664044028,,,,0.5,0,1,0.3992500616010431,0.3992500616010431,0.3992500616010431,2.0,2.0,2.0,1.0,1.0,1.0,,,
exact,highdim,60,model_posterior_oracle,0.2662875063086811,0.2250480679620858,0.3075269446552764,0.6494634653562812,0.6142229430723501,0.6847039876402123,0.35020701832391743,0.3146369797201849,0.3857770569276499,1.0,1.0,1.0,0.6236397514340711,0.5905339227877956,0.6567455800803467,1.0,1.0,1.0,0.0,0.0,0.0,,,,0.5,0,1,0.3060927868248967,0.3060927868248967,0.3060927868248967,1.3051403088088898,1.3051403088088898,1.3051403088088898,0.6424956786680978,0.6424956786680978,0.6424956786680978,,,
exact,highdim,60,reassign_U,0.394092344681205,0.2769857433808554,0.5111989459815547,0.8029538276593975,0.7444005270092227,0.8615071283095723,0.19704617234060245,0.1384928716904276,0.2555994729907773,0.5,0.5,0.5,0.0,0.0,0.0,0.0,0.0,0.0,0.3910306911502724,0.3815970087180785,0.4004643735824663,,,,0.5,0,1,0.3992500616010431,0.3992500616010431,0.3992500616010431,2.0,2.0,2.0,1.0,1.0,1.0,,,
exact,highdim,60,stop,0.39948318749345935,0.285132382892057,0.5138339920948617,0.8002584062532703,0.7430830039525692,0.8574338085539714,0.19974159374672965,0.1425661914460285,0.2569169960474308,0.5,0.5,0.5,0.0,0.0,0.0,0.0,0.0,0.0,0.39112842508771917,0.3814087096089936,0.4008481405664447,,,,0.5,0,1,0.3992500616010431,0.3992500616010431,0.3992500616010431,2.0,2.0,2.0,1.0,1.0,1.0,,,
exact,highdim,60,true_posterior_oracle,1.0277904836490284,0.9552042165366684,1.1003767507613884,0.4858417289259227,0.449286068652817,0.5223973891990283,0.5141377224865253,0.4776016051207379,0.5506738398523128,0.43048042166720046,0.3863415451650746,0.4746192981693263,0.0008034466018724783,4.116188626356578e-06,0.0016027770151186,0.2381684551170073,0.0079051383399209,0.4684317718940937,0.49882875398945253,0.4882510995901369,0.5094064083887682,,,,0.5,0,1,0.0,0.0,0.0,0.7218717888181329,0.7218717888181329,0.7218717888181329,0.6007499383989569,0.6007499383989569,0.6007499383989569,,,
exact,highdim,70,active_set_U,0.30070727735979397,0.1413843888070692,0.4600301659125188,0.8496463613201031,0.7699849170437406,0.9293078055964654,0.15035363867989693,0.0706921944035345,0.2300150829562594,0.5,0.5,0.5,0.0,0.0,0.0,0.0,0.0,0.0,0.38369831044399527,0.3791445902933173,0.3882520305946733,,,,1.0,0,2,0.5529130333588714,0.5529130333588714,0.5529130333588714,1.0,1.0,1.0,0.5,0.5,0.5,0.5,0.5,0.5
exact,highdim,70,fcm_soft,0.9519175631054425,0.9441600680496486,0.9596750581612364,0.0343347902986947,0.0303236176618048,0.0383459629355846,0.8141911383067156,0.7308723890269004,0.8975098875865308,0.48032284809348574,0.4487528344671201,0.5118928617198514,3.899590687069139,3.894446582959116,3.9047347911791617,1.0,1.0,1.0,0.9311199597045117,0.9233870870376926,0.9388528323713308,,,,1.0,0,2,0.8918072354710547,0.8918072354710547,0.8918072354710547,0.9739670918215392,0.9739670918215392,0.9739670918215392,0.4768496519223684,0.4768496519223684,0.4768496519223684,1.0,1.0,1.0
exact,highdim,70,frequency_soft,0.7088419785371105,0.6784587961058549,0.7392251609683662,0.4622080971383578,0.4445039496585888,0.4799122446181268,0.29499265642382677,0.2647744412450294,0.3252108716026241,0.4711950154562117,0.4592605723428239,0.4831294585695994,0.5453421119156793,0.5395991729937283,0.5510850508376303,1.0,1.0,1.0,0.2758688772983098,0.2603372945471521,0.2914004600494675,,,,1.0,0,2,0.6237052789295533,0.6237052789295533,0.6237052789295533,1.0661157024793388,1.0661157024793388,1.0661157024793388,0.5909090909090908,0.5909090909090908,0.5909090909090908,,,
exact,highdim,70,full_convergence,0.0,0.0,0.0,1.0,1.0,1.0,0.0,0.0,0.0,,,,0.0,0.0,0.0,0.0,0.0,0.0,0.3533633057904453,0.3242685390973225,0.3824580724835681,,,,1.0,0,2,0.5529130333588714,0.5529130333588714,0.5529130333588714,1.0,1.0,1.0,0.5,0.5,0.5,0.5,0.5,0.5
exact,highdim,70,gmm_plugin_soft,0.4594679618735066,0.4523237521647874,0.4666121715822258,0.5211109325560397,0.5179469404577455,0.524274924654334,0.3122867771243869,0.2226476433146423,0.4019259109341315,0.728052846601531,0.6458044298405743,0.8103012633624879,0.6929956929997073,0.6906356751291106,0.695355710870304,1.0,1.0,1.0,0.1264867525377718,0.0935853400837875,0.1593881649917561,,,,1.0,0,2,0.2825604931174003,0.2825604931174003,0.2825604931174003,0.5475876891795893,0.5475876891795893,0.5475876891795893,0.3001171167290847,0.3001171167290847,0.3001171167290847,1.0,1.0,1.0
exact,highdim,70,hartigan_U,0.3030052623745771,0.1384388807069219,0.4675716440422323,0.8484973688127115,0.7662141779788839,0.930780559646539,0.15150263118728846,0.0692194403534609,0.233785822021116,0.5,0.5,0.5,0.0,0.0,0.0,0.0,0.0,0.0,0.3841992332097824,0.3802381418893226,0.3881603245302422,,,,1.0,0,2,0.5529130333588714,0.5529130333588714,0.5529130333588714,1.0,1.0,1.0,0.5,0.5,0.5,0.5,0.5,0.5
exact,highdim,70,majority,1.1422196158399918,1.0708898944193062,1.2135493372606774,0.42889019208000406,0.3932253313696612,0.4645550527903469,0.5711098079199959,0.5354449472096531,0.6067746686303388,0.5,0.5,0.5,0.0,0.0,0.0,0.0,0.0,0.0,0.5231928167773394,0.5231448536640344,0.5232407798906445,,,,1.0,0,2,0.9999568259348256,0.9999568259348256,0.9999568259348256,2.0,2.0,2.0,1.0,1.0,1.0,,,
exact,highdim,70,markov,0.3111231804379166,0.1531664212076583,0.4690799396681749,0.8444384097810416,0.7654600301659125,0.9234167893961708,0.1555615902189583,0.0765832106038291,0.2345399698340875,0.5,0.5,0.5,0.0,0.0,0.0,0.0,0.0,0.0,0.38508120822498465,0.3811707405955073,0.388991675854462,,,,1.0,0,2,0.5529130333588714,0.5529130333588714,0.5529130333588714,1.0,1.0,1.0,0.5,0.5,0.5,0.5,0.5,0.5
exact,highdim,70,markov_a0.5,0.6552467140702435,0.5714285714285714,0.7390648567119156,0.6723766429648783,0.6304675716440422,0.7142857142857143,0.32762335703512174,0.2857142857142857,0.3695324283559578,0.5,0.5,0.5,0.0,0.0,0.0,0.0,0.0,0.0,0.4400769967587086,0.4396158720085173,0.4405381215088999,,,,1.0,0,2,0.5529130333588714,0.5529130333588714,0.5529130333588714,1.0,1.0,1.0,0.5,0.5,0.5,0.5,0.5,0.5
exact,highdim,70,markov_a0.5_soft,0.4737936128230398,0.4450509901393558,0.5025362355067238,0.5799612774926651,0.5683250447390719,0.5915975102462584,0.15337206887805316,0.1462375419954606,0.1605065957606457,0.5189425658647456,0.4961473057710703,0.5417378259584209,0.5447386069271742,0.5381199871713407,0.5513572266830077,1.0,1.0,1.0,0.2189409924844284,0.1986629709764757,0.2392190139923811,,,,1.0,0,2,0.5528698592936971,0.5528698592936971,0.5528698592936971,0.8612396694214876,0.8612396694214876,0.8612396694214876,0.1409090909090908,0.1409090909090908,0.1409090909090908,1.0,1.0,1.0
exact,highdim,70,markov_pooled,0.44006246431958984,0.2798232695139911,0.6003016591251885,0.7799687678402051,0.6998491704374057,0.8600883652430045,0.22003123215979492,0.1399116347569955,0.3001508295625943,0.5,0.5,0.5,0.0,0.0,0.0,0.0,0.0,0.0,0.4083844802264046,0.4050417622735461,0.4117271981792632,,,,1.0,0,2,0.5529130333588714,0.5529130333588714,0.5529130333588714,1.0,1.0,1.0,0.5,0.5,0.5,0.5,0.5,0.5
exact,highdim,70,markov_pooled_soft,0.32015423659009545,0.2408029532943499,0.399505519885841,0.6836089520224362,0.6448688671142725,0.7223490369305999,0.11720369883223081,0.1102665508906177,0.1241408467738439,0.657669580733766,0.6430698752382602,0.6722692862292718,0.4792339890088594,0.4765820296815368,0.481885948336182,0.9985272459499264,0.9970544918998528,1.0,0.2068700490935388,0.1915722378664823,0.2221678603205953,,,,1.0,0,2,0.5529130333588714,0.5529130333588714,0.5529130333588714,1.0,1.0,1.0,0.5,0.5,0.5,0.5,0.5,0.5
exact,highdim,70,markov_soft,0.30515839417977075,0.1521682212403862,0.4581485671191553,0.8436998947080814,0.7657993966817497,0.9216003927344132,0.15250232130917385,0.0775159548355424,0.2274886877828053,0.5160353077338777,0.5151208440682126,0.5169497713995428,0.0108050221132488,0.0066099294189797,0.0150001148075179,0.0179751519957705,0.0103092783505154,0.0256410256410256,0.3797544213595936,0.3740415776977429,0.3854672650214443,,,,1.0,0,2,0.5529130333588714,0.5529130333588714,0.5529130333588714,1.0,1.0,1.0,0.5,0.5,0.5,0.5,0.5,0.5
exact,highdim,70,markov_w20,0.34104030192568696,0.1737849779086892,0.5082956259426847,0.8294798490371564,0.7458521870286576,0.9131075110456554,0.17052015096284345,0.0868924889543446,0.2541478129713423,0.5,0.5,0.5,0.0,0.0,0.0,0.0,0.0,0.0,0.3894302441463132,0.3869757801601152,0.3918847081325112,,,,1.0,0,2,0.5529130333588714,0.5529130333588714,0.5529130333588714,1.0,1.0,1.0,0.5,0.5,0.5,0.5,0.5,0.5
exact,highdim,70,markov_w5,0.3103690326249453,0.1531664212076583,0.4675716440422323,0.8448154836875273,0.7662141779788839,0.9234167893961708,0.15518451631247254,0.0765832106038291,0.233785822021116,0.5,0.5,0.5,0.0,0.0,0.0,0.0,0.0,0.0,0.3847391182962425,0.3806216181915817,0.3888566184009033,,,,1.0,0,2,0.5529130333588714,0.5529130333588714,0.5529130333588714,1.0,1.0,1.0,0.5,0.5,0.5,0.5,0.5,0.5
exact,highdim,70,model_posterior_oracle,0.2679753758634942,0.2359342344625519,0.3000165172644364,0.6466366942095547,0.6175419275164319,0.6757314609026775,0.35260497081817904,0.3227518691527901,0.382458072483568,0.9966012084592144,0.9966012084592144,0.9966012084592144,0.6293373521190709,0.5984766230012838,0.6601980812368581,1.0,1.0,1.0,0.0,0.0,0.0,,,,1.0,0,2,0.2808244734466082,0.2808244734466082,0.2808244734466082,0.5501658188920143,0.5501658188920143,0.5501658188920143,0.3029675038132305,0.3029675038132305,0.3029675038132305,1.0,1.0,1.0
exact,highdim,70,reassign_U,0.30293417922283894,0.1443298969072164,0.4615384615384615,0.8485329103885806,0.7692307692307693,0.9278350515463918,0.15146708961141944,0.0721649484536082,0.2307692307692307,0.5,0.5,0.5,0.0,0.0,0.0,0.0,0.0,0.0,0.384046442750289,0.3796590494455445,0.3884338360550335,,,,1.0,0,2,0.5529130333588714,0.5529130333588714,0.5529130333588714,1.0,1.0,1.0,0.5,0.5,0.5,0.5,0.5,0.5
exact,highdim,70,stop,0.3103690326249453,0.1531664212076583,0.4675716440422323,0.8448154836875273,0.7662141779788839,0.9234167893961708,0.15518451631247254,0.0765832106038291,0.233785822021116,0.5,0.5,0.5,0.0,0.0,0.0,0.0,0.0,0.0,0.3847391182962425,0.3806216181915817,0.3888566184009033,,,,1.0,0,2,0.5529130333588714,0.5529130333588714,0.5529130333588714,1.0,1.0,1.0,0.5,0.5,0.5,0.5,0.5,0.5
exact,highdim,70,true_posterior_oracle,0.9948381621996822,0.9881680298406812,1.0015082945586833,0.502013587612814,0.4992457767362394,0.5047813984893885,0.4979189612022066,0.4950838505834034,0.5007540718210098,0.4190190234012598,0.3640749739673724,0.4739630728351472,0.002222421439982627,7.795206350542584e-07,0.0044440633593302,0.26374737047872276,0.0105580693815987,0.5169366715758469,0.5019186363287724,0.500960562062029,0.5028767105955158,,,,1.0,0,2,0.0,0.0,0.0,0.5613185586801092,0.5613185586801092,0.5613185586801092,0.3508706728239614,0.3508706728239614,0.3508706728239614,1.0,1.0,1.0
exact,highdim,80,active_set_U,0.27442144525966305,0.1372299872935197,0.4116129032258064,0.8627892773701684,0.7941935483870968,0.9313850063532402,0.1372107226298315,0.0686149936467598,0.2058064516129032,0.5,0.5,0.5,0.0,0.0,0.0,0.0,0.0,0.0,0.3925623649943861,0.3668076590387553,0.4183170709500169,,,,1.0,0,2,0.4803153564142192,0.4803153564142192,0.4803153564142192,1.0,1.0,1.0,0.5,0.5,0.5,0.5,0.5,0.5
exact,highdim,80,fcm_soft,0.9516886069943802,0.94433023759896,0.9590469763898004,0.0344516700474226,0.0306452249338933,0.0382581151609519,0.8276961958266458,0.7559248608996955,0.899467530753596,0.4454158153658966,0.4028067560854446,0.4880248746463486,3.8994848440399643,3.894539719646039,3.9044299684338895,1.0,1.0,1.0,0.9309781752239508,0.9235407043625063,0.9384156460853952,,,,1.0,0,2,0.908904905163785,0.908904905163785,0.908904905163785,0.9721806846367232,0.9721806846367232,0.9721806846367232,0.4757646177015922,0.4757646177015922,0.4757646177015922,0.0,0.0,0.0
exact,highdim,80,frequency_soft,0.589249565638913,0.5621514906486604,0.6163476406291656,0.5235382144600491,0.5116715542521993,0.5354048746678989,0.1934193101238229,0.168187593854684,0.2186510263929618,0.5354715326746649,0.52557207713774,0.5453709882115896,0.5420551135408007,0.5382135115266443,0.545896715554957,1.0,1.0,1.0,0.2471062317807248,0.2213669196023244,0.2728455439591252,,,,1.0,0,2,0.6278912146758528,0.6278912146758528,0.6278912146758528,0.9256198347107438,0.9256198347107438,0.9256198347107438,0.5454545454545454,0.5454545454545454,0.5454545454545454,0.0,0.0,0.0
exact,highdim,80,full_convergence,0.0,0.0,0.0,1.0,1.0,1.0,0.0,0.0,0.0,,,,0.0,0.0,0.0,0.0,0.0,0.0,0.3706255152591542,0.3270038123096718,0.4142472182086366,,,,1.0,0,2,0.4803153564142192,0.4803153564142192,0.4803153564142192,1.0,1.0,1.0,0.5,0.5,0.5,0.5,0.5,0.5
exact,highdim,80,gmm_plugin_soft,0.4545788066620109,0.4514871653120635,0.4576704480119582,0.523820733475841,0.5227319179694,0.524909548982282,0.3298353289428362,0.2561206953104463,0.4035499625752261,0.7388088704534467,0.6744135680305893,0.8032041728763041,0.6919108683563255,0.6900079001371761,0.6938138365754751,1.0,1.0,1.0,0.10679335491580569,0.0619434345869596,0.1516432752446518,,,,1.0,0,2,0.2639671670082331,0.2639671670082331,0.2639671670082331,0.7548030948382284,0.7548030948382284,0.7548030948382284,0.4665736289593749,0.4665736289593749,0.4665736289593749,1.0,1.0,1.0
exact,highdim,80,hartigan_U,0.27825306390129934,0.1423125794155019,0.4141935483870967,0.8608734680493503,0.7929032258064516,0.928843710292249,0.1391265319506497,0.071156289707751,0.2070967741935484,0.5,0.5,0.5,0.0,0.0,0.0,0.0,0.0,0.0,0.39288787719521,0.3672956735353154,0.4184800808551046,,,,1.0,0,2,0.4803153564142192,0.4803153564142192,0.4803153564142192,1.0,1.0,1.0,0.5,0.5,0.5,0.5,0.5,0.5
exact,highdim,80,majority,0.9305529368364963,0.8869123252858958,0.9741935483870968,0.5347235315817519,0.5129032258064516,0.5565438373570522,0.46527646841824805,0.4434561626429478,0.4870967741935483,0.5,0.5,0.5,0.0,0.0,0.0,0.0,0.0,0.0,0.49236976938618837,0.4854892485854606,0.4992502901869161,,,,1.0,0,2,0.7188003056074384,0.7188003056074384,0.7188003056074384,1.0,1.0,1.0,0.5,0.5,0.5,0.5,0.5,0.5
exact,highdim,80,markov,0.27762757716112635,0.1397712833545108,0.4154838709677419,0.8611862114194369,0.792258064516129,0.9301143583227446,0.1388137885805632,0.0698856416772554,0.207741935483871,0.5,0.5,0.5,0.0,0.0,0.0,0.0,0.0,0.0,0.3930530427099933,0.367309333646006,0.4187967517739806,,,,1.0,0,2,0.4803153564142192,0.4803153564142192,0.4803153564142192,1.0,1.0,1.0,0.5,0.5,0.5,0.5,0.5,0.5
exact,highdim,80,markov_a0.5,0.5066868877320982,0.386277001270648,0.6270967741935484,0.7466565561339509,0.6864516129032258,0.806861499364676,0.2533434438660491,0.193138500635324,0.3135483870967742,0.5,0.5,0.5,0.0,0.0,0.0,0.0,0.0,0.0,0.4279909236049521,0.4167463650043312,0.439235482205573,,,,1.0,0,2,0.7188003056074384,0.7188003056074384,0.7188003056074384,1.0,1.0,1.0,0.5,0.5,0.5,0.5,0.5,0.5
exact,highdim,80,markov_a0.5_soft,0.3862880023483092,0.3210368265601414,0.4515391781364769,0.6377501706684493,0.6030205445559582,0.6724797967809404,0.1187138929421076,0.1176605161039722,0.119767269780243,0.5994932787704423,0.5659789906865931,0.6330075668542917,0.5116703777878459,0.5068379415738677,0.516502814001824,1.0,1.0,1.0,0.22038259658226805,0.2119626944632681,0.228802498701268,,,,1.0,0,2,0.5313003055849437,0.5313003055849437,0.5313003055849437,0.7860331632653061,0.7860331632653061,0.7860331632653061,0.3839285714285714,0.3839285714285714,0.3839285714285714,1.0,1.0,1.0
exact,highdim,80,markov_pooled,0.35338279296634834,0.1880559085133418,0.5187096774193548,0.8233086035168259,0.7406451612903225,0.9059720457433292,0.1766913964831741,0.0940279542566708,0.2593548387096774,0.5,0.5,0.5,0.0,0.0,0.0,0.0,0.0,0.0,0.4058082143606049,0.3887092030719953,0.4229072256492144,,,,1.0,0,2,0.4803153564142192,0.4803153564142192,0.4803153564142192,1.0,1.0,1.0,0.5,0.5,0.5,0.5,0.5,0.5
exact,highdim,80,markov_pooled_soft,0.2705825825233563,0.1804626847069676,0.360702480339745,0.7258205593105778,0.6763682075336701,0.7752729110874855,0.0966803723145947,0.0924972602790156,0.1008634843501738,0.6757091033479536,0.6479005235148301,0.7035176831810772,0.43664500942834755,0.426235712725387,0.4470543061313081,0.9987293519695044,0.9974587039390088,1.0,0.23091075430065156,0.219479277095362,0.2423422315059411,,,,1.0,0,2,0.4803153564142192,0.4803153564142192,0.4803153564142192,1.0,1.0,1.0,0.5,0.5,0.5,0.5,0.5,0.5
exact,highdim,80,markov_soft,0.2690722715194598,0.1296092974416294,0.4085352455972901,0.8614929471503544,0.7914806180536732,0.9315052762470356,0.1348078946073878,0.0659996330749003,0.2036161561398753,0.5645020517552493,0.5166824306553099,0.6123216728551887,0.0120832329537569,0.0114666263367533,0.0126998395707605,0.0236840595155142,0.0232258064516129,0.0241423125794155,0.3880977975717957,0.3624367593184092,0.4137588358251822,,,,1.0,0,2,0.4803153564142192,0.4803153564142192,0.4803153564142192,1.0,1.0,1.0,0.5,0.5,0.5,0.5,0.5,0.5
exact,highdim,80,markov_w20,0.29236791408779766,0.1524777636594663,0.432258064516129,0.8538160429561011,0.7838709677419354,0.9237611181702668,0.1461839570438988,0.0762388818297331,0.2161290322580645,0.5,0.5,0.5,0.0,0.0,0.0,0.0,0.0,0.0,0.3958758531042825,0.3720196743189466,0.4197320318896184,,,,1.0,0,2,0.4803153564142192,0.4803153564142192,0.4803153564142192,1.0,1.0,1.0,0.5,0.5,0.5,0.5,0.5,0.5
exact,highdim,80,markov_w5,0.27188014919867187,0.1321473951715374,0.4116129032258064,0.864059925400664,0.7941935483870968,0.9339263024142312,0.13594007459933594,0.0660736975857687,0.2058064516129032,0.5,0.5,0.5,0.0,0.0,0.0,0.0,0.0,0.0,0.3925123141393368,0.3666159221238697,0.4184087061548039,,,,1.0,0,2,0.4803153564142192,0.4803153564142192,0.4803153564142192,1.0,1.0,1.0,0.5,0.5,0.5,0.5,0.5,0.5
exact,highdim,80,model_posterior_oracle,0.2933340516718801,0.2392061651260872,0.347461938217673,0.6293744847408458,0.5857527817913634,0.6729961876903282,0.37062551525915416,0.3270038123096718,0.4142472182086365,,,,0.6383433092369482,0.6008472365034254,0.6758393819704709,1.0,1.0,1.0,0.0,0.0,0.0,,,,1.0,0,2,0.2702701252434078,0.2702701252434078,0.2702701252434078,0.759246351995245,0.759246351995245,0.759246351995245,0.0257152819582947,0.0257152819582947,0.0257152819582947,1.0,1.0,1.0
exact,highdim,80,reassign_U,0.2756920932901586,0.1397712833545108,0.4116129032258064,0.8621539533549207,0.7941935483870968,0.9301143583227446,0.1378460466450793,0.0698856416772554,0.2058064516129032,0.5,0.5,0.5,0.0,0.0,0.0,0.0,0.0,0.0,0.3926063028560663,0.3666081723998796,0.418604433312253,,,,1.0,0,2,0.4803153564142192,0.4803153564142192,0.4803153564142192,1.0,1.0,1.0,0.5,0.5,0.5,0.5,0.5,0.5
exact,highdim,80,stop,0.27252531048899453,0.1321473951715374,0.4129032258064516,0.8637373447555028,0.7935483870967742,0.9339263024142312,0.1362626552444972,0.0660736975857687,0.2064516129032257,0.5,0.5,0.5,0.0,0.0,0.0,0.0,0.0,0.0,0.3927513797571164,0.3670940533594288,0.4184087061548039,,,,1.0,0,2,0.4803153564142192,0.4803153564142192,0.4803153564142192,1.0,1.0,1.0,0.5,0.5,0.5,0.5,0.5,0.5
exact,highdim,80,true_posterior_oracle,1.0118424831381827,0.9987096773662756,1.0249752889100898,0.493660890271445,0.4866766193840019,0.5006451611588881,0.5062957350377798,0.4993548385517032,0.5132366315238563,0.4111622791794053,0.3559146246898262,0.4664099336689843,0.001585909702722399,2.947539497917846e-09,0.0031718164579053,0.22879534368979787,0.0103225806451612,0.4472681067344345,0.5008165837615998,0.4984759632381696,0.5031572042850299,,,,1.0,0,2,0.0,0.0,0.0,0.4929979587359497,0.4929979587359497,0.4929979587359497,0.4572854495682841,0.4572854495682841,0.4572854495682841,1.0,1.0,1.0
exact,highdim,90,active_set_U,0.3038496486445714,0.186556927297668,0.4211423699914748,0.8480751756777143,0.7894288150042625,0.906721536351166,0.15192482432228566,0.0932784636488339,0.2105711849957374,0.5,0.5,0.5,0.0,0.0,0.0,0.0,0.0,0.0,0.4122102764145903,0.3844752622017101,0.4399452906274705,,,,0.5,0,1,0.4840146420921486,0.4840146420921486,0.4840146420921486,0.0,0.0,0.0,0.0,0.0,0.0,,,
exact,highdim,90,fcm_soft,0.951907740578952,0.944401735327068,0.959413745830836,0.03433854284561045,0.0304581797544704,0.0382189059367505,0.814156869852743,0.7520526770897052,0.876261062615781,0.48566017241326387,0.481778944558156,0.4895414002683717,3.899622881320669,3.894668774535133,3.904576988106205,1.0,1.0,1.0,0.9311391413164158,0.9236041199727032,0.9386741626601284,,,,0.5,0,1,0.889140672037805,0.889140672037805,0.889140672037805,0.9738086338792123,0.9738086338792123,0.9738086338792123,0.9768478736098672,0.9768478736098672,0.9768478736098672,,,
exact,highdim,90,frequency_soft,0.6433079956377725,0.579794691861653,0.7068212994138919,0.49863511500340135,0.4680134680134679,0.5292567619933348,0.2396201604309968,0.1811981709679919,0.2980421498940017,0.5095180645902305,0.4905316072166368,0.5285045219638242,0.5371788689865742,0.5343835147085185,0.53997422326463,1.0,1.0,1.0,0.2440789179086456,0.2425072139461711,0.2456506218711201,,,,0.5,0,1,0.4840146218589363,0.4840146218589363,0.4840146218589363,0.4132231404958678,0.4132231404958678,0.4132231404958678,0.4545454545454546,0.4545454545454546,0.4545454545454546,,,
exact,highdim,90,full_convergence,0.0,0.0,0.0,1.0,1.0,1.0,0.0,0.0,0.0,,,,0.0,0.0,0.0,0.0,0.0,0.0,0.386597037969154,0.337468734253104,0.435725341685204,,,,0.5,0,1,0.4840146420921486,0.4840146420921486,0.4840146420921486,0.0,0.0,0.0,0.0,0.0,0.0,,,
exact,highdim,90,gmm_plugin_soft,0.45964752352457305,0.4517588526347177,0.4675361944144284,0.5211052886011274,0.517255534215579,0.5249550429866758,0.3123833096610604,0.2495313111476758,0.375235308174445,0.7301225887961174,0.6480314698136481,0.8122137077785865,0.6923286651338848,0.691095128786967,0.6935622014808026,1.0,1.0,1.0,0.0935020838022523,0.0409577637511472,0.1460464038533574,,,,0.5,0,1,0.3096800252958235,0.3096800252958235,0.3096800252958235,0.2647924268739983,0.2647924268739983,0.2647924268739983,0.4333811645599843,0.4333811645599843,0.4333811645599843,,,
exact,highdim,90,hartigan_U,0.30607390567606535,0.1893004115226337,0.422847399829497,0.8469630471619674,0.7885763000852515,0.9053497942386832,0.15303695283803265,0.0946502057613168,0.2114236999147485,0.5,0.5,0.5,0.0,0.0,0.0,0.0,0.0,0.0,0.4120746439397702,0.3841774105633352,0.4399718773162052,,,,0.5,0,1,0.4840146420921486,0.4840146420921486,0.4840146420921486,0.0,0.0,0.0,0.0,0.0,0.0,,,
exact,highdim,90,majority,1.013913885468304,0.9002557544757033,1.127572016460905,0.49304305726584785,0.4362139917695473,0.5498721227621484,0.5069569427341521,0.4501278772378516,0.5637860082304527,0.5,0.5,0.5,0.0,0.0,0.0,0.0,0.0,0.0,0.4898601627342574,0.474237698091993,0.5054826273765218,,,,0.5,0,1,0.4840146420921486,0.4840146420921486,0.4840146420921486,0.0,0.0,0.0,0.0,0.0,0.0,,,
exact,highdim,90,markov,0.31804770575254615,0.2030178326474623,0.43307757885763,0.8409761471237269,0.783461210571185,0.8984910836762688,0.15902385287627305,0.1015089163237311,0.216538789428815,0.5,0.5,0.5,0.0,0.0,0.0,0.0,0.0,0.0,0.41313496339927,0.3855748752665501,0.4406950515319899,,,,0.5,0,1,0.4840146420921486,0.4840146420921486,0.4840146420921486,0.0,0.0,0.0,0.0,0.0,0.0,,,
exact,highdim,90,markov_a0.5,0.6085412873326106,0.6052855924978687,0.6117969821673526,0.6957293563336947,0.6941015089163237,0.6973572037510657,0.3042706436663053,0.3026427962489343,0.3058984910836763,0.5,0.5,0.5,0.0,0.0,0.0,0.0,0.0,0.0,0.4427676314861779,0.4178186311949415,0.4677166317774144,,,,0.5,0,1,0.4840146420921486,0.4840146420921486,0.4840146420921486,0.0,0.0,0.0,0.0,0.0,0.0,,,
exact,highdim,90,markov_a0.5_soft,0.44225017314189563,0.4347926434922102,0.449707702791581,0.6069293583428291,0.5973670660466152,0.6164916506390431,0.13332716412810086,0.1070379456527016,0.1596163826035001,0.5697854309460821,0.5503270862800566,0.5892437756121078,0.5180487509248451,0.504404372054164,0.5316931297955263,1.0,1.0,1.0,0.21690462946305694,0.2139904892345103,0.2198187696916036,,,,0.5,0,1,0.4840146218589363,0.4840146218589363,0.4840146218589363,0.1249999999999999,0.1249999999999999,0.1249999999999999,0.25,0.25,0.25,,,
exact,highdim,90,markov_pooled,0.41198572826876323,0.3209876543209876,0.5029838022165388,0.7940071358656184,0.7485080988917306,0.8395061728395061,0.20599286413438156,0.1604938271604938,0.2514919011082693,0.5,0.5,0.5,0.0,0.0,0.0,0.0,0.0,0.0,0.42482166436915897,0.3999638186319601,0.4496795101063578,,,,0.5,0,1,0.4840146420921486,0.4840146420921486,0.4840146420921486,0.0,0.0,0.0,0.0,0.0,0.0,,,
exact,highdim,90,markov_pooled_soft,0.3153155568932653,0.2683259413875177,0.3623051723990129,0.6976348075318843,0.6822659243410713,0.7130036907226973,0.09760890159913316,0.0968229135290504,0.0983948896692159,0.6432412874255722,0.6351781784487086,0.6513043964024358,0.4500813004509045,0.4306049975588424,0.4695576033429666,0.9986282578875172,0.9972565157750344,1.0,0.22920960286791608,0.2285635104261687,0.2298556953096635,,,,0.5,0,1,0.4840146420921486,0.4840146420921486,0.4840146420921486,0.0,0.0,0.0,0.0,0.0,0.0,,,
exact,highdim,90,markov_soft,0.31102833156478094,0.2014366899022983,0.4206199732272636,0.8391168218391862,0.7841713273938338,0.8940623162845386,0.15429174931874556,0.1006466784244561,0.207936820213035,0.5331020677738181,0.5282530652112447,0.5379510703363913,0.0154755130738927,0.0150412050780933,0.0159098210696921,0.0255596602570174,0.0246913580246913,0.0264279624893435,0.40526808140527437,0.3779867432561308,0.432549419554418,,,,0.5,0,1,0.4840146420921486,0.4840146420921486,0.4840146420921486,0.0,0.0,0.0,0.0,0.0,0.0,,,
exact,highdim,90,markov_w20,0.32353467420247756,0.2139917695473251,0.43307757885763,0.8382326628987613,0.783461210571185,0.8930041152263375,0.16176733710123875,0.1069958847736625,0.216538789428815,0.5,0.5,0.5,0.0,0.0,0.0,0.0,0.0,0.0,0.41328872894658736,0.3853363241137645,0.4412411337794102,,,,0.5,0,1,0.4840146420921486,0.4840146420921486,0.4840146420921486,0.0,0.0,0.0,0.0,0.0,0.0,,,
exact,highdim,90,markov_w5,0.31259932851294037,0.205761316872428,0.4194373401534527,0.8437003357435299,0.7902813299232737,0.897119341563786,0.1562996642564701,0.1028806584362139,0.2097186700767263,0.5,0.5,0.5,0.0,0.0,0.0,0.0,0.0,0.0,0.4125583904693362,0.3845102213106524,0.44060655962802,,,,0.5,0,1,0.4840146420921486,0.4840146420921486,0.4840146420921486,0.0,0.0,0.0,0.0,0.0,0.0,,,
exact,highdim,90,model_posterior_oracle,0.3160484123690692,0.2499658447333023,0.3821309800048361,0.6134029620308459,0.564274658314796,0.6625312657468959,0.3860038132377713,0.3366111480073207,0.4353964784682218,0.9974402730375427,0.9948805460750854,1.0,0.6485811577867866,0.6127074540778986,0.6844548614956746,1.0,1.0,1.0,0.0,0.0,0.0,,,,0.5,0,1,0.3090483031659595,0.3090483031659595,0.3090483031659595,0.2645817729415965,0.2645817729415965,0.2645817729415965,0.4333601804484898,0.4333601804484898,0.4333601804484898,,,
exact,highdim,90,reassign_U,0.30299713372556036,0.186556927297668,0.4194373401534527,0.8485014331372198,0.7902813299232737,0.906721536351166,0.1514985668627801,0.0932784636488339,0.2097186700767263,0.5,0.5,0.5,0.0,0.0,0.0,0.0,0.0,0.0,0.41214152155595596,0.3843262380908263,0.4399568050210856,,,,0.5,0,1,0.4840146420921486,0.4840146420921486,0.4840146420921486,0.0,0.0,0.0,0.0,0.0,0.0,,,
exact,highdim,90,stop,0.3137851311574907,0.2030178326474623,0.4245524296675191,0.8431074344212546,0.7877237851662404,0.8984910836762688,0.1568925655787453,0.1015089163237311,0.2122762148337595,0.5,0.5,0.5,0.0,0.0,0.0,0.0,0.0,0.0,0.4127619492992214,0.3849826984952453,0.4405412001031975,,,,0.5,0,1,0.4840146420921486,0.4840146420921486,0.4840146420921486,0.0,0.0,0.0,0.0,0.0,0.0,,,
exact,highdim,90,true_posterior_oracle,0.9446797783074707,0.917306049711996,0.9720535069029456,0.5272526487531951,0.5131583233373315,0.5413469741690587,0.47262276750708954,0.4586530254530189,0.4865925095611601,0.3890518096113167,0.3129717514124294,0.465131867810204,0.0015071415181357262,1.5196622652583308e-08,0.0030142678396488,0.2530671241479236,0.0068201193520886,0.4993141289437586,0.49262471002642105,0.4900945624045692,0.4951548576482729,,,,0.5,0,1,0.0,0.0,0.0,0.4107641443815341,0.4107641443815341,0.4107641443815341,0.4840146420921486,0.4840146420921486,0.4840146420921486,,,
exact,main,10,active_set_U,0.09238874999999999,0.05624,0.1668,0.953805625,0.9166,0.97188,0.04619437499999999,0.02812,0.0834,0.5,0.5,0.5,0.0,0.0,0.0,0.0,0.0,0.0,0.08188589765753522,0.0499408200437804,0.1250581338223827,,,,137309.625,90388,179861,0.05850166689871664,0.0265100591825299,0.1131717342482118,0.11643990580062852,0.0525690628842133,0.2266552043917661,0.058219952900314224,0.0262845314421066,0.113327602195883,0.5,0.5,0.5
exact,main,10,fcm_soft,0.8765442858596811,0.8135287280226718,0.9282878691615656,0.07291495258237086,0.0421175500259833,0.1114471459059157,0.870913184049724,0.8086663616109403,0.906936863691026,0.4259128210713096,0.2073181813417342,0.6993937392700748,4.126732445457712,3.705091233159037,4.521126032925599,1.0,1.0,1.0,0.906651419544313,0.8557892069224597,0.9417466545625932,,,,137309.625,90388,179861,0.9151090285314939,0.8801391773368433,0.9423958405320664,0.87048752442023,0.8022812606605645,0.927204669511038,0.8594465030084842,0.8009658430851578,0.9125261433049688,0.8838098179934719,0.7644934210635228,0.9606286304319944
exact,main,10,frequency_soft,0.20130225206611566,0.0990621487603305,0.2941856198347107,0.7588008522727272,0.6965440909090909,0.8230290909090909,0.0754145454545455,0.0424918181818182,0.1253795454545455,0.7612831358610918,0.6990334425885143,0.8055526662105301,0.4671362361617435,0.405149459871328,0.5229403078660095,1.0,1.0,1.0,0.21832320261046026,0.1536136054582575,0.2897209430589952,,,,137309.625,90388,179861,0.21276044325663385,0.130603440632683,0.2811684961216575,0.20016375629350266,0.0812816381410384,0.3242129907388079,0.07903135017384018,0.0371959845936195,0.1122914789342972,0.7672516541260908,0.632042726959209,0.8702481725453111
exact,main,10,full_convergence,0.0,0.0,0.0,1.0,1.0,1.0,0.0,0.0,0.0,,,,0.0,0.0,0.0,0.0,0.0,0.0,0.0597405326112154,0.0399539290776966,0.077997414125758,,,,137309.625,90388,179861,0.04735232228456735,0.0265027140178707,0.0716723085296241,0.09415674037575006,0.0525412779672554,0.1415039091979352,0.04707837018787501,0.0262706389836276,0.0707519545989676,0.5,0.5,0.5
exact,main,10,gmm_plugin_soft,0.09399125176883474,0.0477160841943426,0.1599798339726635,0.9057460733037093,0.862230663410022,0.9453767779740831,0.026127160335888286,0.0060428257998029,0.0459672838075562,0.9032986098291405,0.7846912853138849,0.970490282465008,0.1617811287358998,0.0952837367805505,0.2332274597628222,0.97286875,0.90081,0.99894,0.043701317906789675,0.0185764741537275,0.0814941222026138,,,,137309.625,90388,179861,0.04526238348181031,0.0163236095017098,0.1087481676618492,0.10083156507854804,0.0401045250497139,0.1973242894204988,0.02501165443754865,0.0078259696290608,0.0642805813510159,0.9344255404234365,0.845906347100479,0.9855044731533468
exact,main,10,hartigan_U,0.092385,0.05626,0.16685,0.9538075,0.916575,0.97187,0.046192499999999935,0.0281299999999999,0.0834249999999999,0.5,0.5,0.5,0.0,0.0,0.0,0.0,0.0,0.0,0.08188486300350804,0.0499396410902663,0.1250824367015954,,,,137309.625,90388,179861,0.058502561487438175,0.0265100591825299,0.1131852723675891,0.11643900106328944,0.0525690628842133,0.2266822806316887,0.0582195005316447,0.0262845314421066,0.1133411403158443,0.5,0.5,0.5
exact,main,10,majority,0.224335,0.07151,0.36534,0.8878325,0.81733,0.964245,0.11216749999999996,0.0357549999999999,0.18267,0.5,0.5,0.5,0.0,0.0,0.0,0.0,0.0,0.0,0.1369433064908102,0.052904685347108,0.2132471713314661,,,,137309.625,90388,179861,0.11011142030514165,0.0254109781499926,0.2078416989145337,0.21959411988309444,0.0501934524843188,0.4152762410972918,0.1097970599415472,0.0250967262421594,0.2076381205486459,0.5,0.5,0.5
exact,main,10,markov,0.12436375,0.06294,0.19353,0.937818125,0.903235,0.96853,0.06218187499999995,0.03147,0.0967649999999999,0.5,0.5,0.5,0.0,0.0,0.0,0.0,0.0,0.0,0.0945565636439337,0.0503489776302513,0.1339308507341351,,,,137309.625,90388,179861,0.06726841824622062,0.025824344518014,0.1199515284564232,0.13392389611533465,0.0512492793287164,0.2394515764951824,0.06696194805766728,0.0256246396643582,0.1197257882475911,0.5,0.5,0.5
exact,main,10,markov_a0.5,0.16676875,0.06494,0.25514,0.916615625,0.87243,0.96753,0.08338437499999994,0.03247,0.1275699999999999,0.5,0.5,0.5,0.0,0.0,0.0,0.0,0.0,0.0,0.11326503008301927,0.0509905484352081,0.1631117797412434,,,,137309.625,90388,179861,0.08581794587404022,0.0255290683941169,0.1580732982378783,0.17094036767008913,0.050499086570855,0.3156771062097953,0.08547018383504454,0.0252495432854275,0.1578385531048977,0.5,0.5,0.5
exact,main,10,markov_a0.5_soft,0.15628791197824743,0.0742910167873669,0.2258101867320875,0.8085524191116311,0.7516496937061716,0.8696047251058819,0.06336648087778549,0.0292053279012588,0.1076569363595056,0.752509327608215,0.6352869624382592,0.8331556920099885,0.39673502437461894,0.3239938629887144,0.4694204443382215,1.0,1.0,1.0,0.1769014204233445,0.1190326658494406,0.2393810827185986,,,,137309.625,90388,179861,0.16664734661394925,0.0999548127244935,0.2322655875298414,0.15899311284630163,0.0617995471584531,0.2653152679336737,0.05662305707199149,0.0324054861047178,0.0842996581349087,0.7688581258290874,0.6503825100312022,0.8761866662770081
exact,main,10,markov_pooled,0.12653999999999999,0.06334,0.19666,0.93673,0.90167,0.96833,0.06326999999999998,0.0316699999999999,0.09833,0.5,0.5,0.5,0.0,0.0,0.0,0.0,0.0,0.0,0.09538144452650885,0.050412404457851,0.13513003530252,,,,137309.625,90388,179861,0.06818183444711323,0.0260235235309424,0.1197133670015347,0.13572485585210128,0.0517077304585205,0.2387843946158422,0.06786242792605063,0.0258538652292602,0.1193921973079211,0.5,0.5,0.5
exact,main,10,markov_pooled_soft,0.1221462753450615,0.0654464148235123,0.1881828903110335,0.9192934762058417,0.8815097765775223,0.9561184213776344,0.05124077444040851,0.0257387305275078,0.0795230146851615,0.6313654904337802,0.4347778992553989,0.7230769686507552,0.07268175164524701,0.0443642191025623,0.0873137412055524,0.96654875,0.90614,0.995805,0.10101402584000761,0.0579699293573877,0.1390192329947033,,,,137309.625,90388,179861,0.07872112990159129,0.0331730245282531,0.1294971042668687,0.1316183838862613,0.049890960308334,0.2299341781053635,0.053847961568645436,0.0107707497744997,0.1035995764116845,0.6919283395518413,0.6307852923229668,0.8253843325627778
exact,main,10,markov_soft,0.12179549287627123,0.0639272123512226,0.1890414278540858,0.9303811815569303,0.8921522601124365,0.9651758477249874,0.05599568486234286,0.0315393058697838,0.0850138346082023,0.5640225260935887,0.4944564383862621,0.6557251896665433,0.027019652769915865,0.0094713596899139,0.041334954323157,0.052559999999999996,0.023475,0.075525,0.09662964364810367,0.0521112569453761,0.1373323487097111,,,,137309.625,90388,179861,0.0714947346129503,0.0271874191994976,0.1244080159578432,0.13201908108512103,0.0501712499316047,0.2337751732443814,0.0606895556721108,0.0233522894819444,0.1076544276741217,0.5619706937621358,0.5172338848259072,0.6528311993639085
exact,main,10,markov_w20,0.12436375,0.06294,0.19353,0.937818125,0.903235,0.96853,0.06218187499999995,0.03147,0.0967649999999999,0.5,0.5,0.5,0.0,0.0,0.0,0.0,0.0,0.0,0.0945565636439337,0.0503489776302513,0.1339308507341351,,,,137309.625,90388,179861,0.06726841824622062,0.025824344518014,0.1199515284564232,0.13392389611533465,0.0512492793287164,0.2394515764951824,0.06696194805766728,0.0256246396643582,0.1197257882475911,0.5,0.5,0.5
exact,main,10,markov_w5,0.11761125,0.06297,0.17971,0.941194375,0.910145,0.968515,0.058805624999999966,0.0314849999999999,0.089855,0.5,0.5,0.5,0.0,0.0,0.0,0.0,0.0,0.0,0.09195880899615383,0.0503657496175201,0.1289001787523719,,,,137309.625,90388,179861,0.065483086856619,0.0265193414398033,0.117289391322738,0.1303935606018189,0.0525551704257343,0.2342253184403511,0.06519678030090942,0.0262775852128671,0.1171126592201755,0.5,0.5,0.5
exact,main,10,model_posterior_oracle,0.036635238991089836,0.0257160521041801,0.0473719402482424,0.9402594673887845,0.922002585874242,0.9600460709223032,0.05214011519800136,0.0338403143516568,0.0657700882010545,0.9783352254821438,0.9627897596621514,0.984980783188136,0.14497759600603002,0.0866566742038439,0.2050411673319316,0.972016875,0.90069,0.99872,0.0,0.0,0.0,,,,137309.625,90388,179861,0.025725091399954037,0.009799813697578,0.0457595335801186,0.07097766732801042,0.0406886906374623,0.1061925896176149,0.01226346672398915,0.0036307178416613,0.0220473599757997,0.9622885827564855,0.9306703077361532,0.9854869303836172
exact,main,10,reassign_U,0.1109475,0.06241,0.17167,0.94452625,0.914165,0.968795,0.05547374999999993,0.031205,0.085835,0.5,0.5,0.5,0.0,0.0,0.0,0.0,0.0,0.0,0.08960038804078921,0.0502235366220357,0.1267876471397186,,,,137309.625,90388,179861,0.06403515685976957,0.0265136274860733,0.1123080485221541,0.1275078225190034,0.0525690628842133,0.224962939396606,0.06375391125950165,0.0262845314421066,0.1124814696983029,0.5,0.5,0.5
exact,main,10,stop,0.11674999999999999,0.06277,0.17913,0.9416249999999999,0.910435,0.968615,0.058374999999999976,0.0313849999999999,0.089565,0.5,0.5,0.5,0.0,0.0,0.0,0.0,0.0,0.0,0.09164573848347132,0.050315361298404,0.1288225879375797,,,,137309.625,90388,179861,0.06518440581212936,0.0265240779759525,0.1164851474403805,0.12978024773365998,0.0525690628842133,0.2324906455540667,0.06489012386682998,0.0262845314421066,0.1162453227770333,0.5,0.5,0.5
exact,main,10,true_posterior_oracle,0.3053195874164048,0.1079749457925371,0.4663450565073369,0.8277013185684106,0.7611530236601407,0.9081047935654804,0.14465897003729888,0.0592937884677413,0.2293121406392693,0.5206187304969001,0.2902759357322513,0.587243126869307,0.07599594603031663,0.0100033627535893,0.1747700625626883,0.90349125,0.70492,0.99627,0.15370620525361664,0.0477790951384869,0.2435664350753584,,,,137309.625,90388,179861,0.0,0.0,0.0,0.041493340944668854,0.008980934504817,0.0867831849900485,0.0006398881868972875,0.0002775873174362,0.0012054401713735,0.9645264825080888,0.9339724877976678,0.9891981239781203
exact,main,20,active_set_U,0.3532538884162587,0.06568,1.0806710841674891,0.8233730557918706,0.4596644579162555,0.96716,0.1766269442081293,0.0328399999999999,0.5403355420837446,0.5,0.5,0.5,0.0,0.0,0.0,0.0,0.0,0.0,0.3151214374335714,0.1584536823303718,0.6216034176171028,,,,48771.0,1,157162,0.5736081131865713,0.1889688768704402,0.9823042344614532,1.2684162966242445,0.3802672147995889,2.0,0.6342081483121222,0.1901336073997944,1.0,0.5,0.5,0.5
exact,main,20,fcm_soft,0.8685934790451258,0.7645040344346453,0.9476305515761329,0.08032411929606377,0.0321795366130888,0.1462171610532792,0.741362580708767,0.395276450406013,0.925930463982014,0.5125810039035366,0.2598770121476249,0.6829255770631614,4.0490387028989545,3.503424962568308,4.528874977813707,1.0,1.0,1.0,0.8433970494058115,0.7228956017739756,0.9306951529384268,,,,48771.0,1,157162,0.926616862834829,0.8540211299370143,0.967651089183008,0.9374157649722308,0.8812799108873527,0.9673430326547228,0.3438094624779554,0.0361033537907606,0.7663557458334751,0.8025702722734377,0.6774670622109764,0.9583333333333334
exact,main,20,frequency_soft,0.6211382867073619,0.4097159251488032,0.8961336109515492,0.5106874310130136,0.3827045871089294,0.6338162976919453,0.2119141031840765,0.0706660386245877,0.3339451187470361,0.5601480851362606,0.5013075071078668,0.6629732272281049,0.5380427200857578,0.49434777238138,0.5995419951085722,1.0,1.0,1.0,0.3641369591668193,0.2354477528479096,0.5308073283650193,,,,48771.0,1,157162,0.5984034516392971,0.1877783313097754,0.980448946654164,1.1231468679079992,0.3338457923153802,1.7321639399561477,0.5353171045448764,0.0943349216730508,0.9090909090909092,0.5465051785617925,0.4202285230699828,0.7083333333333334
exact,main,20,full_convergence,0.0,0.0,0.0,1.0,1.0,1.0,0.0,0.0,0.0,,,,0.0,0.0,0.0,0.0,0.0,0.0,0.22758449752039694,0.1510903112597679,0.2769243048783055,,,,48771.0,1,157162,0.4747243875670485,0.1686571297568712,0.9823042344614532,1.0690059584054392,0.3373317234453108,2.0,0.5345029792027196,0.1686658617226554,1.0,0.5,0.5,0.5
exact,main,20,gmm_plugin_soft,0.4332225398478457,0.1376119705837812,0.9198011716502832,0.5748674952344676,0.3382567949980087,0.8126799012126809,0.23545644742073646,0.0645162131168919,0.3066935071447787,0.6768648775029403,0.3401970481522521,0.9067729370988376,0.6324359059911961,0.441902575187946,0.7287070505074227,0.99996125,0.99969,1.0,0.20588729774314202,0.0475308609826551,0.4788944457251813,,,,48771.0,1,157162,0.39471215394257986,0.0145268888802037,0.9796974869254867,0.7306472348350671,0.25125449227409,1.487266702764928,0.27000692749221195,0.0284138930300172,0.6088894674858027,0.7203969578255052,0.2357955657518585,1.0
exact,main,20,hartigan_U,0.35327356778996977,0.06561,1.080625969265473,0.8233632161050151,0.4596870153672635,0.967195,0.17663678389498486,0.0328049999999999,0.5403129846327366,0.5,0.5,0.5,0.0,0.0,0.0,0.0,0.0,0.0,0.3151260593106316,0.158451300937658,0.6216005396843285,,,,48771.0,1,157162,0.5736015226597513,0.1889688768704402,0.9823042344614532,1.2692517735986908,0.3802672147995889,2.0,0.6346258867993454,0.1901336073997944,1.0,0.5,0.5,0.5
exact,main,20,majority,0.9508547066303334,0.6031088082901555,1.29233,0.5245726466848333,0.353835,0.6984455958549223,0.4754273533151667,0.3015544041450777,0.646165,0.5,0.5,0.5,0.0,0.0,0.0,0.0,0.0,0.0,0.5115171858563505,0.4068266194459483,0.6593592077923758,,,,48771.0,1,157162,0.6656913434943001,0.1905865161832036,0.9823042344614532,1.4531083775703402,0.3830078794107571,2.0,0.7265541887851701,0.1915039397053786,1.0,0.5,0.5,0.5
exact,main,20,markov,0.3590824477943635,0.08287,1.0816523332863386,0.8204587761028183,0.4591738333568306,0.958565,0.17954122389718172,0.041435,0.5408261666431693,0.5,0.5,0.5,0.0,0.0,0.0,0.0,0.0,0.0,0.3165804914642008,0.1622750543589038,0.6222297762193619,,,,48771.0,1,157162,0.5745048902751783,0.1889688768704402,0.9823042344614532,1.2706423469061583,0.3802672147995889,2.0,0.6353211734530791,0.1901336073997944,1.0,0.5,0.5,0.5
exact,main,20,markov_a0.5,0.5463021498077231,0.24285,1.1048301141970958,0.7268489250961384,0.4475849429014521,0.878575,0.27315107490386153,0.121425,0.5524150570985479,0.5,0.5,0.5,0.0,0.0,0.0,0.0,0.0,0.0,0.3718865410036499,0.2054895528123449,0.6309999160453169,,,,48771.0,1,157162,0.5838516975856802,0.1895514261819718,0.9823042344614532,1.289719039971567,0.3802672147995889,2.0,0.6448595199857835,0.1901336073997944,1.0,0.5,0.5,0.5
exact,main,20,markov_a0.5_soft,0.44573691526009185,0.2499562721454101,0.8984984475667713,0.6136645580330512,0.4124449829844673,0.7379781269014697,0.14627138274594448,0.058099600252733,0.363066190954612,0.589684660395361,0.4647564596174421,0.7358525535548741,0.5005867107393254,0.4336348199971135,0.5952182651621513,1.0,1.0,1.0,0.29850589812138956,0.2111315297985527,0.5370362126408271,,,,48771.0,1,157162,0.5844052311630097,0.1829572911201263,0.9810287240196558,1.1355190714127756,0.3441652609243576,1.810945301544721,0.5306736396434537,0.1242716866281533,0.9375,0.5098860004019405,0.3190132620178891,0.7083333333333334
exact,main,20,markov_pooled,0.39818333496270003,0.09508,1.0847427040744395,0.8009083325186499,0.4576286479627802,0.95246,0.19909166748135002,0.04754,0.5423713520372198,0.5,0.5,0.5,0.0,0.0,0.0,0.0,0.0,0.0,0.3277322679999061,0.1653353953516769,0.6207763536820698,,,,48771.0,1,157162,0.5745537822893714,0.1892110064280103,0.9823042344614532,1.270519174073179,0.3809523809523809,2.0,0.6352595870365895,0.1904761904761904,1.0,0.5,0.5,0.5
exact,main,20,markov_pooled_soft,0.3534156751873211,0.0868951151776443,1.0523550455025252,0.7339840810053826,0.4325577735605617,0.9197086248853996,0.12956190383045696,0.0284130970221383,0.49998568509668,0.6259440000195535,0.2944342025376796,0.7908757195731073,0.28242512617331883,0.090565682259312,0.439746603652745,0.9156207493438399,0.529953475257296,0.9974430683180184,0.25998284861804866,0.1489145904015142,0.600820121125627,,,,48771.0,1,157162,0.5706921851048937,0.1863251343458957,0.9823042344614532,1.2470343928812497,0.3727220487455417,2.0,0.6171252290959011,0.1856388229448683,1.0,0.497793854832116,0.0870462841011552,0.7711020266255197
exact,main,20,markov_soft,0.3568009374718972,0.0819677818772847,1.080142378328149,0.8187155423702591,0.4591006856617358,0.9501909727453918,0.17660803071291822,0.0362638684705817,0.5397213201319488,0.5218084995359431,0.5007304054111498,0.593174145244439,0.008553927358256212,0.0024333041849856,0.026431334540805,0.015396169918733313,0.0042408007895107,0.048885,0.3144572716484971,0.160360635468638,0.6216161580382742,,,,48771.0,1,157162,0.5728685630152615,0.1889255173058812,0.9823042344614532,1.2667744673514658,0.3791778006166496,2.0,0.6317909525440439,0.1894826995546419,1.0,0.5075799653020746,0.4960333303193759,0.5293880476068296
exact,main,20,markov_w20,0.5762785575503471,0.2446,1.0927844353588043,0.7118607212248265,0.4536077823205978,0.8777,0.28813927877517354,0.1222999999999999,0.5463922176794023,0.5,0.5,0.5,0.0,0.0,0.0,0.0,0.0,0.0,0.3770245200654571,0.2117834943537375,0.6123995639203982,,,,48771.0,1,157162,0.5711904483453079,0.1895574486219109,0.9823042344614532,1.262868261213399,0.3802672147995889,2.0,0.6314341306066995,0.1901336073997944,1.0,0.5,0.5,0.5
exact,main,20,markov_w5,0.35618244169745983,0.07587,1.0811560693641618,0.82190877915127,0.459421965317919,0.962065,0.17809122084872991,0.037935,0.540578034682081,0.5,0.5,0.5,0.0,0.0,0.0,0.0,0.0,0.0,0.3158620657777791,0.1598365379172939,0.6219763590270169,,,,48771.0,1,157162,0.5740042665679966,0.1889688768704402,0.9823042344614532,1.268722136693779,0.3802672147995889,2.0,0.6343610683468895,0.1901336073997944,1.0,0.5,0.5,0.5
exact,main,20,model_posterior_oracle,0.15298890146288724,0.0978544917931618,0.1885930459666381,0.7724155024796031,0.7230756951216946,0.8489096887402321,0.19397099697423964,0.1247797499244009,0.2500755645572057,0.9116713824172875,0.8262303685436003,0.9667222222222224,0.486796990947855,0.3924497237831713,0.5679389142266414,0.9958361854116735,0.9674044832933878,1.0,0.0,0.0,0.0,,,,48771.0,1,157162,0.28664908678876744,0.0145200474412274,0.9799591710049952,0.5647920632297887,0.2031040983548517,1.482754160048087,0.2074178120701835,0.0236418491952859,0.6181345575895175,0.8321768614360128,0.5774045163088932,1.0
exact,main,20,reassign_U,0.3536153541745859,0.06645,1.0808289863245453,0.823192322912707,0.4595855068377273,0.966775,0.17680767708729292,0.0332249999999999,0.5404144931622726,0.5,0.5,0.5,0.0,0.0,0.0,0.0,0.0,0.0,0.3152285118711675,0.1584998885279823,0.6216846662730473,,,,48771.0,1,157162,0.5737293851035543,0.1889688768704402,0.9823042344614532,1.2686327357217528,0.3802672147995889,2.0,0.6343163678608763,0.1901336073997944,1.0,0.5,0.5,0.5
exact,main,20,stop,0.35543487294181064,0.07082,1.08117862681517,0.8222825635290947,0.4594106865924151,0.96459,0.17771743647090532,0.03541,0.540589313407585,0.5,0.5,0.5,0.0,0.0,0.0,0.0,0.0,0.0,0.31570181257315466,0.1591048913697574,0.6219696508065317,,,,48771.0,1,157162,0.5738507174194604,0.1889688768704402,0.9823042344614532,1.2684434365341164,0.3802672147995889,2.0,0.6342217182670582,0.1901336073997944,1.0,0.5,0.5,0.5
exact,main,20,true_posterior_oracle,0.844884371162907,0.3250045342354447,1.401302061892822,0.5489760419195896,0.2819107054058321,0.7524072727448081,0.41594592711769246,0.137803756036597,0.6927880643565658,0.6443785808878594,0.4459615238173942,0.8575838028985362,0.10903295815761857,0.0008087196416744,0.3445598371426593,0.6534081333308797,0.1610067918497802,0.99782,0.4081559718958859,0.1392814049053351,0.6520354993916224,,,,48771.0,1,157162,0.0,0.0,0.0,0.20265631746760798,0.0018100438302752,0.537483829737725,0.07265133740745708,0.0009454014999719,0.5184032289041465,0.8899166344930229,0.8195130557515878,0.9651790026572094
exact,main,30,active_set_U,0.35673548585686643,0.1433280371837131,0.8348928106123416,0.8216322570715667,0.5825535946938292,0.9283359814081434,0.1783677429284332,0.0716640185918565,0.4174464053061708,0.5,0.5,0.5,0.0,0.0,0.0,0.0,0.0,0.0,0.338274371469359,0.2608396664997212,0.462979589031547,,,,10043.375,2,32679,0.5921447411377483,0.1951149134145334,0.9999870993836096,1.1063210149113094,0.0,2.0,0.5531605074556547,0.0,1.0,0.5,0.5,0.5
exact,main,30,fcm_soft,0.8559869083148124,0.7634027745204404,0.939060563944698,0.08737749567107177,0.0369806471538375,0.1469089788230085,0.7334457958883346,0.4935039232275671,0.8864620938847877,0.5262856423216132,0.3147516010784097,0.7712279190900739,4.027029962263975,3.5006389968425964,4.510070172984069,1.0,1.0,1.0,0.8283939165782024,0.7191002844662745,0.9277194243612652,,,,10043.375,2,32679,0.9346309367384219,0.887516593738034,0.9778334748885914,0.938992555532551,0.8408342703847931,0.9851368277525262,0.42266674732248133,0.0482346018729035,0.9643136579712962,0.7233638016827575,0.6091396740251702,0.8665309703592583
exact,main,30,frequency_soft,0.6401478157851447,0.5263970402310323,0.7824636406740139,0.49952345793360176,0.4334576992948254,0.5581560370207712,0.22361153528060082,0.1344585142894321,0.3026976344422087,0.51205184325692,0.4901810447162124,0.5735884478474993,0.5390208730336472,0.5282303221356113,0.544032211965189,1.0,1.0,1.0,0.3388099689762729,0.2835461879204201,0.4873878011501905,,,,10043.375,2,32679,0.7004122445213998,0.5267694757517,0.9999870993836056,1.1288302106818957,0.699628916004191,1.5702479338842976,0.5146766793678377,0.2652536882980943,0.6818181818181819,0.4109862828825888,0.0,0.5357142857142857
exact,main,30,full_convergence,0.0,0.0,0.0,1.0,1.0,1.0,0.0,0.0,0.0,,,,0.0,0.0,0.0,0.0,0.0,0.0,0.2620172853931571,0.1785787149529407,0.3804039419863076,,,,10043.375,2,32679,0.5191552333958611,0.0380829268446748,0.9999870993836096,0.9610886036030526,0.0,2.0,0.4805443018015263,0.0,1.0,0.5,0.5,0.5
exact,main,30,gmm_plugin_soft,0.458130379039737,0.4207976836851335,0.5415225308224368,0.5188612685165501,0.4790611858541163,0.5338731296860499,0.25455692234096666,0.1114951120682347,0.3592123578471003,0.6791637377767744,0.5235739613464678,0.852636747366952,0.7539406710677307,0.6899935206489721,0.9662637566872204,1.0,1.0,1.0,0.22423576402918713,0.1206624399049541,0.3230277616510093,,,,10043.375,2,32679,0.5627450303113326,0.2046514394320058,0.9999866645347038,0.8125836496822679,0.2092041839481724,1.5369541546070191,0.3397382174234976,0.0360640668883204,0.6518664375415129,0.7641857627902509,0.5342648401387218,0.9722222222222222
exact,main,30,hartigan_U,0.3566218726280748,0.1431857525670516,0.8348335899561767,0.8216890636859626,0.5825832050219116,0.9284071237164742,0.17831093631403738,0.0715928762835258,0.4174167949780883,0.5,0.5,0.5,0.0,0.0,0.0,0.0,0.0,0.0,0.3382498027694588,0.2608295672492442,0.4629775137449941,,,,10043.375,2,32679,0.5921410458631016,0.1951149134145334,0.9999870993836096,1.1063057145655215,0.0,2.0,0.5531528572827608,0.0,1.0,0.5,0.5,0.5
exact,main,30,majority,0.9862189390010666,0.7986670245124351,1.122419080733694,0.5068905304994666,0.438790459633153,0.6006664877437824,0.4931094695005333,0.3993335122562176,0.561209540366847,0.5,0.5,0.5,0.0,0.0,0.0,0.0,0.0,0.0,0.5113849719974964,0.4797022109145066,0.5865858816324162,,,,10043.375,2,32679,0.7491483169518651,0.4520106568051704,0.9999870993836096,1.4993143661362756,1.0,2.0,0.7496571830681378,0.5,1.0,0.5,0.5,0.5
exact,main,30,markov,0.36107570222031854,0.1441343166781284,0.8354257965178254,0.8194621488898407,0.5822871017410873,0.9279328416609356,0.18053785111015927,0.0720671583390643,0.4177128982589126,0.5,0.5,0.5,0.0,0.0,0.0,0.0,0.0,0.0,0.3397983357979007,0.2610071142246734,0.4632857732757836,,,,10043.375,2,32679,0.5951234995231953,0.1951149134145334,0.9999870993836096,1.1123598917621784,0.0,2.0,0.5561799458810892,0.0,1.0,0.5,0.5,0.5
exact,main,30,markov_a0.5,0.6095168737860498,0.383297548756486,0.9313928698329976,0.695241563106975,0.5343035650835011,0.808351225621757,0.30475843689302484,0.191648774378243,0.4656964349164989,0.5,0.5,0.5,0.0,0.0,0.0,0.0,0.0,0.0,0.4087510088028392,0.3623726628505244,0.4919030769212072,,,,10043.375,2,32679,0.6819967437311054,0.4520106568051704,0.9999870993836096,1.3522176792247182,0.9,2.0,0.6761088396123591,0.4499999999999999,1.0,0.5,0.5,0.5
exact,main,30,markov_a0.5_soft,0.45624793404523395,0.3193381518616123,0.6433359364200196,0.6039632805754827,0.508609494508142,0.6828401684427099,0.13482020799499247,0.0914108119627929,0.2348181734832894,0.5679439077433951,0.501302655114315,0.6436753467543866,0.5091838971252526,0.4854129496938081,0.5249829720493716,1.0,1.0,1.0,0.2783067596768923,0.2115287546276405,0.4048153707685284,,,,10043.375,2,32679,0.6531970912526291,0.3963667767801019,0.9999870993836056,1.0583771617160533,0.6251884245406193,1.722225576621181,0.44847753864296114,0.2329691933197077,0.8324175824175823,0.409627425801588,0.0,0.5142924057279215
exact,main,30,markov_pooled,0.41020545839653777,0.1746734657362676,0.8313987918986142,0.7948972708017311,0.5843006040506928,0.9126632671318662,0.20510272919826888,0.0873367328681338,0.4156993959493071,0.5,0.5,0.5,0.0,0.0,0.0,0.0,0.0,0.0,0.3514296406563754,0.2801348987360494,0.4542657133606408,,,,10043.375,2,32679,0.6301210638684698,0.3541798876976016,0.9999870993836096,1.2440135082337724,0.6,2.0,0.6220067541168862,0.3,1.0,0.5,0.5,0.5
exact,main,30,markov_pooled_soft,0.3480725049043628,0.1594643395640525,0.7426128855708098,0.714153189816356,0.5221616974039279,0.8604551227785217,0.12048773637468112,0.0516066220632876,0.3022491724612129,0.5789809818631646,0.303974231916738,0.7113444390032879,0.35373864293699697,0.1369301357485073,0.4395800378041864,0.9318090890297378,0.7661008340984119,0.9987721775431272,0.2618878123203018,0.1806067678657705,0.4139498811423523,,,,10043.375,2,32679,0.6156233137825314,0.2930249275906994,0.9999870993836096,1.1320615690954636,0.4651629315175445,2.0,0.5597460993331473,0.2482591660752576,1.0,0.5187230309974383,0.3606206070553898,1.0
exact,main,30,markov_soft,0.3594378166720402,0.1433855472182359,0.8346466397378933,0.8193091587893315,0.5823147434704345,0.9277236853276124,0.17925819112309005,0.0712767806391084,0.4172233379635437,0.5070814139673978,0.5006655278807031,0.5145094639356649,0.0028586672640907376,0.0010755548580959,0.0051360758017876,0.005012452260174875,0.0019542816534407,0.0088293321352528,0.3388881796419105,0.2603246384347282,0.4629596266976,,,,10043.375,2,32679,0.594349819542115,0.1951149134145334,0.9999870993836096,1.1092961314371912,0.0,2.0,0.5547719015450885,0.0,1.0,0.5005454287157078,0.4915581617783788,0.5057305110996386
exact,main,30,markov_w20,0.3745322469129344,0.1542839526666508,0.8415551344308895,0.8127338765435328,0.5792224327845552,0.9228580236666746,0.18726612345646718,0.0771419763333254,0.4207775672154448,0.5,0.5,0.5,0.0,0.0,0.0,0.0,0.0,0.0,0.3436937904629581,0.2630592358696817,0.466174732222418,,,,10043.375,2,32679,0.6002537376554331,0.1951149134145334,0.9999870993836096,1.1208427765406226,0.0,2.0,0.5604213882703113,0.0,1.0,0.5,0.5,0.5
exact,main,30,markov_w5,0.3600050532528657,0.1439920320614669,0.8354257965178254,0.8199974733735671,0.5822871017410873,0.9280039839692664,0.18000252662643282,0.0719960160307334,0.4177128982589126,0.5,0.5,0.5,0.0,0.0,0.0,0.0,0.0,0.0,0.33950599767134365,0.2609721342469823,0.4631733792550944,,,,10043.375,2,32679,0.593959938042881,0.1951149134145334,0.9999870993836096,1.1098966280087552,0.0,2.0,0.5549483140043776,0.0,1.0,0.5,0.5,0.5
exact,main,30,model_posterior_oracle,0.17756715561609604,0.1192504575403747,0.2743507163952662,0.737982714606843,0.6195960580136924,0.8214212850470592,0.23414868086423812,0.1526805301326738,0.3005258218402231,0.9165122763503306,0.8024230053196296,0.9656264832192506,0.5531096796927699,0.4314207944016817,0.8817542924315016,0.9864224823850505,0.8914189269217103,1.0,0.0,0.0,0.0,,,,10043.375,2,32679,0.4345512954966004,0.0297663878571842,0.999986664278196,0.665292001262002,0.0507619456885313,1.536604756981895,0.295811311992329,0.0135483252609835,0.6454493808037313,0.8251633625506389,0.4438817144872654,0.994375092203972
exact,main,30,reassign_U,0.35740992400018917,0.143375465389267,0.8349520312685065,0.8212950379999054,0.5825239843657468,0.9283122673053664,0.17870496200009456,0.0716877326946334,0.4174760156342532,0.5,0.5,0.5,0.0,0.0,0.0,0.0,0.0,0.0,0.33854913758989735,0.2608407483400471,0.4630045340943758,,,,10043.375,2,32679,0.5925465203748177,0.1951149134145334,0.9999870993836096,1.107109734694288,0.0,2.0,0.553554867347144,0.0,1.0,0.5,0.5,0.5
exact,main,30,stop,0.35977311510206167,0.1438023192392515,0.8354554068459078,0.8201134424489691,0.582272296577046,0.9280988403803742,0.17988655755103083,0.0719011596196258,0.4177277034229539,0.5,0.5,0.5,0.0,0.0,0.0,0.0,0.0,0.0,0.33939104637568285,0.2609420382225788,0.4631718407457335,,,,10043.375,2,32679,0.5937851911728027,0.1951149134145334,0.9999870993836096,1.1095471347001657,0.0,2.0,0.5547735673500829,0.0,1.0,0.5,0.5,0.5
exact,main,30,true_posterior_oracle,0.9256479559975055,0.6189515985016013,1.1508999780296023,0.5181260519424761,0.3433711462432454,0.6476204295831327,0.45400095941216156,0.2871080262188105,0.5419111272660723,0.6598440855451363,0.526587479132911,0.8559907881582557,0.07447431060666969,0.000761461163857,0.3202755095907124,0.5898420158931782,0.1694334175387946,0.9923622370245933,0.4582992232958507,0.3075348586504606,0.579247885112994,,,,10043.375,2,32679,0.0,0.0,0.0,0.12148840255237016,4.280234995858396e-10,0.3948894617335216,0.05148501020433295,1.3335382637702509e-05,0.1951149134145334,0.9153998410727183,0.754150105213935,1.0
exact,main,40,active_set_U,0.27201523879812545,0.0207477520113582,0.6224094059840309,0.8639923806009373,0.6887952970079846,0.9896261239943208,0.13600761939906272,0.0103738760056791,0.3112047029920154,0.5,0.5,0.5,0.0,0.0,0.0,0.0,0.0,0.0,0.3104138928255188,0.1307984607037327,0.4171391500669505,,,,22596.625,0,144689,0.47875614133975647,0.1199274860397701,0.999616507542036,0.9243473884106039,0.2222222222222222,2.0,0.46217369420530197,0.1111111111111111,1.0,0.5,0.5,0.5
exact,main,40,fcm_soft,0.8528208190669854,0.7676032179179213,0.930600366283821,0.08894992600369879,0.040878569896568,0.1440938429358344,0.7746878358099362,0.5932890704124676,0.948615661061924,0.48154467705563997,0.333012541722158,0.6813918193324549,4.026617780256269,3.512190482520908,4.522685532010158,1.0,1.0,1.0,0.8304041579337611,0.723701592790135,0.9306612151817863,,,,22596.625,0,144689,0.9246611303314355,0.88867548687007,0.9701088849905372,0.9325295710513151,0.8389590426237703,0.9849954126044524,0.5012013933500832,0.0447883315753818,0.8460517729604131,0.7490016007436582,0.6062928252127238,0.875
exact,main,40,frequency_soft,0.6019160211315494,0.4264587969789535,0.6785793274582191,0.5122956328687901,0.4785342235197459,0.562194209009164,0.19603106639274087,0.0396615468456452,0.2542263913150988,0.5226717269130257,0.4856055518731728,0.6268480351815605,0.553644698220877,0.5380257162402162,0.6435462744163619,1.0,1.0,1.0,0.32479056700019315,0.2642571101855488,0.4194368058859941,,,,22596.625,0,144689,0.6095834023825988,0.4031601369323952,0.9996165074482672,0.9531815028157317,0.4095500459136822,1.6694214876033056,0.4055878387610582,0.0531987416270258,0.7272727272727273,0.5103494972210131,0.3571428571428572,0.6174763357163793
exact,main,40,full_convergence,0.0,0.0,0.0,1.0,1.0,1.0,0.0,0.0,0.0,,,,0.0,0.0,0.0,0.0,0.0,0.0,0.25667411357385744,0.1281054523963631,0.3889786615150472,,,,22596.625,0,144689,0.43336751614530666,0.0205160929094333,0.999616507542036,0.8340331757207776,0.0405124653739612,2.0,0.4170165878603888,0.0202562326869806,1.0,0.5,0.5,0.5
exact,main,40,gmm_plugin_soft,0.41137177420475524,0.0984545829959548,0.4794842664157774,0.5635324221370014,0.4870291250823865,0.8629866986330926,0.24703820898397727,0.1020847888837228,0.3677644476794802,0.7085139395188674,0.5852303078410295,0.9288584397492288,0.6759547811344948,0.3287654074118185,0.886531155444723,1.0,1.0,1.0,0.18192128683071299,0.009755921312189,0.3132327632788823,,,,22596.625,0,144689,0.4527428017605212,0.0280971111066153,0.9970384646255884,0.6827419198643193,0.1641006464004033,1.4992721977595864,0.25152951366838144,0.0105066839570082,0.6257505580379981,0.8037265217024471,0.6313949463482174,1.0
exact,main,40,hartigan_U,0.2719671392148528,0.0207098911500236,0.62244450293937,0.8640164303925736,0.688777748530315,0.9896450544249882,0.13598356960742639,0.0103549455750118,0.3112222514696849,0.5,0.5,0.5,0.0,0.0,0.0,0.0,0.0,0.0,0.31040973039519215,0.1307946543845058,0.4171403913199496,,,,22596.625,0,144689,0.47875675296709613,0.1199278102643057,0.999616507542036,0.9243632056006267,0.2222222222222222,2.0,0.46218160280031334,0.1111111111111111,1.0,0.5,0.5,0.5
exact,main,40,majority,0.9421614476025386,0.6760182994163118,1.0553303500921296,0.5289192761987307,0.4723348249539352,0.6619908502918441,0.4710807238012693,0.3380091497081559,0.5276651750460648,0.5,0.5,0.5,0.0,0.0,0.0,0.0,0.0,0.0,0.48325187414969095,0.3449091095387873,0.5274631593908705,,,,22596.625,0,144689,0.6463645672401231,0.3412588652855666,0.9999893346358836,1.2628762564775928,0.4444444444444444,2.0,0.6314381282387964,0.2222222222222222,1.0,0.5,0.5,0.5
exact,main,40,markov,0.27461858433989234,0.0249629279066098,0.6254277441431956,0.8626907078300539,0.6872861279284022,0.987518536046695,0.1373092921699461,0.0124814639533049,0.3127138720715978,0.5,0.5,0.5,0.0,0.0,0.0,0.0,0.0,0.0,0.31077803980096236,0.1310693799469938,0.4173205905276157,,,,22596.625,0,144689,0.4791295744000447,0.1196247892870534,0.999616507542036,0.9251920300079772,0.2222222222222222,2.0,0.46259601500398856,0.1111111111111111,1.0,0.5,0.5,0.5
exact,main,40,markov_a0.5,0.5084374477460469,0.0453951727401798,0.8049837676581556,0.7457812761269765,0.5975081161709221,0.97730241362991,0.2542187238730234,0.0226975863700898,0.4024918838290778,0.5,0.5,0.5,0.0,0.0,0.0,0.0,0.0,0.0,0.36875138176619515,0.1336457822300461,0.4589995569226229,,,,22596.625,0,144689,0.5690498226538541,0.1197301673692834,0.999616507542036,1.0918909585510215,0.2382351111694738,2.0,0.5459454792755107,0.1191175555847369,1.0,0.5,0.5,0.5
exact,main,40,markov_a0.5_soft,0.39559001590558607,0.1661053908761391,0.5701549395329194,0.6309270704901659,0.5447033432328514,0.7338053431789245,0.1365673953506359,0.0969181893066002,0.2329771105086023,0.5814553871580815,0.5113880330412199,0.6424465707098017,0.5179675514956273,0.5011833132138531,0.5537140220703132,1.0,1.0,1.0,0.2546683504244726,0.2083746312777069,0.3783691806300585,,,,22596.625,0,144689,0.5436910104693701,0.2397864173537849,0.9996165074482672,0.8568907677700138,0.2651904129227846,1.724464101239669,0.38224796115195236,0.138704321048101,0.8096590909090909,0.6173501548135804,0.4952152229522074,0.7857142857142857
exact,main,40,markov_pooled,0.31710518349169103,0.0304779933743492,0.6236027024655612,0.8414474082541544,0.6881986487672195,0.9847610033128252,0.1585525917458455,0.0152389966871746,0.3118013512327805,0.5,0.5,0.5,0.0,0.0,0.0,0.0,0.0,0.0,0.3197846190052045,0.132112830555208,0.4245661990773368,,,,22596.625,0,144689,0.476000532710063,0.1196405697267031,0.999616507542036,0.9191110925621443,0.2222222222222222,2.0,0.45955554628107215,0.1111111111111111,1.0,0.5,0.5,0.5
exact,main,40,markov_pooled_soft,0.2695379353153774,0.0318027401544086,0.5287076595427451,0.7517750234672539,0.6192455769114391,0.9658985279854893,0.0844510172512968,0.016760503920856,0.1771941999221731,0.6379564169311532,0.428528491942976,0.923638382699864,0.3573797364681241,0.0568483492022095,0.443495794296503,0.9452179385143579,0.779971604353999,0.9986479459178368,0.22689572960994944,0.1199292140270415,0.3451102965663082,,,,22596.625,0,144689,0.49685011950211116,0.1126239572904951,0.999616507542036,0.9111247237251566,0.2258233129876249,2.0,0.4533423222245339,0.1054469985713869,1.0,0.4383982191306677,0.1875,0.8072950315818833
exact,main,40,markov_soft,0.2732535870019065,0.027413637773412,0.6245592350195809,0.8616052141099223,0.6871174639102732,0.9794262458411565,0.1363392464256657,0.0142576014410875,0.3119389066890732,0.5231001839143242,0.5011713615808157,0.6237293349427728,0.005325149467521163,0.0017823965113978,0.0211331093113431,0.010076950380337311,0.0031587259805211,0.0425682284271967,0.30908989062401815,0.1268693234364182,0.4159223771572241,,,,22596.625,0,144689,0.48258504707434696,0.1164027617178097,0.999616507542036,0.9286137618926981,0.2315533615366405,2.0,0.4678462078817095,0.1132323447036483,1.0,0.4987800007093506,0.4375,0.552534599435993
exact,main,40,markov_w20,0.2805146127741647,0.0353999053478466,0.6284460823023603,0.8597426936129177,0.6857769588488198,0.9823000473260768,0.1402573063870823,0.0176999526739233,0.3142230411511801,0.5,0.5,0.5,0.0,0.0,0.0,0.0,0.0,0.0,0.3118720557820948,0.1332267708307846,0.4187768184182812,,,,22596.625,0,144689,0.5003717287822457,0.1215863624511502,0.999616507542036,0.9722459031558651,0.2222222222222222,2.0,0.4861229515779325,0.1111111111111111,1.0,0.5,0.5,0.5
exact,main,40,markov_w5,0.2734771131329293,0.0232087079981069,0.6240238659296306,0.8632614434335353,0.6879880670351847,0.9883956460009464,0.1367385565664646,0.0116043539990534,0.3120119329648153,0.5,0.5,0.5,0.0,0.0,0.0,0.0,0.0,0.0,0.31062371258693866,0.1308630339992283,0.4171138274764097,,,,22596.625,0,144689,0.4924816264432931,0.1199144824342077,0.999616507542036,0.9562415084173426,0.2389400714636219,2.0,0.4781207542086713,0.119470035731811,1.0,0.5,0.5,0.5
exact,main,40,model_posterior_oracle,0.17948708435510077,0.0856162813402169,0.3068635469804461,0.7433258864261426,0.6110213384849528,0.8718945476036369,0.2235692526429783,0.1075163621957203,0.2974969564292719,0.9273675906627231,0.8026093042678974,0.9920451065961902,0.5218519895963214,0.3199632547198102,0.8006863009594669,0.986783802755111,0.8942704220408879,1.0,0.0,0.0,0.0,,,,22596.625,0,144689,0.37860833747640943,0.016211772196699,0.9969847328444756,0.6075222872570185,0.0300309838272125,1.488791559962093,0.23753406182196826,0.0087604731703189,0.6098684725554493,0.8628077365516468,0.6078441003669643,1.0
exact,main,40,reassign_U,0.2722004096601787,0.0210001577535888,0.6225497938053873,0.8638997951699107,0.6887251030973063,0.9894999211232056,0.13610020483008933,0.0105000788767944,0.3112748969026937,0.5,0.5,0.5,0.0,0.0,0.0,0.0,0.0,0.0,0.3104399354074458,0.1308020215533415,0.4171117686440397,,,,22596.625,0,144689,0.47875583630092916,0.1199262922493859,0.999616507542036,0.9243473884106039,0.2222222222222222,2.0,0.46217369420530197,0.1111111111111111,1.0,0.5,0.5,0.5
exact,main,40,stop,0.273175274871885,0.0218330967029499,0.6238132841975959,0.8634123625640575,0.6880933579012021,0.989083451648525,0.13658763743594246,0.010916548351475,0.3119066420987979,0.5,0.5,0.5,0.0,0.0,0.0,0.0,0.0,0.0,0.31061186542418806,0.1308313443783814,0.4171467829916319,,,,22596.625,0,144689,0.47883549295488237,0.1199186122004244,0.999616507542036,0.9244460504225476,0.2222222222222222,2.0,0.4622230252112738,0.1111111111111111,1.0,0.5,0.5,0.5
exact,main,40,true_posterior_oracle,0.8274045335791128,0.2153591457995194,1.0791418464553393,0.5684289138502271,0.4092403655853314,0.8264887229338314,0.410702965206425,0.1210592155113168,0.5167965438095165,0.6577615988705209,0.4888146681078097,0.8787770466932004,0.06971383358195443,0.0005944765243332,0.2580718648464081,0.5885795150101154,0.1783944499504459,0.9979807540621548,0.4079233659262287,0.0871381269162261,0.5423029045975439,,,,22596.625,0,144689,0.0,0.0,0.0,0.1626078765765951,3.095141381904856e-05,0.3876772231661015,0.04524347038966956,0.0005270245737625,0.1467801875445914,0.8981840219771035,0.7735916118713347,1.0
exact,main,50,active_set_U,0.2705454640097678,0.0771250341307681,0.3586755909363812,0.8647272679951161,0.8206622045318094,0.961437482934616,0.13527273200488385,0.038562517065384,0.1793377954681906,0.5,0.5,0.5,0.0,0.0,0.0,0.0,0.0,0.0,0.3299292580042458,0.2787308655418146,0.3858113329774378,,,,3338.125,0,23168,0.5779741784744493,0.1733138788207535,0.9978165717844308,1.123679291633936,0.3475483425414364,2.0,0.561839645816968,0.1737741712707182,1.0,0.5,0.5,0.5
exact,main,50,fcm_soft,0.8507519562042254,0.7667394569396576,0.9242288538580632,0.09011602193923689,0.0447732027699225,0.1446666180501699,0.7741444193318973,0.6958827303285309,0.8687873405218755,0.491479150859415,0.4080021697391309,0.6544697781956447,4.021378168618578,3.5095088872582707,4.495262852522003,1.0,1.0,1.0,0.8260829513416498,0.7224631106279592,0.8990329467833548,,,,3338.125,0,23168,0.9292600761882776,0.8874555385244397,0.9721105211146184,0.9411946983005033,0.8463931232074582,0.9848868622529934,0.40537483644373473,0.0503815045553018,0.7640823714153929,0.7220684893171953,0.5905151082391866,0.8333333333333333
exact,main,50,frequency_soft,0.6269135992733104,0.5892848904916483,0.6706077433556354,0.5051677548552755,0.4832912523424185,0.5238549142743221,0.2197531041772505,0.1881056996101243,0.2493647421267443,0.5098947613535556,0.4917276729376708,0.5262321003724646,0.5408330418217994,0.5355429446950465,0.546919767437538,1.0,1.0,1.0,0.31014590919081814,0.2544323114358121,0.4121418121570655,,,,3338.125,0,23168,0.6662969865245708,0.5022944828880221,0.9978165693182108,1.0523648150127094,0.6336088154269972,1.537190082644628,0.4524518379821014,0.2272727272727272,0.6369960474308299,0.5318906274096674,0.44,0.775
exact,main,50,full_convergence,0.0,0.0,0.0,1.0,1.0,1.0,0.0,0.0,0.0,,,,0.0,0.0,0.0,0.0,0.0,0.0,0.2874517999965672,0.1643103516069993,0.3477104483026741,,,,3338.125,0,23168,0.5575623635484238,0.0301742132415489,0.9978165717844308,1.0830976527000407,0.0607734806629834,2.0,0.5415488263500203,0.0303867403314916,1.0,0.5,0.5,0.5
exact,main,50,gmm_plugin_soft,0.4544550527443558,0.39767556970418,0.4860696038569025,0.5227095837011182,0.4960723271236942,0.5661102913688377,0.2669192153657785,0.1829128504227139,0.3219169411026019,0.6900506329173529,0.6022808314830156,0.7532697048817257,0.7193040692882556,0.6899732115334266,0.7987346702465539,1.0,1.0,1.0,0.19125109451275263,0.1540265468668278,0.2727518307430566,,,,3338.125,0,23168,0.5399070876398042,0.3122992951650404,0.9978129956657036,0.8061510112676638,0.3254714887916536,1.5501295145187517,0.2624456566773213,0.0178499173662171,0.6598454655933514,0.75662333947641,0.6059812686249468,1.0
exact,main,50,hartigan_U,0.270446580421811,0.0770830270315683,0.3584532254119321,0.8647767097890945,0.8207733872940339,0.9614584864842158,0.13522329021090543,0.0385415135157841,0.179226612705966,0.5,0.5,0.5,0.0,0.0,0.0,0.0,0.0,0.0,0.32991665476287846,0.2786428021893488,0.3857549433299439,,,,3338.125,0,23168,0.5779771503508337,0.1731844220852756,0.9978165717844308,1.123262860148617,0.347289364640884,2.0,0.5616314300743085,0.1736446823204419,1.0,0.5,0.5,0.5
exact,main,50,majority,0.9830916703738592,0.9106359649122808,1.0425829979320007,0.5084541648130704,0.4787085010339997,0.5446820175438597,0.4915458351869296,0.4553179824561403,0.5212914989660002,0.5,0.5,0.5,0.0,0.0,0.0,0.0,0.0,0.0,0.5035079140797769,0.4822920410614434,0.5255678263028295,,,,3338.125,0,23168,0.7314727009580648,0.503515606660291,0.9980755892363892,1.4270058231703755,1.0,2.0,0.7135029115851877,0.5,1.0,0.5,0.5,0.5
exact,main,50,markov,0.2740635451544267,0.0780911974123626,0.3722398879277757,0.8629682274227867,0.8138800560361121,0.9609544012938188,0.13703177257721333,0.0390455987061812,0.1861199439638878,0.5,0.5,0.5,0.0,0.0,0.0,0.0,0.0,0.0,0.331123240613763,0.2853187254732325,0.3859832483463088,,,,3338.125,0,23168,0.5800854038804468,0.185739807906397,0.9978165717844308,1.127116217610808,0.3724102209944751,2.0,0.563558108805404,0.1862051104972375,1.0,0.5,0.5,0.5
exact,main,50,markov_a0.5,0.5516224118259772,0.4310348448887862,0.6448155477974695,0.7241887940870114,0.6775922261012652,0.7844825775556069,0.2758112059129885,0.2155174224443931,0.3224077738987347,0.5,0.5,0.5,0.0,0.0,0.0,0.0,0.0,0.0,0.39850229772537604,0.3703883722793387,0.4371406160694322,,,,3338.125,0,23168,0.6516654493343765,0.3384494785570063,0.9978165717844308,1.247993277420987,0.6666666666666666,2.0,0.6239966387104935,0.3333333333333333,1.0,0.5,0.5,0.5
exact,main,50,markov_a0.5_soft,0.4161558003970649,0.3489335572257775,0.4841032538621264,0.6221851363582382,0.5891391918694721,0.6535156311567065,0.1149304675687408,0.0877398073537252,0.1400958564644336,0.5750737852026687,0.5335077912358952,0.6123635150308032,0.5131064259314853,0.5042088010973255,0.5185945347220722,1.0,1.0,1.0,0.24894748758926985,0.2029633047258403,0.3374506636591345,,,,3338.125,0,23168,0.6183553069191673,0.3538424833292428,0.9978165693182108,0.989738834127588,0.4956072237300384,1.6328994082840236,0.4098344283676318,0.1250291375291375,0.7384615384615384,0.6427356372671654,0.4868010284574625,1.0
exact,main,50,markov_pooled,0.3324230218384734,0.1451345277351872,0.4197238108522806,0.8337884890807633,0.7901380945738596,0.9274327361324064,0.1662115109192367,0.0725672638675936,0.2098619054261403,0.5,0.5,0.5,0.0,0.0,0.0,0.0,0.0,0.0,0.3442649329466629,0.28846896623592,0.3965317557395326,,,,3338.125,0,23168,0.5814270357448008,0.1843298167981159,0.9978165717844308,1.129865068868614,0.3696477900552486,2.0,0.5649325344343069,0.1848238950276243,1.0,0.5,0.5,0.5
exact,main,50,markov_pooled_soft,0.2767252010670471,0.1536411886369877,0.3384450912389543,0.7366467070303011,0.6956424521133612,0.7976647539599674,0.08167531441860054,0.0584314261383841,0.1021944215483355,0.6236529663278323,0.5237927212145486,0.7248699781553337,0.39470358003564227,0.3205986674499625,0.4410614783745789,0.9520622559832792,0.8313293253173013,0.9984185117363076,0.22954876061106189,0.1930855183165164,0.2903507556187926,,,,3338.125,0,23168,0.5837373964847138,0.1955397920466284,0.9978165717844308,1.1084494387013302,0.3083928194616551,2.0,0.5394535002828442,0.0947349297145576,1.0,0.45631274851937187,0.3511533665835411,0.5869225283112921
exact,main,50,markov_soft,0.2719597376668925,0.0776095773524002,0.3703381454123436,0.8627660884577644,0.8131791609331527,0.9607764270985326,0.13541488998989923,0.0385467585198369,0.1844822564777243,0.5091459863167795,0.5044009348811075,0.5129902818495581,0.00368978750238225,0.0012362522873564,0.0056828491055745,0.00649066754360135,0.0022053727079876,0.0101129864695215,0.32980250260426325,0.2853748641794766,0.3848865372341692,,,,3338.125,0,23168,0.5798599261587124,0.1869389408759408,0.9978165717844308,1.1265078948604377,0.3702443024861878,2.0,0.5632502501041731,0.1843620511049724,1.0,0.49922255813004573,0.488235294117647,0.5069766205818725
exact,main,50,markov_w20,0.28163495591748944,0.0827959925227363,0.3842920993529163,0.8591825220412552,0.8078539503235418,0.9586020037386318,0.14081747795874472,0.0413979962613682,0.1921460496764582,0.5,0.5,0.5,0.0,0.0,0.0,0.0,0.0,0.0,0.33261529480474034,0.2906241901775993,0.3867456833296429,,,,3338.125,0,23168,0.5820802039726326,0.1949532946375565,0.9978165717844308,1.1312740688977392,0.3907113259668508,2.0,0.5656370344488696,0.1953556629834254,1.0,0.5,0.5,0.5
exact,main,50,markov_w5,0.27287511172089124,0.077671126420365,0.3689933512708189,0.8635624441395544,0.8155033243645905,0.9611644367898174,0.1364375558604456,0.0388355632101825,0.1844966756354095,0.5,0.5,0.5,0.0,0.0,0.0,0.0,0.0,0.0,0.33074978148531586,0.2837296358906753,0.385952889163525,,,,3338.125,0,23168,0.5793113412497713,0.18263501231573,0.9978165717844308,1.126343064325333,0.3661947513812155,2.0,0.5631715321626665,0.1830973756906077,1.0,0.5,0.5,0.5
exact,main,50,model_posterior_oracle,0.20686222929223397,0.1221195656103462,0.2700433260961994,0.7125482000034328,0.6522895516973259,0.8356896483930008,0.24199086403402909,0.1365968954024281,0.3206407801598674,0.9243251134044254,0.86754675380296,0.9687658042954964,0.5600911070673079,0.3120261839051493,0.6854109454130963,0.9969591514531587,0.9756732116252697,1.0,0.0,0.0,0.0,,,,3338.125,0,23168,0.46227420678639,0.0259854317314127,0.9978040240733018,0.7375307056228052,0.0460134850184029,1.5420250923188528,0.2539236533833623,0.0150962063417897,0.6467881595504045,0.8167789059696903,0.6604504120488774,1.0
exact,main,50,reassign_U,0.27114523949201264,0.0772510554283674,0.3621889662226768,0.8644273802539937,0.8189055168886615,0.9613744722858164,0.13557261974600632,0.0386255277141837,0.1810944831113384,0.5,0.5,0.5,0.0,0.0,0.0,0.0,0.0,0.0,0.3301651302916368,0.2805038733299727,0.3858113329774378,,,,3338.125,0,23168,0.5784549009174406,0.1766789359216926,0.9978165717844308,1.1246412095502738,0.3542817679558011,2.0,0.5623206047751369,0.1771408839779005,1.0,0.5,0.5,0.5
exact,main,50,stop,0.27270056738054216,0.077671126420365,0.367525738809455,0.8636497163097289,0.8162371305952725,0.9611644367898174,0.13635028369027108,0.0388355632101825,0.1837628694047275,0.5,0.5,0.5,0.0,0.0,0.0,0.0,0.0,0.0,0.3306471107191599,0.2831135507263703,0.3859668062250455,,,,3338.125,0,23168,0.5791510561932232,0.1815130169198928,0.9978165717844308,1.1260224250198871,0.3639502762430939,2.0,0.5630112125099435,0.1819751381215469,1.0,0.5,0.5,0.5
exact,main,50,true_posterior_oracle,0.9249170367051425,0.4994412422555339,1.1117235618005263,0.5276784035315681,0.4193283694341301,0.7450011751524044,0.456416841221711,0.2454867549496996,0.5383163571628847,0.6680217982019936,0.4856310249661053,0.8761776545683089,0.03788546796904226,0.0006392295172116,0.1176872813692972,0.5891078829208276,0.1768172888015717,0.9559118236472944,0.4587375796331916,0.2500921743346622,0.5458104725978026,,,,3338.125,0,23168,0.0,0.0,0.0,0.1750542619357213,2.0541063630228008e-05,0.3707518165904949,0.04722479465980067,0.0017408181338882,0.1157872868008845,0.8602862483150259,0.7389108129439621,0.9925888817939464
exact,main,60,active_set_U,0.22898718806840346,0.0773219695024901,0.2910433979686057,0.8855064059657982,0.8544783010156971,0.961339015248755,0.1144935940342017,0.038660984751245,0.1455216989843029,0.5,0.5,0.5,0.0,0.0,0.0,0.0,0.0,0.0,0.3078229438890452,0.0985659727678383,0.3759403393121951,,,,15822.125,2,124585,0.552874072328955,0.0558512779279453,0.9996083795783608,1.1296446114443068,0.0,2.0,0.5648223057221534,0.0,1.0,0.5,0.5,0.5
exact,main,60,fcm_soft,0.8498285334202648,0.7648086690297516,0.919368703981534,0.09033052137199461,0.0473801614620547,0.1459202320798519,0.7944464355099197,0.7211784475726335,0.8672608994548624,0.5281110412491321,0.4416807120082566,0.8182225684504667,4.0267099147441145,3.5045223850660108,4.488053959439139,1.0,1.0,1.0,0.8293451667003431,0.7199664192650105,0.89712312846507,,,,15822.125,2,124585,0.9311028745053095,0.8842277343449058,0.9733656850669428,0.9441816378014612,0.8506864628973121,0.9839448588967372,0.40142823708760716,0.0481048670336143,0.9640607835749464,0.7264028008448037,0.3333333333333333,1.0
exact,main,60,frequency_soft,0.6871505125056575,0.5924652811517038,1.1248019834621792,0.4793051246102469,0.2931658261955461,0.5219606342212493,0.2634235422596876,0.1898836389774418,0.5947997607623314,0.4841076503832041,0.3406406301707551,0.5223810951223328,0.5309978069229423,0.4551738093269637,0.5451279510020018,1.0,1.0,1.0,0.33761472338241316,0.2590479780999668,0.6748841142230149,,,,15822.125,2,124585,0.6710098913358967,0.3233701452475125,0.9996083793694798,1.1109695772948172,0.2460973370064278,1.543801652892562,0.5244902945917376,0.1212121212121211,0.6809837752246548,0.5222846392783286,0.0,1.0
exact,main,60,full_convergence,0.0,0.0,0.0,1.0,1.0,1.0,0.0,0.0,0.0,,,,0.0,0.0,0.0,0.0,0.0,0.0,0.27964005374958234,0.0707845265459713,0.3384049370828925,,,,15822.125,2,124585,0.5522257712226717,0.0519416067033163,0.9996083795783608,1.1285330748777007,0.0,2.0,0.5642665374388504,0.0,1.0,0.5,0.5,0.5
exact,main,60,gmm_plugin_soft,0.41898997939156557,0.1064581760975548,0.4834712652193518,0.5623073987063848,0.4999321667666477,0.8794609033139376,0.2553306165289136,0.0406431582953411,0.3412295815636308,0.7169085384811295,0.6151507739342502,0.9315077060608457,0.6538781798646351,0.2323033007509396,0.7610232608124827,1.0,1.0,1.0,0.160648454212334,0.0642185063565373,0.2207331309581464,,,,15822.125,2,124585,0.532238868808622,0.0684705869445207,0.999513005406894,0.8458657916879107,0.0940807458776489,1.5480936499101885,0.29483483416485295,0.0140572981154243,0.6569987003931715,0.7228850065732817,0.3333333333333333,1.0
exact,main,60,hartigan_U,0.2288788492822525,0.0771679416747959,0.2906784814525237,0.8855605753588738,0.8546607592737382,0.961416029162602,0.1144394246411262,0.0385839708373979,0.1453392407262618,0.5,0.5,0.5,0.0,0.0,0.0,0.0,0.0,0.0,0.30781574725194255,0.0985570415450906,0.3759635533651433,,,,15822.125,2,124585,0.5528840139734376,0.0558512779279453,0.9996083795783608,1.1296446114443068,0.0,2.0,0.5648223057221534,0.0,1.0,0.5,0.5,0.5
exact,main,60,majority,1.0535825501531506,0.9249884479129228,1.5872428592570669,0.4732087249234247,0.2063785703714666,0.5375057760435386,0.5267912750765753,0.4624942239564614,0.7936214296285333,0.5,0.5,0.5,0.0,0.0,0.0,0.0,0.0,0.0,0.5370278173332804,0.4862666226936838,0.798098809999352,,,,15822.125,2,124585,0.7319022401694937,0.3724168602713995,0.9999999997911188,1.4521085365522663,0.4444444444444444,2.0,0.7260542682761332,0.2222222222222222,1.0,0.5,0.5,0.5
exact,main,60,markov,0.23809269518329945,0.0787595625609693,0.2973222530009233,0.8809536524083502,0.8513388734995383,0.9606202187195152,0.11904634759164968,0.0393797812804846,0.1486611265004617,0.5,0.5,0.5,0.0,0.0,0.0,0.0,0.0,0.0,0.3111889408004102,0.1224632656199831,0.3760634272832575,,,,15822.125,2,124585,0.5542050310112803,0.0660917978570074,0.9996083795783608,1.1321950789965805,0.0,2.0,0.5660975394982901,0.0,1.0,0.5,0.5,0.5
exact,main,60,markov_a0.5,0.6189797534328543,0.4023720285464907,1.2016494678918832,0.6905101232835729,0.3991752660540584,0.7988139857267547,0.30948987671642714,0.2011860142732453,0.6008247339459416,0.5,0.5,0.5,0.0,0.0,0.0,0.0,0.0,0.0,0.4298334655150032,0.375040381986906,0.6220706374033262,,,,15822.125,2,124585,0.6397367746573628,0.2122644088218898,0.9996083795783608,1.3063464121576802,0.0,2.0,0.6531732060788401,0.0,1.0,0.5,0.5,0.5
exact,main,60,markov_a0.5_soft,0.4486775976441823,0.3280364107985499,0.7581025034196776,0.6024025706900111,0.4297923405196694,0.66768478178445,0.14970516508331502,0.1032611907522821,0.4094203804382061,0.5606294457943869,0.4107067233285092,0.6342707653588568,0.52201483696779,0.5097749639222535,0.56771942920545,1.0,1.0,1.0,0.27063786805838325,0.209587802675073,0.5420993923815387,,,,15822.125,2,124585,0.6225767654556754,0.245931261275652,0.9996083793694798,1.044264205152074,0.0964850909372013,1.5396694214876034,0.4971227264259735,0.1704725829725829,0.6344859475338918,0.47366249944220834,0.0,1.0
exact,main,60,markov_pooled,0.2965233289210686,0.1390871284078657,0.358264081255771,0.8517383355394657,0.8208679593721145,0.9304564357960672,0.14826166446053426,0.0695435642039328,0.1791320406278854,0.5,0.5,0.5,0.0,0.0,0.0,0.0,0.0,0.0,0.32388159509593667,0.1240151232821656,0.3852396151453053,,,,15822.125,2,124585,0.5585446993223692,0.0664918380246519,0.9996083795783608,1.1417325916686991,0.0,2.0,0.5708662958343496,0.0,1.0,0.5,0.5,0.5
exact,main,60,markov_pooled_soft,0.2519490348720564,0.1466596878223334,0.2967813698590998,0.7561065706466965,0.7139889490023589,0.896122533998222,0.0788679321488443,0.0653379949122762,0.1006228289437511,0.6265128384793675,0.5613295546193722,0.746416234089594,0.370844834548726,0.0527255904412275,0.4437957805014695,0.9680460664297907,0.8914127423822714,0.9988297706350444,0.207379491328803,0.1082553991697485,0.2673364500706342,,,,15822.125,2,124585,0.5525953202372104,0.0668747173694109,0.9996083795783608,1.1154055869820072,0.0046048318912944,2.0,0.5621992683225954,0.0215227982428341,1.0,0.38164320870203977,0.0,0.6666666666666666
exact,main,60,markov_soft,0.23638345788683918,0.0780509202748208,0.2933565857681805,0.8806429896371283,0.8514161000587595,0.9603594214596936,0.117717913766675,0.0386740003589742,0.1465001983333414,0.5092786460473846,0.5019092422267719,0.5145772708783128,0.00342869355420735,0.000916223345044,0.0058418214918796,0.006018999406313062,0.0016548495163265,0.0104248110502997,0.3097221672009505,0.1223849042763799,0.374498375316013,,,,15822.125,2,124585,0.5541340039936752,0.0661975885544863,0.9996083795783608,1.1318747473663622,0.0,2.0,0.565596075310133,0.0,1.0,0.5001798171078802,0.498222086762166,0.5028568158851152
exact,main,60,markov_w20,0.24661932065432687,0.0832263695641012,0.3066631917296499,0.8766903396728365,0.8466684041351751,0.9583868152179492,0.1233096603271634,0.0416131847820506,0.1533315958648249,0.5,0.5,0.5,0.0,0.0,0.0,0.0,0.0,0.0,0.3137327767164603,0.1365381133840397,0.3770559097780974,,,,15822.125,2,124585,0.5586742302436515,0.0827126300502741,0.9996083795783608,1.1413919625827917,0.0,2.0,0.5706959812913959,0.0,1.0,0.5,0.5,0.5
exact,main,60,markov_w5,0.23748765066922273,0.0780921086409611,0.2965835641735919,0.8812561746653886,0.8517082179132041,0.9609539456795194,0.11874382533461135,0.0390460543204805,0.1482917820867959,0.5,0.5,0.5,0.0,0.0,0.0,0.0,0.0,0.0,0.31112289272505267,0.1224934839958359,0.3761181018665859,,,,15822.125,2,124585,0.5540012154427054,0.0661239322781207,0.9996083795783608,1.1318666318900061,0.0,2.0,0.5659333159450031,0.0,1.0,0.5,0.5,0.5
exact,main,60,model_posterior_oracle,0.20285761561847415,0.0509273060661089,0.2581973610353502,0.7203599462504177,0.6615950629171073,0.9292154734540288,0.23788017817033302,0.0517694522790691,0.3333766819738623,0.9299756781350638,0.893534275398944,0.9722531870480354,0.5376627834434841,0.1537410097222275,0.6446645377459802,0.9999840233024339,0.9998721864194708,1.0,0.0,0.0,0.0,,,,15822.125,2,124585,0.4973591864602175,0.0447891023018721,0.9880424406032188,0.8269171549679377,0.0813345883799178,1.5048344655288286,0.32970211815207506,0.0271427493207428,0.6346085814074269,0.7999045560676326,0.6666666666666666,1.0
exact,main,60,reassign_U,0.2302146978250664,0.0774246547209529,0.2918947094083919,0.8848926510874668,0.854052645295804,0.9612876726395236,0.11510734891253314,0.0387123273604764,0.1459473547041959,0.5,0.5,0.5,0.0,0.0,0.0,0.0,0.0,0.0,0.3082151493171032,0.1010906560000225,0.3759671081309136,,,,15822.125,2,124585,0.5529220038096523,0.0562347297735237,0.9996083795783608,1.129740931225982,0.0,2.0,0.5648704656129909,0.0,1.0,0.5,0.5,0.5
exact,main,60,stop,0.23709531687975566,0.0780921086409611,0.2954755309325946,0.8814523415601221,0.8522622345337026,0.9609539456795194,0.1185476584398778,0.0390460543204805,0.1477377654662973,0.5,0.5,0.5,0.0,0.0,0.0,0.0,0.0,0.0,0.31104675152859135,0.1223350177055303,0.3760563894216568,,,,15822.125,2,124585,0.5539930140578494,0.0660583211992726,0.9996083795783608,1.1318505785930604,0.0,2.0,0.5659252892965301,0.0,1.0,0.5,0.5,0.5
exact,main,60,true_posterior_oracle,0.884088413965504,0.2551430880286258,1.1085139601524103,0.5499144114921442,0.427986515806094,0.8620972696970025,0.4366534019526991,0.1195225876851206,0.5402460515221752,0.6533956195384805,0.4835287553998004,0.8660395480849122,0.030955044853352976,0.0006326187989062,0.0802278098342598,0.6001721882319166,0.1744287458573173,0.9783053264627928,0.44060627324260915,0.1303020679253489,0.54055664272207,,,,15822.125,2,124585,0.0,0.0,0.0,0.19488299331842845,8.724871654700404e-07,0.5963233768925742,0.09180215294051602,0.000394878952029,0.3560961432501193,0.9127548349842594,0.7886128481024544,1.0
exact,main,70,active_set_U,0.207764362976945,0.03468,0.2897910650586037,0.8961178185115275,0.8551044674706981,0.98266,0.10388218148847249,0.01734,0.1448955325293018,0.5,0.5,0.5,0.0,0.0,0.0,0.0,0.0,0.0,0.3110083894271651,0.1228998917023381,0.3736077881876747,,,,20890.875,2,165891,0.5594636071721213,0.1265273509911584,0.9985683721129788,1.0936143857464942,0.2529853940237867,2.0,0.5468071928732471,0.1264926970118933,1.0,0.5,0.5,0.5
exact,main,70,fcm_soft,0.8512823509566003,0.7649386539774593,0.91689615535391,0.08955792894248295,0.0487128907066142,0.1459157605386655,0.8063741647416971,0.7264443221098148,0.9049305668229052,0.5048383726602999,0.4697417467434808,0.6541744121822914,4.027507456515702,3.5037005432411594,4.48454188426226,1.0,1.0,1.0,0.8276986319722994,0.7186622739865625,0.8957211213579959,,,,20890.875,2,165891,0.9242095266616154,0.8800021025938284,0.9711706812208478,0.9376493530146989,0.8728313670821536,0.981949334791211,0.4180782133191732,0.0501863998875349,0.7941182437035581,0.8121104439346075,0.6666666666666667,1.0
exact,main,70,frequency_soft,0.5645598054239915,0.1305909917355371,0.6446762205760908,0.5432405384320701,0.4957567789085445,0.8114063636363635,0.20314890674880612,0.0867322727272727,0.2371849600437128,0.5431708319727144,0.4969678622510641,0.7933416522092231,0.5248712458890623,0.4060887629532874,0.5455344735123829,1.0,1.0,1.0,0.2709112158382913,0.1551080104551846,0.3139828177325455,,,,20890.875,2,165891,0.5830509400490839,0.1898421379442763,0.9985683700482124,0.9388758251535133,0.2322714043389338,1.6297520661157023,0.44060520242374035,0.0460718730425952,0.7272727272727273,0.5513439391192733,0.25,0.8
exact,main,70,full_convergence,0.0,0.0,0.0,1.0,1.0,1.0,0.0,0.0,0.0,,,,0.0,0.0,0.0,0.0,0.0,0.0,0.28953967356826976,0.1206382704107386,0.354852736755148,,,,20890.875,2,165891,0.5595014000639102,0.1265559363398001,0.9985683721129788,1.0949007425024715,0.252949225696391,2.0,0.5474503712512357,0.1264746128481955,1.0,0.5,0.5,0.5
exact,main,70,gmm_plugin_soft,0.42089945966479353,0.1155021369604972,0.4821235606265865,0.5592155395478213,0.5045690046361805,0.8536839819020088,0.26795977613322375,0.0822098137759783,0.3758473428260289,0.7221359638837292,0.6105220495431958,0.9396144650062866,0.6590238759825973,0.3089456855039775,0.7499026093832191,1.0,1.0,1.0,0.15251480563081163,0.0307930545754818,0.2161048212530361,,,,20890.875,2,165891,0.5046184245831843,0.096461398924312,0.9985286692846836,0.7664816281070991,0.1860522691107832,1.535516036923403,0.28728134041585357,0.040721214878548,0.6488788425615389,0.810949698460323,0.6562881562881563,1.0
exact,main,70,hartigan_U,0.2073298355745537,0.03463,0.2897910650586037,0.8963350822127232,0.8551044674706981,0.982685,0.10366491778727685,0.0173149999999999,0.1448955325293018,0.5,0.5,0.5,0.0,0.0,0.0,0.0,0.0,0.0,0.31096657658448346,0.1228961307752571,0.3735388600824993,,,,20890.875,2,165891,0.5594360962061706,0.1265292961985615,0.9985683721129788,1.0945601422629871,0.2529853940237867,2.0,0.5472800711314936,0.1264926970118933,1.0,0.5,0.5,0.5
exact,main,70,majority,0.8789387706335923,0.14085,1.020285499624343,0.560530614683204,0.4898572501878287,0.929575,0.439469385316796,0.0704249999999999,0.5101427498121713,0.5,0.5,0.5,0.0,0.0,0.0,0.0,0.0,0.0,0.4548736205468446,0.1439724396268261,0.5073241119024164,,,,20890.875,2,165891,0.6026456992113871,0.0856824067176704,0.9986664870587628,1.203010943354475,0.0,2.0,0.6015054716772374,0.0,1.0,0.5,0.5,0.5
exact,main,70,markov,0.21037503284167702,0.04758,0.2897910650586037,0.8948124835791615,0.8551044674706981,0.97621,0.10518751642083844,0.0237899999999999,0.1448955325293018,0.5,0.5,0.5,0.0,0.0,0.0,0.0,0.0,0.0,0.31114458843045195,0.1236714298671916,0.3737592968668041,,,,20890.875,2,165891,0.49774265499882875,0.0856824067176704,0.9985683721129788,0.9702436283102325,0.0,2.0,0.4851218141551163,0.0,1.0,0.5,0.5,0.5
exact,main,70,markov_a0.5,0.4741959460939303,0.08327,0.5748258875488365,0.7629020269530349,0.7125870562255818,0.958365,0.2370979730469651,0.0416349999999999,0.2874129437744182,0.5,0.5,0.5,0.0,0.0,0.0,0.0,0.0,0.0,0.3674604361593497,0.1313664666723366,0.4224652327549259,,,,20890.875,2,165891,0.5103704960780924,0.0856824067176704,0.9986640654873238,0.983623353456391,0.0,2.0,0.4918116767281955,0.0,1.0,0.5,0.5,0.5
exact,main,70,markov_a0.5_soft,0.35950005151638115,0.0822897173337877,0.4216778167806643,0.6582787819420451,0.6145525575154479,0.8664021223905238,0.1074222497563662,0.0743690168945565,0.1326767776960008,0.6254066957772574,0.5755521913111857,0.8905070405553721,0.4939627378574205,0.3241766191356757,0.5267130591906769,1.0,1.0,1.0,0.2141826711702313,0.1228879716160037,0.2518118021179606,,,,20890.875,2,165891,0.5168857095402676,0.1583975601332218,0.9985683700482124,0.8542050737717346,0.1249999999999999,1.66325,0.38307517260709456,0.0381017307081131,0.7550000000000001,0.6589791103001993,0.4439864034136111,1.0
exact,main,70,markov_pooled,0.27133707287114084,0.05331,0.3581893313298272,0.8643314635644296,0.8209053343350864,0.973345,0.1356685364355704,0.0266549999999999,0.1790946656649136,0.5,0.5,0.5,0.0,0.0,0.0,0.0,0.0,0.0,0.3242748448929036,0.1246748226720015,0.3841921292723995,,,,20890.875,2,165891,0.5001552948852994,0.0856824067176704,0.9985683721129788,0.9749283181452909,0.0,2.0,0.48746415907264545,0.0,1.0,0.5,0.5,0.5
exact,main,70,markov_pooled_soft,0.22861165260602884,0.0522519497879966,0.2831804507079224,0.7647778427391317,0.7182628733355636,0.948258573762336,0.07410159529816465,0.0236586839658,0.0994270854465576,0.680349603802702,0.6218031596384229,0.885114383043406,0.3794220529939889,0.0808741117511715,0.4539923233999502,0.9707680168364926,0.914897231187362,0.998779113448535,0.20128178184646114,0.1023319532304192,0.2610572650697753,,,,20890.875,2,165891,0.49425646967239883,0.1229726959381726,0.9985683721129788,0.9773620032572845,0.0367743889814901,2.0,0.5063082227220193,0.1171030209490944,1.0,0.3758498290114393,0.0,0.8573758722163085
exact,main,70,markov_soft,0.2079505298459377,0.0461022030739688,0.2864428212822981,0.8936727628046098,0.8553649283732518,0.9674645863923658,0.10277791940953397,0.018018051926015,0.142902440405413,0.532103592443406,0.5080807408670758,0.6665353968122356,0.0071354372638365495,0.0021411891931377,0.0294853226006244,0.013708829662175,0.0037925848427385,0.06034,0.3082887715965116,0.113707128907752,0.3710387449095786,,,,20890.875,2,165891,0.5095088809342081,0.1242691676496004,0.9985683721129788,0.9732896664353917,0.04,2.0,0.49654145765832514,0.1,1.0,0.508396036990643,0.4928571428571429,0.5488768901703033
exact,main,70,markov_w20,0.2141941628531795,0.0403,0.2950895436164067,0.8929029185734103,0.8524552281917966,0.97985,0.1070970814265897,0.02015,0.1475447718082033,0.5,0.5,0.5,0.0,0.0,0.0,0.0,0.0,0.0,0.3120455277816787,0.1237311548696777,0.3742676213032495,,,,20890.875,2,165891,0.562312903995077,0.1266020742533571,0.9985683721129788,1.097512638369105,0.253190347879029,2.0,0.5487563191845526,0.1265951739395144,1.0,0.5,0.5,0.5
exact,main,70,markov_w5,0.20884798008143565,0.03708,0.2904705282826567,0.8955760099592821,0.8547647358586716,0.98146,0.1044239900407178,0.01854,0.1452352641413283,0.5,0.5,0.5,0.0,0.0,0.0,0.0,0.0,0.0,0.31109470430468467,0.1230806217404712,0.3739068226419645,,,,20890.875,2,165891,0.5594621051804106,0.1265278146922309,0.9985683721129788,1.0936128787328525,0.2529733379146548,2.0,0.5468064393664264,0.1264866689573274,1.0,0.5,0.5,0.5
exact,main,70,model_posterior_oracle,0.2111291322123383,0.0796024621835922,0.2774158690718424,0.7104603264317302,0.6451472632448519,0.8793617295892614,0.24684897810362882,0.0963759108020671,0.3496656390406746,0.9234760435674945,0.8485891644301877,0.9696564033913432,0.5548439769099114,0.2900828497712505,0.6398969296042244,1.0,1.0,1.0,0.0,0.0,0.0,,,,20890.875,2,165891,0.49058577656056734,0.0952515897567281,0.9984879504919464,0.748495201646053,0.1870462788174632,1.5275329123939578,0.27022826426444224,0.0451374352232632,0.6361394891659847,0.7547189956953193,0.1666666666666666,1.0
exact,main,70,reassign_U,0.20799593744180944,0.03547,0.2897910650586037,0.8960020312790953,0.8551044674706981,0.982265,0.1039979687209047,0.0177349999999999,0.1448955325293018,0.5,0.5,0.5,0.0,0.0,0.0,0.0,0.0,0.0,0.3110288911598162,0.1229590283090605,0.3736878977024622,,,,20890.875,2,165891,0.5594635569143218,0.1265269489287631,0.9985683721129788,1.093611371719211,0.2529612818055229,2.0,0.5468056858596055,0.1264806409027614,1.0,0.5,0.5,0.5
exact,main,70,stop,0.20862186762677623,0.03703,0.2904705282826567,0.8956890661866119,0.8547647358586716,0.981485,0.10431093381338807,0.0185149999999999,0.1452352641413283,0.5,0.5,0.5,0.0,0.0,0.0,0.0,0.0,0.0,0.3110405625605958,0.1230725749082932,0.3737981696861869,,,,20890.875,2,165891,0.5594415051099128,0.1265277733872885,0.9985683721129788,1.0931825861338853,0.2529733379146548,2.0,0.5465912930669427,0.1264866689573274,1.0,0.5,0.5,0.5
exact,main,70,true_posterior_oracle,0.8913963439617189,0.40314739454233,1.020558407709023,0.5446920831788367,0.4735233505714701,0.7653877168618495,0.4393274427983387,0.1818828232691198,0.4982240891807594,0.6294631531253866,0.4751071156785041,0.8741943694082908,0.03621999656036357,0.0005946302181558,0.1233630850459866,0.5985482683286154,0.1897391304347826,0.985155,0.4477229229588651,0.2064895243410366,0.51497334705911,,,,20890.875,2,165891,0.0,0.0,0.0,0.17965631244688027,1.0193195466113671e-05,0.3752481690244764,0.07637732076937949,0.0007570271144439,0.2405123201039473,0.850669387491411,0.7500000000000001,0.936005066728631
exact,main,80,active_set_U,0.21661758850704116,0.0821829560095711,0.323321554770318,0.8916912057464794,0.838339222614841,0.9589085219952144,0.10830879425352055,0.0410914780047855,0.161660777385159,0.5,0.5,0.5,0.0,0.0,0.0,0.0,0.0,0.0,0.3488097990698865,0.2904533229692827,0.3872408459792829,,,,393.5,1,2144,0.6994723827474698,0.2377862690963264,0.9999362614853086,1.5351997818601895,0.5714285714285714,2.0,0.7675998909300947,0.2857142857142857,1.0,0.5,0.5,0.5
exact,main,80,fcm_soft,0.85056007899555,0.7650779185376023,0.9181889882151708,0.09021613020888007,0.0480090621978906,0.145724352513337,0.8013114979651261,0.7233699866361097,0.8617035122258756,0.48505865165263995,0.425531768006657,0.5152873319743387,4.020613542107212,3.505247891549461,4.486459883068513,1.0,1.0,1.0,0.8194500814729382,0.7172694140122353,0.8967185378200222,,,,393.5,1,2144,0.9362387200518731,0.8816788197427592,0.9732903950162576,0.9562933274056085,0.9201144374870116,0.982256475440856,0.2170417268772199,0.0166166002770921,0.6792333210403546,0.6927849243674508,0.5759665621734588,0.8348668787832336
exact,main,80,frequency_soft,0.618326994365686,0.5776362084780338,0.6366353663371732,0.5089597322655418,0.4998540974944202,0.5290731723641718,0.21130605208920297,0.1774843967002994,0.2270120462091484,0.5108998933749443,0.4980126814851136,0.5299484726190867,0.5419810194646653,0.5316977169980468,0.5462418173287362,1.0,1.0,1.0,0.28088843080618076,0.2447467622315625,0.3146543032438786,,,,393.5,1,2144,0.7452232013348713,0.5032085698257461,0.9983305620964452,1.3306557598426705,0.970484061393152,1.631277813095995,0.6095744753223037,0.4331439393939392,0.8181818181818182,0.46079194781577815,0.3999999999999999,0.5453886554621848
exact,main,80,full_convergence,0.0,0.0,0.0,1.0,1.0,1.0,0.0,0.0,0.0,,,,0.0,0.0,0.0,0.0,0.0,0.0,0.32808443127419157,0.273041750150116,0.3835138719655813,,,,393.5,1,2144,0.6993675877201263,0.2377862690963264,0.9999362614853086,1.5389407248403428,0.5714285714285714,2.0,0.7694703624201714,0.2857142857142857,1.0,0.5,0.5,0.5
exact,main,80,gmm_plugin_soft,0.47218244489768196,0.4490567409039203,0.5025697604423688,0.5117848767722957,0.4856390542382168,0.5288540744771321,0.27724683435381986,0.1553630810424288,0.3703966705738606,0.6898022546930848,0.5993735823329364,0.7282013410272509,0.7186821440951261,0.6908798682961409,0.7937274306394794,1.0,1.0,1.0,0.16183791039018444,0.0879745626155019,0.2091891620117526,,,,393.5,1,2144,0.6244651541272993,0.2554135543390953,0.998290023084102,1.0342450149113238,0.5081247862523246,1.5068573342336475,0.3633253646274575,0.0699494450209659,0.6186314580628883,0.6822440065304033,0.5,0.8032407407407407
exact,main,80,hartigan_U,0.21668482441892917,0.0819988956377691,0.323321554770318,0.8916575877905354,0.838339222614841,0.9590005521811154,0.10834241220946458,0.0409994478188846,0.161660777385159,0.5,0.5,0.5,0.0,0.0,0.0,0.0,0.0,0.0,0.34884058705347626,0.2904533229692827,0.3872351841789745,,,,393.5,1,2144,0.699473832602316,0.2377862690963264,0.9999362614853086,1.5351997818601895,0.5714285714285714,2.0,0.7675998909300947,0.2857142857142857,1.0,0.5,0.5,0.5
exact,main,80,majority,0.9684248705603387,0.9011595803423524,1.0059362108864072,0.5157875647198307,0.4970318945567964,0.5494202098288239,0.4842124352801693,0.4505797901711761,0.5029681054432036,0.5,0.5,0.5,0.0,0.0,0.0,0.0,0.0,0.0,0.4974028065318641,0.4835612654192868,0.5180172812293488,,,,393.5,1,2144,0.839044017194265,0.6099101351392976,0.9999362614853086,1.7597598705171655,1.4166666666666667,2.0,0.8798799352585828,0.7083333333333333,1.0,0.5,0.5,0.5
exact,main,80,markov,0.21740882739758732,0.082367016381373,0.3250883392226148,0.8912955863012063,0.8374558303886925,0.9588164918093136,0.10870441369879366,0.0411835081906865,0.1625441696113074,0.5,0.5,0.5,0.0,0.0,0.0,0.0,0.0,0.0,0.3488865127391575,0.2906977343977024,0.3873465408164845,,,,393.5,1,2144,0.6994723808378556,0.2377862690963264,0.9999362614853086,1.5351997818601895,0.5714285714285714,2.0,0.7675998909300947,0.2857142857142857,1.0,0.5,0.5,0.5
exact,main,80,markov_a0.5,0.5086937277218709,0.383489784649365,0.5673581604598851,0.7456531361390646,0.7163209197700575,0.8082551076753175,0.2543468638609354,0.1917448923246825,0.2836790802299425,0.5,0.5,0.5,0.0,0.0,0.0,0.0,0.0,0.0,0.40578808798218147,0.3705802640818021,0.4293597022368234,,,,393.5,1,2144,0.745236690540174,0.3628323776023436,0.9999362614853086,1.6483538451514648,0.8571428571428571,2.0,0.8241769225757324,0.4285714285714286,1.0,0.5,0.5,0.5
exact,main,80,markov_a0.5_soft,0.3896120023084988,0.3182891894732014,0.4230867872799261,0.6348025076824283,0.6173223262959984,0.6735493804905072,0.10996632469160447,0.0977780606068707,0.1270924379263665,0.5907954646708109,0.5639653549407706,0.6372147379465748,0.514677540283339,0.5042075722159112,0.5230734243274408,1.0,1.0,1.0,0.227009523426358,0.2135762973245582,0.2534989132284856,,,,393.5,1,2144,0.6853599104087414,0.3651223484829699,0.9983305620964452,1.2531276412876018,0.7440184339796782,1.6332485973451738,0.5732435059282204,0.3072085293179043,0.75,0.4538521119425181,0.25,0.5277650902958331
exact,main,80,markov_pooled,0.27510511340629096,0.1336278299282164,0.3840989399293286,0.8624474432968545,0.8079505300353357,0.9331860850358916,0.13755255670314548,0.0668139149641082,0.1920494699646643,0.5,0.5,0.5,0.0,0.0,0.0,0.0,0.0,0.0,0.3602099027100977,0.3070295690637074,0.392620639409834,,,,393.5,1,2144,0.701350136768458,0.2377862690963264,0.9999362614853086,1.5391126263456274,0.5714285714285714,2.0,0.7695563131728137,0.2857142857142857,1.0,0.5,0.5,0.5
exact,main,80,markov_pooled_soft,0.24193299926777895,0.1466424295430115,0.3029477353807818,0.749835857830473,0.7220620350671079,0.8034827592101434,0.08589483149384593,0.0743872640255622,0.1027213404077368,0.6373347680830379,0.5890022393056351,0.7288650864481283,0.40617095684178167,0.3147322213259513,0.4412837031248549,0.948138749325226,0.7679723383392683,0.998457186937516,0.22518158686766773,0.1883570762959588,0.2652256110206928,,,,393.5,1,2144,0.6586317283924155,0.2377862690963264,0.9985715352685076,1.3886427726802286,0.5714285714285714,2.0,0.7148359428329311,0.2857142857142857,1.0,0.4343741291625302,0.3145578632953598,0.5286372613561554
exact,main,80,markov_soft,0.21523606089843295,0.0816698770540709,0.3224310611393379,0.8910547332631505,0.8377002355712603,0.9583509258522253,0.10680257721483513,0.0402937526792562,0.1608822596720124,0.5114231467186778,0.5063196131693941,0.5159227914770043,0.003895641185353625,0.0022666276062209,0.0071664000868157,0.006796365832603113,0.0041286060793724,0.0127468132966758,0.3470645642432899,0.2894152369078204,0.3861343352615636,,,,393.5,1,2144,0.6740113132236073,0.2377862690963264,0.9985715352685076,1.4441825173827587,0.5714285714285714,2.0,0.7419696213007396,0.2857142857142857,1.0,0.4992327850667393,0.4886363636363636,0.506896551724138
exact,main,80,markov_w20,0.22466403085918799,0.0890852199521443,0.3314487632508834,0.8876679845704061,0.8342756183745583,0.9554573900239278,0.11233201542959395,0.0445426099760721,0.1657243816254416,0.5,0.5,0.5,0.0,0.0,0.0,0.0,0.0,0.0,0.34964582499603536,0.2910465847904567,0.3879493168855858,,,,393.5,1,2144,0.7025186349812352,0.2377862690963264,0.9999362614853086,1.5400246742521622,0.5714285714285714,2.0,0.7700123371260811,0.2857142857142857,1.0,0.5,0.5,0.5
exact,main,80,markov_w5,0.21773371752011328,0.0828271673108779,0.3250883392226148,0.8911331412399434,0.8374558303886925,0.958586416344561,0.10886685876005663,0.041413583655439,0.1625441696113074,0.5,0.5,0.5,0.0,0.0,0.0,0.0,0.0,0.0,0.3488824162828569,0.2907099039362615,0.3872912586351935,,,,393.5,1,2144,0.699490934604129,0.2377862690963264,0.9999362614853086,1.5346789485268562,0.5714285714285714,2.0,0.7673394742634281,0.2857142857142857,1.0,0.5,0.5,0.5
exact,main,80,model_posterior_oracle,0.24590411310127325,0.1839357333577885,0.3177881810710302,0.6719155687258085,0.6164861280344187,0.726958249849884,0.26953337809161354,0.2220102594833318,0.356406050231416,0.9009400052023953,0.823779687847779,0.9492821249102656,0.6134645201448463,0.5297645215021464,0.6650131865577998,1.0,1.0,1.0,0.0,0.0,0.0,,,,393.5,1,2144,0.6165232719968609,0.1480432290149342,0.9979601194045506,1.0336310309254433,0.4845215074639655,1.49909138680457,0.3750668512100087,0.0756517604615777,0.6072835441326792,0.6783726648638604,0.6,0.8029111594445374
exact,main,80,reassign_U,0.2168175358915839,0.082367016381373,0.3236749116607774,0.8915912320542081,0.8381625441696113,0.9588164918093136,0.10840876794579193,0.0411835081906865,0.1618374558303886,0.5,0.5,0.5,0.0,0.0,0.0,0.0,0.0,0.0,0.3488244289623152,0.2904629936929213,0.3872368221813114,,,,393.5,1,2144,0.6994723827474698,0.2377862690963264,0.9999362614853086,1.5351997818601895,0.5714285714285714,2.0,0.7675998909300947,0.2857142857142857,1.0,0.5,0.5,0.5
exact,main,80,stop,0.217450580853471,0.0821829560095711,0.3254416961130742,0.8912747095732645,0.8372791519434629,0.9589085219952144,0.10872529042673544,0.0410914780047855,0.162720848056537,0.5,0.5,0.5,0.0,0.0,0.0,0.0,0.0,0.0,0.3488456601241819,0.2906210193589717,0.3872710934502699,,,,393.5,1,2144,0.6994723808378556,0.2377862690963264,0.9999362614853086,1.5351997818601895,0.5714285714285714,2.0,0.7675998909300947,0.2857142857142857,1.0,0.5,0.5,0.5
exact,main,80,true_posterior_oracle,1.0088518263273945,0.8601311139753266,1.2069355489017914,0.4892345221092612,0.3861724935615813,0.5614673335828937,0.5004612076472694,0.4226073875095566,0.600216605202137,0.6616448254769879,0.5186401448732909,0.8842325588278158,0.024148885068887686,0.0005303410735731,0.0642548182354384,0.5795322170109592,0.1838518899460015,0.9517667844522968,0.5007188810704848,0.4453044610291173,0.5938395099175633,,,,393.5,1,2144,0.0,0.0,0.0,0.25214884421970785,2.2357013900838257e-08,0.7805711901319701,0.10699769413334477,0.0001220454009263,0.4648591928815018,0.8368368383630926,0.5,1.0
exact,main,90,active_set_U,0.22557627132182506,0.118624989176552,0.3600420609884332,0.8872118643390874,0.8199789695057834,0.940687505411724,0.11278813566091253,0.059312494588276,0.1800210304942165,0.5,0.5,0.5,0.0,0.0,0.0,0.0,0.0,0.0,0.3552144529387599,0.2795714350920852,0.4202562500079247,,,,238.25,2,1142,0.6278993870207075,0.2406755040448392,0.9257784458688992,1.180429429879277,0.0,1.8458844133099823,0.5902147149396385,0.0,0.9229422066549912,0.5,0.5,0.5
exact,main,90,fcm_soft,0.8486363270610393,0.7672604124493121,0.9156198596721392,0.0912794084911829,0.0493983221838027,0.1443392973574076,0.7958870173980116,0.7168039772284258,0.8393660061231385,0.48644613273901105,0.4527620368795069,0.5046089407995872,4.017850822938535,3.5104169745127654,4.48226393058224,1.0,1.0,1.0,0.8182556659274944,0.7182650186805257,0.8956598491204429,,,,238.25,2,1142,0.9244661942180435,0.8791493649962274,0.9535472720254832,0.9521643524954455,0.9116776785259332,0.9816012175651831,0.36744877433380707,0.0315276389711874,0.9602481955054522,0.7790854304840262,0.639418791228383,1.0
exact,main,90,frequency_soft,0.6196497124552973,0.545937810670496,0.6548364456501167,0.50840083115101,0.4902580936661472,0.545654755329725,0.21228922370300635,0.1536507235170661,0.2454886628737931,0.5089921173931424,0.4869082074430462,0.5524017469309467,0.5417449470183464,0.5393088749864203,0.5446353418432012,1.0,1.0,1.0,0.2797864698513477,0.2356027306502734,0.316378744164647,,,,238.25,2,1142,0.6842823968981431,0.2558773268726179,0.9799199509337864,1.1428760319383573,0.0661157024793388,1.700118063754427,0.5452695928852265,0.1818181818181817,0.8636363636363636,0.5195110617277917,0.488095238095238,0.5766997518610422
exact,main,90,full_convergence,0.0,0.0,0.0,1.0,1.0,1.0,0.0,0.0,0.0,,,,0.0,0.0,0.0,0.0,0.0,0.0,0.3342263508461856,0.2718396346633852,0.4154683262835651,,,,238.25,2,1142,0.6277729834563266,0.2406755040448392,0.9257784458688992,1.1809770455002864,0.0,1.847635726795096,0.5904885227501432,0.0,0.923817863397548,0.5,0.5,0.5
exact,main,90,gmm_plugin_soft,0.47426960828770276,0.4511341816555113,0.4868523901015644,0.5113268381996212,0.4989556663171338,0.5265022984240026,0.2748686657736886,0.088915204745231,0.392721438319079,0.7007893420990148,0.6299737214595347,0.7780950471608051,0.7130756314740738,0.6902574546759112,0.7562989248177847,1.0,1.0,1.0,0.15560895346355114,0.0679480016650279,0.2026478503858041,,,,238.25,2,1142,0.5689728693069411,0.2186565002102461,0.933680665840604,0.9136126937342979,0.2783847271218873,1.4170729543915876,0.32547572041060324,0.1339704481872237,0.631556618621337,0.653436894914562,0.0,1.0
exact,main,90,hartigan_U,0.22553324622409238,0.1184518140098709,0.3604626708727655,0.8872333768879538,0.8197686645636173,0.9407740929950644,0.11276662311204616,0.0592259070049354,0.1802313354363827,0.5,0.5,0.5,0.0,0.0,0.0,0.0,0.0,0.0,0.3552030471716082,0.2795530727946477,0.4202420064153204,,,,238.25,2,1142,0.6278763974854434,0.2406755040448392,0.9257784458688992,1.1810754247113184,0.0,1.8458844133099823,0.5905377123556592,0.0,0.9229422066549912,0.5,0.5,0.5
exact,main,90,majority,0.9699702541589069,0.8508505467800729,1.0398620549751496,0.5150148729205465,0.4800689725124252,0.5745747266099636,0.4849851270794534,0.4254252733900364,0.5199310274875748,0.5,0.5,0.5,0.0,0.0,0.0,0.0,0.0,0.0,0.4999506863406955,0.4863481380526792,0.513647987309986,,,,238.25,2,1142,0.744627516957852,0.2406755040448392,0.9934405390298776,1.3975456200172145,0.0,2.0,0.6987728100086072,0.0,1.0,0.5,0.5,0.5
exact,main,90,markov,0.22768297050886446,0.120356740843363,0.3558359621451104,0.8861585147455677,0.8220820189274448,0.9398216295783184,0.1138414852544322,0.0601783704216815,0.1779179810725552,0.5,0.5,0.5,0.0,0.0,0.0,0.0,0.0,0.0,0.35530061520111034,0.279709412303152,0.4204666260976887,,,,238.25,2,1142,0.6278993870207075,0.2406755040448392,0.9257784458688992,1.180429429879277,0.0,1.8458844133099823,0.5902147149396385,0.0,0.9229422066549912,0.5,0.5,0.5
exact,main,90,markov_a0.5,0.5193113690240603,0.3854799513973268,0.5917981072555205,0.7403443154879699,0.7041009463722397,0.8072600243013366,0.25965568451203014,0.1927399756986634,0.2958990536277602,0.5,0.5,0.5,0.0,0.0,0.0,0.0,0.0,0.0,0.4121611961130147,0.3609101748052359,0.4420014989227172,,,,238.25,2,1142,0.7077583825382342,0.2406755040448392,0.993084180161658,1.3580928747287515,0.0,2.0,0.6790464373643758,0.0,1.0,0.5,0.5,0.5
exact,main,90,markov_a0.5_soft,0.3949388221572493,0.3161980041540148,0.4328737736223914,0.6322062072408782,0.609179960158265,0.6789438270371132,0.11342583113222338,0.0955503637537897,0.1257555774258707,0.5890327741872415,0.5550204927590555,0.6427299823079134,0.514535725033439,0.4969023791613416,0.5253869443778858,1.0,1.0,1.0,0.23066308395835491,0.2174598695844768,0.2505795254547737,,,,238.25,2,1142,0.6361378757483198,0.2406753681719115,0.96229471902284,1.0754368706122202,0.0199999999999999,1.652814269450401,0.4925161540475877,0.0875,0.8040352504638217,0.5704852104144312,0.3308897876643074,0.8333333333333334
exact,main,90,markov_pooled,0.2948915390609259,0.1731470230862697,0.4109358569926393,0.852554230469537,0.7945320715036803,0.9134264884568652,0.1474457695304629,0.0865735115431348,0.2054679284963196,0.5,0.5,0.5,0.0,0.0,0.0,0.0,0.0,0.0,0.36787443340606596,0.2936378853433131,0.4235214485122965,,,,238.25,2,1142,0.6284747810339572,0.2406755040448392,0.9257784458688992,1.1806483440649163,0.0,1.847635726795096,0.5903241720324581,0.0,0.923817863397548,0.5,0.5,0.5
exact,main,90,markov_pooled_soft,0.2518333450852435,0.1723187256366142,0.3291864602265082,0.7416899170493235,0.7093367856930501,0.7933185905486275,0.08478202292411732,0.0628282152203612,0.1016424224425371,0.6415454756685364,0.6033109046448409,0.6969912186372126,0.415860054880025,0.376247883455887,0.4499693597479171,0.9627197108329715,0.85871868717057,0.9987772343263672,0.22751623672980692,0.1787864414101674,0.2708043112291831,,,,238.25,2,1142,0.6157986667238358,0.2406755040448392,0.9257784458688992,1.139932082389146,0.0,1.8374022178926817,0.5606519818368724,0.0,0.9169074729428152,0.5017917431313123,0.3110564180234759,1.0
exact,main,90,markov_soft,0.22486358173213733,0.1187706663556711,0.3538323382283481,0.8859341273843533,0.8216817748549053,0.93980933489116,0.11159452176927037,0.0591689316254212,0.176602891757837,0.5156939745197987,0.5087680334745193,0.5225645691428759,0.004814331679348262,0.0023561467402924,0.0084111768751701,0.008494327728071651,0.0040696164170058,0.0147900763358778,0.35305893185921444,0.2785766935460899,0.4190016925032401,,,,238.25,2,1142,0.6274351676770432,0.2406755040448392,0.9257784458688992,1.179784824396073,0.0,1.845290966494767,0.5893695369634648,0.0,0.922658905944164,0.49610548575939345,0.4845029239766082,0.5
exact,main,90,markov_w20,0.23140430612658894,0.1239934193436661,0.3596214511041009,0.8842978469367055,0.8201892744479495,0.938003290328167,0.11570215306329446,0.061996709671833,0.1798107255520504,0.5,0.5,0.5,0.0,0.0,0.0,0.0,0.0,0.0,0.3558630270756676,0.28083108866197,0.4207414686515835,,,,238.25,2,1142,0.628879884489685,0.2406755040448392,0.9257784458688992,1.182501395375087,0.0,1.8493870402802104,0.5912506976875435,0.0,0.9246935201401052,0.5,0.5,0.5
exact,main,90,markov_w5,0.2262121950343715,0.1191445146765953,0.3549947423764458,0.8868939024828142,0.822502628811777,0.9404277426617024,0.11310609751718571,0.0595722573382977,0.1774973711882229,0.5,0.5,0.5,0.0,0.0,0.0,0.0,0.0,0.0,0.355163593395811,0.2796320049276845,0.4204067292883717,,,,238.25,2,1142,0.6284822896915025,0.2406755040448392,0.9257784458688992,1.1827230078609283,0.0,1.8458844133099823,0.5913615039304642,0.0,0.9229422066549912,0.5,0.5,0.5
exact,main,90,model_posterior_oracle,0.25527411895963514,0.187713115032111,0.3628095097692737,0.6657736491538143,0.5845316737164349,0.7281603653366148,0.27579350576995065,0.2221809785201947,0.3610279009938082,0.8986397816320124,0.7948294659178603,0.9688120950323974,0.6121037616310938,0.5304520777842361,0.6735849244303215,1.0,1.0,1.0,0.0,0.0,0.0,,,,238.25,2,1142,0.5348622534848783,0.1173469889733821,0.9336601447938404,0.8912614561867799,0.1754508454365087,1.4118971855193354,0.3971520342672404,0.1435367382035217,0.623279999426701,0.6505658761878877,0.0,1.0
exact,main,90,reassign_U,0.22555641087494563,0.118624989176552,0.3570977917981072,0.8872217945625271,0.8214511041009463,0.940687505411724,0.11277820543747279,0.059312494588276,0.1785488958990536,0.5,0.5,0.5,0.0,0.0,0.0,0.0,0.0,0.0,0.3551615024335547,0.2795908473021213,0.4202869222278234,,,,238.25,2,1142,0.6278993870207075,0.2406755040448392,0.9257784458688992,1.180429429879277,0.0,1.8458844133099823,0.5902147149396385,0.0,0.9229422066549912,0.5,0.5,0.5
exact,main,90,stop,0.22635694682708968,0.1189713395099142,0.3558359621451104,0.8868215265864552,0.8220820189274448,0.9405143302450428,0.11317847341354478,0.0594856697549571,0.1779179810725552,0.5,0.5,0.5,0.0,0.0,0.0,0.0,0.0,0.0,0.35520364459305825,0.2796253477202428,0.4203724909297724,,,,238.25,2,1142,0.6278993870207075,0.2406755040448392,0.9257784458688992,1.180429429879277,0.0,1.8458844133099823,0.5902147149396385,0.0,0.9229422066549912,0.5,0.5,0.5
exact,main,90,true_posterior_oracle,0.9881206637242568,0.9009643252923516,1.0823265389366843,0.5003970792196031,0.4506221883211356,0.5427983384643219,0.4905983315567988,0.4450202620356343,0.5381692483068731,0.65783211865847,0.5073401705371527,0.879518571454417,0.02122637979377075,0.0006443711426294,0.060486177789226,0.5701237854793124,0.1864230669322019,0.96130389064143,0.4913600674097018,0.4539043233441641,0.5246439041636972,,,,238.25,2,1142,0.0,0.0,0.0,0.29045127957593764,0.0797058356291513,0.8931746242067367,0.16573789280738882,0.0098433635954476,0.6313500914470824,0.785581802182382,0.0,1.0
minibatch,highdim,10,fcm_soft,0.955349595021012,0.949041697165966,0.961657492876058,0.032491165740773154,0.0292662816979188,0.0357160497836275,0.9632709294104662,0.9567482256884544,0.969793633132478,0.3823970755691445,0.3408777708046052,0.4239163803336838,3.9046703911394287,3.901765062706165,3.907575719572692,1.0,1.0,1.0,0.9639790077532656,0.9587580332975324,0.9691999822089988,0.9674963519819954,0.9642609087526623,0.9707317952113284,149038.0,111494,186582,0.9663027357831534,0.9628165916968752,0.9697888798694316,0.9537713047131099,0.9461126289063162,0.9614299805199036,0.9646438261583794,0.9624414226251452,0.9668462296916136,0.9841923000691182,0.9705382071576152,0.9978463929806212
minibatch,highdim,10,frequency_soft,0.027386694214876,0.0199034710743801,0.0348699173553719,0.9016390909090908,0.8974345454545453,0.9058436363636362,0.08742409090909095,0.0834040909090911,0.0914440909090908,0.6948877163809619,0.6743744339851975,0.7154009987767264,0.31038033737584736,0.3096653645254454,0.3110953102262493,1.0,1.0,1.0,0.09977628179584469,0.094842785205473,0.1047097783862164,0.0983314772727272,0.0941481363636363,0.1025148181818181,149038.0,111494,186582,0.09273307913776921,0.091484697343271,0.0939814609322674,0.0204837157121435,0.0173425186723904,0.0236249127518966,0.08955961180813796,0.0883316231420552,0.0907876004742207,0.5333317361766363,0.5224143043428476,0.5442491680104249
minibatch,highdim,10,full_convergence,0.0,0.0,0.0,1.0,1.0,1.0,0.0,0.0,0.0,,,,0.0,0.0,0.0,0.0,0.0,0.0,0.02379090308791175,0.0076278654375838,0.0399539407382397,8.79e-05,1.5700000000000002e-05,0.0001601,149038.0,111494,186582,0.0020412225550165497,0.000360686980373,0.0037217581296601,0.0041337631237935,0.0007534037706064,0.0075141224769806,0.0020668815618967,0.0003767018853032,0.0037570612384902,0.5,0.5,0.5
minibatch,highdim,10,gmm_plugin_soft,0.01887756983407215,0.0059424559747419,0.0318126836934024,0.9747506013411271,0.9579583594976486,0.9915428431846056,0.01314522075306135,0.0040589828735209,0.0222314586326018,0.99164880969738,0.9864454760636188,0.9968521433311412,0.0484605524405412,0.0190192053091678,0.0779018995719146,0.5503025,0.30315,0.797455,0.004705611607755,0.0015693983767065,0.0078418248388035,0.02516978146584865,0.0084435957544554,0.0418959671772419,149038.0,111494,186582,0.000879228922583,0.0003502793322311,0.0014081785129349,0.00307956490178845,0.0005726267183596,0.0055865030852173,0.00032765311395174996,0.000242555110767,0.0004127511171365,0.9976391578732253,0.9953422166842408,0.9999360990622098
minibatch,highdim,10,majority,0.013250000000000001,0.00328,0.02322,0.993375,0.98839,0.99836,0.00662499999999995,0.0016399999999999,0.01161,0.5,0.5,0.5,0.0,0.0,0.0,0.0,0.0,0.0,0.0243751398015493,0.0077929982636938,0.0409572813394048,0.0066269,0.0016361,0.0116177,149038.0,111494,186582,0.0020424977316635,0.000360686980373,0.003724308482954,0.0041284035499868,0.0007534037706064,0.0075034033293672,0.0020642017749934,0.0003767018853032,0.0037517016646836,0.5,0.5,0.5
minibatch,highdim,10,markov,0.010459999999999999,0.00208,0.01884,0.9947699999999999,0.99058,0.99896,0.00522999999999995,0.00104,0.0094199999999999,0.5,0.5,0.5,0.0,0.0,0.0,0.0,0.0,0.0,0.024163338480727103,0.0076971353508055,0.0406295416106487,0.0052319,0.0010361,0.0094277,149038.0,111494,186582,0.0020413857251401,0.000360686980373,0.0037220844699072,0.00414448227140685,0.0007534037706064,0.0075355607722073,0.00207224113570345,0.0003767018853032,0.0037677803861037,0.5,0.5,0.5
minibatch,highdim,10,markov_a0.5,0.011389999999999999,0.00249,0.02029,0.994305,0.989855,0.998755,0.00569499999999995,0.001245,0.0101449999999999,0.5,0.5,0.5,0.0,0.0,0.0,0.0,0.0,0.0,0.02422638107857555,0.0077256022427957,0.0407271599143554,0.0056969,0.0012411,0.0101527,149038.0,111494,186582,0.0020417846503661,0.000360686980373,0.0037228823203592,0.0041391226976002,0.0007534037706064,0.007524841624594,0.0020695613488001,0.0003767018853032,0.003762420812297,0.5,0.5,0.5
minibatch,highdim,10,markov_a0.5_soft,0.018376356627462,0.0107597287150032,0.0259929845399208,0.9297095312713781,0.9250963979457464,0.93432266459701,0.0601467803264675,0.0568249701898693,0.0634685904630657,0.6590475046909725,0.6459406257822278,0.6721543835997171,0.24109652456243755,0.2394372261481945,0.2427558229766806,1.0,1.0,1.0,0.0748465512569601,0.067484581987494,0.0822085205264262,0.07026657011298655,0.0656699604029899,0.0748631798229832,149038.0,111494,186582,0.0644822865023411,0.0629648411946052,0.065999731810077,0.011834122517838,0.0085565578969616,0.0151116871387144,0.06118223480800615,0.0601065809436996,0.0622578886723127,0.542728074818973,0.534347585892197,0.551108563745749
minibatch,highdim,10,markov_pooled,0.012060000000000001,0.00209,0.02203,0.99397,0.988985,0.998955,0.0060299999999999,0.0010449999999999,0.0110149999999999,0.5,0.5,0.5,0.0,0.0,0.0,0.0,0.0,0.0,0.02429859357610665,0.0076978191517705,0.0408993680004428,0.00603269999999995,0.0010411,0.0110242999999999,149038.0,111494,186582,0.0020413857251401,0.000360686980373,0.0037220844699072,0.00414448227140685,0.0007534037706064,0.0075355607722073,0.00207224113570345,0.0003767018853032,0.0037677803861037,0.5,0.5,0.5
minibatch,highdim,10,markov_pooled_soft,0.01126449922881485,0.0020966513268064,0.0204323471308233,0.9896355736433654,0.9818895380381484,0.9973816092485824,0.0034195565408428,0.000634066889832,0.0062050461918536,0.8045342142302196,0.7222707537989639,0.8867976746614755,0.02004886414362895,0.0091964645568407,0.0309012637304172,0.944245,0.891915,0.996575,0.0214850685148202,0.0082140231935758,0.0347561138360646,0.0103532928172179,0.002612839740011,0.0180937458944248,149038.0,111494,186582,0.0035129800695068497,0.0022436763228933,0.0047822838161204,0.0041930922007309005,0.000854144517092,0.0075320398843698,0.00208167122898085,0.0015185705564229,0.0026447719015388,0.6092654236917369,0.538174430869339,0.6803564165141347
minibatch,highdim,10,markov_soft,0.01012856615781075,0.0020708034711542,0.0181863288444673,0.9936478133365817,0.9884918006927712,0.9988038259803922,0.0041060468824476,0.0008817148692809,0.0073303788956143,0.5888405504605049,0.5400077411038076,0.6376733598172022,0.00413347874143325,0.0005470500101815,0.007719907472685,0.00961,0.001475,0.017745,0.0225632597070155,0.007570388664269,0.037556130749762,0.00634753666341825,0.0011922740196078,0.0115027993072287,149038.0,111494,186582,0.00205226512718885,0.0003642746173759,0.0037402556370018,0.00413671320966185,0.0007491207521104,0.0075243056672133,0.00205056159540105,0.0003703238639646,0.0037307993268375,0.5150179204500782,0.5062482141960274,0.5237876267041289
minibatch,highdim,10,markov_w20,0.010459999999999999,0.00208,0.01884,0.9947699999999999,0.99058,0.99896,0.00522999999999995,0.00104,0.0094199999999999,0.5,0.5,0.5,0.0,0.0,0.0,0.0,0.0,0.0,0.024163338480727103,0.0076971353508055,0.0406295416106487,0.0052319,0.0010361,0.0094277,149038.0,111494,186582,0.0020413857251401,0.000360686980373,0.0037220844699072,0.00414448227140685,0.0007534037706064,0.0075355607722073,0.00207224113570345,0.0003767018853032,0.0037677803861037,0.5,0.5,0.5
minibatch,highdim,10,markov_w5,0.00873,0.00195,0.01551,0.995635,0.992245,0.999025,0.0043649999999999,0.0009749999999999,0.0077549999999999,0.5,0.5,0.5,0.0,0.0,0.0,0.0,0.0,0.0,0.0240434637371177,0.0076859677258237,0.0404009597484117,0.0043648,0.0009711,0.0077585,149038.0,111494,186582,0.0020413857251401,0.000360686980373,0.0037220844699072,0.00414448227140685,0.0007534037706064,0.0075355607722073,0.00207224113570345,0.0003767018853032,0.0037677803861037,0.5,0.5,0.5
minibatch,highdim,10,model_posterior_oracle,0.0158918665662264,0.0045012245928492,0.0272825085396036,0.9762090969120881,0.9600460592617602,0.992372134562416,0.020816564471298,0.0064020014973169,0.0352311274452791,0.9973347644159398,0.99657603694778,0.9980934918840996,0.0486047487414093,0.0187835863333632,0.0784259111494554,0.5495749999999999,0.302365,0.796785,0.0,0.0,0.0,0.02370368214516175,0.0076125279317921,0.0397948363585314,149038.0,111494,186582,0.0008773383388328,0.0003503898557904,0.0014042868218752,0.0030814926321775,0.0005732708920882,0.0055897143722668,0.00033116312354995,0.000242760148554,0.0004195660985459,0.9976465166578137,0.9953569342534172,0.99993609906221
minibatch,highdim,10,reassign_U,0.008475,0.00188,0.01507,0.9957625,0.992465,0.99906,0.0042374999999999505,0.00094,0.0075349999999999,0.5,0.5,0.5,0.0,0.0,0.0,0.0,0.0,0.0,0.02403037016040365,0.0076826472204946,0.0403780931003127,0.0042373,0.0009361,0.0075385,149038.0,111494,186582,0.0020413857251401,0.000360686980373,0.0037220844699072,0.00414448227140685,0.0007534037706064,0.0075355607722073,0.00207224113570345,0.0003767018853032,0.0037677803861037,0.5,0.5,0.5
minibatch,highdim,10,reassign_all,0.008475,0.00188,0.01507,0.9957625,0.992465,0.99906,0.0042374999999999505,0.00094,0.0075349999999999,0.5,0.5,0.5,0.0,0.0,0.0,0.0,0.0,0.0,0.02403037016040365,0.0076826472204946,0.0403780931003127,0.0042373,0.0009361,0.0075385,149038.0,111494,186582,0.0020413857251401,0.000360686980373,0.0037220844699072,0.00414448227140685,0.0007534037706064,0.0075355607722073,0.00207224113570345,0.0003767018853032,0.0037677803861037,0.5,0.5,0.5
minibatch,highdim,10,stop,0.00867,0.00194,0.0154,0.995665,0.9923,0.99903,0.004335,0.00097,0.0077,0.5,0.5,0.5,0.0,0.0,0.0,0.0,0.0,0.0,0.024040168024975047,0.0076853149516698,0.0403950210982803,0.0043348,0.0009661,0.0077035,149038.0,111494,186582,0.0020413857251401,0.000360686980373,0.0037220844699072,0.00414448227140685,0.0007534037706064,0.0075355607722073,0.00207224113570345,0.0003767018853032,0.0037677803861037,0.5,0.5,0.5
minibatch,highdim,10,true_posterior_oracle,0.1881383118288421,0.0749920376992125,0.3012845859584717,0.904909208855945,0.8493538811074378,0.960464536604452,0.09412059676747264,0.0376003810496567,0.1506408124852886,0.4521713969523146,0.4178016500862343,0.4865411438183949,0.004074414582754143,1.7047041021985475e-05,0.0081317821244863,0.3934625,0.027735,0.75919,0.09134736692862085,0.0357243472010757,0.146970386656166,0.09509423664886425,0.039537854405183,0.1506506188925455,149038.0,111494,186582,0.0,0.0,0.0,0.0021026517907979142,3.58404796189286e-05,0.0041694631019769,8.51536704399441e-05,1.7528076738488206e-05,0.0001527792641414,0.9977168220616945,0.9955098827772836,0.9999237613461056
minibatch,highdim,20,fcm_soft,0.9521224668122944,0.9447747745813568,0.959470159043232,0.03423108283804365,0.030427750536078,0.0380344151400093,0.9501374027116485,0.9424904523974412,0.9577843530258556,0.5961797735028591,0.4978598783509799,0.6944996686547382,3.899586176140052,3.894471687865512,3.9047006644145927,1.0,1.0,1.0,0.9309679081817535,0.923955126513065,0.937980689850442,0.9656854866370321,0.9618921103183088,0.9694788629557556,16.0,0,32,0.931523160638156,0.931523160638156,0.931523160638156,0.9709308154575844,0.9709308154575844,0.9709308154575844,0.4127296682758438,0.4127296682758438,0.4127296682758438,0.6547619047619047,0.6547619047619047,0.6547619047619047
minibatch,highdim,20,frequency_soft,0.5157663247677657,0.5073795645326276,0.524153085002904,0.5632494326206492,0.5607728427372797,0.5657260225040186,0.1266766746027436,0.116181460975174,0.1371718882303132,0.5627772636381151,0.5617669211195928,0.5637876061566374,0.5349207130107849,0.5308158518470443,0.5390255741745257,1.0,1.0,1.0,0.22227579479297194,0.2189322928646358,0.2256192967213081,0.4364157277389712,0.4338167529916056,0.4390147024863367,16.0,0,32,0.295727999377485,0.295727999377485,0.295727999377485,0.7288223140495868,0.7288223140495868,0.7288223140495868,0.2698863636363636,0.2698863636363636,0.2698863636363636,0.3984375,0.3984375,0.3984375
minibatch,highdim,20,full_convergence,0.0,0.0,0.0,1.0,1.0,1.0,0.0,0.0,0.0,,,,0.0,0.0,0.0,0.0,0.0,0.0,0.4485953498577131,0.4469426743376199,0.4502480253778062,0.00047284359929395,0.0004715127701375,0.0004741744284504,16.0,0,32,0.5493804762865255,0.5493804762865255,0.5493804762865255,1.125,1.125,1.125,0.5625,0.5625,0.5625,0.5,0.5,0.5
minibatch,highdim,20,gmm_plugin_soft,0.5973523065447935,0.5545210454773508,0.6401835676122363,0.45492950195600496,0.4348807426910066,0.4749782612210033,0.4338083337788798,0.3405653462297805,0.527051321327979,0.5966708214642731,0.4971500760974445,0.6961915668311016,0.689025868223407,0.6886935530173532,0.6893581834294608,1.0,1.0,1.0,0.09697573801644929,0.0784587903748751,0.1154926856580235,0.5445998649261383,0.5245519853134207,0.5646477445388559,16.0,0,32,0.0709751182468067,0.0709751182468067,0.0709751182468067,0.5710056155138412,0.5710056155138412,0.5710056155138412,0.0844945865652052,0.0844945865652052,0.0844945865652052,0.5294117647058824,0.5294117647058824,0.5294117647058824
minibatch,highdim,20,majority,0.7874058646313853,0.7721021611001965,0.8027095681625741,0.6062970676843074,0.598645215918713,0.6139489194499018,0.3937029323156926,0.3860510805500982,0.401354784081287,0.5,0.5,0.5,0.0,0.0,0.0,0.0,0.0,0.0,0.48407563007782867,0.4832285137450205,0.4849227464106368,0.39381505467212524,0.3863261296660117,0.4013039796782388,16.0,0,32,0.5507539197667233,0.5507539197667233,0.5507539197667233,1.0,1.0,1.0,0.5,0.5,0.5,0.5,0.5,0.5
minibatch,highdim,20,markov,0.0461830988024201,0.037328094302554,0.0550381033022862,0.97690845059879,0.9724809483488568,0.981335952848723,0.02309154940121005,0.018664047151277,0.0275190516511431,0.5,0.5,0.5,0.0,0.0,0.0,0.0,0.0,0.0,0.4501759315913662,0.448830903057065,0.4515209601256674,0.023173179134595052,0.0187426326129666,0.0276037256562235,16.0,0,32,0.5482756389008472,0.5482756389008472,0.5482756389008472,1.0625,1.0625,1.0625,0.53125,0.53125,0.53125,0.5,0.5,0.5
minibatch,highdim,20,markov_a0.5,0.30402792079570273,0.2829076620825147,0.3251481795088907,0.8479860396021486,0.8374259102455546,0.8585461689587426,0.1520139603978514,0.1414538310412574,0.1625740897544454,0.5,0.5,0.5,0.0,0.0,0.0,0.0,0.0,0.0,0.4605798784448947,0.4596410473258647,0.4615187095639246,0.15209559013123636,0.1415324165029469,0.1626587637595258,16.0,0,32,0.5484498041875201,0.5484498041875201,0.5484498041875201,1.0625,1.0625,1.0625,0.53125,0.53125,0.53125,0.5,0.5,0.5
minibatch,highdim,20,markov_a0.5_soft,0.2705620151208695,0.2612283668206259,0.2798956634211132,0.7049486958970208,0.7009273756846118,0.7089700161094299,0.130446201312294,0.1277202397538588,0.1331721628707292,0.6787463861532772,0.6747183519565918,0.6827744203499625,0.4894249629125558,0.4877873617631652,0.4910625640619465,1.0,1.0,1.0,0.23817315847516313,0.2364785389434134,0.2398677780069129,0.2947256071270623,0.2906551916886659,0.2987960225654587,16.0,0,32,0.3062941384806972,0.3062941384806972,0.3062941384806972,0.7427945717016079,0.7427945717016079,0.7427945717016079,0.3252876694449168,0.3252876694449168,0.3252876694449168,0.4215686274509803,0.4215686274509803,0.4215686274509803
minibatch,highdim,20,markov_pooled,0.0802739511818594,0.0589390962671905,0.1016088060965283,0.9598630244090703,0.9491955969517358,0.9705304518664049,0.04013697559092965,0.0294695481335952,0.0508044030482641,0.5,0.5,0.5,0.0,0.0,0.0,0.0,0.0,0.0,0.4536220450225694,0.4531471926604714,0.4540968973846674,0.0402186053243147,0.0295481335952848,0.0508890770533446,16.0,0,32,0.5482756389008472,0.5482756389008472,0.5482756389008472,1.0625,1.0625,1.0625,0.53125,0.53125,0.53125,0.5,0.5,0.5
minibatch,highdim,20,markov_pooled_soft,0.06473730600318074,0.0397558399179633,0.0897187720883982,0.9124698369172326,0.8748319466483302,0.950107727186135,0.0379900996652537,0.0194035078760484,0.056576691454459,0.8472995865641941,0.8332125334522748,0.8613866396761134,0.19581880905958843,0.1178039997624515,0.2738336183567254,0.9896856581532416,0.9793713163064832,1.0,0.3837844373785204,0.3505728296562315,0.4169960451008093,0.08728067900181799,0.0495976618607602,0.1249636961428758,16.0,0,32,0.4225086535386746,0.4225086535386746,0.4225086535386746,0.8982481513218554,0.8982481513218554,0.8982481513218554,0.4163427596100939,0.4163427596100939,0.4163427596100939,0.4862745098039216,0.4862745098039216,0.4862745098039216
minibatch,highdim,20,markov_soft,0.0395431381849598,0.0323847027214574,0.0467015736484622,0.9727777078167568,0.9685682320734652,0.9769871835600484,0.01575113597972145,0.012600079851322,0.0189021921081209,0.8090920860832636,0.8079136310843628,0.8102705410821643,0.02302979184094775,0.0209224284655778,0.0251371552163177,0.04758046941671415,0.0422396856581532,0.0529212531752751,0.4398539090206971,0.4376893585420548,0.4420184594993394,0.0270458976284089,0.0227447013353635,0.0313470939214543,16.0,0,32,0.4376210319865217,0.4376210319865217,0.4376210319865217,0.9391199440750216,0.9391199440750216,0.9391199440750216,0.4676548431144018,0.4676548431144018,0.4676548431144018,0.4568627450980392,0.4568627450980392,0.4568627450980392
minibatch,highdim,20,markov_w20,0.5735956841210456,0.275049115913556,0.8721422523285352,0.7132021579394772,0.5639288738357324,0.862475442043222,0.2867978420605227,0.1375245579567779,0.4360711261642676,0.5,0.5,0.5,0.0,0.0,0.0,0.0,0.0,0.0,0.47832089303544423,0.4666804482915597,0.4899613377793287,0.2870539102255921,0.1377996070726915,0.4363082133784928,16.0,0,32,0.5190939100664378,0.5190939100664378,0.5190939100664378,0.875,0.875,0.875,0.4375,0.4375,0.4375,0.5,0.5,0.5
minibatch,highdim,20,markov_w5,0.0398491837858429,0.0314341846758349,0.0482641828958509,0.9800754081070784,0.9758679085520744,0.9842829076620824,0.01992459189292145,0.0157170923379175,0.0241320914479254,0.5,0.5,0.5,0.0,0.0,0.0,0.0,0.0,0.0,0.44979021568474703,0.4486779689427566,0.4509024624267375,0.02000622162630645,0.015795677799607,0.0242167654530059,16.0,0,32,0.5501201462325871,0.5501201462325871,0.5501201462325871,1.1875,1.1875,1.1875,0.59375,0.59375,0.59375,0.5,0.5,0.5
minibatch,highdim,20,model_posterior_oracle,0.4063390204844183,0.4034024749848659,0.4092755659839707,0.5514046501422869,0.5497519746221937,0.55305732566238,0.30572994351492855,0.2829654861792335,0.3284944008506236,0.8476947375999352,0.7990026190219925,0.8963868561778778,0.687030813928556,0.6835816364013853,0.6904799914557268,1.0,1.0,1.0,0.0,0.0,0.0,0.44812250625841904,0.4464684999091695,0.4497765126076686,16.0,0,32,0.0712234287827231,0.0712234287827231,0.0712234287827231,0.5695250996827014,0.5695250996827014,0.5695250996827014,0.0551257017769177,0.0551257017769177,0.0551257017769177,0.6509803921568628,0.6509803921568628,0.6509803921568628
minibatch,highdim,20,reassign_U,0.03126284042193935,0.0235756385068762,0.0389500423370025,0.9843685797890305,0.9805249788314988,0.988212180746562,0.015631420210969648,0.011787819253438,0.0194750211685013,0.5,0.5,0.5,0.0,0.0,0.0,0.0,0.0,0.0,0.44967370984711297,0.4483611582895312,0.4509862614046947,0.0157130499443547,0.0118664047151277,0.0195596951735817,16.0,0,32,0.5493804762865255,0.5493804762865255,0.5493804762865255,1.125,1.125,1.125,0.5625,0.5625,0.5625,0.5,0.5,0.5
minibatch,highdim,20,reassign_all,0.03126284042193935,0.0235756385068762,0.0389500423370025,0.9843685797890305,0.9805249788314988,0.988212180746562,0.015631420210969648,0.011787819253438,0.0194750211685013,0.5,0.5,0.5,0.0,0.0,0.0,0.0,0.0,0.0,0.44967370984711297,0.4483611582895312,0.4509862614046947,0.0157130499443547,0.0118664047151277,0.0195596951735817,16.0,0,32,0.5493804762865255,0.5493804762865255,0.5493804762865255,1.125,1.125,1.125,0.5625,0.5625,0.5625,0.5,0.5,0.5
minibatch,highdim,20,stop,0.036597801802940755,0.0333988212180746,0.0397967823878069,0.9817010990985295,0.9801016088060964,0.9833005893909628,0.01829890090147035,0.0166994106090373,0.0198983911939034,0.5,0.5,0.5,0.0,0.0,0.0,0.0,0.0,0.0,0.44963145837239843,0.448359058856892,0.4509038578879049,0.0183805306348554,0.0167779960707269,0.0199830651989839,16.0,0,32,0.5500426268736971,0.5500426268736971,0.5500426268736971,1.25,1.25,1.25,0.625,0.625,0.625,0.5,0.5,0.5
minibatch,highdim,20,true_posterior_oracle,1.7637764799071147,1.656223448908147,1.8713295109060823,0.11376341157147093,0.0556385926176443,0.1718882305252976,0.8797217117678577,0.8281117246630293,0.9313316988726862,0.3657468130811816,0.293667485551687,0.4378261406106762,0.0138396885806895,5.195876660988482e-07,0.0276788575737129,0.2410318750218339,0.0046570702794242,0.4774066797642436,0.5273759741091564,0.5229710516336609,0.5317808965846519,0.8861549527970689,0.8280270954696219,0.944282810124516,16.0,0,32,0.0,0.0,0.0,0.5290471115393542,0.5290471115393542,0.5290471115393542,0.1490620236116231,0.1490620236116231,0.1490620236116231,0.5916666666666667,0.5916666666666667,0.5916666666666667
minibatch,highdim,30,fcm_soft,0.9520559748532105,0.9445757852331774,0.9595361644732436,0.0342658073419817,0.0303939112711778,0.0381377034127856,0.9556751385924613,0.9505354149492468,0.9608148622356758,0.587073214797657,0.4673836801496375,0.7067627494456763,3.8995424558808125,3.8943463612434095,3.904738550518216,1.0,1.0,1.0,0.9310990278790978,0.9237428675740106,0.9384551881841852,0.9656802899042184,0.9617544910796147,0.969606088728822,5.5,0,11,0.9534191131364604,0.9534191131364604,0.9534191131364604,0.9698670828288684,0.9698670828288684,0.9698670828288684,0.5203109845227968,0.5203109845227968,0.5203109845227968,0.7,0.7,0.7
minibatch,highdim,30,frequency_soft,0.5493900186309719,0.5242393969666698,0.574540640295274,0.5443398834175532,0.5324360105913504,0.5562437562437562,0.15988243148437314,0.1384615384615384,0.1813033245072079,0.5581917766727313,0.5447896511984437,0.5715939021470189,0.5398635502002174,0.5382396184856674,0.5414874819147674,1.0,1.0,1.0,0.22426288631492924,0.2220301491893803,0.2264956234404782,0.45539091975985174,0.4437562437562437,0.4670255957634598,5.5,0,11,0.3693651336235844,0.3693651336235844,0.3693651336235844,0.7633358377160029,0.7633358377160029,0.7633358377160029,0.396694214876033,0.396694214876033,0.396694214876033,0.5166666666666666,0.5166666666666666,0.5166666666666666
minibatch,highdim,30,full_convergence,0.0,0.0,0.0,1.0,1.0,1.0,0.0,0.0,0.0,,,,0.0,0.0,0.0,0.0,0.0,0.0,0.46867425800224444,0.4612259112935337,0.4761226047109552,0.00040453074433655,0.0,0.0008090614886731,5.5,0,11,0.5904113083609298,0.5904113083609298,0.5904113083609298,1.0909090909090908,1.0909090909090908,1.0909090909090908,0.5454545454545454,0.5454545454545454,0.5454545454545454,0.5,0.5,0.5
minibatch,highdim,30,gmm_plugin_soft,0.5983594053952623,0.5506486746573048,0.6460701361332197,0.45442343068582947,0.4321226275404253,0.4767242338312337,0.42187620785645163,0.3182062007684768,0.5255462149444265,0.6142761206605999,0.4795289855072464,0.7490232558139535,0.6881384539535541,0.6872352570164861,0.6890416508906221,1.0,1.0,1.0,0.0771570435782504,0.0621726137184275,0.0921414734380733,0.5451720385698339,0.5224667046800932,0.5678773724595746,5.5,0,11,0.1801675763380468,0.1801675763380468,0.1801675763380468,0.4699115232177385,0.4699115232177385,0.4699115232177385,0.1884133083096283,0.1884133083096283,0.1884133083096283,0.4285714285714285,0.4285714285714285,0.4285714285714285
minibatch,highdim,30,majority,0.8624453216686225,0.8219780219780219,0.9029126213592232,0.5687773391656887,0.5485436893203883,0.589010989010989,0.43122266083431127,0.4109890109890109,0.4514563106796116,0.5,0.5,0.5,0.0,0.0,0.0,0.0,0.0,0.0,0.4935219324230874,0.4927277042242824,0.4943161606218924,0.43135211067249896,0.4109890109890109,0.451715210355987,5.5,0,11,0.502153107744326,0.502153107744326,0.502153107744326,1.0909090909090908,1.0909090909090908,1.0909090909090908,0.5454545454545454,0.5454545454545454,0.5454545454545454,0.5,0.5,0.5
minibatch,highdim,30,markov,0.0412745830221558,0.0307692307692307,0.0517799352750809,0.9793627084889223,0.9741100323624596,0.9846153846153848,0.02063729151107785,0.0153846153846153,0.0258899676375404,0.5,0.5,0.5,0.0,0.0,0.0,0.0,0.0,0.0,0.46939747697832085,0.462474933318153,0.4763200206384887,0.0210418222554144,0.0153846153846153,0.0266990291262135,5.5,0,11,0.500907309632181,0.500907309632181,0.500907309632181,0.9090909090909092,0.9090909090909092,0.9090909090909092,0.4545454545454546,0.4545454545454546,0.4545454545454546,0.5,0.5,0.5
minibatch,highdim,30,markov_a0.5,0.325475657029055,0.2901098901098901,0.36084142394822,0.8372621714854724,0.81957928802589,0.8549450549450549,0.16273782851452756,0.1450549450549451,0.18042071197411,0.5,0.5,0.5,0.0,0.0,0.0,0.0,0.0,0.0,0.47666838179049187,0.4729156699136285,0.4804210936673553,0.16314235925886406,0.145054945054945,0.1812297734627831,5.5,0,11,0.500907309632181,0.500907309632181,0.500907309632181,0.9090909090909092,0.9090909090909092,0.9090909090909092,0.4545454545454546,0.4545454545454546,0.4545454545454546,0.5,0.5,0.5
minibatch,highdim,30,markov_a0.5_soft,0.28281915546288733,0.2639852232141818,0.3016530877115929,0.6928695739581179,0.6820410785862981,0.7036980693299375,0.13990013281802038,0.1348488050411126,0.1449514605949282,0.6753467392803956,0.6592546688700535,0.6914388096907378,0.5033372669400955,0.500029865588143,0.506644668292048,1.0,1.0,1.0,0.24005521730571694,0.23445613781393,0.2456542967975039,0.3069725256898071,0.2963019306700625,0.3176431207095517,5.5,0,11,0.3772958392815628,0.3772958392815628,0.3772958392815628,0.7325136722252107,0.7325136722252107,0.7325136722252107,0.4643356643356642,0.4643356643356642,0.4643356643356642,0.45,0.45,0.45
minibatch,highdim,30,markov_pooled,0.0626604786798961,0.0395604395604395,0.0857605177993527,0.9686697606600518,0.9571197411003236,0.9802197802197802,0.03133023933994805,0.0197802197802198,0.0428802588996763,0.5,0.5,0.5,0.0,0.0,0.0,0.0,0.0,0.0,0.4714309015137155,0.4657164259160287,0.4771453771114023,0.0317347700842846,0.0197802197802197,0.0436893203883495,5.5,0,11,0.500907309632181,0.500907309632181,0.500907309632181,0.9090909090909092,0.9090909090909092,0.9090909090909092,0.4545454545454546,0.4545454545454546,0.4545454545454546,0.5,0.5,0.5
minibatch,highdim,30,markov_pooled_soft,0.05693401150993565,0.0257682481591712,0.0880997748607001,0.9045638292652481,0.8554904413094919,0.9536372172210044,0.06125658488281015,0.0319571199240605,0.0905560498415598,0.9464313021460248,0.91652976921482,0.9763328350772296,0.23249690859421573,0.1331703418783386,0.3318234753100929,0.9934065934065934,0.9868131868131867,1.0,0.3854770098359683,0.3335604144990171,0.4373936051729195,0.0956295218849588,0.0463627827789957,0.1448962609909219,5.5,0,11,0.4213149463083949,0.4213149463083949,0.4213149463083949,0.8387372834652166,0.8387372834652166,0.8387372834652166,0.4110449772457427,0.4110449772457427,0.4110449772457427,0.4,0.4,0.4
minibatch,highdim,30,markov_soft,0.02680058828372235,0.0224400055113563,0.0311611710560884,0.9784775994204673,0.975662790896943,0.9812924079439916,0.0102642162556276,0.0081921748437584,0.0123362576674968,0.928597774063112,0.9150191326530612,0.9421764154731628,0.02471343069835715,0.0230147778319315,0.0264120835647828,0.04815782922579035,0.0461538461538461,0.0501618122977346,0.4578437750529458,0.4497302848367826,0.4659572652691091,0.0219269313238693,0.0187075920560083,0.0251462705917303,5.5,0,11,0.4228458655549038,0.4228458655549038,0.4228458655549038,0.8682832456799399,0.8682832456799399,0.8682832456799399,0.51198347107438,0.51198347107438,0.51198347107438,0.4,0.4,0.4
minibatch,highdim,30,markov_w20,0.06359045485259075,0.0527472527472527,0.0744336569579288,0.9682047725737046,0.9627831715210357,0.9736263736263736,0.0317952274262953,0.0263736263736263,0.0372168284789643,0.5,0.5,0.5,0.0,0.0,0.0,0.0,0.0,0.0,0.4694663983008994,0.4629710190884489,0.4759617775133499,0.0321997581706319,0.0263736263736263,0.0380258899676375,5.5,0,11,0.5068165493531036,0.5068165493531036,0.5068165493531036,1.0909090909090908,1.0909090909090908,1.0909090909090908,0.5454545454545454,0.5454545454545454,0.5454545454545454,0.5,0.5,0.5
minibatch,highdim,30,markov_w5,0.02636117927380055,0.0219780219780219,0.0307443365695792,0.9868194103630997,0.9846278317152104,0.989010989010989,0.01318058963690025,0.0109890109890109,0.0153721682847896,0.5,0.5,0.5,0.0,0.0,0.0,0.0,0.0,0.0,0.46918307581634355,0.4621636081168068,0.4762025435158803,0.013585120381236798,0.0109890109890109,0.0161812297734627,5.5,0,11,0.502153107744326,0.502153107744326,0.502153107744326,1.0909090909090908,1.0909090909090908,1.0909090909090908,0.5454545454545454,0.5454545454545454,0.5454545454545454,0.5,0.5,0.5
minibatch,highdim,30,model_posterior_oracle,0.4419399646130467,0.4281432545566344,0.455736674669459,0.5313257419977555,0.5238773952890448,0.5387740887064663,0.2503622256096423,0.1924031764733825,0.308321274745902,0.7745269888123958,0.6940934469585659,0.8549605306662258,0.6907599813125749,0.6874253658723158,0.694094596752834,1.0,1.0,1.0,0.0,0.0,0.0,0.46826972725790783,0.4604168498048605,0.4761226047109552,5.5,0,11,0.1800522694452278,0.1800522694452278,0.1800522694452278,0.4697779100649487,0.4697779100649487,0.4697779100649487,0.0965915392641275,0.0965915392641275,0.0965915392641275,0.5357142857142857,0.5357142857142857,0.5357142857142857
minibatch,highdim,30,reassign_U,0.02011806963263265,0.0175824175824175,0.0226537216828478,0.9899409651836837,0.988673139158576,0.9912087912087912,0.0100590348163163,0.0087912087912087,0.0113268608414239,0.5,0.5,0.5,0.0,0.0,0.0,0.0,0.0,0.0,0.4689286862367622,0.4615448549857846,0.4763125174877398,0.01046356556065285,0.0087912087912087,0.012135922330097,5.5,0,11,0.4998838398065503,0.4998838398065503,0.4998838398065503,0.9090909090909092,0.9090909090909092,0.9090909090909092,0.4545454545454546,0.4545454545454546,0.4545454545454546,0.5,0.5,0.5
minibatch,highdim,30,reassign_all,0.02011806963263265,0.0175824175824175,0.0226537216828478,0.9899409651836837,0.988673139158576,0.9912087912087912,0.0100590348163163,0.0087912087912087,0.0113268608414239,0.5,0.5,0.5,0.0,0.0,0.0,0.0,0.0,0.0,0.4689286862367622,0.4615448549857846,0.4763125174877398,0.01046356556065285,0.0087912087912087,0.012135922330097,5.5,0,11,0.4998838398065503,0.4998838398065503,0.4998838398065503,0.9090909090909092,0.9090909090909092,0.9090909090909092,0.4545454545454546,0.4545454545454546,0.4545454545454546,0.5,0.5,0.5
minibatch,highdim,30,stop,0.018499946655286398,0.0175824175824175,0.0194174757281553,0.9907500266723568,0.9902912621359224,0.9912087912087912,0.00924997332764315,0.0087912087912087,0.0097087378640776,0.5,0.5,0.5,0.0,0.0,0.0,0.0,0.0,0.0,0.4693186872848448,0.4619399711785182,0.4766974033911714,0.00965450407197975,0.0087912087912087,0.0105177993527508,5.5,0,11,0.5914347781865605,0.5914347781865605,0.5914347781865605,1.0909090909090908,1.0909090909090908,1.0909090909090908,0.5454545454545454,0.5454545454545454,0.5454545454545454,0.5,0.5,0.5
minibatch,highdim,30,true_posterior_oracle,1.7313785457608155,1.5647249190779908,1.89803217244364,0.13163944828563182,0.0456413561185429,0.2176375404527207,0.8663593730500745,0.7823624595386418,0.9503562865615072,0.31864903586216603,0.2402897333613269,0.3970083383630052,0.008796277733446673,1.7480064525481308e-10,0.0175925552920927,0.23597389665350826,0.0016181229773462,0.4703296703296703,0.509319045620084,0.5056839219405822,0.5129541692995859,0.8679560209700315,0.7815533980586061,0.954358643881457,5.5,0,11,0.0,0.0,0.0,0.3140346472758427,0.3140346472758427,0.3140346472758427,0.1231748472155417,0.1231748472155417,0.1231748472155417,0.9166666666666666,0.9166666666666666,0.9166666666666666
minibatch,highdim,40,fcm_soft,0.9517087661600516,0.944407274397948,0.9590102579221552,0.03444381740288235,0.0306622304701934,0.0382254043355713,0.950661669357014,0.9451869015414552,0.9561364371725728,0.6894828717641708,0.539500860585198,0.8394648829431437,3.8993707820253256,3.8942262975496247,3.904515266501026,1.0,1.0,1.0,0.930898525934572,0.923532298810406,0.938264753058738,0.9654121352084819,0.9617508989819642,0.9690733714349996,4.0,0,8,0.9430037138069524,0.9430037138069524,0.9430037138069524,0.9692226343926902,0.9692226343926902,0.9692226343926902,0.2245263314538946,0.2245263314538946,0.2245263314538946,0.5,0.5,0.5
minibatch,highdim,40,frequency_soft,0.5930748718990813,0.582762132309741,0.6033876114884215,0.5248209062612422,0.5232523252325233,0.5263894872899612,0.1863991493936123,0.1756785868160275,0.1971197119711971,0.5005590432252631,0.4869268077601411,0.5141912786903851,0.5343487531857016,0.5260540517016205,0.5426434546697827,1.0,1.0,1.0,0.2313992745325047,0.223598909949769,0.2391996391152404,0.474660194692455,0.4735868160275743,0.4757335733573357,4.0,0,8,0.3670891588577178,0.3670891588577178,0.3670891588577178,1.0661157024793386,1.0661157024793386,1.0661157024793386,0.6590909090909091,0.6590909090909091,0.6590909090909091,0.7857142857142857,0.7857142857142857,0.7857142857142857
minibatch,highdim,40,full_convergence,0.0,0.0,0.0,1.0,1.0,1.0,0.0,0.0,0.0,,,,0.0,0.0,0.0,0.0,0.0,0.0,0.4782753441041069,0.4692130716617352,0.4873376165464786,0.0009029374501430776,2.369668246445499e-05,0.0017821782178217,4.0,0,8,0.5804169638973455,0.5804169638973455,0.5804169638973455,1.25,1.25,1.25,0.625,0.625,0.625,0.5,0.5,0.5
minibatch,highdim,40,gmm_plugin_soft,0.5911579901019934,0.5468917473391417,0.6354242328648451,0.45770295909516334,0.4369871988064038,0.4784187193839229,0.4108744783961944,0.3137957713390329,0.5079531854533559,0.6645255248766033,0.493617395194274,0.8354336545589326,0.6878981450290569,0.6862877855340482,0.6895085045240655,1.0,1.0,1.0,0.06424972091174219,0.052513818133057,0.0759856236904274,0.54158315659697,0.5215575839336126,0.5616087292603272,4.0,0,8,0.0645610211482065,0.0645610211482065,0.0645610211482065,0.4823877757622032,0.4823877757622032,0.4823877757622032,0.0865150861616108,0.0865150861616108,0.0865150861616108,0.75,0.75,0.75
minibatch,highdim,40,majority,0.8945966871568674,0.8910891089108911,0.8981042654028436,0.5527016564215663,0.5509478672985783,0.5544554455445545,0.44729834357843357,0.4455445544554455,0.4490521327014217,0.5,0.5,0.5,0.0,0.0,0.0,0.0,0.0,0.0,0.49618954569750373,0.4953933361140474,0.49698575528096,0.4482012810285767,0.4473267326732673,0.4490758293838862,4.0,0,8,0.5829982497668087,0.5829982497668087,0.5829982497668087,1.75,1.75,1.75,0.875,0.875,0.875,0.5,0.5,0.5
minibatch,highdim,40,markov,0.0494228332785885,0.0396039603960396,0.0592417061611374,0.9752885833607057,0.9703791469194312,0.9801980198019802,0.02471141663929425,0.0198019801980198,0.0296208530805687,0.5,0.5,0.5,0.0,0.0,0.0,0.0,0.0,0.0,0.47932504319508445,0.4703210213056511,0.4883290650845178,0.024030195673595753,0.0184158415841584,0.0296445497630331,4.0,0,8,0.5829982497668087,0.5829982497668087,0.5829982497668087,1.75,1.75,1.75,0.875,0.875,0.875,0.5,0.5,0.5
minibatch,highdim,40,markov_a0.5,0.3852235934493923,0.3744075829383886,0.396039603960396,0.8073882032753039,0.801980198019802,0.8127962085308057,0.19261179672469608,0.1872037914691943,0.1980198019801979,0.5,0.5,0.5,0.0,0.0,0.0,0.0,0.0,0.0,0.4869741628877428,0.4800195606168326,0.493928765158653,0.19193057575899763,0.1872274881516587,0.1966336633663366,4.0,0,8,0.5829982497668087,0.5829982497668087,0.5829982497668087,1.75,1.75,1.75,0.875,0.875,0.875,0.5,0.5,0.5
minibatch,highdim,40,markov_a0.5_soft,0.32011603019908985,0.3095362671790287,0.330695793219151,0.6723864431634281,0.6699045209107628,0.6748683654160935,0.14913118635688627,0.1275834121994698,0.1706789605143027,0.6441442205067979,0.6340877914951989,0.6542006495183968,0.508029773456812,0.5012863482141793,0.5147731986994446,1.0,1.0,1.0,0.24496398646513937,0.2353462334176673,0.2545817395126114,0.3267106193864286,0.3251079379014419,0.3283133008714153,4.0,0,8,0.3754097511616751,0.3754097511616751,0.3754097511616751,1.0567447916666666,1.0567447916666666,1.0567447916666666,0.665625,0.665625,0.665625,0.9285714285714286,0.9285714285714286,0.9285714285714286
minibatch,highdim,40,markov_pooled,0.0785353416858273,0.0528052805280528,0.1042654028436018,0.9607323291570864,0.9478672985781992,0.9735973597359736,0.039267670842913605,0.0264026402640263,0.0521327014218009,0.5,0.5,0.5,0.0,0.0,0.0,0.0,0.0,0.0,0.4815105090340508,0.4735154566204282,0.4895055614476734,0.0385864498772152,0.025016501650165,0.0521563981042654,4.0,0,8,0.5829982497668087,0.5829982497668087,0.5829982497668087,1.75,1.75,1.75,0.875,0.875,0.875,0.5,0.5,0.5
minibatch,highdim,40,markov_pooled_soft,0.072397680405176,0.0400261880256242,0.1047691727847278,0.8896739886187649,0.8344614562404779,0.944886520997052,0.06625604766483109,0.0242978025130169,0.1082142928166453,0.8597912654083205,0.8084745762711865,0.9111079545454546,0.2531499422356547,0.1395958702975228,0.3667040141737865,0.9933993399339933,0.9867986798679867,1.0,0.3853736479508719,0.322030763740059,0.4487165321616849,0.1095854966360583,0.053656146195059,0.1655148470770576,4.0,0,8,0.4317171938661877,0.4317171938661877,0.4317171938661877,1.2274175620153545,1.2274175620153545,1.2274175620153545,0.7237189440993789,0.7237189440993789,0.7237189440993789,0.8571428571428572,0.8571428571428572,0.8571428571428572
minibatch,highdim,40,markov_soft,0.03740368191062185,0.0327837414224631,0.0420236223987806,0.9728152768871521,0.9663342628006693,0.979296290973635,0.019235833707303848,0.0182187546485741,0.0202529127660336,0.821333974667308,0.7429854096520763,0.8996825396825396,0.025926592146743054,0.0132308972167277,0.0386222870767584,0.05111601207514115,0.0264026402640264,0.0758293838862559,0.4674630311665623,0.4526592421285569,0.4822668202045677,0.02650350214714925,0.0193175704125034,0.0336894338817951,4.0,0,8,0.4517482497668087,0.4517482497668087,0.4517482497668087,1.295625,1.295625,1.295625,0.74375,0.74375,0.74375,0.8571428571428572,0.8571428571428572,0.8571428571428572
minibatch,highdim,40,markov_w20,0.0785353416858273,0.0528052805280528,0.1042654028436018,0.9607323291570864,0.9478672985781992,0.9735973597359736,0.039267670842913605,0.0264026402640263,0.0521327014218009,0.5,0.5,0.5,0.0,0.0,0.0,0.0,0.0,0.0,0.47994905732754395,0.4716523730365801,0.4882457416185078,0.0385864498772152,0.025016501650165,0.0521563981042654,4.0,0,8,0.5865835474323511,0.5865835474323511,0.5865835474323511,1.5,1.5,1.5,0.75,0.75,0.75,0.5,0.5,0.5
minibatch,highdim,40,markov_w5,0.03638965792313825,0.0331753554502369,0.0396039603960396,0.9818051710384309,0.9801980198019802,0.9834123222748816,0.0181948289615691,0.0165876777251184,0.0198019801980198,0.5,0.5,0.5,0.0,0.0,0.0,0.0,0.0,0.0,0.4791572963492686,0.4699855276140194,0.4883290650845178,0.01751360799587065,0.0166113744075829,0.0184158415841584,4.0,0,8,0.5829982497668087,0.5829982497668087,0.5829982497668087,1.75,1.75,1.75,0.875,0.875,0.875,0.5,0.5,0.5
minibatch,highdim,40,model_posterior_oracle,0.4594172868357539,0.4425342536023419,0.4763003200691659,0.521724655895893,0.5126623834535213,0.5307869283382648,0.1965232139819728,0.1067607653800974,0.2862856625838482,0.7179444033370547,0.6398273273273274,0.796061479346782,0.6916048016966323,0.6891203351104794,0.6940892682827852,1.0,1.0,1.0,0.0,0.0,0.0,0.47749371601676727,0.4691893749792707,0.4857980570542638,4.0,0,8,0.0638241253928051,0.0638241253928051,0.0638241253928051,0.4827058762269454,0.4827058762269454,0.4827058762269454,0.2122536901271677,0.2122536901271677,0.2122536901271677,0.8666666666666667,0.8666666666666667,0.8666666666666667
minibatch,highdim,40,reassign_U,0.029788997857131648,0.0264026402640264,0.0331753554502369,0.9851055010714342,0.9834123222748816,0.9867986798679867,0.0148944989285658,0.0132013201320132,0.0165876777251184,0.5,0.5,0.5,0.0,0.0,0.0,0.0,0.0,0.0,0.47930747935080065,0.4700278241749748,0.4885871345266265,0.01421327796286735,0.0118151815181518,0.0166113744075829,4.0,0,8,0.5852291155037149,0.5852291155037149,0.5852291155037149,1.5,1.5,1.5,0.75,0.75,0.75,0.5,0.5,0.5
minibatch,highdim,40,reassign_all,0.029788997857131648,0.0264026402640264,0.0331753554502369,0.9851055010714342,0.9834123222748816,0.9867986798679867,0.0148944989285658,0.0132013201320132,0.0165876777251184,0.5,0.5,0.5,0.0,0.0,0.0,0.0,0.0,0.0,0.47930747935080065,0.4700278241749748,0.4885871345266265,0.01421327796286735,0.0118151815181518,0.0166113744075829,4.0,0,8,0.5852291155037149,0.5852291155037149,0.5852291155037149,1.5,1.5,1.5,0.75,0.75,0.75,0.5,0.5,0.5
minibatch,highdim,40,stop,0.030719659643689452,0.0284360189573459,0.033003300330033,0.9846401701781553,0.9834983498349836,0.985781990521327,0.0153598298218447,0.014218009478673,0.0165016501650164,0.5,0.5,0.5,0.0,0.0,0.0,0.0,0.0,0.0,0.47915608454544867,0.4697263347737115,0.4885858343171859,0.01467860885614625,0.0142417061611374,0.0151155115511551,4.0,0,8,0.5829982497668087,0.5829982497668087,0.5829982497668087,1.75,1.75,1.75,0.875,0.875,0.875,0.5,0.5,0.5
minibatch,highdim,40,true_posterior_oracle,1.7088388573954316,1.5521324485614931,1.8655452662293703,0.1422583446777331,0.0605830389989757,0.2239336503564905,0.8552140844543905,0.7760662253396075,0.9343619435691736,0.396871060896576,0.3760192735359525,0.4177228482571994,0.010090270317804196,1.4441686783924155e-06,0.02017909646693,0.22408419751927797,0.0059241706161137,0.4422442244224422,0.4975969931467542,0.4943605387731211,0.5008334475203874,0.8584228762740311,0.776042652961045,0.9408030995870172,4.0,0,8,0.0,0.0,0.0,0.4564763606510947,0.4564763606510947,0.4564763606510947,0.1809969529355324,0.1809969529355324,0.1809969529355324,0.6,0.6,0.6
minibatch,highdim,50,fcm_soft,0.9521134604546619,0.9446099418144446,0.9596169790948792,0.03423585366022605,0.0303509976377633,0.0381207096826888,0.9490198446554412,0.9460898065598616,0.9519498827510208,0.6656291987174341,0.5553574965339672,0.7759009009009009,3.899599042094261,3.894364253781647,3.904833830406874,1.0,1.0,1.0,0.9313575216918302,0.9237237658926504,0.93899127749101,0.965693970588112,0.9618792903173112,0.9695086508589128,1.5,0,3,0.939866296908242,0.939866296908242,0.939866296908242,0.9690243814006906,0.9690243814006906,0.9690243814006906,0.6411022834808695,0.6411022834808695,0.6411022834808695,0.0,0.0,0.0
minibatch,highdim,50,frequency_soft,0.5846830929440914,0.567249323484239,0.6021168624039437,0.5295465131049667,0.5224880382775119,0.5366049879324215,0.18325923416747825,0.164923572003218,0.2015948963317385,0.4945225567022672,0.4689730694354316,0.5200720439691028,0.5333795315729095,0.5293751852995567,0.5373838778462624,1.0,1.0,1.0,0.2327410380047853,0.2280640960896877,0.2374179799198829,0.47005525680653765,0.4625985518905873,0.477511961722488,1.5,0,3,0.3435914839767264,0.3435914839767264,0.3435914839767264,0.8429752066115702,0.8429752066115702,0.8429752066115702,0.5757575757575757,0.5757575757575757,0.5757575757575757,0.5,0.5,0.5
minibatch,highdim,50,full_convergence,0.0,0.0,0.0,1.0,1.0,1.0,0.0,0.0,0.0,,,,0.0,0.0,0.0,0.0,0.0,0.0,0.48459843226919935,0.47766089450436,0.4915359700340387,0.00039823008849555,0.0,0.0007964601769911,1.5,0,3,0.5097439261009012,0.5097439261009012,0.5097439261009012,0.0,0.0,0.0,0.0,0.0,0.0,,,
minibatch,highdim,50,gmm_plugin_soft,0.5850826943379439,0.5467465018518041,0.6234188868240838,0.46065728574701337,0.4426972291615813,0.4786173423324455,0.4100165044096411,0.3121647291911656,0.5078682796281165,0.7505200820686162,0.5023039872020032,0.9987361769352292,0.6877725839275952,0.6862667460031029,0.6892784218520874,1.0,1.0,1.0,0.0548760910787625,0.0438243622321983,0.0659278199253267,0.538944484164491,0.5213826576675545,0.5565063106614275,1.5,0,3,0.0262616973319405,0.0262616973319405,0.0262616973319405,0.5177075176746017,0.5177075176746017,0.5177075176746017,0.4712154467944964,0.4712154467944964,0.4712154467944964,,,
minibatch,highdim,50,majority,0.8702375407545413,0.8141592920353983,0.9263157894736842,0.5648812296227295,0.5368421052631579,0.5929203539823009,0.4351187703772706,0.4070796460176991,0.4631578947368421,0.5,0.5,0.5,0.0,0.0,0.0,0.0,0.0,0.0,0.49656804508281105,0.4952018809445644,0.4979342092210577,0.434720540288775,0.4062831858407079,0.4631578947368421,1.5,0,3,0.5557126960979385,0.5557126960979385,0.5557126960979385,1.3333333333333333,1.3333333333333333,1.3333333333333333,0.6666666666666667,0.6666666666666667,0.6666666666666667,0.5,0.5,0.5
minibatch,highdim,50,markov,0.046685297314081595,0.0442477876106194,0.0491228070175438,0.9766573513429591,0.975438596491228,0.9778761061946902,0.02334264865704075,0.0221238938053097,0.0245614035087718,0.5,0.5,0.5,0.0,0.0,0.0,0.0,0.0,0.0,0.48515891263388045,0.478885645612566,0.4914321796551948,0.023740878745536348,0.0229203539823008,0.0245614035087719,1.5,0,3,0.5557126960979385,0.5557126960979385,0.5557126960979385,1.3333333333333333,1.3333333333333333,1.3333333333333333,0.6666666666666667,0.6666666666666667,0.6666666666666667,0.5,0.5,0.5
minibatch,highdim,50,markov_a0.5,0.415898152460798,0.4070175438596491,0.4247787610619469,0.792050923769601,0.7876106194690266,0.7964912280701755,0.20794907623039893,0.2035087719298245,0.2123893805309734,0.5,0.5,0.5,0.0,0.0,0.0,0.0,0.0,0.0,0.4892761880651443,0.4858553765514965,0.492696999578792,0.2075508461419034,0.2035087719298245,0.2115929203539823,1.5,0,3,0.5557126960979385,0.5557126960979385,0.5557126960979385,1.3333333333333333,1.3333333333333333,1.3333333333333333,0.6666666666666667,0.6666666666666667,0.6666666666666667,0.5,0.5,0.5
minibatch,highdim,50,markov_a0.5_soft,0.3166592747260702,0.3018607037920369,0.3314578456601035,0.677534174674671,0.6691022808871779,0.6859660684621642,0.15852006464957,0.1449371858403613,0.1721029434587787,0.6960951363417064,0.6376841865410907,0.7545060861423221,0.5004772936977763,0.4984450439897587,0.5025095434057939,1.0,1.0,1.0,0.2550834987859991,0.2497479609280654,0.2604190366439328,0.3220675952368333,0.3132374713608446,0.330897719112822,1.5,0,3,0.3295689052482654,0.3295689052482654,0.3295689052482654,0.7003101371267461,0.7003101371267461,0.7003101371267461,0.5071895424836601,0.5071895424836601,0.5071895424836601,1.0,1.0,1.0
minibatch,highdim,50,markov_pooled,0.0826890234435646,0.0530973451327433,0.1122807017543859,0.9586554882782178,0.9438596491228072,0.9734513274336284,0.0413445117217823,0.0265486725663717,0.0561403508771929,0.5,0.5,0.5,0.0,0.0,0.0,0.0,0.0,0.0,0.48881400072948294,0.4828232039243263,0.4948047975346396,0.04174274181027785,0.0273451327433628,0.0561403508771929,1.5,0,3,0.5557126960979385,0.5557126960979385,0.5557126960979385,1.3333333333333333,1.3333333333333333,1.3333333333333333,0.6666666666666667,0.6666666666666667,0.6666666666666667,0.5,0.5,0.5
minibatch,highdim,50,markov_pooled_soft,0.0706653309054961,0.0368979583638807,0.1044327034471115,0.8871858791507508,0.8393749287365424,0.9349968295649592,0.0696399795088126,0.0496303692633498,0.0896495897542754,0.9413948969246367,0.8986988847583642,0.9840909090909092,0.26465341657664937,0.176372219972572,0.3529346131807268,0.9960332246545567,0.995575221238938,0.9964912280701754,0.38821004202337994,0.3372318139193731,0.4391882701273868,0.11285397741489214,0.0650828835663267,0.1606250712634576,1.5,0,3,0.3697223579336873,0.3697223579336873,0.3697223579336873,0.7099698942799132,0.7099698942799132,0.7099698942799132,0.4806763285024154,0.4806763285024154,0.4806763285024154,1.0,1.0,1.0
minibatch,highdim,50,markov_soft,0.026757599048193498,0.0206658206441814,0.0328493774522056,0.979188640820922,0.974955732262234,0.98342154937961,0.01322410531096705,0.0129671051342877,0.0134811054876464,0.9572449344984257,0.9167523124357656,0.997737556561086,0.02232110584472265,0.0186809593125216,0.0259612523769237,0.04226051855301965,0.0353982300884955,0.0491228070175438,0.4741627418603852,0.4664332304666524,0.481892253254118,0.0212095892675735,0.0173749107973809,0.0250442677377661,1.5,0,3,0.3919445801559095,0.3919445801559095,0.3919445801559095,0.7870069313169502,0.7870069313169502,0.7870069313169502,0.5028985507246376,0.5028985507246376,0.5028985507246376,1.0,1.0,1.0
minibatch,highdim,50,markov_w20,0.05896599906846755,0.0442477876106194,0.0736842105263157,0.9705170004657662,0.963157894736842,0.9778761061946902,0.0294829995342338,0.0221238938053097,0.0368421052631579,0.5,0.5,0.5,0.0,0.0,0.0,0.0,0.0,0.0,0.48540607017062254,0.4785487258918979,0.4922634144493471,0.0298812296227293,0.0229203539823008,0.0368421052631578,1.5,0,3,0.5557126960979385,0.5557126960979385,0.5557126960979385,1.3333333333333333,1.3333333333333333,1.3333333333333333,0.6666666666666667,0.6666666666666667,0.6666666666666667,0.5,0.5,0.5
minibatch,highdim,50,markov_w5,0.02288464524142205,0.0176991150442477,0.0280701754385964,0.9885576773792888,0.9859649122807016,0.991150442477876,0.01144232262071105,0.0088495575221239,0.0140350877192982,0.5,0.5,0.5,0.0,0.0,0.0,0.0,0.0,0.0,0.48528754258657214,0.4784436907311477,0.4921313944419966,0.0118405527092066,0.009646017699115,0.0140350877192982,1.5,0,3,0.5428802918142869,0.5428802918142869,0.5428802918142869,0.6666666666666666,0.6666666666666666,0.6666666666666666,0.3333333333333333,0.3333333333333333,0.3333333333333333,0.5,0.5,0.5
minibatch,highdim,50,model_posterior_oracle,0.4719035162863335,0.4585998822606653,0.4852071503120017,0.5154015677308006,0.5084640299659613,0.5223391054956399,0.10929101644302205,0.0171806105466816,0.2014014223393625,0.66914985328207,0.5764464440760912,0.7618532624880487,0.6914648655108588,0.6899695419965354,0.6929601890251823,1.0,1.0,1.0,0.0,0.0,0.0,0.48420020218070375,0.47766089450436,0.4907395098570475,1.5,0,3,0.0252205430886632,0.0252205430886632,0.0252205430886632,0.5139193193936744,0.5139193193936744,0.5139193193936744,0.1955180172954862,0.1955180172954862,0.1955180172954862,1.0,1.0,1.0
minibatch,highdim,50,reassign_U,0.03348858872845825,0.031578947368421,0.0353982300884955,0.9832557056357708,0.9823008849557522,0.9842105263157894,0.01674429436422915,0.0157894736842105,0.0176991150442478,0.5,0.5,0.5,0.0,0.0,0.0,0.0,0.0,0.0,0.48492450289108513,0.4784375166334405,0.4914114891487298,0.017142524452724697,0.0157894736842105,0.0184955752212389,1.5,0,3,0.5428802918142869,0.5428802918142869,0.5428802918142869,0.6666666666666666,0.6666666666666666,0.6666666666666666,0.3333333333333333,0.3333333333333333,0.3333333333333333,0.5,0.5,0.5
minibatch,highdim,50,reassign_all,0.03348858872845825,0.031578947368421,0.0353982300884955,0.9832557056357708,0.9823008849557522,0.9842105263157894,0.01674429436422915,0.0157894736842105,0.0176991150442478,0.5,0.5,0.5,0.0,0.0,0.0,0.0,0.0,0.0,0.48492450289108513,0.4784375166334405,0.4914114891487298,0.017142524452724697,0.0157894736842105,0.0184955752212389,1.5,0,3,0.5428802918142869,0.5428802918142869,0.5428802918142869,0.6666666666666666,0.6666666666666666,0.6666666666666666,0.3333333333333333,0.3333333333333333,0.3333333333333333,0.5,0.5,0.5
minibatch,highdim,50,stop,0.0193758733115975,0.0176991150442477,0.0210526315789473,0.9903120633442012,0.9894736842105264,0.991150442477876,0.0096879366557988,0.0088495575221239,0.0105263157894737,0.5,0.5,0.5,0.0,0.0,0.0,0.0,0.0,0.0,0.4854279533917349,0.4787245123414732,0.4921313944419966,0.0100861667442943,0.009646017699115,0.0105263157894736,1.5,0,3,0.5428802918142869,0.5428802918142869,0.5428802918142869,0.6666666666666666,0.6666666666666666,0.6666666666666666,0.3333333333333333,0.3333333333333333,0.3333333333333333,0.5,0.5,0.5
minibatch,highdim,50,true_posterior_oracle,1.7073011512460015,1.550876817933887,1.863725484558116,0.14429525621968145,0.0640291070656133,0.2245614053737496,0.8550215644392349,0.7754384108192904,0.9346047180591796,0.35112996517874373,0.2663507109004739,0.4359092194570135,0.006333629877055498,2.138825142695521e-06,0.0126651209289683,0.24996118615121873,0.0087719298245614,0.4911504424778761,0.49504692965291275,0.4941813815241994,0.4959124777816261,0.855306513691823,0.7754385946262503,0.9351744327573956,1.5,0,3,0.0,0.0,0.0,0.477478929904236,0.477478929904236,0.477478929904236,0.4506093384044747,0.4506093384044747,0.4506093384044747,1.0,1.0,1.0
minibatch,highdim,60,fcm_soft,0.9520030290812636,0.9447808797558028,0.9592251784067242,0.03429181887073595,0.0305528062097055,0.0380308315317664,0.9484727060477383,0.9394742677708048,0.9574711443246716,0.30876759224039557,0.1818181818181818,0.4357170026626093,3.8995455259620426,3.8944934383686665,3.9045976135554192,1.0,1.0,1.0,0.9309902786879187,0.9238945202297966,0.9380860371460408,0.965708181129264,0.9619691684682335,0.9694471937902946,2.5,0,5,0.9326604731256832,0.9326604731256832,0.9326604731256832,0.9701675578877732,0.9701675578877732,0.9701675578877732,0.5750129126065475,0.5750129126065475,0.5750129126065475,0.3333333333333333,0.3333333333333333,0.3333333333333333
minibatch,highdim,60,frequency_soft,0.5609490849462662,0.5429801553916959,0.5789180145008366,0.5404678651620352,0.5305818925450828,0.5503538377789875,0.1615168992745128,0.1469787697332606,0.176055028815765,0.5336805282183053,0.5246961643928365,0.542664892043774,0.5350639334904499,0.5329868530366821,0.5371410139442176,1.0,1.0,1.0,0.2332304999214686,0.228442492751054,0.2380185070918832,0.45953213483796485,0.4496461622210125,0.4694181074549172,2.5,0,5,0.3720484783373968,0.3720484783373968,0.3720484783373968,0.7570247933884298,0.7570247933884298,0.7570247933884298,0.4909090909090909,0.4909090909090909,0.4909090909090909,0.4166666666666666,0.4166666666666666,0.4166666666666666
minibatch,highdim,60,full_convergence,0.0,0.0,0.0,1.0,1.0,1.0,0.0,0.0,0.0,,,,0.0,0.0,0.0,0.0,0.0,0.0,0.4926845344077675,0.4833511860409117,0.5020178827746233,0.0,0.0,0.0,2.5,0,5,0.610684507111398,0.610684507111398,0.610684507111398,0.8,0.8,0.8,0.4,0.4,0.4,0.5,0.5,0.5
minibatch,highdim,60,gmm_plugin_soft,0.5803346026733858,0.5446710417288557,0.6159981636179159,0.4625088840309085,0.4456983781723779,0.4793193898894392,0.39051237895566115,0.3163210755716325,0.4647036823396898,0.6764928849376544,0.5341622404635442,0.8188235294117646,0.6900492402404609,0.6900017084903876,0.6900967719905342,1.0,1.0,1.0,0.0449275413223838,0.0374223671931656,0.052432715451602,0.5374911159690914,0.5206806101105608,0.5543016218276221,2.5,0,5,0.0905507554788566,0.0905507554788566,0.0905507554788566,0.4558534197955132,0.4558534197955132,0.4558534197955132,0.0982774249308093,0.0982774249308093,0.0982774249308093,0.5,0.5,0.5
minibatch,highdim,60,majority,0.858981423655756,0.8263473053892215,0.8916155419222904,0.570509288172122,0.5541922290388548,0.5868263473053892,0.429490711827878,0.4131736526946108,0.4458077709611452,0.5,0.5,0.5,0.0,0.0,0.0,0.0,0.0,0.0,0.500465269885769,0.4974187763613922,0.5035117634101458,0.42949071182787796,0.4131736526946107,0.4458077709611452,2.5,0,5,0.6265939328828513,0.6265939328828513,0.6265939328828513,1.2,1.2,1.2,0.6,0.6,0.6,0.5,0.5,0.5
minibatch,highdim,60,markov,0.06076191175930345,0.0479041916167664,0.0736196319018405,0.9696190441203483,0.9631901840490796,0.9760479041916168,0.0303809558796517,0.0239520958083832,0.0368098159509202,0.5,0.5,0.5,0.0,0.0,0.0,0.0,0.0,0.0,0.49311176408347995,0.4846928239923547,0.5015307041746052,0.0303809558796517,0.0239520958083832,0.0368098159509202,2.5,0,5,0.6265939328828513,0.6265939328828513,0.6265939328828513,1.2,1.2,1.2,0.6,0.6,0.6,0.5,0.5,0.5
minibatch,highdim,60,markov_a0.5,0.35580372996338605,0.3353293413173652,0.3762781186094069,0.822098135018307,0.8118609406952966,0.8323353293413174,0.177901864981693,0.1676646706586826,0.1881390593047034,0.5,0.5,0.5,0.0,0.0,0.0,0.0,0.0,0.0,0.4952421495378637,0.4898154258447673,0.5006688732309602,0.177901864981693,0.1676646706586826,0.1881390593047034,2.5,0,5,0.6265939328828513,0.6265939328828513,0.6265939328828513,1.2,1.2,1.2,0.6,0.6,0.6,0.5,0.5,0.5
minibatch,highdim,60,markov_a0.5_soft,0.30484454299436553,0.2922641340297243,0.3174249519590068,0.6831012918472769,0.6749371375638381,0.6912654461307156,0.16242000071178864,0.1591863187788767,0.1656536826447006,0.6442936490076198,0.6397738951695786,0.6488134028456609,0.5011432850199901,0.4967133604699625,0.5055732095700176,1.0,1.0,1.0,0.25940469299521884,0.2496810391281917,0.269128346862246,0.3168987081527232,0.3087345538692844,0.325062862436162,2.5,0,5,0.3404034566923751,0.3404034566923751,0.3404034566923751,0.669390022675737,0.669390022675737,0.669390022675737,0.5338095238095238,0.5338095238095238,0.5338095238095238,0.6666666666666666,0.6666666666666666,0.6666666666666666
minibatch,highdim,60,markov_pooled,0.09523284718905745,0.0718562874251497,0.1186094069529652,0.9523835764054713,0.9406952965235174,0.9640718562874252,0.047616423594528695,0.0359281437125748,0.0593047034764826,0.5,0.5,0.5,0.0,0.0,0.0,0.0,0.0,0.0,0.4960319769381121,0.4889117693717481,0.5031521845044761,0.047616423594528695,0.0359281437125748,0.0593047034764826,2.5,0,5,0.6265939328828513,0.6265939328828513,0.6265939328828513,1.2,1.2,1.2,0.6,0.6,0.6,0.5,0.5,0.5
minibatch,highdim,60,markov_pooled_soft,0.0916370467898194,0.0635047910723188,0.11976930250732,0.859400711411999,0.8254797420522892,0.8933216807717087,0.0880692488203996,0.077180848281529,0.0989576493592702,0.9155859570214891,0.881896551724138,0.9492753623188404,0.3152700781167027,0.2608652591206141,0.3696748971127913,1.0,1.0,1.0,0.3708810614563398,0.3313189788514243,0.4104431440612553,0.14059928858800094,0.1066783192282912,0.1745202579477107,2.5,0,5,0.3905059863670973,0.3905059863670973,0.3905059863670973,0.7188644779403505,0.7188644779403505,0.7188644779403505,0.463912053484246,0.463912053484246,0.463912053484246,0.6666666666666666,0.6666666666666666,0.6666666666666666
minibatch,highdim,60,markov_soft,0.0413957450781408,0.0325183888807318,0.0502731012755498,0.9646689299055446,0.96003653376443,0.9693013260466592,0.012795918942125199,0.0094392320528283,0.0161526058314221,0.967645250379571,0.9536954087346023,0.9815950920245398,0.04447564291864905,0.0443419985854348,0.0446092872518633,0.0868324700292666,0.0838445807770961,0.0898203592814371,0.4719726900259196,0.4617179587944654,0.4822274212573738,0.03533107009445555,0.030698673953341,0.0399634662355701,2.5,0,5,0.3846747409636594,0.3846747409636594,0.3846747409636594,0.7098280787674727,0.7098280787674727,0.7098280787674727,0.4580808080808081,0.4580808080808081,0.4580808080808081,0.6666666666666666,0.6666666666666666,0.6666666666666666
minibatch,highdim,60,markov_w20,0.11319691904534485,0.1077844311377245,0.1186094069529652,0.9434015404773275,0.9406952965235174,0.9461077844311376,0.056598459522672395,0.0538922155688622,0.0593047034764826,0.5,0.5,0.5,0.0,0.0,0.0,0.0,0.0,0.0,0.4931848211360435,0.4850874332561903,0.5012822090158967,0.056598459522672395,0.0538922155688622,0.0593047034764826,2.5,0,5,0.6464757523108826,0.6464757523108826,0.6464757523108826,1.6,1.6,1.6,0.8,0.8,0.8,0.5,0.5,0.5
minibatch,highdim,60,markov_w5,0.038413969606798645,0.0359281437125748,0.0408997955010225,0.9807930151966007,0.9795501022494888,0.9820359281437124,0.019206984803399302,0.0179640718562874,0.0204498977505112,0.5,0.5,0.5,0.0,0.0,0.0,0.0,0.0,0.0,0.49313922092609785,0.484771302313684,0.5015071395385118,0.019206984803399302,0.0179640718562874,0.0204498977505112,2.5,0,5,0.6179562166980019,0.6179562166980019,0.6179562166980019,0.8,0.8,0.8,0.4,0.4,0.4,0.5,0.5,0.5
minibatch,highdim,60,model_posterior_oracle,0.48709629971699386,0.4690818993164382,0.5051107001175495,0.5073154655922324,0.4979821172253765,0.5166488139590882,0.14396770647407045,0.1347054036804452,0.1532300092676957,0.6059544193443553,0.4866486648664866,0.725260173822224,0.6936838579179981,0.690929485249194,0.6964382305868023,1.0,1.0,1.0,0.0,0.0,0.0,0.4926845344077675,0.4833511860409117,0.5020178827746233,2.5,0,5,0.0900006122209475,0.0900006122209475,0.0900006122209475,0.4547542985907808,0.4547542985907808,0.4547542985907808,0.2992919544560721,0.2992919544560721,0.2992919544560721,0.25,0.25,0.25
minibatch,highdim,60,reassign_U,0.03447093542975395,0.0239520958083832,0.0449897750511247,0.9827645322851231,0.9775051124744376,0.9880239520958084,0.01723546771487695,0.0119760479041916,0.0224948875255623,0.5,0.5,0.5,0.0,0.0,0.0,0.0,0.0,0.0,0.4927564004698893,0.4846142190747964,0.5008985818649822,0.01723546771487695,0.0119760479041916,0.0224948875255623,2.5,0,5,0.610684507111398,0.610684507111398,0.610684507111398,0.8,0.8,0.8,0.4,0.4,0.4,0.5,0.5,0.5
minibatch,highdim,60,reassign_all,0.03447093542975395,0.0239520958083832,0.0449897750511247,0.9827645322851231,0.9775051124744376,0.9880239520958084,0.01723546771487695,0.0119760479041916,0.0224948875255623,0.5,0.5,0.5,0.0,0.0,0.0,0.0,0.0,0.0,0.4927564004698893,0.4846142190747964,0.5008985818649822,0.01723546771487695,0.0119760479041916,0.0224948875255623,2.5,0,5,0.610684507111398,0.610684507111398,0.610684507111398,0.8,0.8,0.8,0.4,0.4,0.4,0.5,0.5,0.5
minibatch,highdim,60,stop,0.0243929319275559,0.0119760479041916,0.0368098159509202,0.987803534036222,0.98159509202454,0.994011976047904,0.01219646596377795,0.0059880239520958,0.0184049079754601,0.5,0.5,0.5,0.0,0.0,0.0,0.0,0.0,0.0,0.4931058412338272,0.4847917581048039,0.5014199243628505,0.01219646596377795,0.0059880239520958,0.0184049079754601,2.5,0,5,0.610684507111398,0.610684507111398,0.610684507111398,0.8,0.8,0.8,0.4,0.4,0.4,0.5,0.5,0.5
minibatch,highdim,60,true_posterior_oracle,1.67693028735993,1.5582817808411802,1.7955787938786802,0.15817349949379275,0.0954881032751996,0.2208588957123859,0.8391209468909044,0.7791408904127339,0.8991010033690751,0.3952231399996569,0.3729411764705882,0.4175051035287256,0.010981220245258085,2.454721136969617e-06,0.0219599857693792,0.24558245472245685,0.0061349693251533,0.4850299401197604,0.4816102869626553,0.4724289545362051,0.4907916193891055,0.8418265005062072,0.7791411042876141,0.9045118967248004,2.5,0,5,0.0,0.0,0.0,0.3713985404267935,0.3713985404267935,0.3713985404267935,0.4096954238552985,0.4096954238552985,0.4096954238552985,,,
minibatch,highdim,70,fcm_soft,0.9517837788286918,0.9445431080963934,0.9590244495609902,0.0344042518106671,0.0306548688523573,0.0381536347689769,0.9448529896671263,0.9403596179920825,0.94934636134217,0.7888650103910826,0.7139240506329114,0.8638059701492538,3.899447589982425,3.894359111520339,3.904536068444511,1.0,1.0,1.0,0.9304877245023844,0.9236358854239676,0.9373395635808012,0.9655957481893329,0.9618463652310232,0.9693451311476428,0.5,0,1,0.8688730996756622,0.8688730996756622,0.8688730996756622,0.972703763908233,0.972703763908233,0.972703763908233,0.9762793893673488,0.9762793893673488,0.9762793893673488,,,
minibatch,highdim,70,frequency_soft,0.63216822373937,0.6066528925619835,0.6576835549167565,0.5038422266139657,0.494729907773386,0.5129545454545454,0.2123402503293808,0.1947727272727273,0.2299077733860343,0.4471253950743847,0.4326599326599327,0.4615908574888367,0.5378951005949689,0.5293646942386631,0.5464255069512748,1.0,1.0,1.0,0.23347759877787955,0.2245324501568371,0.242422747398922,0.4961577733860342,0.4870454545454545,0.5052700922266139,0.5,0,1,0.4820849803715852,0.4820849803715852,0.4820849803715852,0.0165289256198347,0.0165289256198347,0.0165289256198347,0.0909090909090909,0.0909090909090909,0.0909090909090909,,,
minibatch,highdim,70,full_convergence,0.0,0.0,0.0,1.0,1.0,1.0,0.0,0.0,0.0,,,,0.0,0.0,0.0,0.0,0.0,0.0,0.4963818139399636,0.4850252841535283,0.5077383437263989,0.0,0.0,0.0,0.5,0,1,0.572994071280676,0.572994071280676,0.572994071280676,0.0,0.0,0.0,0.0,0.0,0.0,,,
minibatch,highdim,70,gmm_plugin_soft,0.5750124275471404,0.5373756848345188,0.6126491702597622,0.4648421944916374,0.4468398180721242,0.4828445709111506,0.35818349609896394,0.258384931420671,0.4579820607772569,0.7000463517469996,0.4759734623015873,0.9241192411924118,0.6922763679813981,0.6902851351799825,0.6942676007828139,1.0,1.0,1.0,0.038884049462228704,0.0321644673521145,0.0456036315723429,0.5351578055083626,0.5171554290888494,0.5531601819278757,0.5,0,1,0.0235980496648647,0.0235980496648647,0.0235980496648647,0.5315375611602698,0.5315375611602698,0.5315375611602698,0.5956293115029563,0.5956293115029563,0.5956293115029563,,,
minibatch,highdim,70,majority,0.9307608695652174,0.905,0.9565217391304348,0.5346195652173913,0.5217391304347826,0.5475,0.4653804347826087,0.4525,0.4782608695652174,0.5,0.5,0.5,0.0,0.0,0.0,0.0,0.0,0.0,0.5010754680960223,0.4981998620474047,0.50395107414464,0.4653804347826087,0.4525,0.4782608695652174,0.5,0,1,0.572994071280676,0.572994071280676,0.572994071280676,0.0,0.0,0.0,0.0,0.0,0.0,,,
minibatch,highdim,70,markov,0.06648550724637681,0.0579710144927536,0.075,0.9667572463768116,0.9625,0.9710144927536232,0.03324275362318835,0.0289855072463768,0.0374999999999999,0.5,0.5,0.5,0.0,0.0,0.0,0.0,0.0,0.0,0.49659497332376246,0.4866434383572516,0.5065465082902734,0.033242753623188404,0.0289855072463768,0.0375,0.5,0,1,0.572994071280676,0.572994071280676,0.572994071280676,0.0,0.0,0.0,0.0,0.0,0.0,,,
minibatch,highdim,70,markov_a0.5,0.46561594202898554,0.395,0.5362318840579711,0.7671920289855072,0.7318840579710145,0.8025,0.23280797101449274,0.1975,0.2681159420289855,0.5,0.5,0.5,0.0,0.0,0.0,0.0,0.0,0.0,0.4973310036806711,0.4908933854474271,0.5037686219139151,0.23280797101449274,0.1975,0.2681159420289855,0.5,0,1,0.572994071280676,0.572994071280676,0.572994071280676,0.0,0.0,0.0,0.0,0.0,0.0,,,
minibatch,highdim,70,markov_a0.5_soft,0.34784526074406774,0.3279358448958369,0.3677546765922986,0.6547013986672121,0.6454179864978542,0.6639848108365699,0.158234642249664,0.1425416407819868,0.1739276437173412,0.6583976204987786,0.630683386568871,0.6861118544286862,0.5181028294115178,0.5165673306347769,0.5196383281882587,1.0,1.0,1.0,0.24987964664786572,0.2420595675183487,0.2576997257773827,0.3452986013327879,0.33601518916343,0.3545820135021458,0.5,0,1,0.4063274046140094,0.4063274046140094,0.4063274046140094,0.0555555555555555,0.0555555555555555,0.0555555555555555,0.1666666666666667,0.1666666666666667,0.1666666666666667,,,
minibatch,highdim,70,markov_pooled,0.1157246376811594,0.1014492753623188,0.13,0.9421376811594203,0.935,0.9492753623188406,0.05786231884057966,0.0507246376811594,0.0649999999999999,0.5,0.5,0.5,0.0,0.0,0.0,0.0,0.0,0.0,0.4997299406213511,0.4896275783444501,0.5098323028982521,0.0578623188405797,0.0507246376811594,0.065,0.5,0,1,0.572994071280676,0.572994071280676,0.572994071280676,0.0,0.0,0.0,0.0,0.0,0.0,,,
minibatch,highdim,70,markov_pooled_soft,0.1002059412935449,0.0698070526098176,0.1306048299772722,0.8450137299809063,0.8066941270098406,0.883333332951972,0.10297637434340104,0.0932684866930181,0.112684261993784,0.9139077693747653,0.8861579596873713,0.9416575790621592,0.34445122726845334,0.2827798271713678,0.4061226273655389,0.9963768115942029,0.9927536231884058,1.0,0.36064515896097393,0.313050092580767,0.4082402253411809,0.1549862700190937,0.116666667048028,0.1933058729901594,0.5,0,1,0.4729940712806761,0.4729940712806761,0.4729940712806761,0.02,0.02,0.02,0.1,0.1,0.1,,,
minibatch,highdim,70,markov_soft,0.041887177751762705,0.0387869804767037,0.0449873750268217,0.9673034033847654,0.9623077290356704,0.9722990777338604,0.0225968883524829,0.0203914051634639,0.0248023715415019,0.9826043483879305,0.9782683982683984,0.9869402985074628,0.0364099587244012,0.0263894702054232,0.0464304472433792,0.0752355072463768,0.0579710144927536,0.0925,0.4800770531045955,0.4643124727542272,0.4958416334549637,0.03269659661523465,0.0277009222661396,0.0376922709643297,0.5,0,1,0.4729940712806761,0.4729940712806761,0.4729940712806761,0.02,0.02,0.02,0.1,0.1,0.1,,,
minibatch,highdim,70,markov_w20,0.093731884057971,0.072463768115942,0.115,0.9531340579710144,0.9425,0.9637681159420288,0.04686594202898545,0.036231884057971,0.0574999999999999,0.5,0.5,0.5,0.0,0.0,0.0,0.0,0.0,0.0,0.49647161570276155,0.4869414897082117,0.5060017416973114,0.0468659420289855,0.036231884057971,0.0575,0.5,0,1,0.572994071280676,0.572994071280676,0.572994071280676,0.0,0.0,0.0,0.0,0.0,0.0,,,
minibatch,highdim,70,markov_w5,0.0417391304347826,0.04,0.0434782608695652,0.9791304347826086,0.9782608695652174,0.98,0.02086956521739125,0.02,0.0217391304347825,0.5,0.5,0.5,0.0,0.0,0.0,0.0,0.0,0.0,0.4953387887258492,0.486526293194695,0.5041512842570034,0.0208695652173913,0.02,0.0217391304347826,0.5,0,1,0.572994071280676,0.572994071280676,0.572994071280676,0.0,0.0,0.0,0.0,0.0,0.0,,,
minibatch,highdim,70,model_posterior_oracle,0.49402277934558037,0.4721821389898148,0.515863419701346,0.5036181860600364,0.4922616562736011,0.5149747158464717,0.15262721808206725,0.0880966636036287,0.2171577725605058,0.6420217891237109,0.5360251450676983,0.7480184331797235,0.6957287545481128,0.6912172467058749,0.7002402623903506,1.0,1.0,1.0,0.0,0.0,0.0,0.4963818139399636,0.4850252841535283,0.5077383437263989,0.5,0,1,0.0220832145739281,0.0220832145739281,0.0220832145739281,0.5285521083461134,0.5285521083461134,0.5285521083461134,0.5942369200191743,0.5942369200191743,0.5942369200191743,,,
minibatch,highdim,70,reassign_U,0.0414855072463768,0.025,0.0579710144927536,0.9792572463768117,0.9710144927536232,0.9875,0.02074275362318835,0.0124999999999999,0.0289855072463768,0.5,0.5,0.5,0.0,0.0,0.0,0.0,0.0,0.0,0.4957860200827834,0.486420843353243,0.5051511968123238,0.0207427536231884,0.0125,0.0289855072463768,0.5,0,1,0.572994071280676,0.572994071280676,0.572994071280676,0.0,0.0,0.0,0.0,0.0,0.0,,,
minibatch,highdim,70,reassign_all,0.0414855072463768,0.025,0.0579710144927536,0.9792572463768117,0.9710144927536232,0.9875,0.02074275362318835,0.0124999999999999,0.0289855072463768,0.5,0.5,0.5,0.0,0.0,0.0,0.0,0.0,0.0,0.4957860200827834,0.486420843353243,0.5051511968123238,0.0207427536231884,0.0125,0.0289855072463768,0.5,0,1,0.572994071280676,0.572994071280676,0.572994071280676,0.0,0.0,0.0,0.0,0.0,0.0,,,
minibatch,highdim,70,stop,0.0222463768115942,0.0144927536231884,0.03,0.9888768115942028,0.985,0.9927536231884058,0.0111231884057971,0.0072463768115942,0.015,0.5,0.5,0.5,0.0,0.0,0.0,0.0,0.0,0.0,0.49594352034025013,0.4864771220818055,0.5054099185986948,0.0111231884057971,0.0072463768115942,0.015,0.5,0,1,0.572994071280676,0.572994071280676,0.572994071280676,0.0,0.0,0.0,0.0,0.0,0.0,,,
minibatch,highdim,70,true_posterior_oracle,1.6195319335363199,1.4449994770870307,1.794064389985609,0.18785799725739533,0.0982159945556316,0.2774999999591591,0.8109845410013528,0.7224997384846785,0.8994693435180269,0.3994869538666279,0.3842165898617511,0.4147573178715047,0.00997097598456754,3.001734350279256e-06,0.0199389502347848,0.23201086956521735,0.0075,0.4565217391304347,0.4821684842525574,0.4784376528495339,0.485899315655581,0.8121420027426046,0.7225000000408408,0.9017840054443684,0.5,0,1,0.0,0.0,0.0,0.4885414516449746,0.4885414516449746,0.4885414516449746,0.5729940712806761,0.5729940712806761,0.5729940712806761,,,
minibatch,highdim,80,fcm_soft,0.9525333088614738,0.944918013112824,0.9601486046101236,0.0340206025667105,0.03007930050962,0.037961904623801,0.9499044033024016,0.9475872253998762,0.9522215812049268,0.6564172677075902,0.572072072072072,0.7407624633431085,3.899778494455389,3.89449427412269,3.9050627147880888,1.0,1.0,1.0,0.9316899804862411,0.9240083836775246,0.9393715772949576,0.9659793974332895,0.962038095376199,0.96992069949038,1.0,0,2,0.9264429554596264,0.9264429554596264,0.9264429554596264,0.9713392929860544,0.9713392929860544,0.9713392929860544,0.475611089981152,0.475611089981152,0.475611089981152,0.0,0.0,0.0
minibatch,highdim,80,frequency_soft,0.5658227323669407,0.5495502084399913,0.58209525629389,0.5363573584326564,0.5304781923279034,0.5422365245374094,0.18041727314580142,0.1472244569589702,0.2136100893326326,0.5643984066118044,0.5411858974358974,0.5876109157877114,0.5390697572350194,0.5346413627111108,0.5434981517589278,1.0,1.0,1.0,0.22694032084511534,0.218458628778428,0.2354220129118027,0.46364264156734347,0.4577634754625904,0.4695218076720966,1.0,0,2,0.3346671976272324,0.3346671976272324,0.3346671976272324,0.140495867768595,0.140495867768595,0.140495867768595,0.2272727272727273,0.2272727272727273,0.2272727272727273,,,
minibatch,highdim,80,full_convergence,0.0,0.0,0.0,1.0,1.0,1.0,0.0,0.0,0.0,,,,0.0,0.0,0.0,0.0,0.0,0.0,0.4994845880479131,0.4918446405153125,0.5071245355805137,0.0,0.0,0.0,1.0,0,2,0.5226413424819666,0.5226413424819666,0.5226413424819666,2.0,2.0,2.0,1.0,1.0,1.0,,,
minibatch,highdim,80,gmm_plugin_soft,0.5697500319876405,0.5405924925251333,0.5989075714501476,0.4674763695397307,0.4537923763771796,0.4811603627022818,0.358956057293603,0.2804492700159095,0.4374628445712965,0.7197569186376951,0.4395138372753902,1.0,0.6901069776107206,0.6897445273374498,0.6904694278839913,1.0,1.0,1.0,0.033115081230372254,0.0270049735360667,0.0392251889246778,0.5325236304602693,0.5188396372977182,0.5462076236228204,1.0,0,2,0.025239986336606,0.025239986336606,0.025239986336606,0.5127494104217954,0.5127494104217954,0.5127494104217954,0.5446344206960525,0.5446344206960525,0.5446344206960525,,,
minibatch,highdim,80,majority,0.9016573737787099,0.8495575221238938,0.953757225433526,0.549171313110645,0.523121387283237,0.5752212389380531,0.45082868688935496,0.4247787610619469,0.476878612716763,0.5,0.5,0.5,0.0,0.0,0.0,0.0,0.0,0.0,0.49713995109940984,0.496181726990471,0.4980981752083487,0.45082868688935496,0.4247787610619469,0.476878612716763,1.0,0,2,0.5619399248999597,0.5619399248999597,0.5619399248999597,0.0,0.0,0.0,0.0,0.0,0.0,,,
minibatch,highdim,80,markov,0.04931198526778855,0.0176991150442477,0.0809248554913294,0.9753440073661056,0.9595375722543352,0.991150442477876,0.0246559926338943,0.0088495575221239,0.0404624277456647,0.5,0.5,0.5,0.0,0.0,0.0,0.0,0.0,0.0,0.4999406376956555,0.4927432693237914,0.5071380060675196,0.02465599263389425,0.0088495575221238,0.0404624277456647,1.0,0,2,0.5440972939960826,0.5440972939960826,0.5440972939960826,1.0,1.0,1.0,0.5,0.5,0.5,0.5,0.5,0.5
minibatch,highdim,80,markov_a0.5,0.3527546166044299,0.3008849557522124,0.4046242774566474,0.8236226916977851,0.7976878612716763,0.8495575221238938,0.1763773083022149,0.1504424778761062,0.2023121387283236,0.5,0.5,0.5,0.0,0.0,0.0,0.0,0.0,0.0,0.49836246619678704,0.4941814653188313,0.5025434670747427,0.17637730830221496,0.1504424778761062,0.2023121387283237,1.0,0,2,0.5440972939960826,0.5440972939960826,0.5440972939960826,1.0,1.0,1.0,0.5,0.5,0.5,0.5,0.5,0.5
minibatch,highdim,80,markov_a0.5_soft,0.2977338571283832,0.2818024700828926,0.3136652441738737,0.6848377389769269,0.6759221442668917,0.693753333686962,0.15085738674070634,0.1341111750149825,0.1676035984664302,0.651049278407015,0.630514705882353,0.671583850931677,0.5055649031459171,0.5039476915250445,0.5071821147667895,1.0,1.0,1.0,0.2595082099350189,0.2514377301116541,0.2675786897583836,0.31516226102307315,0.306246666313038,0.3240778557331083,1.0,0,2,0.2607639606627493,0.2607639606627493,0.2607639606627493,0.3877777777777776,0.3877777777777776,0.3877777777777776,0.3833333333333333,0.3833333333333333,0.3833333333333333,1.0,1.0,1.0
minibatch,highdim,80,markov_pooled,0.08128293007314945,0.0353982300884955,0.1271676300578034,0.9593585349634253,0.9364161849710982,0.9823008849557522,0.04064146503657475,0.0176991150442478,0.0635838150289017,0.5,0.5,0.5,0.0,0.0,0.0,0.0,0.0,0.0,0.501600751724619,0.4946957968577871,0.508505706591451,0.0406414650365747,0.0176991150442477,0.0635838150289017,1.0,0,2,0.5440972939960826,0.5440972939960826,0.5440972939960826,1.0,1.0,1.0,0.5,0.5,0.5,0.5,0.5,0.5
minibatch,highdim,80,markov_pooled_soft,0.08082137591890395,0.0483139924013712,0.1133287594364367,0.8633530514181036,0.8260853003852261,0.9006208024509811,0.0893489683599698,0.0755567176754648,0.1031412190444748,0.8839587693754359,0.8423423423423423,0.9255751964085296,0.32132727306909536,0.2650358533334752,0.3776186928047155,0.9955752212389379,0.991150442477876,1.0,0.3765014566885958,0.3354811484014414,0.4175217649757502,0.13664694858189635,0.0993791975490189,0.1739146996147738,1.0,0,2,0.4940972939960826,0.4940972939960826,0.4940972939960826,1.01,1.01,1.01,0.4499999999999999,0.4499999999999999,0.4499999999999999,0.0,0.0,0.0
minibatch,highdim,80,markov_soft,0.03205345585566735,0.0156167376816344,0.0484901740297003,0.9744030648162948,0.9612938385804756,0.987512291052114,0.016648005636610348,0.0089478859390363,0.0243481253341844,0.9788080895008605,0.9732142857142856,0.9844018932874354,0.0302843212392819,0.0161458711465094,0.0444227713320544,0.06692158166658135,0.0442477876106194,0.0895953757225433,0.48686731629649826,0.4720046894556637,0.5017299431373328,0.025596935183705052,0.0124877089478859,0.0387061614195242,1.0,0,2,0.4940972939960826,0.4940972939960826,0.4940972939960826,1.01,1.01,1.01,0.4499999999999999,0.4499999999999999,0.4499999999999999,0.0,0.0,0.0
minibatch,highdim,80,markov_w20,0.06087267890940705,0.0176991150442477,0.1040462427745664,0.9695636605452964,0.9479768786127168,0.991150442477876,0.03043633945470355,0.0088495575221239,0.0520231213872832,0.5,0.5,0.5,0.0,0.0,0.0,0.0,0.0,0.0,0.4998733110614539,0.4926086160553882,0.5071380060675196,0.030436339454703497,0.0088495575221238,0.0520231213872832,1.0,0,2,0.5440972939960826,0.5440972939960826,0.5440972939960826,1.0,1.0,1.0,0.5,0.5,0.5,0.5,0.5,0.5
minibatch,highdim,80,markov_w5,0.029080771394956198,0.0176991150442477,0.0404624277456647,0.9854596143025218,0.9797687861271676,0.991150442477876,0.0145403856974781,0.0088495575221239,0.0202312138728323,0.5,0.5,0.5,0.0,0.0,0.0,0.0,0.0,0.0,0.5001846126868582,0.4932312193061968,0.5071380060675196,0.01454038569747805,0.0088495575221238,0.0202312138728323,1.0,0,2,0.5440972939960826,0.5440972939960826,0.5440972939960826,1.0,1.0,1.0,0.5,0.5,0.5,0.5,0.5,0.5
minibatch,highdim,80,model_posterior_oracle,0.5004044175179875,0.4854805733627217,0.5153282616732532,0.5005154119520868,0.4928754644194862,0.5081553594846875,0.1790487661503708,0.0423048650157178,0.3157926672850238,0.678722493663888,0.638815207780725,0.7186297795470511,0.693383350391789,0.6915916935705596,0.6951750072130184,1.0,1.0,1.0,0.0,0.0,0.0,0.4994845880479131,0.4918446405153125,0.5071245355805137,1.0,0,2,0.0234499371804672,0.0234499371804672,0.0234499371804672,0.5162964909937022,0.5162964909937022,0.5162964909937022,0.4554913065754145,0.4554913065754145,0.4554913065754145,,,
minibatch,highdim,80,reassign_U,0.032149982096270846,0.0289017341040462,0.0353982300884955,0.9839250089518645,0.9823008849557522,0.9855491329479767,0.01607499104813545,0.0144508670520231,0.0176991150442478,0.5,0.5,0.5,0.0,0.0,0.0,0.0,0.0,0.0,0.4997588981733516,0.4931563288986995,0.5063614674480038,0.016074991048135402,0.0144508670520231,0.0176991150442477,1.0,0,2,0.5440972939960826,0.5440972939960826,0.5440972939960826,1.0,1.0,1.0,0.5,0.5,0.5,0.5,0.5,0.5
minibatch,highdim,80,reassign_all,0.032149982096270846,0.0289017341040462,0.0353982300884955,0.9839250089518645,0.9823008849557522,0.9855491329479767,0.01607499104813545,0.0144508670520231,0.0176991150442478,0.5,0.5,0.5,0.0,0.0,0.0,0.0,0.0,0.0,0.4997588981733516,0.4931563288986995,0.5063614674480038,0.016074991048135402,0.0144508670520231,0.0176991150442477,1.0,0,2,0.5440972939960826,0.5440972939960826,0.5440972939960826,1.0,1.0,1.0,0.5,0.5,0.5,0.5,0.5,0.5
minibatch,highdim,80,stop,0.020410251163742302,0.0176991150442477,0.0231213872832369,0.9897948744181289,0.9884393063583816,0.991150442477876,0.010205125581871151,0.0088495575221239,0.0115606936416184,0.5,0.5,0.5,0.0,0.0,0.0,0.0,0.0,0.0,0.500131262386772,0.4931245187060244,0.5071380060675196,0.010205125581871099,0.0088495575221238,0.0115606936416184,1.0,0,2,0.5440972939960826,0.5440972939960826,0.5440972939960826,1.0,1.0,1.0,0.5,0.5,0.5,0.5,0.5,0.5
minibatch,highdim,80,true_posterior_oracle,1.6082391876348363,1.49132887519902,1.7251495000706525,0.19333756420899825,0.1323398682905828,0.2543352601274137,0.8066492906704807,0.7456644375905119,0.8676341437504496,0.4040712431798203,0.3653350515463918,0.4428074348132488,0.008283639504736923,3.469551487845868e-06,0.016563809457986,0.28309632206250956,0.0086705202312138,0.5575221238938053,0.4748473664426074,0.4663508439187553,0.4833438889664594,0.8066624357910017,0.7456647398725864,0.8676601317094171,1.0,0,2,0.0,0.0,0.0,0.5518532966521005,0.5518532966521005,0.5518532966521005,0.4773586575180334,0.4773586575180334,0.4773586575180334,,,
minibatch,highdim,90,fcm_soft,0.9521781560129368,0.944352411177934,0.9600039008479396,0.03420492110171435,0.0301560269515381,0.0382538152518906,0.9515847146734084,0.951507275509543,0.951662153837274,0.7505747126436781,0.5011494252873563,1.0,3.899528868833453,3.894174422380946,3.90488331528596,1.0,1.0,1.0,0.9313330797640686,0.9234108713399908,0.9392552881881464,0.9657950788982856,0.9617461847481092,0.969843973048462,1.0,0,2,0.949134738654158,0.949134738654158,0.949134738654158,0.971379242565516,0.971379242565516,0.971379242565516,0.9756167255122412,0.9756167255122412,0.9756167255122412,,,
minibatch,highdim,90,frequency_soft,0.6241602839098115,0.621273234987166,0.6270473328324568,0.5039051702253687,0.4983471074380165,0.509463233012721,0.21846811271260536,0.2057851239669421,0.2311511014582686,0.5120972856418062,0.480489417989418,0.5437051532941944,0.5467651858734273,0.5373385868160061,0.5561917849308483,1.0,1.0,1.0,0.2217663129810341,0.2136447291956153,0.2298878967664529,0.49609482977463115,0.4905367669872789,0.5016528925619834,1.0,0,2,0.2418951963554987,0.2418951963554987,0.2418951963554987,0.1074380165289256,0.1074380165289256,0.1074380165289256,0.2272727272727272,0.2272727272727272,0.2272727272727272,,,
minibatch,highdim,90,full_convergence,0.0,0.0,0.0,1.0,1.0,1.0,0.0,0.0,0.0,,,,0.0,0.0,0.0,0.0,0.0,0.0,0.5056487607181082,0.4933875030311662,0.5179100184050502,0.0,0.0,0.0,1.0,0,2,0.765893790295928,0.765893790295928,0.765893790295928,2.0,2.0,2.0,1.0,1.0,1.0,,,
minibatch,highdim,90,gmm_plugin_soft,0.5743360435190499,0.5383056810582312,0.6103664059798685,0.4651855759677762,0.4481753737098569,0.4821957782256955,0.383331666940466,0.2874690173387013,0.4791943165422307,0.7400370516503705,0.489975093399751,0.99009900990099,0.6899841720863156,0.6892391404823421,0.6907292036902891,1.0,1.0,1.0,0.029170359845531603,0.0244253265706352,0.033915393120428,0.5348144240322238,0.5178042217743045,0.5518246262901431,1.0,0,2,0.1850610499794671,0.1850610499794671,0.1850610499794671,0.3767409881284726,0.3767409881284726,0.3767409881284726,0.4543288613281561,0.4543288613281561,0.4543288613281561,,,
minibatch,highdim,90,majority,0.9926155755507291,0.9818181818181818,1.0034129692832765,0.5036922122246353,0.4982935153583617,0.509090909090909,0.49630778777536455,0.4909090909090909,0.5017064846416383,0.5,0.5,0.5,0.0,0.0,0.0,0.0,0.0,0.0,0.5008415403622851,0.4992048513934723,0.502478229331098,0.49630778777536455,0.4909090909090909,0.5017064846416383,1.0,0,2,0.2909382586036885,0.2909382586036885,0.2909382586036885,0.0,0.0,0.0,0.0,0.0,0.0,,,
minibatch,highdim,90,markov,0.060254421346571496,0.0477815699658703,0.0727272727272727,0.9698727893267143,0.9636363636363636,0.9761092150170648,0.0301272106732857,0.0238907849829351,0.0363636363636363,0.5,0.5,0.5,0.0,0.0,0.0,0.0,0.0,0.0,0.5041417378290265,0.4925949180302608,0.5156885576277922,0.0301272106732857,0.0238907849829351,0.0363636363636363,1.0,0,2,0.2909382586036885,0.2909382586036885,0.2909382586036885,0.0,0.0,0.0,0.0,0.0,0.0,,,
minibatch,highdim,90,markov_a0.5,0.43205088426931426,0.409556313993174,0.4545454545454545,0.7839745578653428,0.7727272727272727,0.7952218430034129,0.21602544213465713,0.204778156996587,0.2272727272727273,0.5,0.5,0.5,0.0,0.0,0.0,0.0,0.0,0.0,0.5033875731105517,0.4966287246593694,0.510146421561734,0.2160254421346571,0.204778156996587,0.2272727272727272,1.0,0,2,0.2909382586036885,0.2909382586036885,0.2909382586036885,0.0,0.0,0.0,0.0,0.0,0.0,,,
minibatch,highdim,90,markov_a0.5_soft,0.3329300418400286,0.3279902537364453,0.337869829943612,0.658638519360822,0.6544006966644145,0.6628763420572295,0.11724714676379769,0.111973097467978,0.1225211960596174,0.6484839686947741,0.6216738197424894,0.6752941176470588,0.5253630161495091,0.5203891926236681,0.5303368396753502,1.0,1.0,1.0,0.24829222189710737,0.2409825257571622,0.2556019180370525,0.34136148063917804,0.3371236579427705,0.3455993033355856,1.0,0,2,0.2532588327191351,0.2532588327191351,0.2532588327191351,0.1637396694214876,0.1637396694214876,0.1637396694214876,0.2840909090909091,0.2840909090909091,0.2840909090909091,,,
minibatch,highdim,90,markov_pooled,0.12621780949425995,0.109090909090909,0.1433447098976109,0.93689109525287,0.9283276450511946,0.9454545454545454,0.06310890474712995,0.0545454545454545,0.0716723549488054,0.5,0.5,0.5,0.0,0.0,0.0,0.0,0.0,0.0,0.5078698880182184,0.4974560404510228,0.518283735585414,0.06310890474712995,0.0545454545454545,0.0716723549488054,1.0,0,2,0.2909382586036885,0.2909382586036885,0.2909382586036885,0.0,0.0,0.0,0.0,0.0,0.0,,,
minibatch,highdim,90,markov_pooled_soft,0.103529328215381,0.0848370531844777,0.1222216032462843,0.8469768228701164,0.8198408115468278,0.874112834193405,0.0779117240053952,0.0641990241628348,0.0916244238479556,0.9333959545356604,0.9228816526610644,0.9439102564102564,0.33391991689104084,0.2853581157305955,0.3824817180514861,1.0,1.0,1.0,0.3743138200135748,0.3360324244991877,0.4125952155279619,0.1530231771298835,0.1258871658065948,0.1801591884531722,1.0,0,2,0.2418951963554988,0.2418951963554988,0.2418951963554988,0.1074380165289256,0.1074380165289256,0.1074380165289256,0.2272727272727273,0.2272727272727273,0.2272727272727273,,,
minibatch,highdim,90,markov_soft,0.0441561877021906,0.0392594799220547,0.0490528954823265,0.9652636767454756,0.9600422919197624,0.970485061571189,0.0212635205436168,0.020650141087804,0.0218768999994296,0.9711137918685088,0.9705294705294704,0.9716981132075472,0.038307064054221796,0.0307503733518628,0.0458637547565808,0.07333229910021716,0.0648464163822525,0.0818181818181818,0.48631895241217393,0.4792282913529701,0.4934096134713777,0.0347363232545244,0.0295149384288111,0.0399577080802377,1.0,0,2,0.2418951963554988,0.2418951963554988,0.2418951963554988,0.1074380165289256,0.1074380165289256,0.1074380165289256,0.2272727272727273,0.2272727272727273,0.2272727272727273,,,
minibatch,highdim,90,markov_w20,0.104591995035681,0.0819112627986348,0.1272727272727272,0.9477040024821595,0.9363636363636364,0.9590443686006824,0.0522959975178405,0.0409556313993174,0.0636363636363636,0.5,0.5,0.5,0.0,0.0,0.0,0.0,0.0,0.0,0.504840585115955,0.4938103987781229,0.5158707714537871,0.0522959975178405,0.0409556313993174,0.0636363636363636,1.0,0,2,0.2909382586036885,0.2909382586036885,0.2909382586036885,0.0,0.0,0.0,0.0,0.0,0.0,,,
minibatch,highdim,90,markov_w5,0.04775054297238595,0.0409556313993174,0.0545454545454545,0.976124728513807,0.9727272727272728,0.9795221843003412,0.0238752714861929,0.0204778156996586,0.0272727272727272,0.5,0.5,0.5,0.0,0.0,0.0,0.0,0.0,0.0,0.5035732277679286,0.4926781805620783,0.5144682749737788,0.02387527148619295,0.0204778156996587,0.0272727272727272,1.0,0,2,0.2909382586036885,0.2909382586036885,0.2909382586036885,0.0,0.0,0.0,0.0,0.0,0.0,,,
minibatch,highdim,90,model_posterior_oracle,0.5129751421860755,0.4884309694991638,0.5375193148729872,0.49435123928189173,0.4820899815949497,0.5066124969688337,0.2267512067717575,0.0500760688716768,0.4034263446718382,0.6441208154460709,0.6161403508771929,0.6721012800149491,0.6930217114468802,0.6917706829626384,0.6942727399311218,1.0,1.0,1.0,0.0,0.0,0.0,0.5056487607181082,0.4933875030311662,0.5179100184050502,1.0,0,2,0.1850650201167775,0.1850650201167775,0.1850650201167775,0.3782593134002078,0.3782593134002078,0.3782593134002078,0.3905933450801594,0.3905933450801594,0.3905933450801594,1.0,1.0,1.0
minibatch,highdim,90,reassign_U,0.028420726031647497,0.0204778156996587,0.0363636363636363,0.9857896369841762,0.9818181818181818,0.9897610921501706,0.0142103630158237,0.0102389078498293,0.0181818181818181,0.5,0.5,0.5,0.0,0.0,0.0,0.0,0.0,0.0,0.5041440732710265,0.4932854054332893,0.5150027411087637,0.0142103630158237,0.0102389078498293,0.0181818181818181,1.0,0,2,0.2909382586036885,0.2909382586036885,0.2909382586036885,0.0,0.0,0.0,0.0,0.0,0.0,,,
minibatch,highdim,90,reassign_all,0.028420726031647497,0.0204778156996587,0.0363636363636363,0.9857896369841762,0.9818181818181818,0.9897610921501706,0.0142103630158237,0.0102389078498293,0.0181818181818181,0.5,0.5,0.5,0.0,0.0,0.0,0.0,0.0,0.0,0.5041440732710265,0.4932854054332893,0.5150027411087637,0.0142103630158237,0.0102389078498293,0.0181818181818181,1.0,0,2,0.2909382586036885,0.2909382586036885,0.2909382586036885,0.0,0.0,0.0,0.0,0.0,0.0,,,
minibatch,highdim,90,stop,0.0136518771331058,0.0,0.0273037542662116,0.9931740614334471,0.9863481228668942,1.0,0.00682593856655285,0.0,0.0136518771331057,0.5,0.5,0.5,0.0,0.0,0.0,0.0,0.0,0.0,0.5054622691253255,0.4930145198456009,0.5179100184050502,0.0068259385665529,0.0,0.0136518771331058,1.0,0,2,0.765893790295928,0.765893790295928,0.765893790295928,2.0,2.0,2.0,1.0,1.0,1.0,,,
minibatch,highdim,90,true_posterior_oracle,1.6653942387595055,1.50853170924235,1.8222567682766608,0.16590324010291924,0.0860726918520705,0.245733788353768,0.8340611940407765,0.7542658545544708,0.9138565335270822,0.43821782302664647,0.4144356460532931,0.4619999999999999,0.004803732918068889,4.098530176677419e-06,0.0096033673059611,0.2505739993794601,0.0102389078498293,0.4909090909090909,0.4747650945884657,0.4660381799763639,0.4834920092005675,0.8340967598970808,0.754266211646232,0.9139273081479294,1.0,0,2,0.0,0.0,0.0,0.2813895211738643,0.2813895211738643,0.2813895211738643,0.234174506418899,0.234174506418899,0.234174506418899,1.0,1.0,1.0
minibatch,main,10,fcm_soft,0.8722881538486665,0.8093746835403689,0.9279354936541832,0.07536987931741815,0.0422683999431044,0.1136728360668277,0.906388479865123,0.8851367702170981,0.9334300643494808,0.589385596995995,0.3528588099264999,0.8140224516131804,4.121538059036868,3.702746011650386,4.521012689215274,1.0,1.0,1.0,0.9005303259005276,0.8530191400738724,0.937581848615687,0.9245519511764259,0.8863167996381988,0.9574932521674604,129515.25,108517,163955,0.9159599917990418,0.8836808675299114,0.9428029613452968,0.8683277085364328,0.805135380706414,0.9260993734577476,0.8632228768983592,0.8263841387042216,0.907061839884375,0.9151057976152954,0.8255136226683742,0.960561561818004
minibatch,main,10,frequency_soft,0.0592380991735537,0.020509173553719,0.1376385123966942,0.8824126136363635,0.8363577272727271,0.9061831818181816,0.07545670454545467,0.0447440909090911,0.0901554545454546,0.7451025529846795,0.6914511494333399,0.8443197400066008,0.32043743080585707,0.3070242412625107,0.342279724965925,1.0,1.0,1.0,0.13782166936641116,0.1092571590478323,0.1770630641245744,0.11738949772727268,0.0937958363636363,0.1629483545454545,129515.25,108517,163955,0.13592550084033958,0.1090443434598869,0.1593062934756668,0.12282473038952628,0.0597648822996656,0.1768212452973515,0.0414252389005693,0.0130480286130682,0.0673288906279354,0.554275413904115,0.5160603336068486,0.6161938727515968
minibatch,main,10,full_convergence,0.0,0.0,0.0,1.0,1.0,1.0,0.0,0.0,0.0,,,,0.0,0.0,0.0,0.0,0.0,0.0,0.07502912730191305,0.0472122331134908,0.0954845250167902,0.0007823750000000001,2.53e-05,0.0028162,129515.25,108517,163955,0.0551338677297145,0.0245488551328836,0.089478574411789,0.11007581779744877,0.0484271615805217,0.1790158878169494,0.055037908898724355,0.0242135807902608,0.0895079439084747,0.5,0.5,0.5
minibatch,main,10,gmm_plugin_soft,0.06762389125825227,0.0334802536500464,0.1075678938009267,0.911667897256274,0.8795859286943689,0.9518298117219426,0.056172672505691426,0.0361197177175869,0.0769556535800003,0.9589852799529076,0.9131642954395912,0.9838616984360158,0.18567547225910339,0.0982000608305582,0.2549990011743439,0.9603937499999999,0.89447,0.998385,0.020711760824727227,0.0014424160395952,0.0623308662583616,0.08793982727581917,0.0481377882780574,0.119127710640495,129515.25,108517,163955,0.0481096855994694,0.0190815240341775,0.0828638934084037,0.09180322415705017,0.0370814515387178,0.1428758667506399,0.02341134533624755,0.0108733927044074,0.0425596041259678,0.9621537221863383,0.9254777008977766,0.9853395518779108
minibatch,main,10,majority,0.050905,0.00485,0.14377,0.9745475,0.928115,0.997575,0.02545249999999997,0.002425,0.0718849999999999,0.5,0.5,0.5,0.0,0.0,0.0,0.0,0.0,0.0,0.08916873265034472,0.0472978662872949,0.1254586308544205,0.025443999999999998,0.0024126,0.0718688,129515.25,108517,163955,0.060848682597087,0.0245491450548083,0.0933774831422075,0.12156673850831327,0.0484271615805217,0.1875270653532981,0.0607833692541566,0.0242135807902608,0.093763532676649,0.5,0.5,0.5
minibatch,main,10,markov,0.0380475,0.00297,0.116,0.98097625,0.942,0.998515,0.01902374999999995,0.0014849999999999,0.058,0.5,0.5,0.5,0.0,0.0,0.0,0.0,0.0,0.0,0.08527715013552122,0.0472613728479672,0.1146643155254008,0.019014449999999974,0.0014935,0.0579684,129515.25,108517,163955,0.05916528625010285,0.024548974557946,0.0895576890727891,0.11816665723888677,0.0484122425535406,0.1791414123300936,0.059083328619443376,0.0242061212767703,0.0895707061650468,0.5,0.5,0.5
minibatch,main,10,markov_a0.5,0.04417,0.00361,0.13123,0.9779150000000001,0.934385,0.998195,0.0220849999999999,0.0018049999999999,0.0656149999999999,0.5,0.5,0.5,0.0,0.0,0.0,0.0,0.0,0.0,0.0872812944961082,0.0472721222623215,0.1207928929270804,0.02207924999999997,0.0017925999999999,0.0656016,129515.25,108517,163955,0.060158414606827325,0.024548974557946,0.0904921573988628,0.120155980037219,0.0484122425535406,0.181647403250892,0.0600779900186095,0.0242061212767703,0.0908237016254459,0.5,0.5,0.5
minibatch,main,10,markov_a0.5_soft,0.04763860055720945,0.0111591596087864,0.1244924521703032,0.9119149283861077,0.8654694100919537,0.9350154943610524,0.04941576399158462,0.0196970754458171,0.0624678885206643,0.707695341490445,0.6489610319759643,0.7993723939679008,0.2511925949449041,0.2360571618354408,0.2768327766130145,1.0,1.0,1.0,0.11944932062098093,0.0888161805154654,0.1558025121515161,0.08792020911269063,0.0649657556389476,0.1339466206010435,129515.25,108517,163955,0.1107428223633357,0.0820607354043871,0.1359046865002845,0.11693172786148284,0.0525824578068744,0.171878360490789,0.027512927132367325,0.0169194698704283,0.039122632207188,0.5547588129476945,0.5181635960983682,0.6112740009711525
minibatch,main,10,markov_pooled,0.038515,0.00294,0.11654,0.9807425,0.94173,0.99853,0.019257499999999952,0.0014699999999999,0.05827,0.5,0.5,0.5,0.0,0.0,0.0,0.0,0.0,0.0,0.08531929667707659,0.0472749151245259,0.1147686578695485,0.019249899999999976,0.0014785,0.0582430999999999,129515.25,108517,163955,0.05918260575516953,0.024548974557946,0.0895576890727891,0.11819410379434407,0.0484122425535406,0.1791414123300936,0.059097051897172,0.0242061212767703,0.0895707061650468,0.5,0.5,0.5
minibatch,main,10,markov_pooled_soft,0.037930909580305094,0.0035289487210342,0.113745086352866,0.9765858412421874,0.9369573964253016,0.994777798238882,0.017135006908608752,0.00206730475117,0.0509093416007396,0.7708536519071718,0.6469383030899186,0.8904390985360725,0.0189093264185135,0.0141007922553973,0.0267247877629852,0.9182325,0.82502,0.97503,0.08359558269079283,0.0465689585900705,0.1135110344404599,0.0233647909132148,0.0052054731674576,0.0628722258889919,129515.25,108517,163955,0.0603600310607076,0.0262090165822868,0.0900086329651934,0.11723511412101151,0.0483356774199559,0.1777955430374167,0.057080803300983474,0.0220674359964037,0.0876232053258756,0.6602527994532406,0.6121971020424304,0.770003433270106
minibatch,main,10,markov_soft,0.03761439886811585,0.0027932641388263,0.1147270492480849,0.9804662200864557,0.9411878654580712,0.9982966117952484,0.01819965043016885,0.0011380021565212,0.0562265575886531,0.5735811163788377,0.5247431277434687,0.6304384693648326,0.0023003811178621252,0.000801840663739,0.0045862458974385,0.00506625,0.001825,0.009945,0.0847033251881186,0.0469351184916478,0.1141093381114802,0.019511002532591876,0.0017108882047514,0.0587331250181191,129515.25,108517,163955,0.059062568027925144,0.0245360922889772,0.089484420574837,0.11776864943260157,0.0483545488532471,0.1788193456520035,0.058745638184333406,0.0241585167436725,0.0893722578871237,0.5059791202955504,0.5014006404426924,0.5140531034004414
minibatch,main,10,markov_w20,0.0380475,0.00297,0.116,0.98097625,0.942,0.998515,0.01902374999999995,0.0014849999999999,0.058,0.5,0.5,0.5,0.0,0.0,0.0,0.0,0.0,0.0,0.08527715013552122,0.0472613728479672,0.1146643155254008,0.019014449999999974,0.0014935,0.0579684,129515.25,108517,163955,0.05916528625010285,0.024548974557946,0.0895576890727891,0.11816665723888677,0.0484122425535406,0.1791414123300936,0.059083328619443376,0.0242061212767703,0.0895707061650468,0.5,0.5,0.5
minibatch,main,10,markov_w5,0.036985,0.00248,0.11395,0.9815075,0.943025,0.99876,0.01849249999999995,0.00124,0.056975,0.5,0.5,0.5,0.0,0.0,0.0,0.0,0.0,0.0,0.0851162862498871,0.047252437934954,0.1141765644280477,0.01848624999999995,0.0012485,0.0569553999999999,129515.25,108517,163955,0.059081022543166925,0.024548974557946,0.089564977341668,0.11801728425299372,0.0484122425535406,0.1791234802567873,0.05900864212649685,0.0242061212767703,0.0895617401283936,0.5,0.5,0.5
minibatch,main,10,model_posterior_oracle,0.0493520005597469,0.0322131250404731,0.0624167273455833,0.924970872698087,0.9045154749832096,0.9527877668865092,0.06553582464465395,0.0427954950131945,0.0799891890438559,0.9713788247171743,0.9627598229540448,0.9783121007711528,0.17088191744577244,0.0974563272703748,0.2205194761698846,0.96016,0.89442,0.99831,0.0,0.0,0.0,0.07445207980801025,0.0471798331134908,0.0952480503225502,129515.25,108517,163955,0.0410384836643197,0.0190742837674219,0.0828554511092767,0.0836627522157781,0.037075985578275,0.1423077833034219,0.02080488124182815,0.0108707856397762,0.0421905901433031,0.9663422542937001,0.9379658929722284,0.9853363486091876
minibatch,main,10,reassign_U,0.036332500000000004,0.00238,0.11237,0.98183375,0.943815,0.99881,0.018166249999999974,0.00119,0.056185,0.5,0.5,0.5,0.0,0.0,0.0,0.0,0.0,0.0,0.08491425183861052,0.0472489450957645,0.1135321453632114,0.01815757499999995,0.0011985,0.0561556999999999,129515.25,108517,163955,0.05899423977289453,0.0245488551328836,0.0895594323305139,0.11784874378091012,0.0484271615805217,0.1791234802567873,0.058924371890455005,0.0242135807902608,0.0895617401283936,0.5,0.5,0.5
minibatch,main,10,reassign_all,0.036332500000000004,0.00238,0.11237,0.98183375,0.943815,0.99881,0.018166249999999974,0.00119,0.056185,0.5,0.5,0.5,0.0,0.0,0.0,0.0,0.0,0.0,0.08491425183861052,0.0472489450957645,0.1135321453632114,0.01815757499999995,0.0011985,0.0561556999999999,129515.25,108517,163955,0.05899423977289453,0.0245488551328836,0.0895594323305139,0.11784874378091012,0.0484271615805217,0.1791234802567873,0.058924371890455005,0.0242135807902608,0.0895617401283936,0.5,0.5,0.5
minibatch,main,10,stop,0.036985000000000004,0.00249,0.11395,0.9815075,0.943025,0.998755,0.01849249999999995,0.001245,0.056975,0.5,0.5,0.5,0.0,0.0,0.0,0.0,0.0,0.0,0.08511579484565505,0.047252101904953,0.1141765917669697,0.01848624999999995,0.0012535,0.0569553999999999,129515.25,108517,163955,0.0590810397981042,0.024548974557946,0.089564977341668,0.11801728425299372,0.0484122425535406,0.1791234802567873,0.05900864212649685,0.0242061212767703,0.0895617401283936,0.5,0.5,0.5
minibatch,main,10,true_posterior_oracle,0.2898560349761484,0.0654090453385247,0.6425361311952157,0.8390272064202947,0.6594709658577118,0.964668359843204,0.13648223698400982,0.031113374721541,0.3067941978146317,0.57937267478287,0.4354525905200216,0.6962560977058034,0.06244152181597375,0.0096626195488289,0.1488497053147978,0.86164,0.69974,0.991155,0.16708519447010778,0.0935571540862406,0.3406634450444779,0.16085364815028488,0.035331134537341,0.3405188090251399,129515.25,108517,163955,0.0,0.0,0.0,0.033886481352045354,0.0084745774424454,0.0738482473435451,0.000657633154452825,0.0003033147836704,0.0010505658222217,0.9691594697932069,0.9416924227394782,0.9882014009385496
minibatch,main,20,fcm_soft,0.8730415272939652,0.7697316667789258,0.9491911645876598,0.0781601222501597,0.0315217945412338,0.1438418266294695,0.8698310438360443,0.8224693139571579,0.9183290141032786,0.663944080669006,0.526878116227427,0.730003229035874,4.048012160019584,3.5025623413529163,4.5212229930207295,1.0,1.0,1.0,0.8346602516812385,0.7117318697450536,0.9311801287877368,0.9215324762405279,0.8558314826245523,0.9677492722732678,14890.25,35,56554,0.9456505272921795,0.932551281166731,0.9582527318737434,0.9558419379639194,0.9478581623206936,0.9617666448450706,0.2615111093622425,0.0352782152828027,0.7305506617711801,0.7684776673621806,0.6203703703703703,0.9659090909090908
minibatch,main,20,frequency_soft,0.5734361081565452,0.5125743184901936,0.6933418578272873,0.5341494259563944,0.4708801327016883,0.5659701492537313,0.16592651984944579,0.125427408412483,0.2329187744372529,0.5575740068479982,0.5405720962025893,0.5737284862590728,0.5366824078072293,0.5318714944277134,0.5471118451744241,1.0,1.0,1.0,0.3135246475182513,0.2329176855962513,0.4738552703277736,0.46465005477098376,0.4335728629579375,0.5250423026795379,14890.25,35,56554,0.7108292440787694,0.5383462762861413,0.9255847790986526,1.1833891802388945,0.7857523431857857,1.526230686309738,0.5168393620760315,0.2864534941664764,0.683794466403162,0.5291116361302844,0.4609684941254799,0.662037037037037
minibatch,main,20,full_convergence,0.0,0.0,0.0,1.0,1.0,1.0,0.0,0.0,0.0,,,,0.0,0.0,0.0,0.0,0.0,0.0,0.3689816167985892,0.1539365231735275,0.4998276187859769,0.002563478512983705,5.2137643378519296e-05,0.0090004197132695,14890.25,35,56554,0.6818136293837591,0.1616674122551894,0.960904936207844,1.3639711636246667,0.3217102238568448,1.9130434782608696,0.6819855818123334,0.1608551119284224,0.9565217391304348,0.5,0.5,0.5
minibatch,main,20,gmm_plugin_soft,0.4670366795081293,0.4030260680083838,0.5269372816366781,0.5102524815165072,0.4872650165647305,0.5347957351909982,0.2212630769685586,0.1138748210863827,0.3988451076540885,0.7042811745995545,0.6090244290783369,0.8282300299878851,0.8003986487898372,0.6943353814627088,0.9479732178834088,1.0,1.0,1.0,0.12854036119015763,0.0130312189716296,0.3465155737063282,0.48812288951023275,0.4647199251729901,0.5120782670173591,14890.25,35,56554,0.6126024194242077,0.4150516957475835,0.8863407055485789,0.9377590995946845,0.4774648886100469,1.3651356038816125,0.2820800058260353,0.1358082834582136,0.5300646471897016,0.635446417619868,0.3863636363636363,0.8647564024474941
minibatch,main,20,majority,0.8640377358755962,0.7725373134328358,1.009719675716274,0.5679811320622019,0.495140162141863,0.6137313432835821,0.43201886793779803,0.3862686567164178,0.5048598378581369,0.5,0.5,0.5,0.0,0.0,0.0,0.0,0.0,0.0,0.5045315879938702,0.4841967815794415,0.534584175433867,0.4319410923607556,0.3863283582089552,0.5043957233426848,14890.25,35,56554,0.7677441154952285,0.5618556700772711,0.9500496248552368,1.5410965849241895,1.1232804045690843,1.891304347826087,0.7705482924620949,0.5616402022845421,0.9456521739130436,0.5,0.5,0.5
minibatch,main,20,markov,0.11907559498141061,0.0515024559375902,0.2964280191742693,0.9404622025092946,0.8517859904128653,0.9742487720312047,0.059537797490705306,0.0257512279687951,0.1482140095871347,0.5,0.5,0.5,0.0,0.0,0.0,0.0,0.0,0.0,0.3967174400254799,0.2569339815385565,0.5002880699852423,0.059475762624220274,0.0258848598670904,0.1478398020720581,14890.25,35,56554,0.6986568102070219,0.2400050786861519,0.9500354035724043,1.4106017321679252,0.4769954379884712,1.891304347826087,0.7053008660839626,0.2384977189942355,0.9456521739130436,0.5,0.5,0.5
minibatch,main,20,markov_a0.5,0.3922934320905572,0.318766252528171,0.5682696768207824,0.8038532839547213,0.7158651615896088,0.8406168737359144,0.1961467160452786,0.1593831262640855,0.2841348384103912,0.5,0.5,0.5,0.0,0.0,0.0,0.0,0.0,0.0,0.43627124777607196,0.3626524044006639,0.5004526181858833,0.19606968108098696,0.1595297601849176,0.2835682254964766,14890.25,35,56554,0.7248603472635224,0.365214878803929,0.950175147155477,1.463901344043301,0.7276938854899742,1.891304347826087,0.7319506720216505,0.3638469427449871,0.9456521739130436,0.5,0.5,0.5
minibatch,main,20,markov_a0.5_soft,0.33316031203756746,0.2713189114010342,0.4739944241496352,0.6717690830738194,0.5971831026645364,0.70507835746594,0.12617739340995307,0.1097764271535998,0.1439310761087144,0.6578661445685821,0.5992561619318925,0.7009160405957559,0.4949166015078088,0.4857163553649198,0.5075564416287668,1.0,1.0,1.0,0.29037446514401377,0.2555219197699392,0.3745743817326866,0.32716851287676424,0.2945514932803286,0.3991322883215826,14890.25,35,56554,0.6904417677267558,0.4295435877867083,0.9278238151052716,1.1787196441012102,0.5950422839355771,1.5828310759028257,0.5208226914486231,0.1623369405505004,0.7274322536363151,0.4694161702851497,0.264367816091954,0.5949074074074074
minibatch,main,20,markov_pooled,0.14196901004561796,0.0629153423865934,0.3015971194415604,0.9290154949771909,0.8492014402792197,0.9685423288067032,0.07098450502280898,0.0314576711932967,0.1507985597207802,0.5,0.5,0.5,0.0,0.0,0.0,0.0,0.0,0.0,0.3973671095812972,0.2580477483614058,0.5008014968707822,0.07092401646836972,0.031591303091592,0.1504305374538867,14890.25,35,56554,0.6990777674926578,0.2413796426807853,0.9500354035724043,1.4114295852424696,0.4796124058422039,1.891304347826087,0.7057147926212348,0.239806202921102,0.9456521739130436,0.5,0.5,0.5
minibatch,main,20,markov_pooled_soft,0.13659703787034602,0.0635291925470875,0.2922600900649404,0.877227141834447,0.8240954666329144,0.944953277232552,0.07601604104327772,0.0312355050789014,0.1315632331752445,0.7503587049787417,0.6079690693505752,0.8842080576676213,0.18247804975400672,0.0589944682004003,0.3727862471163703,0.7611872935217772,0.4691563132042762,0.9895724713242962,0.32777389449899413,0.2483385705024661,0.4195732760122261,0.12257203835654709,0.0551105918149698,0.1759155946900945,14890.25,35,56554,0.6705156878612866,0.2432256246743094,0.9374839725458716,1.3264445264118598,0.4670894133068491,1.849755034544852,0.6563046674774635,0.225093073215674,0.9147789312770358,0.3781775328037516,0.0229885057471264,0.6171672185527691
minibatch,main,20,markov_soft,0.11000979979931037,0.0430141293423387,0.2957048524512048,0.9385432772285052,0.8516873367270347,0.9740718392276936,0.05174484573125197,0.0159673334007799,0.1475924874598483,0.7116154619470679,0.5031939439475518,0.9331271680083776,0.01959462954443905,0.0013804326548989,0.0424402962101944,0.03818598497119422,0.0026066403057279,0.0849843587069864,0.3875155317807089,0.2564717582670262,0.4851166780705462,0.061381227554175674,0.0260391887054956,0.14792807337701,14890.25,35,56554,0.6805562180203915,0.239644725661289,0.9396751525481164,1.3634329524909294,0.4760636191946405,1.8694628051017064,0.6830904367476043,0.2377781624066277,0.9313660845560656,0.3712786358551467,0.0206896551724137,0.502457024223737
minibatch,main,20,markov_w20,0.3489541392571619,0.2314360011557353,0.5005213764337852,0.825522930371419,0.7497393117831074,0.8842819994221324,0.17447706962858095,0.1157180005778676,0.2502606882168926,0.5,0.5,0.5,0.0,0.0,0.0,0.0,0.0,0.0,0.4078316536868415,0.2778060497565754,0.5024503117726469,0.17441092305510325,0.1158314071077723,0.2503128258602711,14890.25,35,56554,0.7018253140623882,0.2652499713988601,0.9556415022063756,1.3973188321824885,0.5289104218976554,1.9130434782608696,0.6986594160912442,0.2644552109488276,0.9565217391304348,0.5,0.5,0.5
minibatch,main,20,markov_w5,0.11031765184604289,0.0441791044776119,0.2952572400539,0.9448411740769785,0.85237137997305,0.977910447761194,0.055158825923021376,0.0220895522388059,0.1476286200269499,0.5,0.5,0.5,0.0,0.0,0.0,0.0,0.0,0.0,0.39652210143294747,0.2566451842681565,0.5000405047101537,0.05510325823466198,0.0220537313432835,0.1472564006273608,14890.25,35,56554,0.698521731876318,0.2395575518227305,0.9500161656340826,1.4051018507647637,0.4760405983661633,1.8695652173913044,0.7025509253823818,0.2380202991830816,0.9347826086956522,0.5,0.5,0.5
minibatch,main,20,model_posterior_oracle,0.3319904701363841,0.1015857827207202,0.501013342250256,0.6310183832014107,0.5001723812140231,0.8460634768264725,0.29166118678582553,0.1206532352390994,0.4409369648380674,0.7794472926984932,0.6191927559563817,0.9296322869377522,0.625116934618382,0.4009242717909139,0.707766072672675,1.0,1.0,1.0,0.0,0.0,0.0,0.3671594015236286,0.1478789976463315,0.4991709023680664,14890.25,35,56554,0.5346899238848295,0.0925444822664159,0.8863588735697487,0.8767572926265124,0.2120921291444284,1.361632321176074,0.25314456636968613,0.0339575746156137,0.5240618771709824,0.6369739010077489,0.3863636363636363,0.9279666885127692
minibatch,main,20,reassign_U,0.10374017987683942,0.0346268656716417,0.2909496564978241,0.9481299100615803,0.8545251717510879,0.9826865671641792,0.051870089938419676,0.0173134328358208,0.1454748282489121,0.5,0.5,0.5,0.0,0.0,0.0,0.0,0.0,0.0,0.39575358447252496,0.2547214190719249,0.4998496409233254,0.05181167932916354,0.0172776119402985,0.1451085731957851,14890.25,35,56554,0.7005788685034582,0.2368674805046688,0.9609049468935134,1.4152191298190777,0.4709481203805212,1.9130434782608696,0.707609564909539,0.2354740601902606,0.9565217391304348,0.5,0.5,0.5
minibatch,main,20,reassign_all,0.10374017987683942,0.0346268656716417,0.2909496564978241,0.9481299100615803,0.8545251717510879,0.9826865671641792,0.051870089938419676,0.0173134328358208,0.1454748282489121,0.5,0.5,0.5,0.0,0.0,0.0,0.0,0.0,0.0,0.39575358447252496,0.2547214190719249,0.4998496409233254,0.05181167932916354,0.0172776119402985,0.1451085731957851,14890.25,35,56554,0.7005788685034582,0.2368674805046688,0.9609049468935134,1.4152191298190777,0.4709481203805212,1.9130434782608696,0.707609564909539,0.2354740601902606,0.9565217391304348,0.5,0.5,0.5
minibatch,main,20,stop,0.1056437418819051,0.0334328358208955,0.2952572400539,0.9471781290590475,0.85237137997305,0.9832835820895522,0.052821870940952524,0.0167164179104477,0.1476286200269499,0.5,0.5,0.5,0.0,0.0,0.0,0.0,0.0,0.0,0.39641504790910553,0.2566096202637966,0.5003515765239522,0.0527559990958271,0.0166567164179104,0.1472564006273608,14890.25,35,56554,0.7012262448249446,0.2394953253520833,0.9608856982695224,1.3967717524210783,0.4760405983661633,1.891304347826087,0.6983858762105393,0.2380202991830816,0.9456521739130436,0.5,0.5,0.5
minibatch,main,20,true_posterior_oracle,0.8502995169572837,0.3216660935544317,1.7120521651490206,0.5540028310873333,0.1211348496365558,0.8379297934932656,0.41389628494251113,0.1569232172279287,0.8464199005886914,0.6347159738539201,0.4153378742801468,0.7571911449856622,0.08134077203465492,0.0039045640975412,0.2220520794797344,0.6411764435507894,0.2782089552238806,0.993339813117144,0.5136937721852421,0.1955688122524448,0.8379658680422364,0.4457696947419736,0.1620343696626784,0.8788240798847174,14890.25,35,56554,0.0,0.0,0.0,0.16167666349640042,0.0358892222148834,0.3482440748747569,0.0318560889612548,0.003102512325064,0.0833445177855586,0.9137780487416003,0.8636363636363636,0.956043956043956
minibatch,main,30,fcm_soft,0.8747037120971359,0.775188669781953,0.949723285550524,0.07694751661777918,0.0312478050757322,0.1397107121379122,0.8817966950391669,0.8384789011529734,0.924043089976357,0.6728887837712404,0.5711259754738016,0.7560289227301769,4.054059106914238,3.523792973546632,4.520798685686188,1.0,1.0,1.0,0.8351074703798742,0.7201131610481767,0.9266504511477276,0.9227764952855949,0.8600929956047267,0.9680246600952156,9250.75,11,35428,0.9482229949349956,0.9344649117123665,0.9603677977684194,0.9573147907447913,0.9498146323223042,0.9628559205351644,0.2955101738399628,0.0103445936258831,0.7613208855425707,0.835207570879211,0.678073347107438,0.9743589743589745
minibatch,main,30,frequency_soft,0.6026205433982953,0.5786565966996223,0.6600144566053656,0.5184699275219318,0.4871570434070434,0.5297287746267337,0.19266653963004263,0.1718052939426985,0.2148716898716898,0.5345124527825719,0.5060015456697098,0.5533660711572934,0.538814079346781,0.5289834228328133,0.5464778613982513,1.0,1.0,1.0,0.3053534988075896,0.2310778187156859,0.4446379444945909,0.4803148238593396,0.4701316370704125,0.5084976453726453,9250.75,11,35428,0.7137345888496618,0.5022568008251177,0.9342674185068482,1.1800872090982624,0.7289532395817101,1.6012900624874016,0.5120613413140203,0.24884272326973,0.7538802660753879,0.5314610727527356,0.4869152738358036,0.5833333333333333
minibatch,main,30,full_convergence,0.0,0.0,0.0,1.0,1.0,1.0,0.0,0.0,0.0,,,,0.0,0.0,0.0,0.0,0.0,0.0,0.384750266873574,0.1723699341280054,0.5003342310809666,0.0025003823929475003,0.0001962922573609,0.0090172672672672,9250.75,11,35428,0.6874601737682736,0.1685276904014171,0.9387873195003654,1.3144378615233108,0.3386586880433555,1.902439024390244,0.6572189307616554,0.1693293440216777,0.951219512195122,0.5,0.5,0.5
minibatch,main,30,gmm_plugin_soft,0.4771167318533507,0.4363431288920738,0.5226619966097302,0.5006682521986148,0.4894355931193815,0.512914505812723,0.22785747637017945,0.163684548960082,0.3560097618403809,0.6719855777745063,0.6096242279121656,0.7974983933049609,0.8124943749960863,0.6935746999436115,0.9863381680169926,1.0,1.0,1.0,0.12115188626960292,0.0103407605875942,0.3435868261951368,0.4977122700094373,0.4866543079941574,0.5103681146232574,9250.75,11,35428,0.6270247384606267,0.4202078022845264,0.8793122272530958,0.9257328841361614,0.4747482303928127,1.368294423807835,0.28858024891444833,0.1469557963150934,0.5350124138670459,0.7637505739782927,0.625,0.8383313002557633
minibatch,main,30,majority,0.9211815339428621,0.8767720828789531,0.9772522522522522,0.539409233028569,0.5113738738738739,0.5616139585605234,0.460590766971431,0.4383860414394765,0.4886261261261261,0.5,0.5,0.5,0.0,0.0,0.0,0.0,0.0,0.0,0.5077837986700653,0.4994586388625232,0.5169651732232617,0.46059341196517667,0.4383642311886587,0.4883314564564565,9250.75,11,35428,0.7729017601420373,0.5232450500093939,0.9608944254957488,1.5549413355412973,1.0458394490233711,1.951219512195122,0.7774706677706487,0.5229197245116857,0.975609756097561,0.5,0.5,0.5
minibatch,main,30,markov,0.1109926193838318,0.0383605600933488,0.2187687687687687,0.9445036903080841,0.8906156156156156,0.9808197199533256,0.05549630969191588,0.0191802800466744,0.1093843843843843,0.5,0.5,0.5,0.0,0.0,0.0,0.0,0.0,0.0,0.4034992774605176,0.2420682605421725,0.5002902621420905,0.055340467534158826,0.0191554842473745,0.1086858108108108,9250.75,11,35428,0.7145290921652603,0.2065774999299004,0.9608752943038228,1.4370679291574844,0.4141357118663204,1.951219512195122,0.7185339645787422,0.2070678559331602,0.975609756097561,0.5,0.5,0.5
minibatch,main,30,markov_a0.5,0.4248910810923202,0.3633313885647607,0.5058558558558559,0.7875544594538398,0.747072072072072,0.8183343057176196,0.2124455405461601,0.1816656942823804,0.2529279279279279,0.5,0.5,0.5,0.0,0.0,0.0,0.0,0.0,0.0,0.44161205574744794,0.3451326310749963,0.5000991388053427,0.21234892065366595,0.1816350641773629,0.2523412162162162,9250.75,11,35428,0.7371640404691839,0.3253412967741274,0.9608820251566124,1.4852581828350346,0.6541718414813142,1.951219512195122,0.7426290914175173,0.3270859207406571,0.975609756097561,0.5,0.5,0.5
minibatch,main,30,markov_a0.5_soft,0.344020329160388,0.3107605090815199,0.423332831220731,0.6617875517148231,0.6220415582857561,0.6794517532272702,0.12717858212445324,0.1011594739784939,0.1386351541071801,0.6551021408194041,0.6131117017566077,0.6838027618696764,0.505576451233819,0.502504306483012,0.5073403762679584,1.0,1.0,1.0,0.27873385947995605,0.2525122024379315,0.3415769738046124,0.33707128679472614,0.3203974804591133,0.3739935268209884,9250.75,11,35428,0.6860949456609009,0.3868812981139846,0.9264416718001832,1.151091463639489,0.5346911054279686,1.607421946144473,0.5073203126155081,0.1292099391830947,0.7624408769136173,0.5027833403089761,0.3625,0.5892475646620108
minibatch,main,30,markov_pooled,0.13588969621282765,0.0542590431738623,0.2264639639639639,0.9320551518935861,0.886768018018018,0.9728704784130688,0.0679448481064138,0.0271295215869311,0.113231981981982,0.5,0.5,0.5,0.0,0.0,0.0,0.0,0.0,0.0,0.40412996793847544,0.2439450622179186,0.500767778695159,0.06778900594865675,0.0271047257876312,0.1125334084084084,9250.75,11,35428,0.7151710390092451,0.209143537541832,0.9608752943038228,1.4384227897197515,0.4195551541153889,1.951219512195122,0.7192113948598757,0.2097775770576945,0.975609756097561,0.5,0.5,0.5
minibatch,main,30,markov_pooled_soft,0.127886502946606,0.0571403862638861,0.2195970364946399,0.8689570184534523,0.8022173962063014,0.9412665757830874,0.07533829392416312,0.0313104304421784,0.102964874945685,0.7650478782678324,0.5729306274798197,0.9000928315899108,0.21838089739525723,0.0513282348726704,0.4076348909950717,0.8194527035970218,0.4640460910151692,0.9970845481049564,0.3160044899964858,0.2326763301682317,0.3771439347791667,0.13067181023129287,0.0587077463382622,0.1975299312961281,9250.75,11,35428,0.6653471694154302,0.2099074008563649,0.926733994804064,1.2766508376658017,0.4106296459357019,1.8205220517273455,0.6296116806639582,0.2004967629271448,0.9176105786046774,0.4392731770454076,0.15,0.6111111111111112
minibatch,main,30,markov_soft,0.09296838138256405,0.0364542860539652,0.2184231334477332,0.9455901606489137,0.8905342733878007,0.98061967294799,0.04397543956525618,0.0177857530108028,0.109033090487161,0.7459219146377939,0.5021329639255243,0.97115785089546,0.024039347982386952,0.0007730196005878,0.0505763982513735,0.04683178646741218,0.0015202702702702,0.0991253644314868,0.39235527938605963,0.2417812016034745,0.4808216925113799,0.054142107281561325,0.0193555312527101,0.108755474693614,9250.75,11,35428,0.6722941632362491,0.2063542523430382,0.9339871123785044,1.304253144362326,0.4137376173718519,1.8652883722704063,0.6326584857833745,0.2067701141300107,0.9405914928714504,0.40321945236133333,0.0625,0.5555555555555556
minibatch,main,30,markov_w20,0.1259280414399841,0.0420070011668611,0.2241366366366366,0.9370359792800079,0.8879316816816817,0.9789964994165694,0.06296402071999202,0.0210035005834305,0.1120683183183183,0.5,0.5,0.5,0.0,0.0,0.0,0.0,0.0,0.0,0.40395811829443606,0.2434681598067743,0.4999999872650202,0.06280142180547822,0.0209787047841306,0.1113427177177177,9250.75,11,35428,0.7150615602070127,0.2086554464021097,0.9608852752870612,1.4377698883009806,0.4182567460765496,1.951219512195122,0.7188849441504903,0.2091283730382748,0.975609756097561,0.5,0.5,0.5
minibatch,main,30,markov_w5,0.09254121998639925,0.036318553092182,0.2183558558558558,0.9537293900068002,0.8908220720720721,0.9818407234539088,0.04627060999319965,0.018159276546091,0.1091779279279279,0.5,0.5,0.5,0.0,0.0,0.0,0.0,0.0,0.0,0.40374310165392535,0.2420574489629915,0.5009246496538479,0.046103862710033625,0.0181344807467911,0.1084793543543543,9250.75,11,35428,0.6968702765828516,0.2065636777463413,0.9387873195003654,1.3790758492118014,0.4140792593428926,1.902439024390244,0.6895379246059007,0.2070396296714463,0.951219512195122,0.5,0.5,0.5
minibatch,main,30,model_posterior_oracle,0.3472483737144821,0.1128860202182829,0.5021064580118544,0.615249733126426,0.4996657689190334,0.8276300658719945,0.2880396932189153,0.1364123051747151,0.435958915195956,0.7821437616772788,0.6685818534162995,0.9212570348580308,0.6515623445495686,0.4502745581721574,0.7632136457049439,1.0,1.0,1.0,0.0,0.0,0.0,0.3829839570455548,0.1662383227201825,0.5001379388236057,9250.75,11,35428,0.549614422690265,0.100840702343289,0.8792925345263155,0.8659948828033317,0.2270367080342684,1.365727698404862,0.2528204262520904,0.0337766909652891,0.5308380353324148,0.7681577533645655,0.625,0.9221883819979576
minibatch,main,30,reassign_U,0.08233928923476948,0.0344224037339556,0.2163288288288288,0.9588303553826153,0.8918355855855856,0.9827887981330222,0.0411696446173847,0.0172112018669777,0.1081644144144143,0.5,0.5,0.5,0.0,0.0,0.0,0.0,0.0,0.0,0.40287839127376496,0.2411609411125405,0.4997955333873404,0.04089361831775985,0.0171864060676779,0.1074515765765765,9250.75,11,35428,0.6968163380081216,0.2054232489617378,0.9387916651974976,1.3336992642102432,0.4117647058823529,1.902439024390244,0.6668496321051216,0.2058823529411765,0.951219512195122,0.5,0.5,0.5
minibatch,main,30,reassign_all,0.08233928923476948,0.0344224037339556,0.2163288288288288,0.9588303553826153,0.8918355855855856,0.9827887981330222,0.0411696446173847,0.0172112018669777,0.1081644144144143,0.5,0.5,0.5,0.0,0.0,0.0,0.0,0.0,0.0,0.40287839127376496,0.2411609411125405,0.4997955333873404,0.04089361831775985,0.0171864060676779,0.1074515765765765,9250.75,11,35428,0.6968163380081216,0.2054232489617378,0.9387916651974976,1.3336992642102432,0.4117647058823529,1.902439024390244,0.6668496321051216,0.2058823529411765,0.951219512195122,0.5,0.5,0.5
minibatch,main,30,stop,0.08546202573284087,0.0350058343057176,0.2182807807807807,0.9572689871335796,0.8908596096096096,0.9824970828471412,0.0427310128664204,0.0175029171528587,0.1091403903903903,0.5,0.5,0.5,0.0,0.0,0.0,0.0,0.0,0.0,0.40363275725935366,0.2420630857064492,0.5008632871031601,0.042447647507452675,0.0174781213535589,0.1084418168168168,9250.75,11,35428,0.697423758107224,0.2065642478009115,0.9387873195003654,1.3790335098192306,0.4139099017726092,1.902439024390244,0.6895167549096153,0.2069549508863046,0.951219512195122,0.5,0.5,0.5
minibatch,main,30,true_posterior_oracle,0.8668230630012133,0.3766682494821394,1.6968471262994809,0.5449378633206554,0.1290457678808692,0.8062634628154405,0.4205130243181675,0.1468085817898144,0.8389639944336985,0.618300530657926,0.4196408330436623,0.7810501116343305,0.08520322170425243,0.0042004825441931,0.2418778366041332,0.6458202765058194,0.2944383860414394,0.9933933933933934,0.5120054661516639,0.1984592206965373,0.8247977715104482,0.4547749470682445,0.1935838362971109,0.8709282566267131,9250.75,11,35428,0.0,0.0,0.0,0.1294874407588983,0.0335898074437097,0.2219148426310624,0.05377080053078987,0.0029478076540984,0.1528911621854347,0.9045067734583562,0.8966832801106237,0.9168370402644448
minibatch,main,40,fcm_soft,0.873493927883618,0.769640776159635,0.950823396796206,0.07779961434357954,0.0306849408444034,0.1434796790058924,0.8847671676057337,0.8354992075947321,0.9285590765220364,0.6645361128291448,0.4057843996494303,0.7619402985074627,4.050161851161208,3.5071451224633736,4.521633920095121,1.0,1.0,1.0,0.8308097596253846,0.7124748385099392,0.918230844795986,0.9218056212650017,0.8558119690332398,0.9685314540650486,5411.5,12,20650,0.9464833187829116,0.9344804244630286,0.956704252295968,0.9561171530595766,0.9519468527944062,0.9635843284626686,0.2790242418188837,0.014556274808774,0.7358660487457702,0.8222032051387375,0.6558551517519864,0.96875
minibatch,main,40,frequency_soft,0.6076147229512661,0.58216611973301,0.6584107837363201,0.515522512918288,0.4888161269794992,0.5267097652262674,0.19203415816939987,0.1805896805896806,0.2165401898973701,0.5171976593294608,0.4969183710737765,0.5413929567375236,0.5395008039010017,0.5297067213191516,0.5436624867799134,1.0,1.0,1.0,0.2975314827198422,0.2305496697852966,0.4269789103845807,0.482992723207835,0.4731617639477456,0.5067839952455575,5411.5,12,20650,0.7118733169654129,0.4966434085374291,0.8945169118391297,1.110654013146891,0.7481239869529546,1.5048508803449518,0.4798001507755629,0.2600836451683909,0.6798418972332017,0.5037450268837278,0.2045454545454545,0.8125
minibatch,main,40,full_convergence,0.0,0.0,0.0,1.0,1.0,1.0,0.0,0.0,0.0,,,,0.0,0.0,0.0,0.0,0.0,0.0,0.40239919657134243,0.211674836174285,0.5002934945382418,0.0028243457620220703,2.9325513196480955e-05,0.0096031329982423,5411.5,12,20650,0.7095654984079407,0.2099461279614917,0.9150993151101549,1.3602695637640736,0.4194673123486683,1.9130434782608696,0.6801347818820369,0.2097336561743341,0.9565217391304348,0.5,0.5,0.5
minibatch,main,40,gmm_plugin_soft,0.4913769113923199,0.4497969764440523,0.5190660653327419,0.49022885532668214,0.4662756158194127,0.504589748231311,0.22433733361876246,0.1717194672534643,0.3373993920595351,0.6527592499536112,0.588175416204545,0.7342522471685369,0.8235118344581043,0.6937443875174081,1.0258943628636912,1.0,1.0,1.0,0.1137046168740047,0.0086514268710487,0.3401029460803936,0.5078864739486708,0.4951538432757493,0.5278528166695164,5411.5,12,20650,0.6406214258842917,0.4422910826989278,0.8681610827288112,0.9525149407640856,0.5348390258897191,1.3455092762593903,0.3202115306031098,0.1416624104395721,0.5522372144361615,0.7381845104085298,0.34375,1.0
minibatch,main,40,majority,0.9203887448153,0.8888888888888888,0.977581794073206,0.53980562759235,0.5112091029633969,0.5555555555555556,0.46019437240764993,0.4444444444444444,0.488790897036603,0.5,0.5,0.5,0.0,0.0,0.0,0.0,0.0,0.0,0.51256772037844,0.5006961622739022,0.525143646810363,0.46011981581213623,0.4443243243243243,0.4886515156187363,5411.5,12,20650,0.7696585263945546,0.530949951630127,0.9153241785571852,1.4794092563260488,1.0646004842615011,1.9130434782608696,0.7397046281630244,0.5323002421307506,0.9565217391304348,0.5,0.5,0.5
minibatch,main,40,markov,0.0904000256447312,0.0276738119541794,0.200622899256838,0.9547999871776345,0.899688550371581,0.9861630940229102,0.04520001282236552,0.0138369059770897,0.1003114496284189,0.5,0.5,0.5,0.0,0.0,0.0,0.0,0.0,0.0,0.41873191513414065,0.2735306176262626,0.5003750930602383,0.045051299457475526,0.0137756606555517,0.0998686360973203,5411.5,12,20650,0.7156219675802113,0.233530154564724,0.9150993151101549,1.4131108543218143,0.4662469733656174,1.9130434782608696,0.7065554271609071,0.2331234866828087,0.9565217391304348,0.5,0.5,0.5
minibatch,main,40,markov_a0.5,0.4108065277365255,0.3477373256209595,0.4978260199204415,0.7945967361317372,0.7510869900397792,0.8261313371895203,0.20540326386826274,0.1738686628104797,0.2489130099602208,0.5,0.5,0.5,0.0,0.0,0.0,0.0,0.0,0.0,0.45407270788326415,0.3684744387489837,0.5020871978560071,0.20530241261246374,0.173825564250879,0.2486434981035493,5411.5,12,20650,0.7367499067137266,0.3461356013289211,0.915100123880272,1.4130745767020696,0.6910411622276029,1.9130434782608696,0.7065372883510348,0.3455205811138014,0.9565217391304348,0.5,0.5,0.5
minibatch,main,40,markov_a0.5_soft,0.34238036657112164,0.303950506234776,0.4155432386704895,0.6613253221736736,0.6256655227530314,0.6814126816143455,0.13749199357330144,0.1037521168430093,0.1556954257252294,0.6367537276654601,0.6157729363071327,0.6537836769057839,0.5084620921704703,0.5060185887247708,0.5117747350248774,1.0,1.0,1.0,0.27530325879473766,0.2532415941500002,0.3310395310052468,0.33737953667230913,0.3184441290922438,0.3702573583684374,5411.5,12,20650,0.6916308093727414,0.38605914383458,0.8811224887091424,1.1182904920881427,0.5635338840937506,1.5228646700205304,0.4831937029181818,0.1474423381077041,0.7088567229871577,0.5527100867570598,0.4530065197363758,0.6590909090909091
minibatch,main,40,markov_pooled,0.12812535202212316,0.0435522286492004,0.205556754756545,0.9359373239889384,0.8972216226217274,0.9782238856753998,0.06406267601106158,0.0217761143246002,0.1027783773782725,0.5,0.5,0.5,0.0,0.0,0.0,0.0,0.0,0.0,0.4192674984330317,0.273959427411494,0.5009820250716742,0.06414757301808395,0.0217148690030622,0.1023090443738628,5411.5,12,20650,0.7157414738185335,0.2340000096723851,0.9150993151101549,1.413873276435583,0.4672154963680387,1.9130434782608696,0.7069366382177915,0.2336077481840194,0.9565217391304348,0.5,0.5,0.5
minibatch,main,40,markov_pooled_soft,0.12040133837058145,0.0471647596419902,0.2034121197608441,0.8708231221519096,0.8035826021658443,0.943358415227105,0.07371855470570157,0.0285384507235742,0.0967740014660258,0.7903635804615087,0.5920274286158338,0.9375,0.2240391523867255,0.0617334155793982,0.4022464888116031,0.7560052822660006,0.4753317454916638,0.990990990990991,0.32888079144640897,0.2626064063942755,0.3716808394352416,0.128857477270818,0.0565800031157764,0.1963880723209592,5411.5,12,20650,0.6895919781581505,0.2384433418174875,0.8811761909201974,1.3051201714188796,0.4630700611777509,1.7155983422104943,0.6462649816372559,0.2230623947405626,0.8758215980447341,0.5445832874667481,0.424449654813078,0.6590909090909091
minibatch,main,40,markov_soft,0.07809753915933998,0.0258623317811107,0.2002549708656569,0.9535670486392268,0.8995081959750477,0.9857707713806008,0.0362382811963747,0.0123029484712348,0.0998905013491631,0.7607149478038394,0.5025598589005732,0.984096640364435,0.022635386254525647,0.0011050583429951,0.0500489940427901,0.04501751490564837,0.0021585617811218,0.0982404692082111,0.40843757130151226,0.2730434479673845,0.4844998150792483,0.04623785706763028,0.0141679832978611,0.0999821778672952,5411.5,12,20650,0.6956600183641628,0.2331235776961132,0.885687550374867,1.349636001277675,0.4657961023516867,1.7841341958778394,0.6683715483318893,0.2327274964981845,0.911764705882353,0.5065110394845322,0.4259259259259259,0.6136363636363636
minibatch,main,40,markov_w20,0.10760791727318622,0.0315299988658273,0.2035215393629159,0.9461960413634068,0.898239230318542,0.9842350005670863,0.05380395863659307,0.0157649994329136,0.1017607696814579,0.5,0.5,0.5,0.0,0.0,0.0,0.0,0.0,0.0,0.4187896592424042,0.2739793897865855,0.5004436773263794,0.05365570782065613,0.0157037541113757,0.1013198063461716,5411.5,12,20650,0.7159875014753481,0.234247675655059,0.9150993151101549,1.4139943418108856,0.4676997578692494,1.9130434782608696,0.7069971709054428,0.2338498789346247,0.9565217391304348,0.5,0.5,0.5
minibatch,main,40,markov_w5,0.07724850040222138,0.0254054667120335,0.2005612260630916,0.9613757497988893,0.8997193869684542,0.9872972666439832,0.0386242502011106,0.0127027333560167,0.1002806130315457,0.5,0.5,0.5,0.0,0.0,0.0,0.0,0.0,0.0,0.4184562807255202,0.2735304454533966,0.5003708232135268,0.03870375080368028,0.0126414880344788,0.0997896944093249,5411.5,12,20650,0.7156263639919106,0.2335211120608329,0.9150993151101549,1.4136553587600382,0.4663438256658596,1.9130434782608696,0.7068276793800191,0.2331719128329298,0.9565217391304348,0.5,0.5,0.5
minibatch,main,40,model_posterior_oracle,0.3628615932519613,0.1395776950613404,0.5018326605415369,0.5976008034286575,0.4997065054617582,0.7883251638257149,0.2815575843028706,0.1665540471539001,0.4181579132113236,0.7808104725334821,0.6857880819137815,0.9075133229821472,0.6852072696214608,0.5470449421050335,0.7993994741367985,1.0,1.0,1.0,0.0,0.0,0.0,0.40033419797772785,0.2050870893760395,0.4989121131568604,5411.5,12,20650,0.5651505185991497,0.1312119036820288,0.8680291607949467,0.8911599708513827,0.281306828625685,1.3433378125848252,0.28808773971380525,0.0410684932634772,0.5487664014931523,0.7525678117449837,0.34375,1.0
minibatch,main,40,reassign_U,0.07472394750429233,0.0231371214698877,0.1985260106694625,0.9626380262478539,0.9007369946652688,0.9884314392650562,0.03736197375214612,0.0115685607349438,0.0992630053347313,0.5,0.5,0.5,0.0,0.0,0.0,0.0,0.0,0.0,0.41821163911487236,0.2728764696753905,0.5004545703291463,0.0374442601406415,0.0115209254848587,0.0987696197847605,5411.5,12,20650,0.7154450903603191,0.2327722213710261,0.9150993151101549,1.3715044305921609,0.4644067796610169,1.9130434782608696,0.6857522152960804,0.2322033898305084,0.9565217391304348,0.5,0.5,0.5
minibatch,main,40,reassign_all,0.07472394750429233,0.0231371214698877,0.1985260106694625,0.9626380262478539,0.9007369946652688,0.9884314392650562,0.03736197375214612,0.0115685607349438,0.0992630053347313,0.5,0.5,0.5,0.0,0.0,0.0,0.0,0.0,0.0,0.41821163911487236,0.2728764696753905,0.5004545703291463,0.0374442601406415,0.0115209254848587,0.0987696197847605,5411.5,12,20650,0.7154450903603191,0.2327722213710261,0.9150993151101549,1.3715044305921609,0.4644067796610169,1.9130434782608696,0.6857522152960804,0.2322033898305084,0.9565217391304348,0.5,0.5,0.5
minibatch,main,40,stop,0.07241032797860142,0.024044459566746,0.2003762064818526,0.9637948360106993,0.8998118967590737,0.9879777702166268,0.036205163989300695,0.012022229783373,0.1001881032409263,0.5,0.5,0.5,0.0,0.0,0.0,0.0,0.0,0.0,0.41834627085984843,0.2735181109046498,0.5003471716555035,0.03628806710973352,0.0119745945332879,0.0996971846187054,5411.5,12,20650,0.7154333082961308,0.2334963796652416,0.9150993151101549,1.4131592804719353,0.4664406779661016,1.9130434782608696,0.7065796402359676,0.2332203389830508,0.9565217391304348,0.5,0.5,0.5
minibatch,main,40,true_posterior_oracle,0.858993780459151,0.4011817271576465,1.667936765761843,0.546085527034543,0.1432991708304744,0.7977862674909723,0.41566318694261395,0.168286073616686,0.8237983896211417,0.621869067403218,0.4617228800331157,0.7979728528667392,0.09618145059075514,0.0053594935783303,0.2820264424863981,0.6396952515705281,0.2567567567567567,0.9920749946035956,0.515529529088665,0.228281782248134,0.8105901608722471,0.4540172335983855,0.2034148935994175,0.8566755276935822,5411.5,12,20650,0.0,0.0,0.0,0.13217787697494174,0.0702480171074466,0.1647890910881463,0.008959841127534651,0.0047921134721442,0.0119235684807099,0.942223303651643,0.8950859376851082,1.0
minibatch,main,50,fcm_soft,0.8737753149437025,0.7756560350427979,0.9514083147426958,0.07756524487975441,0.0303883713239968,0.1395847153482571,0.8905308742199681,0.8520645395773858,0.9281626124675588,0.593724807489657,0.2510526315789473,0.7748519456173436,4.051290868956139,3.52359632359331,4.522371103722508,1.0,1.0,1.0,0.8298411120030202,0.7200155301216696,0.91219835634789,0.9220683761292864,0.859997748117296,0.9687586997463142,3459.25,5,13117,0.9414618929273808,0.9328036321975016,0.9661986191280608,0.9548277291902934,0.948109951076302,0.9639559643357396,0.3429490158075298,0.0545737097467372,0.6951720325312786,0.7253412814870576,0.6666666666666667,0.7577875399361023
minibatch,main,50,frequency_soft,0.6057487536502599,0.577929022848809,0.666073588193092,0.5158439841210849,0.4849933381162242,0.5336898395721925,0.1939607349786954,0.1682709447415329,0.229726350312596,0.5201639231192103,0.4814347654710288,0.5424194677871148,0.5408247156458664,0.531911857746131,0.5453377795777651,1.0,1.0,1.0,0.29096124556422714,0.2252531757789923,0.4111458214095377,0.48266034994529367,0.466270944741533,0.5097870247002152,3459.25,5,13117,0.7056559494197179,0.5032272654644019,0.9852678180028546,1.071607956129671,0.6809917355371901,1.5799708313077296,0.4719151415429702,0.2893261347176113,0.6737967914438503,0.540566496454341,0.5067848817848818,0.5833333333333333
minibatch,main,50,full_convergence,0.0,0.0,0.0,1.0,1.0,1.0,0.0,0.0,0.0,,,,0.0,0.0,0.0,0.0,0.0,0.0,0.41772989342699607,0.2520774510241937,0.502992028228444,0.0027518312514749274,3.921568627450983e-05,0.0100058624577226,3459.25,5,13117,0.7021591852294097,0.2594325032965297,0.9959630059951934,1.2783620219435703,0.5168864831897537,2.0,0.6391810109717851,0.2584432415948768,1.0,0.5,0.5,0.5
minibatch,main,50,gmm_plugin_soft,0.5029290466038296,0.45680314015446,0.5321943128174167,0.4835250278621538,0.4433814174060501,0.5013604954522604,0.220551546052407,0.1420283115746121,0.3452547291610955,0.6515545983971792,0.5753825008816842,0.6948621553884711,0.825462427457155,0.6940044355908592,1.0425451836568924,1.0,1.0,1.0,0.10459078563559132,0.0074368290148437,0.3219559290103087,0.5146453331515429,0.4981468054037367,0.550249478013461,3459.25,5,13117,0.6127139982587093,0.3724213159738116,0.9566207752732528,0.9216383884579595,0.5926808068473836,1.4252364723290725,0.2534064495521665,0.1123896780305968,0.5775641823255868,0.7223919639342007,0.3333333333333333,1.0
minibatch,main,50,majority,0.9268406834090172,0.8431372549019608,1.004825253664036,0.5365796582954914,0.4975873731679819,0.5784313725490197,0.4634203417045085,0.4215686274509803,0.502412626832018,0.5,0.5,0.5,0.0,0.0,0.0,0.0,0.0,0.0,0.5164956141069098,0.4979676420260158,0.5420726954230054,0.46316883373678003,0.4216078431372548,0.501510710259301,3459.25,5,13117,0.7614998054080389,0.5631307915942934,0.9964262660542405,1.3912089191545434,0.8,2.0,0.6956044595772717,0.4,1.0,0.5,0.5,0.5
minibatch,main,50,markov,0.08014684943219792,0.0292821158690176,0.1889515219842164,0.959926575283901,0.9055242390078918,0.9853589420654912,0.04007342471609895,0.0146410579345087,0.0944757609921082,0.5,0.5,0.5,0.0,0.0,0.0,0.0,0.0,0.0,0.43197988618974875,0.3089792892759315,0.5005264192434059,0.03988881121334033,0.0146945843828715,0.0937280721533258,3459.25,5,13117,0.7055451507071915,0.2743616028165285,0.9959800799556564,1.2853456209520968,0.5476862087367538,2.0,0.6426728104760484,0.2738431043683769,1.0,0.5,0.5,0.5
minibatch,main,50,markov_a0.5,0.4038435982831994,0.3532745591939547,0.4941600901916573,0.7980782008584003,0.7529199549041714,0.8233627204030227,0.20192179914159966,0.1766372795969772,0.2470800450958286,0.5,0.5,0.5,0.0,0.0,0.0,0.0,0.0,0.0,0.4630195450252113,0.393601799918478,0.5008313574278515,0.2016789700975349,0.176580604534005,0.2462096956031567,3459.25,5,13117,0.7262598245550697,0.376573693580968,0.9960353620193988,1.3272264082154155,0.7524586414576504,2.0,0.6636132041077077,0.3762293207288252,1.0,0.5,0.5,0.5
minibatch,main,50,markov_a0.5_soft,0.33820238900798216,0.3083081999541168,0.4151798204257773,0.6630982719802094,0.6245679860574986,0.677331167340758,0.13243607093507545,0.1091676060630051,0.1465191326860124,0.6407872261587739,0.6009389749105353,0.6694390243902438,0.5090493169909848,0.5023326111757177,0.513880562326978,1.0,1.0,1.0,0.2742833765255962,0.2531169140185805,0.3230502954614044,0.3354785954912798,0.3224782248593903,0.3704626572853741,3459.25,5,13117,0.6858410789217695,0.3973423803127157,0.9812571228156888,1.0639421222191916,0.6127519269837025,1.6067941908168226,0.4794523883363753,0.1656998082477525,0.7332696715049657,0.546867540360756,0.482256981095864,0.5833333333333333
minibatch,main,50,markov_pooled,0.10903292616989965,0.0396725440806045,0.194543404735062,0.9454835369150502,0.902728297632469,0.9801637279596978,0.0545164630849498,0.0198362720403022,0.097271702367531,0.5,0.5,0.5,0.0,0.0,0.0,0.0,0.0,0.0,0.4324801885592156,0.3093787877115172,0.5009188910109328,0.05433387889447978,0.0198897984886649,0.096532130777903,3459.25,5,13117,0.7056481027685266,0.2747645700626724,0.9959800799556564,1.2853456209520968,0.5476862087367538,2.0,0.6426728104760484,0.2738431043683769,1.0,0.5,0.5,0.5
minibatch,main,50,markov_pooled_soft,0.11462466878512773,0.0490933251734333,0.1932021520050432,0.8707405427696543,0.8154532560125448,0.9396888381052212,0.0824811308087835,0.0328154916571913,0.1175804425748612,0.7487266002149027,0.5421774783779438,0.9241037376048818,0.23405383466672244,0.074537339671759,0.3956587037646277,0.7490878851395413,0.4363979848866499,0.9958246346555324,0.33983181351913666,0.2959814123050027,0.3797730812842924,0.1288032963263992,0.0602034598081183,0.1845075283011807,3459.25,5,13117,0.6826753911980685,0.2810978502161679,0.9776143821080904,1.179529980217488,0.5434588861384889,1.746080026451472,0.5949581925771573,0.2570591915811545,0.8709384638224552,0.5520468311624835,0.4129614838480653,0.6666666666666667
minibatch,main,50,markov_soft,0.0736733003409447,0.0260115284675667,0.1886101552127543,0.9564678907665447,0.905235337777151,0.9853050554506324,0.03603307376941645,0.0123173798181206,0.0941065442357306,0.757772735806818,0.5033252194087612,0.974933718968426,0.020551873153075474,0.0013765780700295,0.0424216504582264,0.04139198512625275,0.0025704622322435,0.0835073068893528,0.4226352072408216,0.3083588081436143,0.4806171075995637,0.04321892976437295,0.0147043903931961,0.0939592507234128,3459.25,5,13117,0.6891576980444277,0.2740511873808871,0.984198300112768,1.2518164833237024,0.5472174193109766,1.9315032679738564,0.6346622549318834,0.2734340731481844,0.9686274509803922,0.5222727834290689,0.4823393681221158,0.5833333333333333
minibatch,main,50,markov_w20,0.10097324189687276,0.0333753148614609,0.1911161217587373,0.9495133790515636,0.9044419391206312,0.9833123425692696,0.050486620948436374,0.0166876574307305,0.0955580608793686,0.5,0.5,0.5,0.0,0.0,0.0,0.0,0.0,0.0,0.432068742448303,0.3090836695727445,0.5006320018607024,0.05029321780579123,0.016734886649874,0.0947815107102593,3459.25,5,13117,0.7055906194359921,0.2746154217606518,0.9959800799556564,1.2853456209520968,0.5476862087367538,2.0,0.6426728104760484,0.2738431043683769,1.0,0.5,0.5,0.5
minibatch,main,50,markov_w5,0.07295028865491042,0.0258186397984886,0.1886809470124013,0.9635248556725448,0.9056595264937992,0.9870906801007556,0.0364751443274552,0.0129093198992443,0.0943404735062006,0.5,0.5,0.5,0.0,0.0,0.0,0.0,0.0,0.0,0.43216590616163064,0.3089535764980624,0.5011889806653651,0.03641083124388065,0.012962846347607,0.0935729425028185,3459.25,5,13117,0.7055363118146847,0.2743344802077674,0.9959630059951934,1.2853456209520968,0.5476862087367538,2.0,0.6426728104760484,0.2738431043683769,1.0,0.5,0.5,0.5
minibatch,main,50,model_posterior_oracle,0.37782924011827207,0.1693879657598602,0.5066272739482719,0.5822701065730039,0.497007971771556,0.7479225489758062,0.2792972582931487,0.1961205519184228,0.4134098753909568,0.782478009581795,0.6795364323216802,0.8897433468190227,0.7095834054253868,0.6346724877018128,0.8141761112491589,1.0,1.0,1.0,0.0,0.0,0.0,0.41576799502992856,0.245197497912835,0.5025744916939973,3459.25,5,13117,0.5440872696771474,0.171588411080277,0.9566227233863382,0.8624163283460885,0.351644470279025,1.4234087547227288,0.24416188625877788,0.0527955100534473,0.5745546676616932,0.7562962922863937,0.3333333333333333,1.0
minibatch,main,50,reassign_U,0.06368439855600742,0.0167014613778705,0.1882299887260428,0.9681578007219962,0.9058850056369786,0.9916492693110648,0.0318421992780037,0.0083507306889353,0.0941149943630214,0.5,0.5,0.5,0.0,0.0,0.0,0.0,0.0,0.0,0.4325992966053516,0.3088903215138426,0.5030512733710656,0.03168600007941338,0.0085177453027139,0.0933186020293122,3459.25,5,13117,0.7058596649117937,0.2741432112762432,0.9959630059951934,1.2851931470632503,0.5470763131813677,2.0,0.6425965735316251,0.2735381565906838,1.0,0.5,0.5,0.5
minibatch,main,50,reassign_all,0.06368439855600742,0.0167014613778705,0.1882299887260428,0.9681578007219962,0.9058850056369786,0.9916492693110648,0.0318421992780037,0.0083507306889353,0.0941149943630214,0.5,0.5,0.5,0.0,0.0,0.0,0.0,0.0,0.0,0.4325992966053516,0.3088903215138426,0.5030512733710656,0.03168600007941338,0.0085177453027139,0.0933186020293122,3459.25,5,13117,0.7058596649117937,0.2741432112762432,0.9959630059951934,1.2851931470632503,0.5470763131813677,2.0,0.6425965735316251,0.2735381565906838,1.0,0.5,0.5,0.5
minibatch,main,50,stop,0.06940992163437808,0.0239294710327455,0.1886809470124013,0.9652950391828109,0.9056595264937992,0.9880352644836272,0.034704960817188976,0.0119647355163727,0.0943404735062006,0.5,0.5,0.5,0.0,0.0,0.0,0.0,0.0,0.0,0.43216287615094184,0.3089697987764477,0.5011618341857584,0.03451538677328045,0.0120182619647355,0.0935729425028184,3459.25,5,13117,0.7058847939358706,0.2743349381223733,0.9959630059951934,1.2860619533303201,0.5476862087367538,2.0,0.6430309766651601,0.2738431043683769,1.0,0.5,0.5,0.5
minibatch,main,50,true_posterior_oracle,0.8473330154068563,0.4084663475886083,1.6380917584620889,0.5497593217863264,0.156343570287901,0.7955724201929534,0.4088949675711177,0.1882401266978152,0.8090432233999153,0.5891196206244729,0.3654357482482482,0.8081947069430723,0.10472661763797372,0.0009880066358478,0.3177934780393053,0.6381846590351533,0.2881002087682672,0.9895828635851184,0.5226080988999913,0.263839542261723,0.8018949383025349,0.450047291041779,0.204594538650887,0.8435826055988641,3459.25,5,13117,0.0,0.0,0.0,0.17051401904428976,0.1159214364724404,0.2346937331903538,0.037194166565459576,0.0050487404690578,0.0741668351229617,0.9308792311223966,0.8731317704279618,1.0
minibatch,main,60,fcm_soft,0.8708493545411914,0.764920144105744,0.952013199645554,0.0794807109337265,0.030068521200942,0.1467811720823425,0.8864727540991819,0.8321105901993433,0.9288141386975888,0.6419755454439103,0.5744609164420484,0.7532300366614448,4.04335733178514,3.491279303827397,4.523627165782795,1.0,1.0,1.0,0.8257771097360982,0.7056703925197771,0.9108001902985016,0.9201067827170432,0.8526911234321694,0.9690260585351628,2357.75,5,8886,0.9487386967762543,0.9292467231332222,0.9710703738310084,0.9607824922596826,0.9548756547509524,0.9749317746369456,0.2830102583880702,0.0545649541013481,0.6558986743315339,0.8103968014385972,0.6692671394799055,1.0
minibatch,main,60,frequency_soft,0.6492026890955882,0.6115668539039829,0.6865712179412562,0.4946051337270956,0.4760990183525395,0.5110509613589697,0.23443204342666196,0.1957812208325554,0.281476739223218,0.4961029664939645,0.4634033613445378,0.519983138681265,0.5396796779407754,0.5326526460911164,0.5450348772913665,1.0,1.0,1.0,0.28804373306612013,0.2303452552653895,0.4016827044416496,0.5039443004612211,0.4888161284300915,0.523854033290653,2357.75,5,8886,0.7535532494852388,0.5129829663194554,0.9964740226844896,1.2865315509289306,0.8372497921328563,1.7148760330578512,0.5983864438996975,0.3198903279929612,0.8011363636363635,0.344521838951588,0.0,0.5174424799622819
minibatch,main,60,full_convergence,0.0,0.0,0.0,1.0,1.0,1.0,0.0,0.0,0.0,,,,0.0,0.0,0.0,0.0,0.0,0.0,0.42961572624142075,0.2841463843472871,0.5029599539939825,0.003070585694223628,4.694835680751176e-05,0.0107672381892191,2357.75,5,8886,0.7353272237040336,0.3052040978982777,0.9964781196924763,1.3999475115672135,0.6058969164978618,2.0,0.6999737557836068,0.3029484582489309,1.0,0.5,0.5,0.5
minibatch,main,60,gmm_plugin_soft,0.5116556610667732,0.4604134581558889,0.563068742052964,0.4787989216104348,0.4261469072628223,0.4999807093986158,0.19966078675531015,0.0943382453417598,0.3250878478551241,0.6185612639023015,0.5659214851055778,0.6677524429967426,0.8272486385528358,0.6947515937333045,1.0558701293712442,1.0,1.0,1.0,0.09738656997072637,0.0062233785145238,0.3079392732779514,0.5192150303256774,0.4992534153037109,0.5672494286215954,2357.75,5,8886,0.6870318459790119,0.4532350700018372,0.996084838299854,1.0164882971807385,0.6307677127186395,1.5167281243304316,0.32754392421570694,0.0702118997538631,0.6260103930148391,0.513300903898998,0.0,0.8467961069117138
minibatch,main,60,majority,0.9954538651270367,0.9234828496042216,1.1032863849765258,0.5022730674364816,0.448356807511737,0.5382585751978892,0.4977269325635184,0.4617414248021108,0.551643192488263,0.5,0.5,0.5,0.0,0.0,0.0,0.0,0.0,0.0,0.5197288871894717,0.4996895316679369,0.5523277925732069,0.49791425915211085,0.4619525065963061,0.5516901408450704,2357.75,5,8886,0.8225007748425044,0.586675786417249,0.9972028636995292,1.5980802634902145,1.1816340310600946,2.0,0.7990401317451072,0.5908170155300473,1.0,0.5,0.5,0.5
minibatch,main,60,markov,0.08941871361439015,0.0217659137577002,0.1751572714937708,0.955290643192805,0.9124213642531146,0.98911704312115,0.04470935680719507,0.0108829568788501,0.0875786357468854,0.5,0.5,0.5,0.0,0.0,0.0,0.0,0.0,0.0,0.44309441897161095,0.3370822960895763,0.5030406958668459,0.0447822347787348,0.0112977412731006,0.0872912298014062,2357.75,5,8886,0.7387929434786963,0.3146535402177833,0.9964781196924763,1.5041137272285248,0.6263785730362368,2.0,0.7520568636142624,0.3131892865181184,1.0,0.5,0.5,0.5
minibatch,main,60,markov_a0.5,0.4573569976894921,0.3761806981519507,0.5117370892018779,0.7713215011552539,0.744131455399061,0.8119096509240247,0.22867849884474606,0.1880903490759753,0.255868544600939,0.5,0.5,0.5,0.0,0.0,0.0,0.0,0.0,0.0,0.4732324588697775,0.4227216482219429,0.502554661606795,0.2286578705326447,0.1883901437371663,0.2558215962441315,2357.75,5,8886,0.7962060590359272,0.4229078268508233,0.996516874376365,1.6426976649090343,0.845599819941481,2.0,0.8213488324545172,0.4227999099707404,1.0,0.5,0.5,0.5
minibatch,main,60,markov_a0.5_soft,0.3670740719727207,0.3212095993992085,0.4145183280871264,0.6448863423983358,0.6237273525630197,0.669417927978011,0.1419650992891633,0.1106090666395161,0.1619038729772929,0.6179244282555183,0.6006714322924204,0.6335832344110915,0.5178769763631738,0.5120729628975745,0.5314416395239178,1.0,1.0,1.0,0.2677407498563113,0.233167339491652,0.3233277384164593,0.3537981026283074,0.3305404382621827,0.3714129809519309,2357.75,5,8886,0.7277684099333853,0.4154504576826412,0.9964740226844896,1.233532773760036,0.6763681106850099,1.6991804385752234,0.5643619723670724,0.2087902635589626,0.7678165584415585,0.5214553758920366,0.4870455304802114,0.555865221303862
minibatch,main,60,markov_pooled,0.13088469132737132,0.0468172484599589,0.1830985915492957,0.9345576543363143,0.908450704225352,0.9765913757700204,0.06544234566368562,0.0234086242299794,0.0915492957746478,0.5,0.5,0.5,0.0,0.0,0.0,0.0,0.0,0.0,0.4438077309288937,0.3380530221906654,0.5037001347857308,0.0655152236352254,0.0238234086242299,0.0915023474178403,2357.75,5,8886,0.7392489572187668,0.3163560968891795,0.9964781196924763,1.5038347482015624,0.629079450821517,2.0,0.7519173741007812,0.3145397254107585,1.0,0.5,0.5,0.5
minibatch,main,60,markov_pooled_soft,0.1242724113297517,0.0476350360796893,0.1817881947008186,0.8600319271022734,0.772917719315975,0.9378565518008616,0.08240485707781897,0.030315308687682,0.1280575101764252,0.75837173065352,0.4684152173809489,0.8921685549592526,0.24839198796452694,0.0809483615966725,0.4502251708156976,0.7698082656602773,0.4435318275154004,0.9906103286384976,0.3401599668881868,0.2860410232846382,0.3876930461117606,0.1398089986770666,0.0624727939694506,0.2270353323272175,2357.75,5,8886,0.7133879490861971,0.3218298864043182,0.9964781195692172,1.387284383086157,0.6217163784785606,1.9730845967956927,0.7060564100937792,0.2942060033059065,0.9803885630498532,0.46677123174883167,0.4089400183150183,0.5
minibatch,main,60,markov_soft,0.07472326274390748,0.0198199364269783,0.1743187988566672,0.9548226582249147,0.912570095091373,0.9885403224628976,0.03528220788927215,0.0099067327567147,0.0871291308429874,0.7638835717247742,0.5055847343813895,0.9805804293882836,0.023528827266610028,0.0008433413248988,0.0528123844321827,0.04447426118701443,0.0017885777722955,0.096244131455399,0.4318154133288627,0.3366945279445053,0.4872455480890176,0.045210483827118925,0.0118333941695458,0.0871301639440285,2357.75,5,8886,0.7125334384158755,0.3142964150177657,0.9964781195692172,1.3962887348296467,0.6257336675072404,1.9765625,0.6995106912929206,0.3127961177351495,0.984375,0.5789808108779587,0.4861601085481682,0.75
minibatch,main,60,markov_w20,0.11244627524718298,0.0279260780287474,0.1766374737880843,0.9437768623764085,0.9116812631059578,0.9860369609856264,0.056223137623591476,0.0139630390143736,0.0883187368940422,0.5,0.5,0.5,0.0,0.0,0.0,0.0,0.0,0.0,0.44313384863879984,0.337344067270419,0.5021054035278993,0.05631948977353497,0.0143778234086242,0.0880313309485629,2357.75,5,8886,0.738226841908471,0.31534582976278,0.9978491476640158,1.4025992082923133,0.6279540850776503,2.0,0.7012996041461567,0.3139770425388251,1.0,0.5,0.5,0.5
minibatch,main,60,markov_w5,0.07189464243080207,0.0193018480492813,0.174417170346614,0.9640526787845989,0.912791414826693,0.9903490759753594,0.03594732121540098,0.0096509240246406,0.0872085851733069,0.5,0.5,0.5,0.0,0.0,0.0,0.0,0.0,0.0,0.4431886416780302,0.3370610688748138,0.5030023310323694,0.03602019918694077,0.0100657084188911,0.0869211792278278,2357.75,5,8886,0.7384501025710118,0.3146506685694958,0.9964781196924763,1.5041137272285248,0.6263785730362368,2.0,0.7520568636142624,0.3131892865181184,1.0,0.5,0.5,0.5
minibatch,main,60,model_posterior_oracle,0.390712886222504,0.1988413162116436,0.5068783421078842,0.5703842737585793,0.4970400460060175,0.7158536156527129,0.26836056659547813,0.1850141115981405,0.4300078570299243,0.7453318462720752,0.6324489042107856,0.8623315584732552,0.7248773423655519,0.6889925030907744,0.8207243831995172,1.0,1.0,1.0,0.0,0.0,0.0,0.42740344820098336,0.2766950436738026,0.5024322495084944,2357.75,5,8886,0.6276918269705277,0.2098775595872933,0.996085000218063,0.9616264540349679,0.408659011976512,1.5151220134373231,0.3274422259762243,0.0739580373063609,0.6234104731523543,0.554571289943369,0.0,0.8689706014026282
minibatch,main,60,reassign_U,0.06798278430998496,0.0197125256673511,0.1724435672875293,0.9660086078450074,0.9137782163562354,0.9901437371663244,0.033991392154992445,0.0098562628336755,0.0862217836437646,0.5,0.5,0.5,0.0,0.0,0.0,0.0,0.0,0.0,0.44293551331260766,0.3366630241575309,0.5030848897121611,0.034100064633478075,0.0103203285420944,0.0859343776982854,2357.75,5,8886,0.7375795824385083,0.3140617208112182,0.9964763777482848,1.4049553891274207,0.6259284267386901,2.0,0.7024776945637103,0.312964213369345,1.0,0.5,0.5,0.5
minibatch,main,60,reassign_all,0.06798278430998496,0.0197125256673511,0.1724435672875293,0.9660086078450074,0.9137782163562354,0.9901437371663244,0.033991392154992445,0.0098562628336755,0.0862217836437646,0.5,0.5,0.5,0.0,0.0,0.0,0.0,0.0,0.0,0.44293551331260766,0.3366630241575309,0.5030848897121611,0.034100064633478075,0.0103203285420944,0.0859343776982854,2357.75,5,8886,0.7375795824385083,0.3140617208112182,0.9964763777482848,1.4049553891274207,0.6259284267386901,2.0,0.7024776945637103,0.312964213369345,1.0,0.5,0.5,0.5
minibatch,main,60,stop,0.06388170421981511,0.017659137577002,0.1739237695818428,0.9680591478900924,0.9130381152090786,0.991170431211499,0.031940852109907526,0.008829568788501,0.0869618847909213,0.5,0.5,0.5,0.0,0.0,0.0,0.0,0.0,0.0,0.4430190400340702,0.3370539720532565,0.5029269716497742,0.032026050409989404,0.0092936344969199,0.0866744788454422,2357.75,5,8886,0.7383551403093297,0.3146516278380984,0.9964781196924763,1.5059658558878963,0.6261534998874634,2.0,0.7529829279439482,0.3130767499437317,1.0,0.5,0.5,0.5
minibatch,main,60,true_posterior_oracle,0.8982970971795682,0.4479443509739544,1.649426748089203,0.5232016700018051,0.1512423578047142,0.7758716769992927,0.4345834840505203,0.2086211013962731,0.8146869887668535,0.6022098203631692,0.4316337332392378,0.8309792943492301,0.10834353523948906,0.0008751274044923,0.3345144618357327,0.6253139323587341,0.2849604221635884,0.9888984827926484,0.5300340161101704,0.2897549538851677,0.8019049034845204,0.476491407870723,0.2243393343099407,0.8486647450034246,2357.75,5,8886,0.0,0.0,0.0,0.11351325810496071,0.0001092713868952,0.2196658040948445,0.04785767452426515,0.003680995443692,0.1519866290227078,0.8929066917314412,0.8527941068763544,0.933019276586528
minibatch,main,70,fcm_soft,0.8727958209723954,0.7741015382578768,0.952140022322276,0.07804534556644491,0.0300088000595844,0.1401423427287291,0.8933542604326997,0.8469126666122545,0.9300629542133726,0.7205670593395342,0.6025780450358239,0.8126721763085398,4.050313279503645,3.523777726972354,4.523964247885862,1.0,1.0,1.0,0.8286662745593111,0.7194288917101279,0.9115030636370104,0.9216750542768439,0.859792932352177,0.9690803268019492,1725.0,5,6485,0.9425744263430832,0.9258969573625612,0.9653772771332432,0.9561170798929166,0.9545554975623596,0.958137993619844,0.2876057248363649,0.0596904375299002,0.6345936016189301,0.8283232121424081,0.7135631709331131,1.0
minibatch,main,70,frequency_soft,0.6215699641457437,0.5977346142551496,0.6681349960204356,0.5092689565513318,0.4842676260206018,0.5240206947524021,0.22101501007512941,0.1886248269497,0.2412474257134451,0.5177609097933961,0.4838584787658586,0.5649886830413279,0.5376883797601417,0.5259445251951641,0.5420469164213845,1.0,1.0,1.0,0.2868440185183989,0.2282593180604132,0.3958893989496499,0.48941270636001266,0.4759251047055925,0.5106956252898438,1725.0,5,6485,0.6819916583647849,0.4968280038044973,0.9877664039823478,1.153321371519078,0.8386524528951108,1.580578512396694,0.478194582913567,0.3171654867876918,0.6818181818181819,0.43148303232078034,0.25,0.5290052769501382
minibatch,main,70,full_convergence,0.0,0.0,0.0,1.0,1.0,1.0,0.0,0.0,0.0,,,,0.0,0.0,0.0,0.0,0.0,0.0,0.43618255760602676,0.2988635682951945,0.5013542020531755,0.002708927068641018,5.420054200542008e-05,0.0102751584479826,1725.0,5,6485,0.719328616501127,0.3337584075106991,0.9991300403796546,1.3965881847508794,0.6599845797995374,2.0,0.6982940923754397,0.3299922898997687,1.0,0.5,0.5,0.5
minibatch,main,70,gmm_plugin_soft,0.5150368756581963,0.4614798279925778,0.5797611991498353,0.4765476967927328,0.4166042162937133,0.4986591663548353,0.18768296268619772,0.0660517129179678,0.3329381976480089,0.6273485429530581,0.5689064312626403,0.7128131710808876,0.8321504580402186,0.6927931594625837,1.0712763707911597,1.0,1.0,1.0,0.09248410549046786,0.0055849005167236,0.3009085307122337,0.5216372003972192,0.5009164907802973,0.5766786407920612,1725.0,5,6485,0.6194464946526568,0.4407698364959671,0.9165298398746446,0.9853470365718741,0.637446465874916,1.3804410171763664,0.33492422836821745,0.0536271671432203,0.5808135004719353,0.6244984304310944,0.0,1.0
minibatch,main,70,majority,0.9589088183514732,0.8834688346883469,1.022653721682848,0.5205455908242633,0.4886731391585761,0.5582655826558266,0.47945440917573656,0.4417344173441734,0.5113268608414239,0.5,0.5,0.5,0.0,0.0,0.0,0.0,0.0,0.0,0.5200731977843956,0.4968149648726457,0.5552391631311447,0.4795443025161634,0.4417886178861788,0.5113915857605177,1725.0,5,6485,0.774289535472192,0.5906038968688193,0.999994516792026,1.4821330893719529,1.171318427139553,2.0,0.7410665446859764,0.5856592135697765,1.0,0.5,0.5,0.5
minibatch,main,70,markov,0.08064422661642726,0.0213197969543147,0.1562838151182563,0.9596778866917864,0.9218580924408718,0.9893401015228428,0.0403221133082136,0.0106598984771573,0.0781419075591282,0.5,0.5,0.5,0.0,0.0,0.0,0.0,0.0,0.0,0.44844124370274324,0.3472702506865712,0.5013306505242876,0.04035559959838205,0.0106548223350253,0.0781620034008347,1725.0,5,6485,0.7291817197665852,0.3397160406602764,0.9991300403796546,1.3965678546358418,0.6698535080956053,2.0,0.6982839273179209,0.3349267540478026,1.0,0.5,0.5,0.5
minibatch,main,70,markov_a0.5,0.41832959218721477,0.3670050761421319,0.4918843716184882,0.7908352039063926,0.7540578141907559,0.816497461928934,0.20916479609360733,0.1835025380710659,0.2459421858092441,0.5,0.5,0.5,0.0,0.0,0.0,0.0,0.0,0.0,0.4760366117117386,0.4295161227694904,0.4999127221767888,0.20912893387825202,0.1835431472081218,0.2456392023496676,1725.0,5,6485,0.7467787119019258,0.4387869701588625,0.9993003578048688,1.42825809272834,0.8712413261372398,2.0,0.7141290463641699,0.4356206630686199,1.0,0.5,0.5,0.5
minibatch,main,70,markov_a0.5_soft,0.34544024456773414,0.3138359913883896,0.4039472317209057,0.6575225279172169,0.6283096783275829,0.6755424931368141,0.13814805788230186,0.1176077100743111,0.1606054849409579,0.6321684838070122,0.6094243714795988,0.6605549417863517,0.5132725756782185,0.5045063165084572,0.5267257967172809,1.0,1.0,1.0,0.2700794336382627,0.235650207746166,0.3226851374185363,0.341267027658297,0.324344018828378,0.3670809574703801,1725.0,5,6485,0.6607904800507054,0.4203375232618315,0.9782967070126508,1.109967425506547,0.6897224884749715,1.523285663713089,0.44903656629966926,0.219804477074767,0.657328722002635,0.4643399381405329,0.3333333333333333,0.5658733497751343
minibatch,main,70,markov_pooled,0.1140696457217146,0.0401015228426395,0.1680216802168021,0.9429651771391426,0.9159891598915988,0.9799492385786802,0.0570348228608573,0.0200507614213197,0.0840108401084011,0.5,0.5,0.5,0.0,0.0,0.0,0.0,0.0,0.0,0.44910847431001744,0.3493089460840906,0.5015847330122547,0.05706830915102577,0.0200456852791878,0.0840650406504065,1725.0,5,6485,0.7307711059044246,0.3439007582609945,0.9991300403796546,1.3998162617905077,0.6778720123361603,2.0,0.6999081308952538,0.3389360061680802,1.0,0.5,0.5,0.5
minibatch,main,70,markov_pooled_soft,0.11503760304914615,0.0468051882414031,0.1638701077706352,0.8644579818661896,0.7878095077014331,0.9374433132805085,0.08064300154934233,0.0330697373803205,0.1080405441570907,0.7582456317620069,0.4535110788821359,0.9358108108108107,0.2515027090592964,0.0905852515528042,0.4209114483956747,0.776129196970791,0.4373096446700507,0.997289972899729,0.34666468130068123,0.306877915872898,0.3975764475677982,0.1354114775863619,0.0625516105773596,0.2121362917565614,1725.0,5,6485,0.6625645425028182,0.3479069794553888,0.9699633736807568,1.273857185541571,0.6640864362020733,1.7454889671063931,0.574566543138584,0.2778304048892284,0.8667211641944208,0.41199423033471877,0.3333333333333333,0.4546466739383705
minibatch,main,70,markov_soft,0.06822836494494428,0.0195936076589173,0.1551757275067135,0.9577844828412125,0.9220556437561976,0.9886043737954756,0.032415807669848626,0.0092437400693596,0.0776248397298565,0.7854535773356164,0.5085685695796809,0.9750354107648724,0.024740678443994926,0.0010736364828145,0.0465559720670556,0.04972883596242862,0.00200958417066,0.0938511326860841,0.4366170158728263,0.3467792133641921,0.4794917340040709,0.04218954071840625,0.0113905500623924,0.077964452085509,1725.0,5,6485,0.6705311893785907,0.3390136832066234,0.9866300403482492,1.3308434592929086,0.6684753154413464,1.8912755102040817,0.6411673455333933,0.3341803737758203,0.9339285714285714,0.4403966744051611,0.3333333333333333,0.5025274246901846
minibatch,main,70,markov_w20,0.10468374194522323,0.0263959390862944,0.1565929819137424,0.9476581290273884,0.9217035090431288,0.9868020304568528,0.05234187097261155,0.0131979695431472,0.0782964909568711,0.5,0.5,0.5,0.0,0.0,0.0,0.0,0.0,0.0,0.448178888118241,0.3472869248537684,0.5004393522431184,0.052375357262780045,0.0131928934010152,0.0783165867985778,1725.0,5,6485,0.7293710725946974,0.3397839639909654,0.999726845723656,1.3965678546358418,0.6698535080956053,2.0,0.6982839273179209,0.3349267540478026,1.0,0.5,0.5,0.5
minibatch,main,70,markov_w5,0.06550802303296796,0.0213197969543147,0.1552017313340547,0.9672459884835161,0.9223991343329726,0.9893401015228428,0.03275401151648395,0.0106598984771573,0.0776008656670274,0.5,0.5,0.5,0.0,0.0,0.0,0.0,0.0,0.0,0.4484043523183138,0.3472182470126209,0.50136215912573,0.032787497806652396,0.0106548223350253,0.0776209615087339,1725.0,5,6485,0.7291466236511084,0.339575656198369,0.9991300403796546,1.3964136526312156,0.669236700077101,2.0,0.6982068263156078,0.3346183500385504,1.0,0.5,0.5,0.5
minibatch,main,70,model_posterior_oracle,0.3982664735566461,0.2157692053722212,0.5039230853140785,0.5638174423939732,0.4986457979468244,0.7011364317048054,0.24037275764963434,0.1002986373346767,0.4003181806114239,0.7520293277677809,0.6288783841856469,0.850909890833098,0.7322526904433564,0.6928600883426603,0.8353316591000332,1.0,1.0,1.0,0.0,0.0,0.0,0.4342253149793113,0.2915807910224281,0.5012894771340817,1725.0,5,6485,0.5678869639300415,0.2315019058547412,0.9165327832434332,0.9374255278695919,0.4447013990621321,1.3792852498105828,0.34526161739717587,0.0685166176113529,0.5806993263497495,0.6605226859604165,0.0,1.0
minibatch,main,70,reassign_U,0.05711610710437358,0.016243654822335,0.1538104807543669,0.9714419464478131,0.9230947596228164,0.9918781725888324,0.028558053552186723,0.0081218274111675,0.0769052403771834,0.5,0.5,0.5,0.0,0.0,0.0,0.0,0.0,0.0,0.44834310694627316,0.3468732453619541,0.5013480076088029,0.028591539842355247,0.0081167512690355,0.0769253362188901,1725.0,5,6485,0.7207368970456938,0.3393501272329423,0.9991300403796546,1.3973490297164908,0.6680030840400926,2.0,0.6986745148582454,0.3340015420200463,1.0,0.5,0.5,0.5
minibatch,main,70,reassign_all,0.05711610710437358,0.016243654822335,0.1538104807543669,0.9714419464478131,0.9230947596228164,0.9918781725888324,0.028558053552186723,0.0081218274111675,0.0769052403771834,0.5,0.5,0.5,0.0,0.0,0.0,0.0,0.0,0.0,0.44834310694627316,0.3468732453619541,0.5013480076088029,0.028591539842355247,0.0081167512690355,0.0769253362188901,1725.0,5,6485,0.7207368970456938,0.3393501272329423,0.9991300403796546,1.3973490297164908,0.6680030840400926,2.0,0.6986745148582454,0.3340015420200463,1.0,0.5,0.5,0.5
minibatch,main,70,stop,0.062038238297280404,0.0194174757281553,0.1547379811408255,0.9689808808513598,0.9226310094295872,0.9902912621359224,0.031019119148640126,0.0097087378640776,0.0773689905704126,0.5,0.5,0.5,0.0,0.0,0.0,0.0,0.0,0.0,0.44863516887748395,0.3472145563391867,0.5013698330068044,0.031052605438808653,0.0097734627831715,0.0773890864121193,1725.0,5,6485,0.7230183836902135,0.3395652306131639,0.9991300403796546,1.297734534728056,0.6695451040863531,2.0,0.648867267364028,0.3347725520431766,1.0,0.5,0.5,0.5
minibatch,main,70,true_posterior_oracle,0.8886737861449372,0.3947583390651621,1.6092527921769977,0.5278921315976224,0.1733134762492766,0.8024028399493608,0.4299309520298953,0.197179747145924,0.7936201019208411,0.5729820082807515,0.4316499206768905,0.8017259113658775,0.10854059199962025,0.0009455080842918,0.340320818062465,0.6282277779039663,0.2621359223300971,0.9891791621579842,0.5274045412262942,0.3047292728284708,0.7898192596869649,0.4717834160442559,0.197661798517337,0.8266537486045231,1725.0,5,6485,0.0,0.0,0.0,0.171709603372622,6.172893478165643e-06,0.284780915124304,0.0325730391466585,0.0008710172080294,0.0846768991804488,0.8330100950642535,0.75,0.9050141242937852
minibatch,main,80,fcm_soft,0.874892140230759,0.7795604736605753,0.9524105266873188,0.07681282180873342,0.0298664721655607,0.1370872518427424,0.8951309481926735,0.8515058931462683,0.9303051898883752,0.6365011042778563,0.5423076923076923,0.7290473730934492,4.055293040848012,3.5330120450406777,4.524820914609945,1.0,1.0,1.0,0.8316807124802034,0.7249549773764448,0.9141411541783504,0.9228154844236347,0.8628367025298812,0.9691962294266304,1415.0,7,5291,0.9418706605477786,0.926007768773684,0.9620041107003492,0.958230320928981,0.9537865147682932,0.9657819796925372,0.2495231249895746,0.0594185348939143,0.6266947629845406,0.8243917156559254,0.7031145902731513,1.0
minibatch,main,80,frequency_soft,0.6312283733779871,0.6065825721328114,0.6818898052135984,0.5016327000191434,0.476348200791073,0.5148325358851674,0.21381080420757526,0.1936204146730462,0.2444287230279448,0.49544239430726533,0.464420780254777,0.5164128892663785,0.5439470277805352,0.5414394031548286,0.5469620629160791,1.0,1.0,1.0,0.2849787560045831,0.2231351161488476,0.4039555262954581,0.4967289182520404,0.4841148325358853,0.51824581149307,1415.0,7,5291,0.6870116254923879,0.5212336961243875,0.8975693046089985,1.1301335270816288,0.8593854213688923,1.415289256198347,0.43469962301819,0.2987012987012987,0.571905495634309,0.4762545258819914,0.375,0.5172696868349043
minibatch,main,80,full_convergence,0.0,0.0,0.0,1.0,1.0,1.0,0.0,0.0,0.0,,,,0.0,0.0,0.0,0.0,0.0,0.0,0.43927163224578314,0.2972063923330358,0.5053773106761486,0.0028563046795830657,1.886199308393588e-05,0.0102776795189246,1415.0,7,5291,0.7042243523952258,0.3399739915512837,0.9771147591550422,1.4727151379693755,0.6713286713286714,2.0,0.7363575689846876,0.3356643356643356,1.0,0.5,0.5,0.5
minibatch,main,80,gmm_plugin_soft,0.5221397566028798,0.4637299295880316,0.6000648709996536,0.47291766490738363,0.4059493339023018,0.4980638136979496,0.17730674683495448,0.0526171308915882,0.2991439062990402,0.6202411041618995,0.5519544556702051,0.6771911663216011,0.8349289114261997,0.6948765989895497,1.082805002884915,1.0,1.0,1.0,0.09245452227380109,0.0046133224001059,0.3115296810080467,0.5250773420039097,0.5013150955738594,0.587178232942279,1415.0,7,5291,0.6048474048524729,0.3813041302201609,0.8952056527046484,0.9853739065508526,0.6274266150327865,1.3619511679927814,0.3175162731963781,0.0668087017535276,0.5123620805766904,0.5829653582551134,0.1666666666666666,0.8637733338551247
minibatch,main,80,majority,0.9692694510424748,0.8982456140350877,1.0373187124159886,0.5153652744787627,0.4813406437920056,0.5508771929824562,0.4846347255212373,0.4491228070175438,0.5186593562079944,0.5,0.5,0.5,0.0,0.0,0.0,0.0,0.0,0.0,0.5262014754357338,0.5011138262948653,0.5650633915184315,0.4848949348958243,0.4501754385964913,0.5185903784931022,1415.0,7,5291,0.7740010638969886,0.6120198755267059,0.8975940471128225,1.4503879747523816,1.1428571428571428,1.75,0.7251939873761908,0.5714285714285714,0.875,0.5,0.5,0.5
minibatch,main,80,markov,0.08701370075006505,0.0220056585979251,0.1459143968871595,0.9564931496249675,0.9270428015564204,0.9889971707010374,0.0435068503750325,0.0110028292989625,0.0729571984435797,0.5,0.5,0.5,0.0,0.0,0.0,0.0,0.0,0.0,0.451084363244368,0.3413977678051793,0.5043643449315164,0.043591363611502676,0.0109839673058786,0.0723257870534135,1415.0,7,5291,0.7193132352567453,0.3444006920529701,0.8975123456600066,1.4117322115203472,0.683046683046683,1.7853107344632768,0.7058661057601736,0.3415233415233415,0.8926553672316384,0.5,0.5,0.5
minibatch,main,80,markov_a0.5,0.43027383699027205,0.3954731216598554,0.5003537318712415,0.784863081504864,0.7498231340643792,0.8022634391700723,0.21513691849513603,0.1977365608299277,0.2501768659356208,0.5,0.5,0.5,0.0,0.0,0.0,0.0,0.0,0.0,0.4798550911424566,0.4294466375324998,0.50115233325049,0.21526741687486756,0.1977176988368437,0.2497293951185001,1415.0,7,5291,0.7425655795047794,0.4481458638206749,0.8975267972711916,1.4558891158467429,0.8879228879228879,1.7570621468926553,0.7279445579233714,0.443961443961444,0.8785310734463276,0.5,0.5,0.5
minibatch,main,80,markov_a0.5_soft,0.35135582563546747,0.3261553329818071,0.4085845927130507,0.6523984274636894,0.6236088474184297,0.6653638123132813,0.13029174283358924,0.1177528517936024,0.1420252939528926,0.6205846784492652,0.6007742456140264,0.6378496503496504,0.5186813592149072,0.5173090229038559,0.5203637614299305,1.0,1.0,1.0,0.27395522530463495,0.249247028264609,0.3297712169574743,0.3460503260480056,0.3346173256936346,0.3713337058277581,1415.0,7,5291,0.6663852525326087,0.4260211532760488,0.9089329409726348,1.131657949534577,0.7029688398017956,1.4815716731824464,0.48313248507052825,0.2263691990998704,0.6273770368050029,0.4411045976185022,0.1428571428571428,0.6000000000000001
minibatch,main,80,markov_pooled,0.12517320848456964,0.0433825840930525,0.2245614035087719,0.9374133957577152,0.887719298245614,0.9783087079534738,0.06258660424228477,0.0216912920465262,0.1122807017543859,0.5,0.5,0.5,0.0,0.0,0.0,0.0,0.0,0.0,0.45193607280725684,0.3433203760517938,0.5057309956714866,0.0626622741819739,0.0216724300534423,0.1131929824561403,1415.0,7,5291,0.7410801512975123,0.3486962255647974,0.9771147591550422,1.4779126431668805,0.6921186921186921,2.0,0.7389563215834403,0.3460593460593461,1.0,0.5,0.5,0.5
minibatch,main,80,markov_pooled_soft,0.12134399664156997,0.0487729920714386,0.1748330309663429,0.8595908061065356,0.774639350853714,0.9328069552439928,0.0765649577855729,0.0377923023859767,0.113121984552788,0.7329933254621523,0.4310104558294595,0.8595602766798418,0.2558949185602694,0.090646752243178,0.4324054563947032,0.7632815605155002,0.3737818296133291,1.0,0.3463621721337425,0.3058502597430221,0.4002790833023796,0.1398894664000888,0.0671741827629232,0.2243569946093501,1415.0,7,5291,0.6776517758670486,0.3527006307632244,0.9188407378024012,1.2744360900447316,0.6765170260111988,1.756864526160646,0.6175756824951247,0.3153876736196346,0.8837328869828001,0.46344921606121153,0.3858385199079205,0.6000000000000001
minibatch,main,80,markov_soft,0.0726324097618342,0.0170802317477204,0.1455205741179596,0.9543794000144314,0.9269741931509238,0.9894489178759756,0.03443133675730875,0.0079445582515279,0.0727512600535863,0.78500834147213,0.5036707049508728,0.9574187884108868,0.0281950134207666,0.0008210693607334,0.0667149466577879,0.054481127841124175,0.0016802263883975,0.1298245614035087,0.4377568438867584,0.3410415156288973,0.4863908873785314,0.0452284939171224,0.0105322201309404,0.0723943954589099,1415.0,7,5291,0.674580653441277,0.3441137347772608,0.9098070668470442,1.2986199833020036,0.6824715695378283,1.7855367231638417,0.6035702033559921,0.3411847246071846,0.8932203389830509,0.3718772105079571,0.0,0.5006667367686704
minibatch,main,80,markov_w20,0.1210984797800964,0.027035523420308,0.1964912280701754,0.9394507601099519,0.9017543859649124,0.986482238289846,0.06054923989004818,0.013517761710154,0.0982456140350876,0.5,0.5,0.5,0.0,0.0,0.0,0.0,0.0,0.0,0.45033803247997417,0.3415487040922356,0.5031861245122382,0.060177612775641175,0.0134988997170701,0.0973333333333333,1415.0,7,5291,0.7016643081750531,0.3447559995616081,0.8975795955016376,1.2691585689467044,0.6841806841806842,1.7853107344632768,0.6345792844733522,0.342090342090342,0.8926553672316384,0.5,0.5,0.5
minibatch,main,80,markov_w5,0.07277922383187732,0.0157183275699465,0.1455606650159179,0.9636103880840614,0.927219667492041,0.9921408362150268,0.036389611915938674,0.0078591637849733,0.072780332507959,0.5,0.5,0.5,0.0,0.0,0.0,0.0,0.0,0.0,0.4511786933267033,0.3413931490820158,0.5066831068333257,0.036471190058018854,0.0078403017918893,0.0721489211177927,1415.0,7,5291,0.7388890111524076,0.3444239194260897,0.9771147591550422,1.4027091399972755,0.6826686826686826,2.0,0.7013545699986378,0.3413343413343414,1.0,0.5,0.5,0.5
minibatch,main,80,model_posterior_oracle,0.4053950985464674,0.2216132705953166,0.512021524127484,0.5607283677542167,0.4946226893238513,0.7027936076669642,0.21010394868414878,0.0269239957242336,0.3701478301296297,0.7482269189197588,0.6685965724872627,0.8509435563540634,0.7289594555561784,0.6837608938689073,0.8376188113623934,1.0,1.0,1.0,0.0,0.0,0.0,0.43713322040266933,0.2898002841599884,0.5053012650487722,1415.0,7,5291,0.5585368494333682,0.2366339817482061,0.8952474660008253,0.941654549247495,0.453334820894995,1.361019285421594,0.3210978898168998,0.0779056039394506,0.5107109599789438,0.7210218960108135,0.1666666666666666,1.0
minibatch,main,80,reassign_U,0.0560337196781681,0.0138321282615529,0.1453837990802971,0.971983140160916,0.9273081004598516,0.9930839358692236,0.028016859839084026,0.0069160641307765,0.0726918995401485,0.5,0.5,0.5,0.0,0.0,0.0,0.0,0.0,0.0,0.45097763157565396,0.3413557318602395,0.5054215161846416,0.02814589179139442,0.0069349261238604,0.0720604881499823,1415.0,7,5291,0.7053537404186737,0.3444445272967092,0.9771147591550422,1.4742322115203472,0.683046683046683,2.0,0.7371161057601736,0.3415233415233415,1.0,0.5,0.5,0.5
minibatch,main,80,reassign_all,0.0560337196781681,0.0138321282615529,0.1453837990802971,0.971983140160916,0.9273081004598516,0.9930839358692236,0.028016859839084026,0.0069160641307765,0.0726918995401485,0.5,0.5,0.5,0.0,0.0,0.0,0.0,0.0,0.0,0.45097763157565396,0.3413557318602395,0.5054215161846416,0.02814589179139442,0.0069349261238604,0.0720604881499823,1415.0,7,5291,0.7053537404186737,0.3444445272967092,0.9771147591550422,1.4742322115203472,0.683046683046683,2.0,0.7371161057601736,0.3415233415233415,1.0,0.5,0.5,0.5
minibatch,main,80,stop,0.06163460349580688,0.0138321282615529,0.1455606650159179,0.9691826982520966,0.927219667492041,0.9930839358692236,0.03081730174790345,0.0069160641307765,0.072780332507959,0.5,0.5,0.5,0.0,0.0,0.0,0.0,0.0,0.0,0.4510881560140679,0.3413940968808912,0.5066448882158953,0.030863792170685373,0.0068972021376925,0.0721489211177927,1415.0,7,5291,0.7073954196324181,0.3444251253506044,0.9771147591550422,1.4740432113313469,0.6822906822906822,2.0,0.7370216056656734,0.3411453411453411,1.0,0.5,0.5,0.5
minibatch,main,80,true_posterior_oracle,0.8698933675031557,0.4765681456970045,1.6061393741547445,0.5365753117299858,0.1735263841034036,0.7608575084578229,0.4214615939589099,0.2097950325222647,0.7949042814483962,0.5875279198151137,0.4077999999999999,0.8383407779447384,0.11065065338818017,0.0032182673402402,0.3357592956391079,0.6480190813196509,0.3079847908745247,0.9882384152812168,0.5262057164755319,0.2947855950056148,0.788827398332175,0.46329713398121103,0.2392184355962061,0.8264924770189174,1415.0,7,5291,0.0,0.0,0.0,0.2112753015701011,0.0082439477684099,0.4491301793986021,0.07273320772252002,0.0074764135579612,0.2243640486302678,0.7874313477177123,0.6,0.9143149458606872
minibatch,main,90,fcm_soft,0.8731849358536818,0.7732786264807187,0.9530650554105304,0.07793733240855302,0.0295180638918278,0.1412044643262632,0.9016290008448058,0.8587955356737368,0.9316598432171272,0.6934238474358918,0.6290218320578852,0.746124031007752,4.050768221858906,3.516312619673647,4.526023565091244,1.0,1.0,1.0,0.8297528738033813,0.7167531647855435,0.9154962880668438,0.9217206910708904,0.8587074299468644,0.9695464791551164,1200.75,3,4467,0.9372836507558073,0.9212661728633345,0.9639652850169408,0.9523135580526327,0.9369584092805388,0.9657397835242524,0.25795399911926375,0.0451806039149552,0.6123110534100948,0.877074594753773,0.7250475696246323,1.0
minibatch,main,90,frequency_soft,0.6393810852925456,0.6172487900337217,0.667992392192362,0.4976639161357062,0.4828504502257808,0.5100582996988916,0.2300837952103382,0.198987763469793,0.2574600971547535,0.5140091522379487,0.4927305283432669,0.5390467318739326,0.5438077298376084,0.5404488460304988,0.5463525784744641,1.0,1.0,1.0,0.2831374869003506,0.22594045901021,0.4014854676953269,0.5009335899137382,0.489885322570312,0.5117742725580484,1200.75,3,4467,0.6254512455268203,0.3309224391314362,0.9264551208623386,1.1599200053892758,0.8646030486191668,1.6198347107438018,0.5653492185335611,0.3343305452103303,0.7636363636363637,0.3281735361147415,0.0,0.5224984755474439
minibatch,main,90,full_convergence,0.0,0.0,0.0,1.0,1.0,1.0,0.0,0.0,0.0,,,,0.0,0.0,0.0,0.0,0.0,0.0,0.44140701563552204,0.2957284850693453,0.5040713336283366,0.0031125147573514617,8.810572687224674e-05,0.0107494856471049,1200.75,3,4467,0.6920063694545967,0.3495937968350429,0.955037293167908,1.3963825189331327,0.7060667114394448,1.8,0.6981912594665663,0.3530333557197224,0.9,0.5,0.5,0.5
minibatch,main,90,gmm_plugin_soft,0.5275027581802582,0.473078640329565,0.6156542367457144,0.46972972816393455,0.3954632672139821,0.4979325334827992,0.16700534180520632,0.0547553554859259,0.2966046118429428,0.6233230261865397,0.5403935376967689,0.7070626003210273,0.8394196949555854,0.6945146893082641,1.1052564305722157,1.0,1.0,1.0,0.09321989097166912,0.0039688047662798,0.3228252365672305,0.5281004378995812,0.5006170848378114,0.5975579704223817,1200.75,3,4467,0.5058071948417173,0.0428374280450278,0.9042496857132936,0.8452768682066238,0.4079564474927866,1.4352253645942397,0.33580066994536867,0.0987492270542508,0.6330728031727983,0.7980012237557317,0.7557684241091231,0.8402340234023403
minibatch,main,90,majority,1.00930149736162,0.9436222692036644,1.068702290076336,0.49534925131919005,0.465648854961832,0.5281888653981677,0.50465074868081,0.4718111346018323,0.5343511450381679,0.5,0.5,0.5,0.0,0.0,0.0,0.0,0.0,0.0,0.5227901684401349,0.4998209385945483,0.5584666745683331,0.5050966976087581,0.4718252290345313,0.5358015267175572,1200.75,3,4467,0.7271529470603941,0.5733466815556786,0.944715839468665,1.5285526956885755,1.220505932393105,2.0,0.7642763478442878,0.6102529661965526,1.0,0.5,0.5,0.5
minibatch,main,90,markov,0.07683738313824562,0.0169133192389006,0.1236406387773096,0.9615813084308771,0.9381796806113452,0.9915433403805496,0.0384186915691228,0.0084566596194503,0.0618203193886548,0.5,0.5,0.5,0.0,0.0,0.0,0.0,0.0,0.0,0.4511534006467623,0.3329354073376656,0.5043075761312589,0.03899569148371927,0.0086187455954897,0.0624277456647398,1200.75,3,4467,0.6902842505208238,0.3530541464696787,0.9446369390448626,1.4464015785523143,0.7123349003805686,2.0,0.7232007892761573,0.3561674501902843,1.0,0.5,0.5,0.5
minibatch,main,90,markov_a0.5,0.4281274067848197,0.3964757709251101,0.4688938963456451,0.7859362966075901,0.7655530518271775,0.801762114537445,0.2140637033924098,0.198237885462555,0.2344469481728225,0.5,0.5,0.5,0.0,0.0,0.0,0.0,0.0,0.0,0.4804722671026346,0.4229215467036802,0.5043087202015343,0.21454833433693488,0.1983259911894273,0.2347624179484667,1200.75,3,4467,0.7037656169162829,0.4526626192877686,0.9446369390448626,1.472319888331424,0.9088873964629506,2.0,0.736159944165712,0.4544436982314752,1.0,0.5,0.5,0.5
minibatch,main,90,markov_a0.5_soft,0.3495247598630937,0.3255305737655735,0.3913401427632074,0.6512734663498242,0.6324825562640377,0.6678160687858271,0.13311847459687018,0.1137325516059335,0.1499547453776932,0.6225292065254432,0.6001095144517041,0.6428419942987956,0.5231185407780956,0.5126363327212426,0.53955235416456,1.0,1.0,1.0,0.26803817557627035,0.2272287161623755,0.3284968941907736,0.34734788827722146,0.3321275534833766,0.3627580327247143,1200.75,3,4467,0.6095377026086729,0.3233466815556787,0.9196369390441568,1.1273840575235705,0.7200833472147843,1.6089323224852072,0.5375428784772464,0.2277726004729203,0.7140384615384616,0.3120001773652431,0.0,0.5626658796752042
minibatch,main,90,markov_pooled,0.10452937898032963,0.0436927413671599,0.1365729401391202,0.9477353105098352,0.93171352993044,0.97815362931642,0.05226468949016482,0.0218463706835799,0.0682864700695601,0.5,0.5,0.5,0.0,0.0,0.0,0.0,0.0,0.0,0.4521608082156022,0.3359952185487659,0.5046534671473096,0.052832871926560075,0.0220084566596194,0.0688586264328402,1200.75,3,4467,0.692109745177618,0.360356125096856,0.9446369390448626,1.4497595369136307,0.7257667338258339,2.0,0.7248797684568155,0.3628833669129169,1.0,0.5,0.5,0.5
minibatch,main,90,markov_pooled_soft,0.11502116675953855,0.0491074398045402,0.1574554030123038,0.8590599907429454,0.7696587364137596,0.9308938370516356,0.08738377596482874,0.0403863358210151,0.1604450372629172,0.7757505840721506,0.504701160297927,0.8843058350100603,0.2651469842945103,0.0875300639039389,0.4671437287903209,0.7596173873486682,0.4496124031007752,0.9961832061068704,0.3397180527154185,0.2803343174268633,0.4079838065045447,0.14066262956014736,0.0692249752852999,0.2290360671316476,1200.75,3,4467,0.625349475539903,0.3422925505015476,0.9272640576889304,1.3142444163146483,0.7061215679330739,1.9365448147084168,0.6492620522460527,0.3283353051639101,0.9826271186440678,0.26986404051563095,0.0,0.4134304540329121
minibatch,main,90,markov_soft,0.0613858329801211,0.0144793595902595,0.1231845202622875,0.9607278318105743,0.9381861917022328,0.9908055456774522,0.02846299093277805,0.0068964432694066,0.0615299456916226,0.8113305516861528,0.5050776538546577,0.987984496124031,0.025957342540493276,0.0007036634280027,0.052373785047677,0.05022254689201533,0.0015675516802194,0.099236641221374,0.4383753887055885,0.3326450336406333,0.4825575214581671,0.039409395214118625,0.00931425700049,0.0624212345738518,1200.75,3,4467,0.6331453398419703,0.3528147464515089,0.9246369390448624,1.3473735304021206,0.7119914524446509,1.928,0.7168151165448633,0.3559280501721146,0.98,0.32253493283975015,0.0,0.4997603653723263
minibatch,main,90,markov_w20,0.0986240099592396,0.0253699788583509,0.1236406387773096,0.95068799502038,0.9381796806113452,0.9873150105708244,0.04931200497961982,0.0126849894291755,0.0618203193886548,0.5,0.5,0.5,0.0,0.0,0.0,0.0,0.0,0.0,0.451194252002993,0.332928207696637,0.5043584231538396,0.0498890048942163,0.0128470754052149,0.0625190839694656,1200.75,3,4467,0.6903618922846151,0.3528290650211192,0.9446369390448626,1.4448535909362155,0.7123349003805686,2.0,0.7224267954681077,0.3561674501902843,1.0,0.5,0.5,0.5
minibatch,main,90,markov_w5,0.055361423114919726,0.014799154334038,0.1232487508572548,0.9723192884425401,0.9383756245713726,0.992600422832981,0.02768071155745985,0.007399577167019,0.0616243754286274,0.5,0.5,0.5,0.0,0.0,0.0,0.0,0.0,0.0,0.45083627030557716,0.3328530489601549,0.5041527061792973,0.028247140647532025,0.0075193798449612,0.0622318017047124,1200.75,3,4467,0.6902158836370025,0.3528322076877112,0.9446369390448626,1.4478376342230364,0.7118871725990598,2.0,0.7239188171115182,0.3559435862995299,1.0,0.5,0.5,0.5
minibatch,main,90,model_posterior_oracle,0.4106639608897962,0.2254810089673997,0.5095857460739669,0.5585929843644779,0.4959286663716634,0.7042715149306547,0.20349189755536656,0.0387996487885348,0.3669834960473545,0.7331994786042626,0.6161993769470406,0.8515633543167643,0.7256353108785054,0.6701977294448458,0.8410701746636193,1.0,1.0,1.0,0.0,0.0,0.0,0.438992486236116,0.2877709408540219,0.5039832279014643,1200.75,3,4467,0.4638424683442347,0.0428334894181784,0.9042919264531109,0.8073219371594801,0.4081058031252425,1.4340946552146625,0.329959260428672,0.0764150907544561,0.6313227788827753,0.8259209459616436,0.8051984573356902,0.8466434345875969
minibatch,main,90,reassign_U,0.04080402457903937,0.0,0.1207014793768982,0.9795979877104802,0.9396492603115508,1.0,0.020402012289519676,0.0,0.060350739688449,0.5,0.5,0.5,0.0,0.0,0.0,0.0,0.0,0.0,0.45098466324561676,0.3323960085333775,0.5040713336283366,0.02029198930335284,8.810572687224674e-05,0.0609581659645341,1200.75,3,4467,0.6928024510560779,0.3527781232409674,0.955037293167908,1.3978376342230363,0.7118871725990598,1.8,0.6989188171115182,0.3559435862995299,0.9,0.5,0.5,0.5
minibatch,main,90,reassign_all,0.04080402457903937,0.0,0.1207014793768982,0.9795979877104802,0.9396492603115508,1.0,0.020402012289519676,0.0,0.060350739688449,0.5,0.5,0.5,0.0,0.0,0.0,0.0,0.0,0.0,0.45098466324561676,0.3323960085333775,0.5040713336283366,0.02029198930335284,8.810572687224674e-05,0.0609581659645341,1200.75,3,4467,0.6928024510560779,0.3527781232409674,0.955037293167908,1.3978376342230363,0.7118871725990598,1.8,0.6989188171115182,0.3559435862995299,0.9,0.5,0.5,0.5
minibatch,main,90,stop,0.05622186621128225,0.0119802677942212,0.1230528068972273,0.9718890668943588,0.9384735965513864,0.9940098661028892,0.028110933105641125,0.0059901338971106,0.0615264034486137,0.5,0.5,0.5,0.0,0.0,0.0,0.0,0.0,0.0,0.4508348622142503,0.3328532570611776,0.5040986883193699,0.027952171356018674,0.0061099365750528,0.0621338297246987,1200.75,3,4467,0.6912768318284266,0.3528264619139772,0.9446369390448626,1.6143923689443258,0.711439444817551,2.0,0.8071961844721629,0.3557197224087755,1.0,0.5,0.5,0.5
minibatch,main,90,true_posterior_oracle,0.8730721599245159,0.4960497054350756,1.5989087391398185,0.5361731069591078,0.1772660302063936,0.750807188563395,0.4219219345319606,0.2044574154938112,0.7891861108296347,0.6253929369216555,0.4935640056683987,0.8299626575648001,0.10563013242657156,0.0034813917602735,0.3206287536126629,0.6081054925162072,0.2466960352422907,0.9860879788380524,0.5225051518390976,0.2920293265730465,0.7800616714225368,0.4636977573358272,0.2492807994815813,0.8228315925127625,1200.75,3,4467,0.0,0.0,0.0,0.20620749035917485,0.0609413393972587,0.3880499929767724,0.04332072358923882,0.0115558809013652,0.0933280710110791,0.821837918135442,0.5,1.0
minibatch_const,main,10,fcm_soft,0.856047023282722,0.856047023282722,0.856047023282722,0.0861266260551741,0.0861266260551741,0.0861266260551741,0.8974186047509969,0.8974186047509969,0.8974186047509969,0.3911348188546023,0.3911348188546023,0.3911348188546023,3.7862139474422105,3.7862139474422105,3.7862139474422105,1.0,1.0,1.0,0.8857772521826061,0.8857772521826061,0.8857772521826061,0.9112318551694826,0.9112318551694826,0.9112318551694826,123940.0,123940,123940,0.9035541666840003,0.9035541666840003,0.9035541666840003,0.8541510573092717,0.8541510573092717,0.8541510573092717,0.8450026675731244,0.8450026675731244,0.8450026675731244,0.9162263309125992,0.9162263309125992,0.9162263309125992
minibatch_const,main,10,frequency_soft,0.0903053719008264,0.0903053719008264,0.0903053719008264,0.8380809090909089,0.8380809090909089,0.8380809090909089,0.1145140909090908,0.1145140909090908,0.1145140909090908,0.8253523288152809,0.8253523288152809,0.8253523288152809,0.3997343322375418,0.3997343322375418,0.3997343322375418,1.0,1.0,1.0,0.1520977827752188,0.1520977827752188,0.1520977827752188,0.1566700909090909,0.1566700909090909,0.1566700909090909,123940.0,123940,123940,0.1812564399616144,0.1812564399616144,0.1812564399616144,0.1652491141408066,0.1652491141408066,0.1652491141408066,0.0746790969237316,0.0746790969237316,0.0746790969237316,0.5457069406902506,0.5457069406902506,0.5457069406902506
minibatch_const,main,10,full_convergence,0.0,0.0,0.0,1.0,1.0,1.0,0.0,0.0,0.0,,,,0.0,0.0,0.0,0.0,0.0,0.0,0.0801938478009737,0.0801938478009737,0.0801938478009737,0.0075401,0.0075401,0.0075401,123940.0,123940,123940,0.0665431608164688,0.0665431608164688,0.0665431608164688,0.1331934807164757,0.1331934807164757,0.1331934807164757,0.0665967403582378,0.0665967403582378,0.0665967403582378,0.5,0.5,0.5
minibatch_const,main,10,gmm_plugin_soft,0.0587314510022863,0.0587314510022863,0.0587314510022863,0.9151705796076016,0.9151705796076016,0.9151705796076016,0.0571535060848545,0.0571535060848545,0.0571535060848545,0.94943880446311,0.94943880446311,0.94943880446311,0.1888898972672399,0.1888898972672399,0.1888898972672399,0.98233,0.98233,0.98233,0.0127039544838732,0.0127039544838732,0.0127039544838732,0.0776034930535816,0.0776034930535816,0.0776034930535816,123940.0,123940,123940,0.0550621272690499,0.0550621272690499,0.0550621272690499,0.1049302480775725,0.1049302480775725,0.1049302480775725,0.028342083395567,0.028342083395567,0.028342083395567,0.9616694199605248,0.9616694199605248,0.9616694199605248
minibatch_const,main,10,majority,0.06736,0.06736,0.06736,0.96632,0.96632,0.96632,0.03368,0.03368,0.03368,0.5,0.5,0.5,0.0,0.0,0.0,0.0,0.0,0.0,0.0915728204474416,0.0915728204474416,0.0915728204474416,0.0355972,0.0355972,0.0355972,123940.0,123940,123940,0.0665967251105873,0.0665967251105873,0.0665967251105873,0.1331612070356624,0.1331612070356624,0.1331612070356624,0.0665806035178312,0.0665806035178312,0.0665806035178312,0.5,0.5,0.5
minibatch_const,main,10,markov,0.04137,0.04137,0.04137,0.979315,0.979315,0.979315,0.0206849999999999,0.0206849999999999,0.0206849999999999,0.5,0.5,0.5,0.0,0.0,0.0,0.0,0.0,0.0,0.0859261223750881,0.0859261223750881,0.0859261223750881,0.0229680999999999,0.0229680999999999,0.0229680999999999,123940.0,123940,123940,0.0665859423510811,0.0665859423510811,0.0665859423510811,0.1332096175568823,0.1332096175568823,0.1332096175568823,0.0666048087784412,0.0666048087784412,0.0666048087784412,0.5,0.5,0.5
minibatch_const,main,10,markov_a0.5,0.04352,0.04352,0.04352,0.97824,0.97824,0.97824,0.02176,0.02176,0.02176,0.5,0.5,0.5,0.0,0.0,0.0,0.0,0.0,0.0,0.0866449272545842,0.0866449272545842,0.0866449272545842,0.0240402999999999,0.0240402999999999,0.0240402999999999,123940.0,123940,123940,0.0665913848141526,0.0665913848141526,0.0665913848141526,0.133177343876069,0.133177343876069,0.133177343876069,0.0665886719380345,0.0665886719380345,0.0665886719380345,0.5,0.5,0.5
minibatch_const,main,10,markov_a0.5_soft,0.0625876272126007,0.0625876272126007,0.0625876272126007,0.8754551212509051,0.8754551212509051,0.8754551212509051,0.0902454610228261,0.0902454610228261,0.0902454610228261,0.8560161033855593,0.8560161033855593,0.8560161033855593,0.3348419587054485,0.3348419587054485,0.3348419587054485,1.0,1.0,1.0,0.1221353044495731,0.1221353044495731,0.1221353044495731,0.1190052614686711,0.1190052614686711,0.1190052614686711,123940.0,123940,123940,0.1470878471971849,0.1470878471971849,0.1470878471971849,0.1452216360052389,0.1452216360052389,0.1452216360052389,0.037411996562756,0.037411996562756,0.037411996562756,0.5540978232592633,0.5540978232592633,0.5540978232592633
minibatch_const,main,10,markov_pooled,0.04581,0.04581,0.04581,0.977095,0.977095,0.977095,0.0229049999999999,0.0229049999999999,0.0229049999999999,0.5,0.5,0.5,0.0,0.0,0.0,0.0,0.0,0.0,0.0868347615068242,0.0868347615068242,0.0868347615068242,0.0251323,0.0251323,0.0251323,123940.0,123940,123940,0.0665797658523197,0.0665797658523197,0.0665797658523197,0.1332418912376956,0.1332418912376956,0.1332418912376956,0.0666209456188478,0.0666209456188478,0.0666209456188478,0.5,0.5,0.5
minibatch_const,main,10,markov_pooled_soft,0.0405241873754951,0.0405241873754951,0.0405241873754951,0.9535466131881494,0.9535466131881494,0.9535466131881494,0.0127747231152578,0.0127747231152578,0.0127747231152578,0.9393538702742036,0.9393538702742036,0.9393538702742036,0.0880907598812707,0.0880907598812707,0.0880907598812707,0.99404,0.99404,0.99404,0.0689091455852666,0.0689091455852666,0.0689091455852666,0.0413642507911555,0.0413642507911555,0.0413642507911555,123940.0,123940,123940,0.0728885655006674,0.0728885655006674,0.0728885655006674,0.1305958969138847,0.1305958969138847,0.1305958969138847,0.0577902991016937,0.0577902991016937,0.0577902991016937,0.5802315570418609,0.5802315570418609,0.5802315570418609
minibatch_const,main,10,markov_soft,0.0373564908237327,0.0373564908237327,0.0373564908237327,0.9683873261448924,0.9683873261448924,0.9683873261448924,0.0111447716854915,0.0111447716854915,0.0111447716854915,0.8085654654796821,0.8085654654796821,0.8085654654796821,0.0401041265252688,0.0401041265252688,0.0401041265252688,0.083315,0.083315,0.083315,0.0753486334789014,0.0753486334789014,0.0753486334789014,0.0285657210236254,0.0285657210236254,0.0285657210236254,123940.0,123940,123940,0.0688302431542816,0.0688302431542816,0.0688302431542816,0.1311437445137167,0.1311437445137167,0.1311437445137167,0.0610355343042011,0.0610355343042011,0.0610355343042011,0.5481052442236451,0.5481052442236451,0.5481052442236451
minibatch_const,main,10,markov_w20,0.04137,0.04137,0.04137,0.979315,0.979315,0.979315,0.0206849999999999,0.0206849999999999,0.0206849999999999,0.5,0.5,0.5,0.0,0.0,0.0,0.0,0.0,0.0,0.0859261223750881,0.0859261223750881,0.0859261223750881,0.0229680999999999,0.0229680999999999,0.0229680999999999,123940.0,123940,123940,0.0665859423510811,0.0665859423510811,0.0665859423510811,0.1332096175568823,0.1332096175568823,0.1332096175568823,0.0666048087784412,0.0666048087784412,0.0666048087784412,0.5,0.5,0.5
minibatch_const,main,10,markov_w5,0.03478,0.03478,0.03478,0.98261,0.98261,0.98261,0.01739,0.01739,0.01739,0.5,0.5,0.5,0.0,0.0,0.0,0.0,0.0,0.0,0.0845827622941329,0.0845827622941329,0.0845827622941329,0.0200243999999999,0.0200243999999999,0.0200243999999999,123940.0,123940,123940,0.0665772846324512,0.0665772846324512,0.0665772846324512,0.1330482491528158,0.1330482491528158,0.1330482491528158,0.066524124576408,0.066524124576408,0.066524124576408,0.5,0.5,0.5
minibatch_const,main,10,model_posterior_oracle,0.0508259040789454,0.0508259040789454,0.0508259040789454,0.9198061521990264,0.9198061521990264,0.9198061521990264,0.0643189337812521,0.0643189337812521,0.0643189337812521,0.97860442755635,0.97860442755635,0.97860442755635,0.1874583131442646,0.1874583131442646,0.1874583131442646,0.98248,0.98248,0.98248,0.0,0.0,0.0,0.0728494787987931,0.0728494787987931,0.0728494787987931,123940.0,123940,123940,0.0548184085820337,0.0548184085820337,0.0548184085820337,0.1048152994279956,0.1048152994279956,0.1048152994279956,0.0283731429972101,0.0283731429972101,0.0283731429972101,0.9609712396248056,0.9609712396248056,0.9609712396248056
minibatch_const,main,10,reassign_U,0.03266,0.03266,0.03266,0.98367,0.98367,0.98367,0.0163299999999999,0.0163299999999999,0.0163299999999999,0.5,0.5,0.5,0.0,0.0,0.0,0.0,0.0,0.0,0.0841985432936742,0.0841985432936742,0.0841985432936742,0.0192644,0.0192644,0.0192644,123940.0,123940,123940,0.0665786143992201,0.0665786143992201,0.0665786143992201,0.1333871228013555,0.1333871228013555,0.1333871228013555,0.0666935614006777,0.0666935614006777,0.0666935614006777,0.5,0.5,0.5
minibatch_const,main,10,reassign_all,0.03266,0.03266,0.03266,0.98367,0.98367,0.98367,0.0163299999999999,0.0163299999999999,0.0163299999999999,0.5,0.5,0.5,0.0,0.0,0.0,0.0,0.0,0.0,0.0841985432936742,0.0841985432936742,0.0841985432936742,0.0192644,0.0192644,0.0192644,123940.0,123940,123940,0.0665786143992201,0.0665786143992201,0.0665786143992201,0.1333871228013555,0.1333871228013555,0.1333871228013555,0.0666935614006777,0.0666935614006777,0.0666935614006777,0.5,0.5,0.5
minibatch_const,main,10,stop,0.03606,0.03606,0.03606,0.98197,0.98197,0.98197,0.0180299999999999,0.0180299999999999,0.0180299999999999,0.5,0.5,0.5,0.0,0.0,0.0,0.0,0.0,0.0,0.0846270007368787,0.0846270007368787,0.0846270007368787,0.0203721,0.0203721,0.0203721,123940.0,123940,123940,0.0665668218198608,0.0665668218198608,0.0665668218198608,0.1332096175568823,0.1332096175568823,0.1332096175568823,0.0666048087784412,0.0666048087784412,0.0666048087784412,0.5,0.5,0.5
minibatch_const,main,10,true_posterior_oracle,0.4604398261308545,0.4604398261308545,0.4604398261308545,0.7526520301514215,0.7526520301514215,0.7526520301514215,0.2160195711119664,0.2160195711119664,0.2160195711119664,0.5936661927110021,0.5936661927110021,0.5936661927110021,0.065511555908032,0.065511555908032,0.065511555908032,0.944055,0.944055,0.944055,0.2398144394584571,0.2398144394584571,0.2398144394584571,0.2466888452746535,0.2466888452746535,0.2466888452746535,123940.0,123940,123940,0.0,0.0,0.0,0.0384952373489744,0.0384952373489744,0.0384952373489744,0.0003740186386028,0.0003740186386028,0.0003740186386028,0.9622243236961496,0.9622243236961496,0.9622243236961496
minibatch_const,main,20,fcm_soft,0.8604020178592303,0.8604020178592303,0.8604020178592303,0.0861917451565229,0.0861917451565229,0.0861917451565229,0.6868415151307529,0.6868415151307529,0.6868415151307529,0.4810611829497792,0.4810611829497792,0.4810611829497792,3.730898113583936,3.730898113583936,3.730898113583936,1.0,1.0,1.0,0.8159790288686428,0.8159790288686428,0.8159790288686428,0.8600030161888477,0.8600030161888477,0.8600030161888477,16044.0,16044,16044,0.9187949557541836,0.9187949557541836,0.9187949557541836,0.9509014835369496,0.9509014835369496,0.9509014835369496,0.1656307809563266,0.1656307809563266,0.1656307809563266,0.7024670059251504,0.7024670059251504,0.7024670059251504
minibatch_const,main,20,frequency_soft,0.2879897024813577,0.2879897024813577,0.2879897024813577,0.6930270550873334,0.6930270550873334,0.6930270550873334,0.0529317543333665,0.0529317543333665,0.0529317543333665,0.6857705755323604,0.6857705755323604,0.6857705755323604,0.4984731289396292,0.4984731289396292,0.4984731289396292,1.0,1.0,1.0,0.2740561847918216,0.2740561847918216,0.2740561847918216,0.1856682156856213,0.1856682156856213,0.1856682156856213,16044.0,16044,16044,0.6804183450682435,0.6804183450682435,0.6804183450682435,1.2327318881340776,1.2327318881340776,1.2327318881340776,0.5481970036943857,0.5481970036943857,0.5481970036943857,0.4933515211023693,0.4933515211023693,0.4933515211023693
minibatch_const,main,20,full_convergence,0.0,0.0,0.0,1.0,1.0,1.0,0.0,0.0,0.0,,,,0.0,0.0,0.0,0.0,0.0,0.0,0.4362599592360114,0.4362599592360114,0.4362599592360114,0.1781913399291559,0.1781913399291559,0.1781913399291559,16044.0,16044,16044,0.7724190438691044,0.7724190438691044,0.7724190438691044,1.5431313886811269,1.5431313886811269,1.5431313886811269,0.7715656943405634,0.7715656943405634,0.7715656943405634,0.5,0.5,0.5
minibatch_const,main,20,gmm_plugin_soft,0.4558432670128476,0.4558432670128476,0.4558432670128476,0.5169163515782192,0.5169163515782192,0.5169163515782192,0.1479944532180047,0.1479944532180047,0.1479944532180047,0.6259620330825707,0.6259620330825707,0.6259620330825707,0.7623082742817218,0.7623082742817218,0.7623082742817218,1.0,1.0,1.0,0.0763105856271248,0.0763105856271248,0.0763105856271248,0.3100375082131188,0.3100375082131188,0.3100375082131188,16044.0,16044,16044,0.592019682690071,0.592019682690071,0.592019682690071,0.9918021319381553,0.9918021319381553,0.9918021319381553,0.2589067459917283,0.2589067459917283,0.2589067459917283,0.6005968985969727,0.6005968985969727,0.6005968985969727
minibatch_const,main,20,majority,0.3748625870282154,0.3748625870282154,0.3748625870282154,0.8125687064858923,0.8125687064858923,0.8125687064858923,0.1874312935141077,0.1874312935141077,0.1874312935141077,0.5,0.5,0.5,0.0,0.0,0.0,0.0,0.0,0.0,0.4838174418581291,0.4838174418581291,0.4838174418581291,0.2911735067790399,0.2911735067790399,0.2911735067790399,16044.0,16044,16044,0.7720654371884411,0.7720654371884411,0.7720654371884411,1.5431313886811269,1.5431313886811269,1.5431313886811269,0.7715656943405634,0.7715656943405634,0.7715656943405634,0.5,0.5,0.5
minibatch_const,main,20,markov,0.3715494075974105,0.3715494075974105,0.3715494075974105,0.8142252962012947,0.8142252962012947,0.8142252962012947,0.1857747037987053,0.1857747037987053,0.1857747037987053,0.5,0.5,0.5,0.0,0.0,0.0,0.0,0.0,0.0,0.4708641947361671,0.4708641947361671,0.4708641947361671,0.2827858189813119,0.2827858189813119,0.2827858189813119,16044.0,16044,16044,0.7726993142557621,0.7726993142557621,0.7726993142557621,1.5450012465719272,1.5450012465719272,1.5450012465719272,0.7725006232859636,0.7725006232859636,0.7725006232859636,0.5,0.5,0.5
minibatch_const,main,20,markov_a0.5,0.3558690607059973,0.3558690607059973,0.3558690607059973,0.8220654696470013,0.8220654696470013,0.8220654696470013,0.1779345303529986,0.1779345303529986,0.1779345303529986,0.5,0.5,0.5,0.0,0.0,0.0,0.0,0.0,0.0,0.4762012463123855,0.4762012463123855,0.4762012463123855,0.2799447294491267,0.2799447294491267,0.2799447294491267,16044.0,16044,16044,0.7723072947473867,0.7723072947473867,0.7723072947473867,1.5440039890301671,1.5440039890301671,1.5440039890301671,0.7720019945150836,0.7720019945150836,0.7720019945150836,0.5,0.5,0.5
minibatch_const,main,20,markov_a0.5_soft,0.2833940475853451,0.2833940475853451,0.2833940475853451,0.6753621480753038,0.6753621480753038,0.6753621480753038,0.0880523337166983,0.0880523337166983,0.0880523337166983,0.7211088240966058,0.7211088240966058,0.7211088240966058,0.5475337554026816,0.5475337554026816,0.5475337554026816,1.0,1.0,1.0,0.2321814755168144,0.2321814755168144,0.2321814755168144,0.181796089111575,0.181796089111575,0.181796089111575,16044.0,16044,16044,0.6646520927879401,0.6646520927879401,0.6646520927879401,1.1808331977035305,1.1808331977035305,1.1808331977035305,0.5031463442412989,0.5031463442412989,0.5031463442412989,0.4916473208509185,0.4916473208509185,0.4916473208509185
minibatch_const,main,20,markov_pooled,0.3727861243434713,0.3727861243434713,0.3727861243434713,0.8136069378282643,0.8136069378282643,0.8136069378282643,0.1863930621717356,0.1863930621717356,0.1863930621717356,0.5,0.5,0.5,0.0,0.0,0.0,0.0,0.0,0.0,0.4766081558397783,0.4766081558397783,0.4766081558397783,0.2855015573470135,0.2855015573470135,0.2855015573470135,16044.0,16044,16044,0.7723747399182067,0.7723747399182067,0.7723747399182067,1.543754674644727,1.543754674644727,1.543754674644727,0.7718773373223635,0.7718773373223635,0.7718773373223635,0.5,0.5,0.5
minibatch_const,main,20,markov_pooled_soft,0.295593395311336,0.295593395311336,0.295593395311336,0.6570599142737307,0.6570599142737307,0.6570599142737307,0.1074743693167428,0.1074743693167428,0.1074743693167428,0.7352545769044785,0.7352545769044785,0.7352545769044785,0.5750939508170513,0.5750939508170513,0.5750939508170513,0.9999465616220838,0.9999465616220838,0.9999465616220838,0.2104510587312098,0.2104510587312098,0.2104510587312098,0.1921256317265688,0.1921256317265688,0.1921256317265688,16044.0,16044,16044,0.661809256563629,0.661809256563629,0.661809256563629,1.1676366490924766,1.1676366490924766,1.1676366490924766,0.4888153086022632,0.4888153086022632,0.4888153086022632,0.4998129527258864,0.4998129527258864,0.4998129527258864
minibatch_const,main,20,markov_soft,0.2943782346074928,0.2943782346074928,0.2943782346074928,0.7089361982777836,0.7089361982777836,0.7089361982777836,0.0665110773217724,0.0665110773217724,0.0665110773217724,0.6576024988760946,0.6576024988760946,0.6576024988760946,0.4380713073098855,0.4380713073098855,0.4380713073098855,0.8595257725662636,0.8595257725662636,0.8595257725662636,0.2761207990751487,0.2761207990751487,0.2761207990751487,0.1743768356524889,0.1743768356524889,0.1743768356524889,16044.0,16044,16044,0.6841870945374643,0.6841870945374643,0.6841870945374643,1.2437024625607396,1.2437024625607396,1.2437024625607396,0.5536173704760838,0.5536173704760838,0.5536173704760838,0.4949633914199178,0.4949633914199178,0.4949633914199178
minibatch_const,main,20,markov_w20,0.4766245266886527,0.4766245266886527,0.4766245266886527,0.7616877366556736,0.7616877366556736,0.7616877366556736,0.2383122633443264,0.2383122633443264,0.2383122633443264,0.5,0.5,0.5,0.0,0.0,0.0,0.0,0.0,0.0,0.4963889501335771,0.4963889501335771,0.4963889501335771,0.3254287284719677,0.3254287284719677,0.3254287284719677,16044.0,16044,16044,0.7723023934025258,0.7723023934025258,0.7723023934025258,1.543505360259287,1.543505360259287,1.543505360259287,0.7717526801296435,0.7717526801296435,0.7717526801296435,0.5,0.5,0.5
minibatch_const,main,20,markov_w5,0.4309270795163063,0.4309270795163063,0.4309270795163063,0.7845364602418469,0.7845364602418469,0.7845364602418469,0.2154635397581531,0.2154635397581531,0.2154635397581531,0.5,0.5,0.5,0.0,0.0,0.0,0.0,0.0,0.0,0.4637765894875663,0.4637765894875663,0.4637765894875663,0.2895698973983143,0.2895698973983143,0.2895698973983143,16044.0,16044,16044,0.7732155334931814,0.7732155334931814,0.7732155334931814,1.5427574171029668,1.5427574171029668,1.5427574171029668,0.7713787085514834,0.7713787085514834,0.7713787085514834,0.5,0.5,0.5
minibatch_const,main,20,model_posterior_oracle,0.3954807382774062,0.3954807382774062,0.3954807382774062,0.5637400407639886,0.5637400407639886,0.5637400407639886,0.1577134889802557,0.1577134889802557,0.1577134889802557,0.7271472425626947,0.7271472425626947,0.7271472425626947,0.7249238321535845,0.7249238321535845,0.7249238321535845,1.0,1.0,1.0,0.0,0.0,0.0,0.2635620775535838,0.2635620775535838,0.2635620775535838,16044.0,16044,16044,0.5882000712348449,0.5882000712348449,0.5882000712348449,0.9835647647082132,0.9835647647082132,0.9835647647082132,0.2545451363914783,0.2545451363914783,0.2545451363914783,0.6349674068395662,0.6349674068395662,0.6349674068395662
minibatch_const,main,20,reassign_U,0.4533559301331379,0.4533559301331379,0.4533559301331379,0.7733220349334311,0.7733220349334311,0.7733220349334311,0.2266779650665689,0.2266779650665689,0.2266779650665689,0.5,0.5,0.5,0.0,0.0,0.0,0.0,0.0,0.0,0.4605014963924527,0.4605014963924527,0.4605014963924527,0.2946518871381458,0.2946518871381458,0.2946518871381458,16044.0,16044,16044,0.784092854178345,0.784092854178345,0.784092854178345,1.568062827225131,1.568062827225131,1.568062827225131,0.7840314136125655,0.7840314136125655,0.7840314136125655,0.5,0.5,0.5
minibatch_const,main,20,reassign_all,0.4533559301331379,0.4533559301331379,0.4533559301331379,0.7733220349334311,0.7733220349334311,0.7733220349334311,0.2266779650665689,0.2266779650665689,0.2266779650665689,0.5,0.5,0.5,0.0,0.0,0.0,0.0,0.0,0.0,0.4605014963924527,0.4605014963924527,0.4605014963924527,0.2946518871381458,0.2946518871381458,0.2946518871381458,16044.0,16044,16044,0.784092854178345,0.784092854178345,0.784092854178345,1.568062827225131,1.568062827225131,1.568062827225131,0.7840314136125655,0.7840314136125655,0.7840314136125655,0.5,0.5,0.5
minibatch_const,main,20,stop,0.4698149505313301,0.4698149505313301,0.4698149505313301,0.7650925247343349,0.7650925247343349,0.7650925247343349,0.2349074752656651,0.2349074752656651,0.2349074752656651,0.5,0.5,0.5,0.0,0.0,0.0,0.0,0.0,0.0,0.4619963176413134,0.4619963176413134,0.4619963176413134,0.2974644253084157,0.2974644253084157,0.2974644253084157,16044.0,16044,16044,0.7743371213287724,0.7743371213287724,0.7743371213287724,1.5474943904263276,1.5474943904263276,1.5474943904263276,0.7737471952131638,0.7737471952131638,0.7737471952131638,0.5,0.5,0.5
minibatch_const,main,20,true_posterior_oracle,1.158293935718978,1.158293935718978,1.158293935718978,0.3970364568602928,0.3970364568602928,0.3970364568602928,0.5668883220304943,0.5668883220304943,0.5668883220304943,0.6181787217796906,0.6181787217796906,0.6181787217796906,0.0837462245552716,0.0837462245552716,0.0837462245552716,0.8336692317088067,0.8336692317088067,0.8336692317088067,0.5604015671297755,0.5604015671297755,0.5604015671297755,0.5873871165019734,0.5873871165019734,0.5873871165019734,16044.0,16044,16044,0.0,0.0,0.0,0.2507205883702437,0.2507205883702437,0.2507205883702437,0.0040528179705133,0.0040528179705133,0.0040528179705133,0.86681920869946,0.86681920869946,0.86681920869946
minibatch_const,main,30,fcm_soft,0.8573066092239205,0.8573066092239205,0.8573066092239205,0.0879320956107202,0.0879320956107202,0.0879320956107202,0.7526816452573711,0.7526816452573711,0.7526816452573711,0.5275904013994904,0.5275904013994904,0.5275904013994904,3.727019649418465,3.727019649418465,3.727019649418465,1.0,1.0,1.0,0.813043991596913,0.813043991596913,0.813043991596913,0.8602121263728851,0.8602121263728851,0.8602121263728851,16225.0,16225,16225,0.9192995597824588,0.9192995597824588,0.9192995597824588,0.9516227258481532,0.9516227258481532,0.9516227258481532,0.1639386184278032,0.1639386184278032,0.1639386184278032,0.6941455865585762,0.6941455865585762,0.6941455865585762
minibatch_const,main,30,frequency_soft,0.3215115272901797,0.3215115272901797,0.3215115272901797,0.6770345269654343,0.6770345269654343,0.6770345269654343,0.0541975758005237,0.0541975758005237,0.0541975758005237,0.6503546161009677,0.6503546161009677,0.6503546161009677,0.4964582747076397,0.4964582747076397,0.4964582747076397,1.0,1.0,1.0,0.2818389994017282,0.2818389994017282,0.2818389994017282,0.2057963298792409,0.2057963298792409,0.2057963298792409,16225.0,16225,16225,0.6854068522075928,0.6854068522075928,0.6854068522075928,1.2416121432846468,1.2416121432846468,1.2416121432846468,0.5524135032917775,0.5524135032917775,0.5524135032917775,0.4930274151143811,0.4930274151143811,0.4930274151143811
minibatch_const,main,30,full_convergence,0.0,0.0,0.0,1.0,1.0,1.0,0.0,0.0,0.0,,,,0.0,0.0,0.0,0.0,0.0,0.0,0.4336565507126881,0.4336565507126881,0.4336565507126881,0.1693750487191297,0.1693750487191297,0.1693750487191297,16225.0,16225,16225,0.7750911416897615,0.7750911416897615,0.7750911416897615,1.5505701078582437,1.5505701078582437,1.5505701078582437,0.7752850539291217,0.7752850539291217,0.7752850539291217,0.5,0.5,0.5
minibatch_const,main,30,gmm_plugin_soft,0.431824797007159,0.431824797007159,0.431824797007159,0.5320054601559996,0.5320054601559996,0.5320054601559996,0.1793278024234608,0.1793278024234608,0.1793278024234608,0.6733240401454936,0.6733240401454936,0.6733240401454936,0.7534637708771944,0.7534637708771944,0.7534637708771944,1.0,1.0,1.0,0.0653091874133278,0.0653091874133278,0.0653091874133278,0.3034230312773853,0.3034230312773853,0.3034230312773853,16225.0,16225,16225,0.5970918076812881,0.5970918076812881,0.5970918076812881,0.9987672666735932,0.9987672666735932,0.9987672666735932,0.264294311443954,0.264294311443954,0.264294311443954,0.6130552826707689,0.6130552826707689,0.6130552826707689
minibatch_const,main,30,majority,0.4278071076781348,0.4278071076781348,0.4278071076781348,0.7860964461609325,0.7860964461609325,0.7860964461609325,0.2139035538390674,0.2139035538390674,0.2139035538390674,0.5,0.5,0.5,0.0,0.0,0.0,0.0,0.0,0.0,0.4932543465786795,0.4932543465786795,0.4932543465786795,0.3147940332353046,0.3147940332353046,0.3147940332353046,16225.0,16225,16225,0.7760974966278195,0.7760974966278195,0.7760974966278195,1.5521725731895224,1.5521725731895224,1.5521725731895224,0.7760862865947612,0.7760862865947612,0.7760862865947612,0.5,0.5,0.5
minibatch_const,main,30,markov,0.3501399567728448,0.3501399567728448,0.3501399567728448,0.8249300216135775,0.8249300216135775,0.8249300216135775,0.1750699783864224,0.1750699783864224,0.1750699783864224,0.5,0.5,0.5,0.0,0.0,0.0,0.0,0.0,0.0,0.4565090303967146,0.4565090303967146,0.4565090303967146,0.2669466746979414,0.2669466746979414,0.2669466746979414,16225.0,16225,16225,0.7766823951542593,0.7766823951542593,0.7766823951542593,1.559075500770416,1.559075500770416,1.559075500770416,0.779537750385208,0.779537750385208,0.779537750385208,0.5,0.5,0.5
minibatch_const,main,30,markov_a0.5,0.3652482018212096,0.3652482018212096,0.3652482018212096,0.8173758990893951,0.8173758990893951,0.8173758990893951,0.1826241009106048,0.1826241009106048,0.1826241009106048,0.5,0.5,0.5,0.0,0.0,0.0,0.0,0.0,0.0,0.4724533599237123,0.4724533599237123,0.4724533599237123,0.28069886262977,0.28069886262977,0.28069886262977,16225.0,16225,16225,0.7760882839175736,0.7760882839175736,0.7760882839175736,1.5573497688751925,1.5573497688751925,1.5573497688751925,0.7786748844375964,0.7786748844375964,0.7786748844375964,0.5,0.5,0.5
minibatch_const,main,30,markov_a0.5_soft,0.2993850384714807,0.2993850384714807,0.2993850384714807,0.662279205633033,0.662279205633033,0.662279205633033,0.0916166988716363,0.0916166988716363,0.0916166988716363,0.6908231548245237,0.6908231548245237,0.6908231548245237,0.5598488570516608,0.5598488570516608,0.5598488570516608,1.0,1.0,1.0,0.2276906923849903,0.2276906923849903,0.2276906923849903,0.1995486280911765,0.1995486280911765,0.1995486280911765,16225.0,16225,16225,0.6689365529883006,0.6689365529883006,0.6689365529883006,1.187662445216581,1.187662445216581,1.187662445216581,0.5072222737852723,0.5072222737852723,0.5072222737852723,0.4959129952895538,0.4959129952895538,0.4959129952895538
minibatch_const,main,30,markov_pooled,0.3858980264323424,0.3858980264323424,0.3858980264323424,0.8070509867838288,0.8070509867838288,0.8070509867838288,0.1929490132161712,0.1929490132161712,0.1929490132161712,0.5,0.5,0.5,0.0,0.0,0.0,0.0,0.0,0.0,0.4731437596469459,0.4731437596469459,0.4731437596469459,0.2875420756120894,0.2875420756120894,0.2875420756120894,16225.0,16225,16225,0.7770328723636403,0.7770328723636403,0.7770328723636403,1.5578428351309708,1.5578428351309708,1.5578428351309708,0.7789214175654854,0.7789214175654854,0.7789214175654854,0.5,0.5,0.5
minibatch_const,main,30,markov_pooled_soft,0.3011620965245138,0.3011620965245138,0.3011620965245138,0.6484071728518958,0.6484071728518958,0.6484071728518958,0.1147994165417703,0.1147994165417703,0.1147994165417703,0.7569424014723374,0.7569424014723374,0.7569424014723374,0.5886666925818262,0.5886666925818262,0.5886666925818262,0.999936222230096,0.999936222230096,0.999936222230096,0.2002017199342949,0.2002017199342949,0.2002017199342949,0.2059965788430906,0.2059965788430906,0.2059965788430906,16225.0,16225,16225,0.6655424684239809,0.6655424684239809,0.6655424684239809,1.1742601551740028,1.1742601551740028,1.1742601551740028,0.4924879875481672,0.4924879875481672,0.4924879875481672,0.5070607612118333,0.5070607612118333,0.5070607612118333
minibatch_const,main,30,markov_soft,0.2931800500537103,0.2931800500537103,0.2931800500537103,0.7151476228296457,0.7151476228296457,0.7151476228296457,0.080469840460414,0.080469840460414,0.080469840460414,0.6240887540767724,0.6240887540767724,0.6240887540767724,0.4207831058138054,0.4207831058138054,0.4207831058138054,0.8243772809410764,0.8243772809410764,0.8243772809410764,0.2690891848033053,0.2690891848033053,0.2690891848033053,0.1709087141123432,0.1709087141123432,0.1709087141123432,16225.0,16225,16225,0.6887365557744888,0.6887365557744888,0.6887365557744888,1.2522667922986543,1.2522667922986543,1.2522667922986543,0.5589213642016577,0.5589213642016577,0.5589213642016577,0.4988968604650599,0.4988968604650599,0.4988968604650599
minibatch_const,main,30,markov_w20,0.333033341600822,0.333033341600822,0.333033341600822,0.833483329199589,0.833483329199589,0.833483329199589,0.166516670800411,0.166516670800411,0.166516670800411,0.5,0.5,0.5,0.0,0.0,0.0,0.0,0.0,0.0,0.46777746014973,0.46777746014973,0.46777746014973,0.273637529674379,0.273637529674379,0.273637529674379,16225.0,16225,16225,0.7753702420141655,0.7753702420141655,0.7753702420141655,1.5510631741140215,1.5510631741140215,1.5510631741140215,0.7755315870570108,0.7755315870570108,0.7755315870570108,0.5,0.5,0.5
minibatch_const,main,30,markov_w5,0.4273960953831981,0.4273960953831981,0.4273960953831981,0.7863019523084009,0.7863019523084009,0.7863019523084009,0.213698047691599,0.213698047691599,0.213698047691599,0.5,0.5,0.5,0.0,0.0,0.0,0.0,0.0,0.0,0.4521633731513041,0.4521633731513041,0.4521633731513041,0.2803500690925841,0.2803500690925841,0.2803500690925841,16225.0,16225,16225,0.7767127004547888,0.7767127004547888,0.7767127004547888,1.558582434514638,1.558582434514638,1.558582434514638,0.779291217257319,0.779291217257319,0.779291217257319,0.5,0.5,0.5
minibatch_const,main,30,model_posterior_oracle,0.3891792470278856,0.3891792470278856,0.3891792470278856,0.566343449287312,0.566343449287312,0.566343449287312,0.171435149635023,0.171435149635023,0.171435149635023,0.7348916708259674,0.7348916708259674,0.7348916708259674,0.7251854424768178,0.7251854424768178,0.7251854424768178,1.0,1.0,1.0,0.0,0.0,0.0,0.269399564362098,0.269399564362098,0.269399564362098,16225.0,16225,16225,0.5942651218459569,0.5942651218459569,0.5942651218459569,0.991554777315297,0.991554777315297,0.991554777315297,0.2601902700179087,0.2601902700179087,0.2601902700179087,0.6357967468818908,0.6357967468818908,0.6357967468818908
minibatch_const,main,30,reassign_U,0.3184778372249583,0.3184778372249583,0.3184778372249583,0.8407610813875208,0.8407610813875208,0.8407610813875208,0.1592389186124791,0.1592389186124791,0.1592389186124791,0.5,0.5,0.5,0.0,0.0,0.0,0.0,0.0,0.0,0.4425505388573174,0.4425505388573174,0.4425505388573174,0.2388855897672111,0.2388855897672111,0.2388855897672111,16225.0,16225,16225,0.785523310199365,0.785523310199365,0.785523310199365,1.5717719568567026,1.5717719568567026,1.5717719568567026,0.7858859784283513,0.7858859784283513,0.7858859784283513,0.5,0.5,0.5
minibatch_const,main,30,reassign_all,0.3184778372249583,0.3184778372249583,0.3184778372249583,0.8407610813875208,0.8407610813875208,0.8407610813875208,0.1592389186124791,0.1592389186124791,0.1592389186124791,0.5,0.5,0.5,0.0,0.0,0.0,0.0,0.0,0.0,0.4425505388573174,0.4425505388573174,0.4425505388573174,0.2388855897672111,0.2388855897672111,0.2388855897672111,16225.0,16225,16225,0.785523310199365,0.785523310199365,0.785523310199365,1.5717719568567026,1.5717719568567026,1.5717719568567026,0.7858859784283513,0.7858859784283513,0.7858859784283513,0.5,0.5,0.5
minibatch_const,main,30,stop,0.487559791659285,0.487559791659285,0.487559791659285,0.7562201041703575,0.7562201041703575,0.7562201041703575,0.2437798958296425,0.2437798958296425,0.2437798958296425,0.5,0.5,0.5,0.0,0.0,0.0,0.0,0.0,0.0,0.4498668120839454,0.4498668120839454,0.4498668120839454,0.2929955001240124,0.2929955001240124,0.2929955001240124,16225.0,16225,16225,0.7770571779336798,0.7770571779336798,0.7770571779336798,1.5598151001540832,1.5598151001540832,1.5598151001540832,0.7799075500770416,0.7799075500770416,0.7799075500770416,0.5,0.5,0.5
minibatch_const,main,30,true_posterior_oracle,1.148215502051983,1.148215502051983,1.148215502051983,0.4035389183504652,0.4035389183504652,0.4035389183504652,0.5625329468241481,0.5625329468241481,0.5625329468241481,0.6052975623494342,0.6052975623494342,0.6052975623494342,0.0787441062687777,0.0787441062687777,0.0787441062687777,0.8129681465471424,0.8129681465471424,0.8129681465471424,0.5587181984456119,0.5587181984456119,0.5587181984456119,0.5822337432107217,0.5822337432107217,0.5822337432107217,16225.0,16225,16225,0.0,0.0,0.0,0.2467819838507561,0.2467819838507561,0.2467819838507561,0.0037005369314491,0.0037005369314491,0.0037005369314491,0.866146333195446,0.866146333195446,0.866146333195446
minibatch_const,main,40,fcm_soft,0.8591052917959425,0.8591052917959425,0.8591052917959425,0.0869274625228766,0.0869274625228766,0.0869274625228766,0.7432392094859147,0.7432392094859147,0.7432392094859147,0.5116286106498259,0.5116286106498259,0.5116286106498259,3.7291325389458656,3.7291325389458656,3.7291325389458656,1.0,1.0,1.0,0.8133381826324091,0.8133381826324091,0.8133381826324091,0.8567881961747276,0.8567881961747276,0.8567881961747276,15875.0,15875,15875,0.918570668510648,0.918570668510648,0.918570668510648,0.9505592064170696,0.9505592064170696,0.9505592064170696,0.187321717544901,0.187321717544901,0.187321717544901,0.6945762678159751,0.6945762678159751,0.6945762678159751
minibatch_const,main,40,frequency_soft,0.2550258507585956,0.2550258507585956,0.2550258507585956,0.7121472763341161,0.7121472763341161,0.7121472763341161,0.069705909167438,0.069705909167438,0.069705909167438,0.7186896195386245,0.7186896195386245,0.7186896195386245,0.4922582862006054,0.4922582862006054,0.4922582862006054,1.0,1.0,1.0,0.2573098814017605,0.2573098814017605,0.2573098814017605,0.1637132253365444,0.1637132253365444,0.1637132253365444,15875.0,15875,15875,0.6782056866542876,0.6782056866542876,0.6782056866542876,1.2283131385436326,1.2283131385436326,1.2283131385436326,0.5462963493199713,0.5462963493199713,0.5462963493199713,0.4862043857788748,0.4862043857788748,0.4862043857788748
minibatch_const,main,40,full_convergence,0.0,0.0,0.0,1.0,1.0,1.0,0.0,0.0,0.0,,,,0.0,0.0,0.0,0.0,0.0,0.0,0.459421072018965,0.459421072018965,0.459421072018965,0.1808062426340871,0.1808062426340871,0.1808062426340871,15875.0,15875,15875,0.7707533352093011,0.7707533352093011,0.7707533352093011,1.5353700787401574,1.5353700787401574,1.5353700787401574,0.7676850393700787,0.7676850393700787,0.7676850393700787,0.5,0.5,0.5
minibatch_const,main,40,gmm_plugin_soft,0.4445129948159699,0.4445129948159699,0.4445129948159699,0.5228287500736317,0.5228287500736317,0.5228287500736317,0.1928461196353876,0.1928461196353876,0.1928461196353876,0.6368668306850543,0.6368668306850543,0.6368668306850543,0.7621779865622343,0.7621779865622343,0.7621779865622343,1.0,1.0,1.0,0.0480204185202201,0.0480204185202201,0.0480204185202201,0.3010800938514012,0.3010800938514012,0.3010800938514012,15875.0,15875,15875,0.586753715090552,0.586753715090552,0.586753715090552,0.9826321798277028,0.9826321798277028,0.9826321798277028,0.2524712549818086,0.2524712549818086,0.2524712549818086,0.6420241159984503,0.6420241159984503,0.6420241159984503
minibatch_const,main,40,majority,0.3208134163927706,0.3208134163927706,0.3208134163927706,0.8395932918036147,0.8395932918036147,0.8395932918036147,0.1604067081963852,0.1604067081963852,0.1604067081963852,0.5,0.5,0.5,0.0,0.0,0.0,0.0,0.0,0.0,0.4766629492678739,0.4766629492678739,0.4766629492678739,0.2668024800708591,0.2668024800708591,0.2668024800708591,15875.0,15875,15875,0.7706806662363613,0.7706806662363613,0.7706806662363613,1.5341102362204724,1.5341102362204724,1.5341102362204724,0.7670551181102362,0.7670551181102362,0.7670551181102362,0.5,0.5,0.5
minibatch_const,main,40,markov,0.3349413289021953,0.3349413289021953,0.3349413289021953,0.8325293355489023,0.8325293355489023,0.8325293355489023,0.1674706644510977,0.1674706644510977,0.1674706644510977,0.5,0.5,0.5,0.0,0.0,0.0,0.0,0.0,0.0,0.4734755285680455,0.4734755285680455,0.4734755285680455,0.2663534613385648,0.2663534613385648,0.2663534613385648,15875.0,15875,15875,0.7710444947910802,0.7710444947910802,0.7710444947910802,1.5346141732283465,1.5346141732283465,1.5346141732283465,0.7673070866141732,0.7673070866141732,0.7673070866141732,0.5,0.5,0.5
minibatch_const,main,40,markov_a0.5,0.3081348959438982,0.3081348959438982,0.3081348959438982,0.8459325520280508,0.8459325520280508,0.8459325520280508,0.1540674479719491,0.1540674479719491,0.1540674479719491,0.5,0.5,0.5,0.0,0.0,0.0,0.0,0.0,0.0,0.4732805375227772,0.4732805375227772,0.4732805375227772,0.257569706241902,0.257569706241902,0.257569706241902,15875.0,15875,15875,0.7706917828631162,0.7706917828631162,0.7706917828631162,1.5346141732283465,1.5346141732283465,1.5346141732283465,0.7673070866141732,0.7673070866141732,0.7673070866141732,0.5,0.5,0.5
minibatch_const,main,40,markov_a0.5_soft,0.2576615417656448,0.2576615417656448,0.2576615417656448,0.6938805403250269,0.6938805403250269,0.6938805403250269,0.1001937300379926,0.1001937300379926,0.1001937300379926,0.7504008678430246,0.7504008678430246,0.7504008678430246,0.5334634132269825,0.5334634132269825,0.5334634132269825,1.0,1.0,1.0,0.2251133948976538,0.2251133948976538,0.2251133948976538,0.163532195352931,0.163532195352931,0.163532195352931,15875.0,15875,15875,0.6623224867296696,0.6623224867296696,0.6623224867296696,1.1771147821058916,1.1771147821058916,1.1771147821058916,0.5028230685339423,0.5028230685339423,0.5028230685339423,0.4870492472398795,0.4870492472398795,0.4870492472398795
minibatch_const,main,40,markov_pooled,0.3307395559589778,0.3307395559589778,0.3307395559589778,0.8346302220205111,0.8346302220205111,0.8346302220205111,0.1653697779794889,0.1653697779794889,0.1653697779794889,0.5,0.5,0.5,0.0,0.0,0.0,0.0,0.0,0.0,0.4738300907873271,0.4738300907873271,0.4738300907873271,0.2646073099136953,0.2646073099136953,0.2646073099136953,15875.0,15875,15875,0.7720641192873035,0.7720641192873035,0.7720641192873035,1.534992125984252,1.534992125984252,1.534992125984252,0.7674960629921259,0.7674960629921259,0.7674960629921259,0.5,0.5,0.5
minibatch_const,main,40,markov_pooled_soft,0.2727376578436213,0.2727376578436213,0.2727376578436213,0.6745377275109822,0.6745377275109822,0.6745377275109822,0.1173187954726222,0.1173187954726222,0.1173187954726222,0.7569403809999444,0.7569403809999444,0.7569403809999444,0.5603161336381884,0.5603161336381884,0.5603161336381884,0.9999121580569362,0.9999121580569362,0.9999121580569362,0.2032733902816174,0.2032733902816174,0.2032733902816174,0.1750898942362803,0.1750898942362803,0.1750898942362803,15875.0,15875,15875,0.6591059293555463,0.6591059293555463,0.6591059293555463,1.1634166132155987,1.1634166132155987,1.1634166132155987,0.486065461838534,0.486065461838534,0.486065461838534,0.4948945261432531,0.4948945261432531,0.4948945261432531
minibatch_const,main,40,markov_soft,0.2745776260294619,0.2745776260294619,0.2745776260294619,0.725569556760872,0.725569556760872,0.725569556760872,0.0700997829650435,0.0700997829650435,0.0700997829650435,0.6645733021410474,0.6645733021410474,0.6645733021410474,0.4175547394067619,0.4175547394067619,0.4175547394067619,0.818664948868669,0.818664948868669,0.818664948868669,0.2817521890021967,0.2817521890021967,0.2817521890021967,0.1605617708495686,0.1605617708495686,0.1605617708495686,15875.0,15875,15875,0.681994436185144,0.681994436185144,0.681994436185144,1.2392153079543775,1.2392153079543775,1.2392153079543775,0.55322796244477,0.55322796244477,0.55322796244477,0.4923176414293341,0.4923176414293341,0.4923176414293341
minibatch_const,main,40,markov_w20,0.3068904684171614,0.3068904684171614,0.3068904684171614,0.8465547657914193,0.8465547657914193,0.8465547657914193,0.1534452342085807,0.1534452342085807,0.1534452342085807,0.5,0.5,0.5,0.0,0.0,0.0,0.0,0.0,0.0,0.4767713268201515,0.4767713268201515,0.4767713268201515,0.2679201223931073,0.2679201223931073,0.2679201223931073,15875.0,15875,15875,0.7716151060899379,0.7716151060899379,0.7716151060899379,1.536503937007874,1.536503937007874,1.536503937007874,0.7682519685039371,0.7682519685039371,0.7682519685039371,0.5,0.5,0.5
minibatch_const,main,40,markov_w5,0.4000468490363006,0.4000468490363006,0.4000468490363006,0.7999765754818496,0.7999765754818496,0.7999765754818496,0.2000234245181503,0.2000234245181503,0.2000234245181503,0.5,0.5,0.5,0.0,0.0,0.0,0.0,0.0,0.0,0.4714019484695231,0.4714019484695231,0.4714019484695231,0.2755158152098325,0.2755158152098325,0.2755158152098325,15875.0,15875,15875,0.7717718822211994,0.7717718822211994,0.7717718822211994,1.5363779527559056,1.5363779527559056,1.5363779527559056,0.7681889763779528,0.7681889763779528,0.7681889763779528,0.5,0.5,0.5
minibatch_const,main,40,model_posterior_oracle,0.4184658735785861,0.4184658735785861,0.4184658735785861,0.5405789279810349,0.5405789279810349,0.5405789279810349,0.1838465672166563,0.1838465672166563,0.1838465672166563,0.7100428119167659,0.7100428119167659,0.7100428119167659,0.7525930579437821,0.7525930579437821,0.7525930579437821,1.0,1.0,1.0,0.0,0.0,0.0,0.2839205169985252,0.2839205169985252,0.2839205169985252,15875.0,15875,15875,0.5855718867312176,0.5855718867312176,0.5855718867312176,0.9810633095685096,0.9810633095685096,0.9810633095685096,0.2549899176585271,0.2549899176585271,0.2549899176585271,0.6331102591176738,0.6331102591176738,0.6331102591176738
minibatch_const,main,40,reassign_U,0.3393480663792283,0.3393480663792283,0.3393480663792283,0.8303259668103858,0.8303259668103858,0.8303259668103858,0.1696740331896141,0.1696740331896141,0.1696740331896141,0.5,0.5,0.5,0.0,0.0,0.0,0.0,0.0,0.0,0.4673711703239148,0.4673711703239148,0.4673711703239148,0.2533841840581513,0.2533841840581513,0.2533841840581513,15875.0,15875,15875,0.7660333886781138,0.7660333886781138,0.7660333886781138,1.5246614173228346,1.5246614173228346,1.5246614173228346,0.7623307086614173,0.7623307086614173,0.7623307086614173,0.5,0.5,0.5
minibatch_const,main,40,reassign_all,0.3393480663792283,0.3393480663792283,0.3393480663792283,0.8303259668103858,0.8303259668103858,0.8303259668103858,0.1696740331896141,0.1696740331896141,0.1696740331896141,0.5,0.5,0.5,0.0,0.0,0.0,0.0,0.0,0.0,0.4673711703239148,0.4673711703239148,0.4673711703239148,0.2533841840581513,0.2533841840581513,0.2533841840581513,15875.0,15875,15875,0.7660333886781138,0.7660333886781138,0.7660333886781138,1.5246614173228346,1.5246614173228346,1.5246614173228346,0.7623307086614173,0.7623307086614173,0.7623307086614173,0.5,0.5,0.5
minibatch_const,main,40,stop,0.4630148818891874,0.4630148818891874,0.4630148818891874,0.7684925590554063,0.7684925590554063,0.7684925590554063,0.2315074409445937,0.2315074409445937,0.2315074409445937,0.5,0.5,0.5,0.0,0.0,0.0,0.0,0.0,0.0,0.4736105398996468,0.4736105398996468,0.4736105398996468,0.2903239171650477,0.2903239171650477,0.2903239171650477,15875.0,15875,15875,0.7721880795492366,0.7721880795492366,0.7721880795492366,1.539527559055118,1.539527559055118,1.539527559055118,0.769763779527559,0.769763779527559,0.769763779527559,0.5,0.5,0.5
minibatch_const,main,40,true_posterior_oracle,1.160433300653578,1.160433300653578,1.160433300653578,0.3968102309216075,0.3968102309216075,0.3968102309216075,0.5684705267505757,0.5684705267505757,0.5684705267505757,0.6109073633259756,0.6109073633259756,0.6109073633259756,0.0808812716072578,0.0808812716072578,0.0808812716072578,0.8233864533083471,0.8233864533083471,0.8233864533083471,0.5610457852642333,0.5610457852642333,0.5610457852642333,0.5875414276382558,0.5875414276382558,0.5875414276382558,15875.0,15875,15875,0.0,0.0,0.0,0.2511446996652127,0.2511446996652127,0.2511446996652127,0.0060109817466028,0.0060109817466028,0.0060109817466028,0.8624004156439177,0.8624004156439177,0.8624004156439177
minibatch_const,main,50,fcm_soft,0.8651371367831069,0.8651371367831069,0.8651371367831069,0.0834584643177439,0.0834584643177439,0.0834584643177439,0.6974057410887429,0.6974057410887429,0.6974057410887429,0.5059971875628655,0.5059971875628655,0.5059971875628655,3.7384615760461,3.7384615760461,3.7384615760461,1.0,1.0,1.0,0.8177970003661267,0.8177970003661267,0.8177970003661267,0.8549812648911502,0.8549812648911502,0.8549812648911502,17059.0,17059,17059,0.9221017636642314,0.9221017636642314,0.9221017636642314,0.9531880412315408,0.9531880412315408,0.9531880412315408,0.1579783430500074,0.1579783430500074,0.1579783430500074,0.7090669925265383,0.7090669925265383,0.7090669925265383
minibatch_const,main,50,frequency_soft,0.2485364538261534,0.2485364538261534,0.2485364538261534,0.7140807586637302,0.7140807586637302,0.7140807586637302,0.0773562979275912,0.0773562979275912,0.0773562979275912,0.7331555371620924,0.7331555371620924,0.7331555371620924,0.4954597630970058,0.4954597630970058,0.4954597630970058,1.0,1.0,1.0,0.2641438783771553,0.2641438783771553,0.2641438783771553,0.1485957117135212,0.1485957117135212,0.1485957117135212,17059.0,17059,17059,0.7001208808793838,0.7001208808793838,0.7001208808793838,1.2572932346125916,1.2572932346125916,1.2572932346125916,0.5579459522832523,0.5579459522832523,0.5579459522832523,0.504751152465152,0.504751152465152,0.504751152465152
minibatch_const,main,50,full_convergence,0.0,0.0,0.0,1.0,1.0,1.0,0.0,0.0,0.0,,,,0.0,0.0,0.0,0.0,0.0,0.0,0.4783243264721411,0.4783243264721411,0.4783243264721411,0.1963746547778742,0.1963746547778742,0.1963746547778742,17059.0,17059,17059,0.7847841190159198,0.7847841190159198,0.7847841190159198,1.5665631045196085,1.5665631045196085,1.5665631045196085,0.7832815522598042,0.7832815522598042,0.7832815522598042,0.5,0.5,0.5
minibatch_const,main,50,gmm_plugin_soft,0.46650498092671,0.46650498092671,0.46650498092671,0.5097589554577596,0.5097589554577596,0.5097589554577596,0.1255609103776221,0.1255609103776221,0.1255609103776221,0.6377059259978131,0.6377059259978131,0.6377059259978131,0.7711831864764542,0.7711831864764542,0.7711831864764542,1.0,1.0,1.0,0.0542835638038868,0.0542835638038868,0.0542835638038868,0.2996218704681298,0.2996218704681298,0.2996218704681298,17059.0,17059,17059,0.615572038610631,0.615572038610631,0.615572038610631,1.0169810077947354,1.0169810077947354,1.0169810077947354,0.2790445582252763,0.2790445582252763,0.2790445582252763,0.599470325712496,0.599470325712496,0.599470325712496
minibatch_const,main,50,majority,0.3108340566558826,0.3108340566558826,0.3108340566558826,0.8445829716720588,0.8445829716720588,0.8445829716720588,0.1554170283279412,0.1554170283279412,0.1554170283279412,0.5,0.5,0.5,0.0,0.0,0.0,0.0,0.0,0.0,0.4897742595681355,0.4897742595681355,0.4897742595681355,0.2680067860806439,0.2680067860806439,0.2680067860806439,17059.0,17059,17059,0.786077797493557,0.786077797493557,0.786077797493557,1.5699630693475586,1.5699630693475586,1.5699630693475586,0.7849815346737792,0.7849815346737792,0.7849815346737792,0.5,0.5,0.5
minibatch_const,main,50,markov,0.3992267024382545,0.3992267024382545,0.3992267024382545,0.8003866487808727,0.8003866487808727,0.8003866487808727,0.1996133512191272,0.1996133512191272,0.1996133512191272,0.5,0.5,0.5,0.0,0.0,0.0,0.0,0.0,0.0,0.4922688932163696,0.4922688932163696,0.4922688932163696,0.3005106920224099,0.3005106920224099,0.3005106920224099,17059.0,17059,17059,0.7863429922925551,0.7863429922925551,0.7863429922925551,1.5705492701799637,1.5705492701799637,1.5705492701799637,0.7852746350899819,0.7852746350899819,0.7852746350899819,0.5,0.5,0.5
minibatch_const,main,50,markov_a0.5,0.323317288724059,0.323317288724059,0.323317288724059,0.8383413556379705,0.8383413556379705,0.8383413556379705,0.1616586443620294,0.1616586443620294,0.1616586443620294,0.5,0.5,0.5,0.0,0.0,0.0,0.0,0.0,0.0,0.4894839652660531,0.4894839652660531,0.4894839652660531,0.27066961256214,0.27066961256214,0.27066961256214,17059.0,17059,17059,0.7856660160755955,0.7856660160755955,0.7856660160755955,1.5697285890145964,1.5697285890145964,1.5697285890145964,0.7848642945072982,0.7848642945072982,0.7848642945072982,0.5,0.5,0.5
minibatch_const,main,50,markov_a0.5_soft,0.2730487235212295,0.2730487235212295,0.2730487235212295,0.6745587403612142,0.6745587403612142,0.6745587403612142,0.1138315016908329,0.1138315016908329,0.1138315016908329,0.7375374740169096,0.7375374740169096,0.7375374740169096,0.5622947977312176,0.5622947977312176,0.5622947977312176,1.0,1.0,1.0,0.2207265275080089,0.2207265275080089,0.2207265275080089,0.1648432687873508,0.1648432687873508,0.1648432687873508,17059.0,17059,17059,0.6844764616051955,0.6844764616051955,0.6844764616051955,1.2048027562475387,1.2048027562475387,1.2048027562475387,0.5130723067656444,0.5130723067656444,0.5130723067656444,0.504127396864684,0.504127396864684,0.504127396864684
minibatch_const,main,50,markov_pooled,0.3471790420579184,0.3471790420579184,0.3471790420579184,0.8264104789710408,0.8264104789710408,0.8264104789710408,0.1735895210289592,0.1735895210289592,0.1735895210289592,0.5,0.5,0.5,0.0,0.0,0.0,0.0,0.0,0.0,0.4898793694577038,0.4898793694577038,0.4898793694577038,0.2784534048765091,0.2784534048765091,0.2784534048765091,17059.0,17059,17059,0.7862700278940354,0.7862700278940354,0.7862700278940354,1.571487191511812,1.571487191511812,1.571487191511812,0.785743595755906,0.785743595755906,0.785743595755906,0.5,0.5,0.5
minibatch_const,main,50,markov_pooled_soft,0.2968832240033092,0.2968832240033092,0.2968832240033092,0.6497219648357787,0.6497219648357787,0.6497219648357787,0.1371830441234083,0.1371830441234083,0.1371830441234083,0.7234737036808848,0.7234737036808848,0.7234737036808848,0.5911972158024482,0.5911972158024482,0.5911972158024482,0.999936873668429,0.999936873668429,0.999936873668429,0.195567631120399,0.195567631120399,0.195567631120399,0.1808538714105649,0.1808538714105649,0.1808538714105649,17059.0,17059,17059,0.6814160679072275,0.6814160679072275,0.6814160679072275,1.1903349851161118,1.1903349851161118,1.1903349851161118,0.4987724016382547,0.4987724016382547,0.4987724016382547,0.517051936637327,0.517051936637327,0.517051936637327
minibatch_const,main,50,markov_soft,0.3335497334587878,0.3335497334587878,0.3335497334587878,0.6780475630958115,0.6780475630958115,0.6780475630958115,0.0930019984674156,0.0930019984674156,0.0930019984674156,0.5822542260736823,0.5822542260736823,0.5822542260736823,0.4724768421959374,0.4724768421959374,0.4724768421959374,0.926228990767774,0.926228990767774,0.926228990767774,0.2750498069004806,0.2750498069004806,0.2750498069004806,0.1871143878561423,0.1871143878561423,0.1871143878561423,17059.0,17059,17059,0.7031852367451394,0.7031852367451394,0.7031852367451394,1.266433445651873,1.266433445651873,1.266433445651873,0.5631930789324486,0.5631930789324486,0.5631930789324486,0.5077623182360456,0.5077623182360456,0.5077623182360456
minibatch_const,main,50,markov_w20,0.328067545174781,0.328067545174781,0.328067545174781,0.8359662274126095,0.8359662274126095,0.8359662274126095,0.1640337725873905,0.1640337725873905,0.1640337725873905,0.5,0.5,0.5,0.0,0.0,0.0,0.0,0.0,0.0,0.4930228047791187,0.4930228047791187,0.4930228047791187,0.2870038664878087,0.2870038664878087,0.2870038664878087,17059.0,17059,17059,0.7864689176131271,0.7864689176131271,0.7864689176131271,1.5692596283486722,1.5692596283486722,1.5692596283486722,0.7846298141743362,0.7846298141743362,0.7846298141743362,0.5,0.5,0.5
minibatch_const,main,50,markov_w5,0.5075199242484021,0.5075199242484021,0.5075199242484021,0.746240037875799,0.746240037875799,0.746240037875799,0.253759962124201,0.253759962124201,0.253759962124201,0.5,0.5,0.5,0.0,0.0,0.0,0.0,0.0,0.0,0.4932529311378795,0.4932529311378795,0.4932529311378795,0.3276886293695257,0.3276886293695257,0.3276886293695257,17059.0,17059,17059,0.7869233038403849,0.7869233038403849,0.7869233038403849,1.5726595931766223,1.5726595931766223,1.5726595931766223,0.7863297965883111,0.7863297965883111,0.7863297965883111,0.5,0.5,0.5
minibatch_const,main,50,model_posterior_oracle,0.4445157406727781,0.4445157406727781,0.4445157406727781,0.5216756735278589,0.5216756735278589,0.5216756735278589,0.1751155162468089,0.1751155162468089,0.1751155162468089,0.6713272414245046,0.6713272414245046,0.6713272414245046,0.7715899593453578,0.7715899593453578,0.7715899593453578,1.0,1.0,1.0,0.0,0.0,0.0,0.287668770050814,0.287668770050814,0.287668770050814,17059.0,17059,17059,0.6134058122554636,0.6134058122554636,0.6134058122554636,1.0091082833950928,1.0091082833950928,1.0091082833950928,0.2712311186563275,0.2712311186563275,0.2712311186563275,0.6356813550930689,0.6356813550930689,0.6356813550930689
minibatch_const,main,50,reassign_U,0.4378915805255267,0.4378915805255267,0.4378915805255267,0.7810542097372366,0.7810542097372366,0.7810542097372366,0.2189457902627634,0.2189457902627634,0.2189457902627634,0.5,0.5,0.5,0.0,0.0,0.0,0.0,0.0,0.0,0.4963158888141133,0.4963158888141133,0.4963158888141133,0.2938002051605776,0.2938002051605776,0.2938002051605776,17059.0,17059,17059,0.7923903046821734,0.7923903046821734,0.7923903046821734,1.583914649158802,1.583914649158802,1.583914649158802,0.7919573245794009,0.7919573245794009,0.7919573245794009,0.5,0.5,0.5
minibatch_const,main,50,reassign_all,0.4378915805255267,0.4378915805255267,0.4378915805255267,0.7810542097372366,0.7810542097372366,0.7810542097372366,0.2189457902627634,0.2189457902627634,0.2189457902627634,0.5,0.5,0.5,0.0,0.0,0.0,0.0,0.0,0.0,0.4963158888141133,0.4963158888141133,0.4963158888141133,0.2938002051605776,0.2938002051605776,0.2938002051605776,17059.0,17059,17059,0.7923903046821734,0.7923903046821734,0.7923903046821734,1.583914649158802,1.583914649158802,1.583914649158802,0.7919573245794009,0.7919573245794009,0.7919573245794009,0.5,0.5,0.5
minibatch_const,main,50,stop,0.5985480943738657,0.5985480943738657,0.5985480943738657,0.7007259528130672,0.7007259528130672,0.7007259528130672,0.2992740471869328,0.2992740471869328,0.2992740471869328,0.5,0.5,0.5,0.0,0.0,0.0,0.0,0.0,0.0,0.4928172054758395,0.4928172054758395,0.4928172054758395,0.3537937347115916,0.3537937347115916,0.3537937347115916,17059.0,17059,17059,0.7866853046721378,0.7866853046721378,0.7866853046721378,1.5710182308458878,1.5710182308458878,1.5710182308458878,0.7855091154229439,0.7855091154229439,0.7855091154229439,0.5,0.5,0.5
minibatch_const,main,50,true_posterior_oracle,1.1771538638082055,1.1771538638082055,1.1771538638082055,0.3863326016535195,0.3863326016535195,0.3863326016535195,0.5755719053333961,0.5755719053333961,0.5755719053333961,0.6241245395017898,0.6241245395017898,0.6241245395017898,0.0884211865876184,0.0884211865876184,0.0884211865876184,0.8631657855282885,0.8631657855282885,0.8631657855282885,0.5698237803720657,0.5698237803720657,0.5698237803720657,0.5971174473380519,0.5971174473380519,0.5971174473380519,17059.0,17059,17059,0.0,0.0,0.0,0.2367326007373853,0.2367326007373853,0.2367326007373853,0.0032430658561685,0.0032430658561685,0.0032430658561685,0.8744975712560831,0.8744975712560831,0.8744975712560831
minibatch_const,main,60,fcm_soft,0.8644429905868234,0.8644429905868234,0.8644429905868234,0.0838568962886869,0.0838568962886869,0.0838568962886869,0.7216716361756561,0.7216716361756561,0.7216716361756561,0.5231456899381257,0.5231456899381257,0.5231456899381257,3.737451735742325,3.737451735742325,3.737451735742325,1.0,1.0,1.0,0.8173146393297022,0.8173146393297022,0.8173146393297022,0.8520384702724436,0.8520384702724436,0.8520384702724436,16231.0,16231,16231,0.9188664535700642,0.9188664535700642,0.9188664535700642,0.951013605037884,0.951013605037884,0.951013605037884,0.1739021834917792,0.1739021834917792,0.1739021834917792,0.6814614660218663,0.6814614660218663,0.6814614660218663
minibatch_const,main,60,frequency_soft,0.2559674279028523,0.2559674279028523,0.2559674279028523,0.7102124748984977,0.7102124748984977,0.7102124748984977,0.0708541964450134,0.0708541964450134,0.0708541964450134,0.7266865821298781,0.7266865821298781,0.7266865821298781,0.495774293305312,0.495774293305312,0.495774293305312,1.0,1.0,1.0,0.2642953035544132,0.2642953035544132,0.2642953035544132,0.1488851425414558,0.1488851425414558,0.1488851425414558,16231.0,16231,16231,0.6827124330265292,0.6827124330265292,0.6827124330265292,1.239769220311505,1.239769220311505,1.239769220311505,0.5532566749374093,0.5532566749374093,0.5532566749374093,0.4844903370544028,0.4844903370544028,0.4844903370544028
minibatch_const,main,60,full_convergence,0.0,0.0,0.0,1.0,1.0,1.0,0.0,0.0,0.0,,,,0.0,0.0,0.0,0.0,0.0,0.0,0.4837878538718003,0.4837878538718003,0.4837878538718003,0.2041992218899714,0.2041992218899714,0.2041992218899714,16231.0,16231,16231,0.7736813597360935,0.7736813597360935,0.7736813597360935,1.546053847575627,1.546053847575627,1.546053847575627,0.7730269237878135,0.7730269237878135,0.7730269237878135,0.5,0.5,0.5
minibatch_const,main,60,gmm_plugin_soft,0.458805876815148,0.458805876815148,0.458805876815148,0.5135715879769365,0.5135715879769365,0.5135715879769365,0.166187330880631,0.166187330880631,0.166187330880631,0.6207802218683579,0.6207802218683579,0.6207802218683579,0.7720031388565829,0.7720031388565829,0.7720031388565829,1.0,1.0,1.0,0.0426589809164111,0.0426589809164111,0.0426589809164111,0.2878867584150623,0.2878867584150623,0.2878867584150623,16231.0,16231,16231,0.5924550500301752,0.5924550500301752,0.5924550500301752,0.9904531354419917,0.9904531354419917,0.9904531354419917,0.2558212409930128,0.2558212409930128,0.2558212409930128,0.6281694498697484,0.6281694498697484,0.6281694498697484
minibatch_const,main,60,majority,0.3245876338381402,0.3245876338381402,0.3245876338381402,0.8377061830809299,0.8377061830809299,0.8377061830809299,0.16229381691907,0.16229381691907,0.16229381691907,0.5,0.5,0.5,0.0,0.0,0.0,0.0,0.0,0.0,0.4911055402392288,0.4911055402392288,0.4911055402392288,0.2746487251213787,0.2746487251213787,0.2746487251213787,16231.0,16231,16231,0.774174430066417,0.774174430066417,0.774174430066417,1.5493808144907892,1.5493808144907892,1.5493808144907892,0.7746904072453946,0.7746904072453946,0.7746904072453946,0.5,0.5,0.5
minibatch_const,main,60,markov,0.3483328510337288,0.3483328510337288,0.3483328510337288,0.8258335744831355,0.8258335744831355,0.8258335744831355,0.1741664255168644,0.1741664255168644,0.1741664255168644,0.5,0.5,0.5,0.0,0.0,0.0,0.0,0.0,0.0,0.4916328043983058,0.4916328043983058,0.4916328043983058,0.2799382656506222,0.2799382656506222,0.2799382656506222,16231.0,16231,16231,0.7746321113339834,0.7746321113339834,0.7746321113339834,1.5497504774813629,1.5497504774813629,1.5497504774813629,0.7748752387406814,0.7748752387406814,0.7748752387406814,0.5,0.5,0.5
minibatch_const,main,60,markov_a0.5,0.3167100736310729,0.3167100736310729,0.3167100736310729,0.8416449631844635,0.8416449631844635,0.8416449631844635,0.1583550368155365,0.1583550368155365,0.1583550368155365,0.5,0.5,0.5,0.0,0.0,0.0,0.0,0.0,0.0,0.4903612792599059,0.4903612792599059,0.4903612792599059,0.2691325037780136,0.2691325037780136,0.2691325037780136,16231.0,16231,16231,0.7741748533257541,0.7741748533257541,0.7741748533257541,1.5493808144907892,1.5493808144907892,1.5493808144907892,0.7746904072453946,0.7746904072453946,0.7746904072453946,0.5,0.5,0.5
minibatch_const,main,60,markov_a0.5_soft,0.2646604837242512,0.2646604837242512,0.2646604837242512,0.6811850210792662,0.6811850210792662,0.6811850210792662,0.1123454833103063,0.1123454833103063,0.1123454833103063,0.76276575505379,0.76276575505379,0.76276575505379,0.5560888569282056,0.5560888569282056,0.5560888569282056,1.0,1.0,1.0,0.2239765599940932,0.2239765599940932,0.2239765599940932,0.1540764061967691,0.1540764061967691,0.1540764061967691,16231.0,16231,16231,0.6666746238431782,0.6666746238431782,0.6666746238431782,1.1856132904087284,1.1856132904087284,1.1856132904087284,0.5055904622238897,0.5055904622238897,0.5055904622238897,0.4821736080867949,0.4821736080867949,0.4821736080867949
minibatch_const,main,60,markov_pooled,0.3368219671393203,0.3368219671393203,0.3368219671393203,0.8315890164303399,0.8315890164303399,0.8315890164303399,0.1684109835696601,0.1684109835696601,0.1684109835696601,0.5,0.5,0.5,0.0,0.0,0.0,0.0,0.0,0.0,0.4913749650873843,0.4913749650873843,0.4913749650873843,0.2754966078261149,0.2754966078261149,0.2754966078261149,16231.0,16231,16231,0.7748126888793816,0.7748126888793816,0.7748126888793816,1.5488879305033578,1.5488879305033578,1.5488879305033578,0.7744439652516789,0.7744439652516789,0.7744439652516789,0.5,0.5,0.5
minibatch_const,main,60,markov_pooled_soft,0.2837991814438021,0.2837991814438021,0.2837991814438021,0.6592117768537643,0.6592117768537643,0.6592117768537643,0.1322493942485683,0.1322493942485683,0.1322493942485683,0.7615843994272177,0.7615843994272177,0.7615843994272177,0.5838926002961835,0.5838926002961835,0.5838926002961835,0.9999437317128068,0.9999437317128068,0.9999437317128068,0.200551211260445,0.200551211260445,0.200551211260445,0.1668253579130266,0.1668253579130266,0.1668253579130266,16231.0,16231,16231,0.6638261336869586,0.6638261336869586,0.6638261336869586,1.1720331583026389,1.1720331583026389,1.1720331583026389,0.4907109375862097,0.4907109375862097,0.4907109375862097,0.4925596446841147,0.4925596446841147,0.4925596446841147
minibatch_const,main,60,markov_soft,0.2873988653335077,0.2873988653335077,0.2873988653335077,0.7043551757863603,0.7043551757863603,0.7043551757863603,0.0762563693053198,0.0762563693053198,0.0762563693053198,0.6529211475474339,0.6529211475474339,0.6529211475474339,0.462614555995632,0.462614555995632,0.462614555995632,0.906787563100865,0.906787563100865,0.906787563100865,0.2777303495151477,0.2777303495151477,0.2777303495151477,0.1615363266157131,0.1615363266157131,0.1615363266157131,16231.0,16231,16231,0.6862137178870253,0.6862137178870253,0.6862137178870253,1.2487560575396854,1.2487560575396854,1.2487560575396854,0.557108838582157,0.557108838582157,0.557108838582157,0.4886689910297512,0.4886689910297512,0.4886689910297512
minibatch_const,main,60,markov_w20,0.3151024082826918,0.3151024082826918,0.3151024082826918,0.8424487958586541,0.8424487958586541,0.8424487958586541,0.1575512041413459,0.1575512041413459,0.1575512041413459,0.5,0.5,0.5,0.0,0.0,0.0,0.0,0.0,0.0,0.4934950372726065,0.4934950372726065,0.4934950372726065,0.2800033760972316,0.2800033760972316,0.2800033760972316,16231.0,16231,16231,0.774160911700017,0.774160911700017,0.774160911700017,1.5481486045222106,1.5481486045222106,1.5481486045222106,0.7740743022611053,0.7740743022611053,0.7740743022611053,0.5,0.5,0.5
minibatch_const,main,60,markov_w5,0.4282820488087199,0.4282820488087199,0.4282820488087199,0.78585897559564,0.78585897559564,0.78585897559564,0.21414102440436,0.21414102440436,0.21414102440436,0.5,0.5,0.5,0.0,0.0,0.0,0.0,0.0,0.0,0.492625290330016,0.492625290330016,0.492625290330016,0.2960335680524741,0.2960335680524741,0.2960335680524741,16231.0,16231,16231,0.7747812955493816,0.7747812955493816,0.7747812955493816,1.5517220134310887,1.5517220134310887,1.5517220134310887,0.7758610067155444,0.7758610067155444,0.7758610067155444,0.5,0.5,0.5
minibatch_const,main,60,model_posterior_oracle,0.453504755821719,0.453504755821719,0.453504755821719,0.5162121461281998,0.5162121461281998,0.5162121461281998,0.1659689279411872,0.1659689279411872,0.1659689279411872,0.6588595223040676,0.6588595223040676,0.6588595223040676,0.7733427194068608,0.7733427194068608,0.7733427194068608,1.0,1.0,1.0,0.0,0.0,0.0,0.2854480892764385,0.2854480892764385,0.2854480892764385,16231.0,16231,16231,0.5906066839661103,0.5906066839661103,0.5906066839661103,0.9867474364408778,0.9867474364408778,0.9867474364408778,0.2566764700063634,0.2566764700063634,0.2566764700063634,0.6345720497382341,0.6345720497382341,0.6345720497382341
minibatch_const,main,60,reassign_U,0.3886691746246101,0.3886691746246101,0.3886691746246101,0.805665412687695,0.805665412687695,0.805665412687695,0.194334587312305,0.194334587312305,0.194334587312305,0.5,0.5,0.5,0.0,0.0,0.0,0.0,0.0,0.0,0.4866350107623874,0.4866350107623874,0.4866350107623874,0.275846114272853,0.275846114272853,0.275846114272853,16231.0,16231,16231,0.7754022716521592,0.7754022716521592,0.7754022716521592,1.551475571437373,1.551475571437373,1.551475571437373,0.7757377857186865,0.7757377857186865,0.7757377857186865,0.5,0.5,0.5
minibatch_const,main,60,reassign_all,0.3886691746246101,0.3886691746246101,0.3886691746246101,0.805665412687695,0.805665412687695,0.805665412687695,0.194334587312305,0.194334587312305,0.194334587312305,0.5,0.5,0.5,0.0,0.0,0.0,0.0,0.0,0.0,0.4866350107623874,0.4866350107623874,0.4866350107623874,0.275846114272853,0.275846114272853,0.275846114272853,16231.0,16231,16231,0.7754022716521592,0.7754022716521592,0.7754022716521592,1.551475571437373,1.551475571437373,1.551475571437373,0.7757377857186865,0.7757377857186865,0.7757377857186865,0.5,0.5,0.5
minibatch_const,main,60,stop,0.4844538760811549,0.4844538760811549,0.4844538760811549,0.7577730619594225,0.7577730619594225,0.7577730619594225,0.2422269380405775,0.2422269380405775,0.2422269380405775,0.5,0.5,0.5,0.0,0.0,0.0,0.0,0.0,0.0,0.4947334322057909,0.4947334322057909,0.4947334322057909,0.3089892607954728,0.3089892607954728,0.3089892607954728,16231.0,16231,16231,0.7750747627280468,0.7750747627280468,0.7750747627280468,1.5567740743022611,1.5567740743022611,1.5567740743022611,0.7783870371511306,0.7783870371511306,0.7783870371511306,0.5,0.5,0.5
minibatch_const,main,60,true_posterior_oracle,1.1758031481042612,1.1758031481042612,1.1758031481042612,0.3867276264934531,0.3867276264934531,0.3867276264934531,0.5748543718195985,0.5748543718195985,0.5748543718195985,0.6169290846297619,0.6169290846297619,0.6169290846297619,0.0894166621964906,0.0894166621964906,0.0894166621964906,0.8578743448763705,0.8578743448763705,0.8578743448763705,0.5683912212673761,0.5683912212673761,0.5683912212673761,0.5963987646396113,0.5963987646396113,0.5963987646396113,16231.0,16231,16231,0.0,0.0,0.0,0.2478606909770713,0.2478606909770713,0.2478606909770713,0.0045804631449452,0.0045804631449452,0.0045804631449452,0.8691141388854227,0.8691141388854227,0.8691141388854227
minibatch_const,main,70,fcm_soft,0.8649104687860683,0.8649104687860683,0.8649104687860683,0.0835873514355103,0.0835873514355103,0.0835873514355103,0.7289896947455311,0.7289896947455311,0.7289896947455311,0.5459178584451199,0.5459178584451199,0.5459178584451199,3.7381857148863062,3.7381857148863062,3.7381857148863062,1.0,1.0,1.0,0.8175621918272556,0.8175621918272556,0.8175621918272556,0.846705432362101,0.846705432362101,0.846705432362101,16629.0,16629,16629,0.9214100764582902,0.9214100764582902,0.9214100764582902,0.9529205590269456,0.9529205590269456,0.9529205590269456,0.1559039244936732,0.1559039244936732,0.1559039244936732,0.7177964219868571,0.7177964219868571,0.7177964219868571
minibatch_const,main,70,frequency_soft,0.1954509753499426,0.1954509753499426,0.1954509753499426,0.7421334523543852,0.7421334523543852,0.7421334523543852,0.1149543382303927,0.1149543382303927,0.1149543382303927,0.8416288515011834,0.8416288515011834,0.8416288515011834,0.4919111217380171,0.4919111217380171,0.4919111217380171,1.0,1.0,1.0,0.2654842451291579,0.2654842451291579,0.2654842451291579,0.1097668221089332,0.1097668221089332,0.1097668221089332,16629.0,16629,16629,0.6953868192729262,0.6953868192729262,0.6953868192729262,1.2565283491103116,1.2565283491103116,1.2565283491103116,0.5606197278576857,0.5606197278576857,0.5606197278576857,0.4850269889410036,0.4850269889410036,0.4850269889410036
minibatch_const,main,70,full_convergence,0.0,0.0,0.0,1.0,1.0,1.0,0.0,0.0,0.0,,,,0.0,0.0,0.0,0.0,0.0,0.0,0.4867693757305675,0.4867693757305675,0.4867693757305675,0.217996301845889,0.217996301845889,0.217996301845889,16629.0,16629,16629,0.7817948366479546,0.7817948366479546,0.7817948366479546,1.55848216970353,1.55848216970353,1.55848216970353,0.779241084851765,0.779241084851765,0.779241084851765,0.5,0.5,0.5
minibatch_const,main,70,gmm_plugin_soft,0.4613981778392258,0.4613981778392258,0.4613981778392258,0.5120194997286186,0.5120194997286186,0.5120194997286186,0.1789204361313427,0.1789204361313427,0.1789204361313427,0.6298611658371991,0.6298611658371991,0.6298611658371991,0.7723857857797983,0.7723857857797983,0.7723857857797983,1.0,1.0,1.0,0.0415111542921059,0.0415111542921059,0.0415111542921059,0.2755637541385876,0.2755637541385876,0.2755637541385876,16629.0,16629,16629,0.6113224389735291,0.6113224389735291,0.6113224389735291,1.01426262486413,1.01426262486413,1.01426262486413,0.2731266220054222,0.2731266220054222,0.2731266220054222,0.5974920310338606,0.5974920310338606,0.5974920310338606
minibatch_const,main,70,majority,0.2296043612713998,0.2296043612713998,0.2296043612713998,0.8851978193643001,0.8851978193643001,0.8851978193643001,0.1148021806356999,0.1148021806356999,0.1148021806356999,0.5,0.5,0.5,0.0,0.0,0.0,0.0,0.0,0.0,0.4897080306436965,0.4897080306436965,0.4897080306436965,0.2437163260751745,0.2437163260751745,0.2437163260751745,16629.0,16629,16629,0.7825778159551168,0.7825778159551168,0.7825778159551168,1.560767334175236,1.560767334175236,1.560767334175236,0.7803836670876181,0.7803836670876181,0.7803836670876181,0.5,0.5,0.5
minibatch_const,main,70,markov,0.2951668951445787,0.2951668951445787,0.2951668951445787,0.8524165524277106,0.8524165524277106,0.8524165524277106,0.1475834475722893,0.1475834475722893,0.1475834475722893,0.5,0.5,0.5,0.0,0.0,0.0,0.0,0.0,0.0,0.4925222487167536,0.4925222487167536,0.4925222487167536,0.2673747887907673,0.2673747887907673,0.2673747887907673,16629.0,16629,16629,0.7830768352366553,0.7830768352366553,0.7830768352366553,1.5619700523182392,1.5619700523182392,1.5619700523182392,0.7809850261591196,0.7809850261591196,0.7809850261591196,0.5,0.5,0.5
minibatch_const,main,70,markov_a0.5,0.2338444862435043,0.2338444862435043,0.2338444862435043,0.8830777568782479,0.8830777568782479,0.8830777568782479,0.1169222431217521,0.1169222431217521,0.1169222431217521,0.5,0.5,0.5,0.0,0.0,0.0,0.0,0.0,0.0,0.4899349778813808,0.4899349778813808,0.4899349778813808,0.2444728536359869,0.2444728536359869,0.2444728536359869,16629.0,16629,16629,0.7825743470792645,0.7825743470792645,0.7825743470792645,1.5602862469180347,1.5602862469180347,1.5602862469180347,0.7801431234590174,0.7801431234590174,0.7801431234590174,0.5,0.5,0.5
minibatch_const,main,70,markov_a0.5_soft,0.2222871681356749,0.2222871681356749,0.2222871681356749,0.7020438363389258,0.7020438363389258,0.7020438363389258,0.1547381439476423,0.1547381439476423,0.1547381439476423,0.8486988502286734,0.8486988502286734,0.8486988502286734,0.5574323790280712,0.5574323790280712,0.5574323790280712,1.0,1.0,1.0,0.2228923785755212,0.2228923785755212,0.2228923785755212,0.1216353286875079,0.1216353286875079,0.1216353286875079,16629.0,16629,16629,0.6801771007972749,0.6801771007972749,0.6801771007972749,1.2019899509272076,1.2019899509272076,1.2019899509272076,0.514444649633028,0.514444649633028,0.514444649633028,0.4893082285749618,0.4893082285749618,0.4893082285749618
minibatch_const,main,70,markov_pooled,0.2524787196735422,0.2524787196735422,0.2524787196735422,0.8737606401632289,0.8737606401632289,0.8737606401632289,0.1262393598367711,0.1262393598367711,0.1262393598367711,0.5,0.5,0.5,0.0,0.0,0.0,0.0,0.0,0.0,0.4903026607124391,0.4903026607124391,0.4903026607124391,0.2504480823795709,0.2504480823795709,0.2504480823795709,16629.0,16629,16629,0.7832287422055852,0.7832287422055852,0.7832287422055852,1.5625714113897409,1.5625714113897409,1.5625714113897409,0.7812857056948704,0.7812857056948704,0.7812857056948704,0.5,0.5,0.5
minibatch_const,main,70,markov_pooled_soft,0.2501554962805726,0.2501554962805726,0.2501554962805726,0.6750869300733344,0.6750869300733344,0.6750869300733344,0.1748022099932629,0.1748022099932629,0.1748022099932629,0.8215355698543483,0.8215355698543483,0.8215355698543483,0.5868016809893207,0.5868016809893207,0.5868016809893207,0.999912328243058,0.999912328243058,0.999912328243058,0.1980465117920817,0.1980465117920817,0.1980465117920817,0.1379441096849252,0.1379441096849252,0.1379441096849252,16629.0,16629,16629,0.6773332659301257,0.6773332659301257,0.6773332659301257,1.1871277620060787,1.1871277620060787,1.1871277620060787,0.4987567182262425,0.4987567182262425,0.4987567182262425,0.5038598338809798,0.5038598338809798,0.5038598338809798
minibatch_const,main,70,markov_soft,0.2581621668668755,0.2581621668668755,0.2581621668668755,0.7174993645602352,0.7174993645602352,0.7174993645602352,0.0852951690319571,0.0852951690319571,0.0852951690319571,0.6641525340170763,0.6641525340170763,0.6641525340170763,0.4685596295995611,0.4685596295995611,0.4685596295995611,0.9277425319603404,0.9277425319603404,0.9277425319603404,0.2767167339234855,0.2767167339234855,0.2767167339234855,0.1370909202628346,0.1370909202628346,0.1370909202628346,16629.0,16629,16629,0.6988562043822159,0.6988562043822159,0.6988562043822159,1.2653427550539718,1.2653427550539718,1.2653427550539718,0.5644220328391314,0.5644220328391314,0.5644220328391314,0.4883515542241494,0.4883515542241494,0.4883515542241494
minibatch_const,main,70,markov_w20,0.2576593234928428,0.2576593234928428,0.2576593234928428,0.8711703382535786,0.8711703382535786,0.8711703382535786,0.1288296617464214,0.1288296617464214,0.1288296617464214,0.5,0.5,0.5,0.0,0.0,0.0,0.0,0.0,0.0,0.4905247265012331,0.4905247265012331,0.4905247265012331,0.2584757866547645,0.2584757866547645,0.2584757866547645,16629.0,16629,16629,0.7824056025820505,0.7824056025820505,0.7824056025820505,1.5622105959468398,1.5622105959468398,1.5622105959468398,0.7811052979734199,0.7811052979734199,0.7811052979734199,0.5,0.5,0.5
minibatch_const,main,70,markov_w5,0.4066534893359262,0.4066534893359262,0.4066534893359262,0.7966732553320368,0.7966732553320368,0.7966732553320368,0.2033267446679632,0.2033267446679632,0.2033267446679632,0.5,0.5,0.5,0.0,0.0,0.0,0.0,0.0,0.0,0.4957214337403614,0.4957214337403614,0.4957214337403614,0.2963796346478783,0.2963796346478783,0.2963796346478783,16629.0,16629,16629,0.7833697498159675,0.7833697498159675,0.7833697498159675,1.5620903241325397,1.5620903241325397,1.5620903241325397,0.7810451620662697,0.7810451620662697,0.7810451620662697,0.5,0.5,0.5
minibatch_const,main,70,model_posterior_oracle,0.458215250879487,0.458215250879487,0.458215250879487,0.5132306242694324,0.5132306242694324,0.5132306242694324,0.166519770094202,0.166519770094202,0.166519770094202,0.6445703532384387,0.6445703532384387,0.6445703532384387,0.7752660242929716,0.7752660242929716,0.7752660242929716,1.0,1.0,1.0,0.0,0.0,0.0,0.2746570623034891,0.2746570623034891,0.2746570623034891,16629.0,16629,16629,0.6085410103975831,0.6085410103975831,0.6085410103975831,1.0056295245672873,1.0056295245672873,1.0056295245672873,0.2655668878483392,0.2655668878483392,0.2655668878483392,0.6268257085860893,0.6268257085860893,0.6268257085860893
minibatch_const,main,70,reassign_U,0.3746134472534829,0.3746134472534829,0.3746134472534829,0.8126932763732585,0.8126932763732585,0.8126932763732585,0.1873067236267415,0.1873067236267415,0.1873067236267415,0.5,0.5,0.5,0.0,0.0,0.0,0.0,0.0,0.0,0.4891299293818966,0.4891299293818966,0.4891299293818966,0.2806967513628973,0.2806967513628973,0.2806967513628973,16629.0,16629,16629,0.7936741693976158,0.7936741693976158,0.7936741693976158,1.5881893078357088,1.5881893078357088,1.5881893078357088,0.7940946539178544,0.7940946539178544,0.7940946539178544,0.5,0.5,0.5
minibatch_const,main,70,reassign_all,0.3746134472534829,0.3746134472534829,0.3746134472534829,0.8126932763732585,0.8126932763732585,0.8126932763732585,0.1873067236267415,0.1873067236267415,0.1873067236267415,0.5,0.5,0.5,0.0,0.0,0.0,0.0,0.0,0.0,0.4891299293818966,0.4891299293818966,0.4891299293818966,0.2806967513628973,0.2806967513628973,0.2806967513628973,16629.0,16629,16629,0.7936741693976158,0.7936741693976158,0.7936741693976158,1.5881893078357088,1.5881893078357088,1.5881893078357088,0.7940946539178544,0.7940946539178544,0.7940946539178544,0.5,0.5,0.5
minibatch_const,main,70,stop,0.4842987853476583,0.4842987853476583,0.4842987853476583,0.7578506073261708,0.7578506073261708,0.7578506073261708,0.2421493926738291,0.2421493926738291,0.2421493926738291,0.5,0.5,0.5,0.0,0.0,0.0,0.0,0.0,0.0,0.497181293767153,0.497181293767153,0.497181293767153,0.3173153313992412,0.3173153313992412,0.3173153313992412,16629.0,16629,16629,0.7833172392712237,0.7833172392712237,0.7833172392712237,1.5582416260749294,1.5582416260749294,1.5582416260749294,0.7791208130374647,0.7791208130374647,0.7791208130374647,0.5,0.5,0.5
minibatch_const,main,70,true_posterior_oracle,1.1825773341368082,1.1825773341368082,1.1825773341368082,0.3837476487006053,0.3837476487006053,0.3837476487006053,0.5785756633670106,0.5785756633670106,0.5785756633670106,0.6267466615104802,0.6267466615104802,0.6267466615104802,0.0880903470831421,0.0880903470831421,0.0880903470831421,0.8608569515733095,0.8608569515733095,0.8608569515733095,0.5715383236809448,0.5715383236809448,0.5715383236809448,0.5994561366600477,0.5994561366600477,0.5994561366600477,16629.0,16629,16629,0.0,0.0,0.0,0.2406780348077125,0.2406780348077125,0.2406780348077125,0.0022143887709526,0.0022143887709526,0.0022143887709526,0.8718680692419568,0.8718680692419568,0.8718680692419568
minibatch_const,main,80,fcm_soft,0.8667084257508503,0.8667084257508503,0.8667084257508503,0.0825609936290786,0.0825609936290786,0.0825609936290786,0.725920308987677,0.725920308987677,0.725920308987677,0.5132018250085997,0.5132018250085997,0.5132018250085997,3.74094081176517,3.74094081176517,3.74094081176517,1.0,1.0,1.0,0.8187935153324619,0.8187935153324619,0.8187935153324619,0.8465974218595052,0.8465974218595052,0.8465974218595052,16873.0,16873,16873,0.9213055333099204,0.9213055333099204,0.9213055333099204,0.9525555741818494,0.9525555741818494,0.9525555741818494,0.1779670281940758,0.1779670281940758,0.1779670281940758,0.7081256694385518,0.7081256694385518,0.7081256694385518
minibatch_const,main,80,frequency_soft,0.1956467357897587,0.1956467357897587,0.1956467357897587,0.7408459621581694,0.7408459621581694,0.7408459621581694,0.1167649448370569,0.1167649448370569,0.1167649448370569,0.8477497814987496,0.8477497814987496,0.8477497814987496,0.4947303957968939,0.4947303957968939,0.4947303957968939,1.0,1.0,1.0,0.2650208008297902,0.2650208008297902,0.2650208008297902,0.1073387265185766,0.1073387265185766,0.1073387265185766,16873.0,16873,16873,0.6951905462798512,0.6951905462798512,0.6951905462798512,1.2516245574008649,1.2516245574008649,1.2516245574008649,0.5585901089960831,0.5585901089960831,0.5585901089960831,0.4953235892780154,0.4953235892780154,0.4953235892780154
minibatch_const,main,80,full_convergence,0.0,0.0,0.0,1.0,1.0,1.0,0.0,0.0,0.0,,,,0.0,0.0,0.0,0.0,0.0,0.0,0.4888276236071698,0.4888276236071698,0.4888276236071698,0.2224966517041811,0.2224966517041811,0.2224966517041811,16873.0,16873,16873,0.7816806686188207,0.7816806686188207,0.7816806686188207,1.5614295027558822,1.5614295027558822,1.5614295027558822,0.7807147513779411,0.7807147513779411,0.7807147513779411,0.5,0.5,0.5
minibatch_const,main,80,gmm_plugin_soft,0.4609670006259787,0.4609670006259787,0.4609670006259787,0.5115980570638519,0.5115980570638519,0.5115980570638519,0.1570579415954033,0.1570579415954033,0.1570579415954033,0.6368330769024104,0.6368330769024104,0.6368330769024104,0.7771868394133226,0.7771868394133226,0.7771868394133226,1.0,1.0,1.0,0.0446421940920399,0.0446421940920399,0.0446421940920399,0.2715922624543153,0.2715922624543153,0.2715922624543153,16873.0,16873,16873,0.609857912153064,0.609857912153064,0.609857912153064,1.003253867978334,1.003253867978334,1.003253867978334,0.2641919338243874,0.2641919338243874,0.2641919338243874,0.6532638520645455,0.6532638520645455,0.6532638520645455
minibatch_const,main,80,majority,0.2304276889859331,0.2304276889859331,0.2304276889859331,0.8847861555070334,0.8847861555070334,0.8847861555070334,0.1152138444929665,0.1152138444929665,0.1152138444929665,0.5,0.5,0.5,0.0,0.0,0.0,0.0,0.0,0.0,0.4913700285001833,0.4913700285001833,0.4913700285001833,0.2471659212480823,0.2471659212480823,0.2471659212480823,16873.0,16873,16873,0.7828553487983313,0.7828553487983313,0.7828553487983313,1.5675931962306644,1.5675931962306644,1.5675931962306644,0.7837965981153322,0.7837965981153322,0.7837965981153322,0.5,0.5,0.5
minibatch_const,main,80,markov,0.2955429109475068,0.2955429109475068,0.2955429109475068,0.8522285445262466,0.8522285445262466,0.8522285445262466,0.1477714554737533,0.1477714554737533,0.1477714554737533,0.5,0.5,0.5,0.0,0.0,0.0,0.0,0.0,0.0,0.4936831136218678,0.4936831136218678,0.4936831136218678,0.2702276841156846,0.2702276841156846,0.2702276841156846,16873.0,16873,16873,0.7833051152907174,0.7833051152907174,0.7833051152907174,1.57304569430451,1.57304569430451,1.57304569430451,0.7865228471522551,0.7865228471522551,0.7865228471522551,0.5,0.5,0.5
minibatch_const,main,80,markov_a0.5,0.2402493567213487,0.2402493567213487,0.2402493567213487,0.8798753216393256,0.8798753216393256,0.8798753216393256,0.1201246783606744,0.1201246783606744,0.1201246783606744,0.5,0.5,0.5,0.0,0.0,0.0,0.0,0.0,0.0,0.4915613507303104,0.4915613507303104,0.4915613507303104,0.2494684123801716,0.2494684123801716,0.2494684123801716,16873.0,16873,16873,0.7828689477966737,0.7828689477966737,0.7828689477966737,1.5697267824334735,1.5697267824334735,1.5697267824334735,0.7848633912167368,0.7848633912167368,0.7848633912167368,0.5,0.5,0.5
minibatch_const,main,80,markov_a0.5_soft,0.2266502019462498,0.2266502019462498,0.2266502019462498,0.6985173190103162,0.6985173190103162,0.6985173190103162,0.15324591173978,0.15324591173978,0.15324591173978,0.848687624608273,0.848687624608273,0.848687624608273,0.5604823124960506,0.5604823124960506,0.5604823124960506,1.0,1.0,1.0,0.2220150303487359,0.2220150303487359,0.2220150303487359,0.1220028128758884,0.1220028128758884,0.1220028128758884,16873.0,16873,16873,0.6802421355797506,0.6802421355797506,0.6802421355797506,1.199221640678084,1.199221640678084,1.199221640678084,0.5140265223941132,0.5140265223941132,0.5140265223941132,0.5018246098873765,0.5018246098873765,0.5018246098873765
minibatch_const,main,80,markov_pooled,0.2608992102080408,0.2608992102080408,0.2608992102080408,0.8695503948959796,0.8695503948959796,0.8695503948959796,0.1304496051040203,0.1304496051040203,0.1304496051040203,0.5,0.5,0.5,0.0,0.0,0.0,0.0,0.0,0.0,0.4921560469861485,0.4921560469861485,0.4921560469861485,0.2556744076560306,0.2556744076560306,0.2556744076560306,16873.0,16873,16873,0.7833889163082185,0.7833889163082185,0.7833889163082185,1.5724530314703964,1.5724530314703964,1.5724530314703964,0.7862265157351982,0.7862265157351982,0.7862265157351982,0.5,0.5,0.5
minibatch_const,main,80,markov_pooled_soft,0.253635231442005,0.253635231442005,0.253635231442005,0.6726725913324234,0.6726725913324234,0.6726725913324234,0.1725296886185074,0.1725296886185074,0.1725296886185074,0.8204663696823019,0.8204663696823019,0.8204663696823019,0.5881388709387078,0.5881388709387078,0.5881388709387078,0.9999269462730423,0.9999269462730423,0.9999269462730423,0.1982809934034038,0.1982809934034038,0.1982809934034038,0.1371597369796808,0.1371597369796808,0.1371597369796808,16873.0,16873,16873,0.6774146388565389,0.6774146388565389,0.6774146388565389,1.186096220724773,1.186096220724773,1.186096220724773,0.497465330554182,0.497465330554182,0.497465330554182,0.5077140216535422,0.5077140216535422,0.5077140216535422
minibatch_const,main,80,markov_soft,0.2571928958566767,0.2571928958566767,0.2571928958566767,0.7152647267620068,0.7152647267620068,0.7152647267620068,0.0838395072321923,0.0838395072321923,0.0838395072321923,0.6799974152917049,0.6799974152917049,0.6799974152917049,0.4760174765338327,0.4760174765338327,0.4760174765338327,0.9369952190394246,0.9369952190394246,0.9369952190394246,0.2737904928933455,0.2737904928933455,0.2737904928933455,0.136156943456688,0.136156943456688,0.136156943456688,16873.0,16873,16873,0.6983610497501069,0.6983610497501069,0.6983610497501069,1.2635195371039043,1.2635195371039043,1.2635195371039043,0.5645659023076413,0.5645659023076413,0.5645659023076413,0.497391216086123,0.497391216086123,0.497391216086123
minibatch_const,main,80,markov_w20,0.2141448249551531,0.2141448249551531,0.2141448249551531,0.8929275875224234,0.8929275875224234,0.8929275875224234,0.1070724124775766,0.1070724124775766,0.1070724124775766,0.5,0.5,0.5,0.0,0.0,0.0,0.0,0.0,0.0,0.4917688076301049,0.4917688076301049,0.4917688076301049,0.2489878811984058,0.2489878811984058,0.2489878811984058,16873.0,16873,16873,0.7823299770253274,0.7823299770253274,0.7823299770253274,1.5662893379956142,1.5662893379956142,1.5662893379956142,0.7831446689978072,0.7831446689978072,0.7831446689978072,0.5,0.5,0.5
minibatch_const,main,80,markov_w5,0.4089872318319439,0.4089872318319439,0.4089872318319439,0.7955063840840281,0.7955063840840281,0.7955063840840281,0.2044936159159719,0.2044936159159719,0.2044936159159719,0.5,0.5,0.5,0.0,0.0,0.0,0.0,0.0,0.0,0.496738019749856,0.496738019749856,0.496738019749856,0.299610867147739,0.299610867147739,0.299610867147739,16873.0,16873,16873,0.7838490185252475,0.7838490185252475,0.7838490185252475,1.574468085106383,1.574468085106383,1.574468085106383,0.7872340425531915,0.7872340425531915,0.7872340425531915,0.5,0.5,0.5
minibatch_const,main,80,model_posterior_oracle,0.4608421841563435,0.4608421841563435,0.4608421841563435,0.5111723763928302,0.5111723763928302,0.5111723763928302,0.1614446423351479,0.1614446423351479,0.1614446423351479,0.6353584464364948,0.6353584464364948,0.6353584464364948,0.7799697317807589,0.7799697317807589,0.7799697317807589,1.0,1.0,1.0,0.0,0.0,0.0,0.2723237106569344,0.2723237106569344,0.2723237106569344,16873.0,16873,16873,0.6093414559153718,0.6093414559153718,0.6093414559153718,1.0024713800421716,1.0024713800421716,1.0024713800421716,0.265025731668107,0.265025731668107,0.265025731668107,0.6378789346753688,0.6378789346753688,0.6378789346753688
minibatch_const,main,80,reassign_U,0.3827852950964715,0.3827852950964715,0.3827852950964715,0.8086073524517643,0.8086073524517643,0.8086073524517643,0.1913926475482357,0.1913926475482357,0.1913926475482357,0.5,0.5,0.5,0.0,0.0,0.0,0.0,0.0,0.0,0.4981798977383856,0.4981798977383856,0.4981798977383856,0.2855735123420213,0.2855735123420213,0.2855735123420213,16873.0,16873,16873,0.7724772938446708,0.7724772938446708,0.7724772938446708,1.5440052154329402,1.5440052154329402,1.5440052154329402,0.7720026077164701,0.7720026077164701,0.7720026077164701,0.5,0.5,0.5
minibatch_const,main,80,reassign_all,0.3827852950964715,0.3827852950964715,0.3827852950964715,0.8086073524517643,0.8086073524517643,0.8086073524517643,0.1913926475482357,0.1913926475482357,0.1913926475482357,0.5,0.5,0.5,0.0,0.0,0.0,0.0,0.0,0.0,0.4981798977383856,0.4981798977383856,0.4981798977383856,0.2855735123420213,0.2855735123420213,0.2855735123420213,16873.0,16873,16873,0.7724772938446708,0.7724772938446708,0.7724772938446708,1.5440052154329402,1.5440052154329402,1.5440052154329402,0.7720026077164701,0.7720026077164701,0.7720026077164701,0.5,0.5,0.5
minibatch_const,main,80,stop,0.491456772486343,0.491456772486343,0.491456772486343,0.7542716137568285,0.7542716137568285,0.7542716137568285,0.2457283862431715,0.2457283862431715,0.2457283862431715,0.5,0.5,0.5,0.0,0.0,0.0,0.0,0.0,0.0,0.4979241359185754,0.4979241359185754,0.4979241359185754,0.3219294300997589,0.3219294300997589,0.3219294300997589,16873.0,16873,16873,0.7833010969781752,0.7833010969781752,0.7833010969781752,1.5697267824334735,1.5697267824334735,1.5697267824334735,0.7848633912167368,0.7848633912167368,0.7848633912167368,0.5,0.5,0.5
minibatch_const,main,80,true_posterior_oracle,1.1915754432197136,1.1915754432197136,1.1915754432197136,0.3785968685868344,0.3785968685868344,0.3785968685868344,0.582142730647397,0.582142730647397,0.582142730647397,0.6248286384554347,0.6248286384554347,0.6248286384554347,0.0904930316566645,0.0904930316566645,0.0904930316566645,0.8699562489346332,0.8699562489346332,0.8699562489346332,0.576787284800741,0.576787284800741,0.576787284800741,0.6044327653810438,0.6044327653810438,0.6044327653810438,16873.0,16873,16873,0.0,0.0,0.0,0.2375156885035045,0.2375156885035045,0.2375156885035045,0.0044788008669055,0.0044788008669055,0.0044788008669055,0.8731247817954289,0.8731247817954289,0.8731247817954289
minibatch_const,main,90,fcm_soft,0.8661626593614452,0.8661626593614452,0.8661626593614452,0.0828669470197985,0.0828669470197985,0.0828669470197985,0.7016501573895556,0.7016501573895556,0.7016501573895556,0.5672882202738831,0.5672882202738831,0.5672882202738831,3.740134842084381,3.740134842084381,3.740134842084381,1.0,1.0,1.0,0.8185609981684309,0.8185609981684309,0.8185609981684309,0.8465798426877588,0.8465798426877588,0.8465798426877588,16938.0,16938,16938,0.9215613719048796,0.9215613719048796,0.9215613719048796,0.9528296878762532,0.9528296878762532,0.9528296878762532,0.1560470642384422,0.1560470642384422,0.1560470642384422,0.7128583273742375,0.7128583273742375,0.7128583273742375
minibatch_const,main,90,frequency_soft,0.1978989887013718,0.1978989887013718,0.1978989887013718,0.7396915849067788,0.7396915849067788,0.7396915849067788,0.1162573732104218,0.1162573732104218,0.1162573732104218,0.8398413250926602,0.8398413250926602,0.8398413250926602,0.4947658020931946,0.4947658020931946,0.4947658020931946,1.0,1.0,1.0,0.2646100935473747,0.2646100935473747,0.2646100935473747,0.1088758929365385,0.1088758929365385,0.1088758929365385,16938.0,16938,16938,0.6964189283950665,0.6964189283950665,0.6964189283950665,1.2590117189672787,1.2590117189672787,1.2590117189672787,0.5624416320484333,0.5624416320484333,0.5624416320484333,0.4851700680272109,0.4851700680272109,0.4851700680272109
minibatch_const,main,90,full_convergence,0.0,0.0,0.0,1.0,1.0,1.0,0.0,0.0,0.0,,,,0.0,0.0,0.0,0.0,0.0,0.0,0.488995102934686,0.488995102934686,0.488995102934686,0.2223534398434953,0.2223534398434953,0.2223534398434953,16938.0,16938,16938,0.7826405360954527,0.7826405360954527,0.7826405360954527,1.5628763726532058,1.5628763726532058,1.5628763726532058,0.7814381863266029,0.7814381863266029,0.7814381863266029,0.5,0.5,0.5
minibatch_const,main,90,gmm_plugin_soft,0.4621375842048417,0.4621375842048417,0.4621375842048417,0.511183220452644,0.511183220452644,0.511183220452644,0.1816567885761904,0.1816567885761904,0.1816567885761904,0.6088279653140732,0.6088279653140732,0.6088279653140732,0.7761798900865345,0.7761798900865345,0.7761798900865345,1.0,1.0,1.0,0.0338339488069697,0.0338339488069697,0.0338339488069697,0.2723672688313394,0.2723672688313394,0.2723672688313394,16938.0,16938,16938,0.6124386882262317,0.6124386882262317,0.6124386882262317,1.0145977332649618,1.0145977332649618,1.0145977332649618,0.2795422248239525,0.2795422248239525,0.2795422248239525,0.5918095663905335,0.5918095663905335,0.5918095663905335
minibatch_const,main,90,majority,0.2316596022171503,0.2316596022171503,0.2316596022171503,0.8841701988914249,0.8841701988914249,0.8841701988914249,0.1158298011085751,0.1158298011085751,0.1158298011085751,0.5,0.5,0.5,0.0,0.0,0.0,0.0,0.0,0.0,0.491006432273867,0.491006432273867,0.491006432273867,0.2475826540593414,0.2475826540593414,0.2475826540593414,16938.0,16938,16938,0.7834130096040048,0.7834130096040048,0.7834130096040048,1.565946392726414,1.565946392726414,1.565946392726414,0.782973196363207,0.782973196363207,0.782973196363207,0.5,0.5,0.5
minibatch_const,main,90,markov,0.315161395500489,0.315161395500489,0.315161395500489,0.8424193022497555,0.8424193022497555,0.8424193022497555,0.1575806977502445,0.1575806977502445,0.1575806977502445,0.5,0.5,0.5,0.0,0.0,0.0,0.0,0.0,0.0,0.4946693693562753,0.4946693693562753,0.4946693693562753,0.2777414411477013,0.2777414411477013,0.2777414411477013,16938.0,16938,16938,0.7838097080627691,0.7838097080627691,0.7838097080627691,1.5684260243240051,1.5684260243240051,1.5684260243240051,0.7842130121620026,0.7842130121620026,0.7842130121620026,0.5,0.5,0.5
minibatch_const,main,90,markov_a0.5,0.2414248451255298,0.2414248451255298,0.2414248451255298,0.8792875774372351,0.8792875774372351,0.8792875774372351,0.1207124225627649,0.1207124225627649,0.1207124225627649,0.5,0.5,0.5,0.0,0.0,0.0,0.0,0.0,0.0,0.4912667372419532,0.4912667372419532,0.4912667372419532,0.2495192370394522,0.2495192370394522,0.2495192370394522,16938.0,16938,16938,0.7834622753164369,0.7834622753164369,0.7834622753164369,1.565946392726414,1.565946392726414,1.565946392726414,0.782973196363207,0.782973196363207,0.782973196363207,0.5,0.5,0.5
minibatch_const,main,90,markov_a0.5_soft,0.2286302936525028,0.2286302936525028,0.2286302936525028,0.6967839337011396,0.6967839337011396,0.6967839337011396,0.1538881129262044,0.1538881129262044,0.1538881129262044,0.8448717924642996,0.8448717924642996,0.8448717924642996,0.5622721598491686,0.5622721598491686,0.5622721598491686,1.0,1.0,1.0,0.2203840874164037,0.2203840874164037,0.2203840874164037,0.1236546369562703,0.1236546369562703,0.1236546369562703,16938.0,16938,16938,0.6812770165589369,0.6812770165589369,0.6812770165589369,1.204180242745441,1.204180242745441,1.204180242745441,0.5142789396436427,0.5142789396436427,0.5142789396436427,0.4842829276041508,0.4842829276041508,0.4842829276041508
minibatch_const,main,90,markov_pooled,0.2653407238343658,0.2653407238343658,0.2653407238343658,0.867329638082817,0.867329638082817,0.867329638082817,0.1326703619171829,0.1326703619171829,0.1326703619171829,0.5,0.5,0.5,0.0,0.0,0.0,0.0,0.0,0.0,0.4914285966844836,0.4914285966844836,0.4914285966844836,0.2565626018910988,0.2565626018910988,0.2565626018910988,16938.0,16938,16938,0.7832243895723727,0.7832243895723727,0.7832243895723727,1.5670090919825246,1.5670090919825246,1.5670090919825246,0.7835045459912623,0.7835045459912623,0.7835045459912623,0.5,0.5,0.5
minibatch_const,main,90,markov_pooled_soft,0.2573373122503582,0.2573373122503582,0.2573373122503582,0.6697373750931885,0.6697373750931885,0.6697373750931885,0.1739805928123121,0.1739805928123121,0.1739805928123121,0.8160750059897282,0.8160750059897282,0.8160750059897282,0.590700696791241,0.590700696791241,0.590700696791241,0.9999592435604826,0.9999592435604826,0.9999592435604826,0.1958897190376244,0.1958897190376244,0.1958897190376244,0.1399416874262565,0.1399416874262565,0.1399416874262565,16938.0,16938,16938,0.6785932496384757,0.6785932496384757,0.6785932496384757,1.1911009646664437,1.1911009646664437,1.1911009646664437,0.4999634105808117,0.4999634105808117,0.4999634105808117,0.4963784161092184,0.4963784161092184,0.4963784161092184
minibatch_const,main,90,markov_soft,0.2765602804394084,0.2765602804394084,0.2765602804394084,0.7058337674209775,0.7058337674209775,0.7058337674209775,0.0932191910756278,0.0932191910756278,0.0932191910756278,0.6398855625666005,0.6398855625666005,0.6398855625666005,0.4748352895092089,0.4748352895092089,0.4748352895092089,0.932238343658298,0.932238343658298,0.932238343658298,0.2747114154872958,0.2747114154872958,0.2747114154872958,0.1446734606117146,0.1446734606117146,0.1446734606117146,16938.0,16938,16938,0.6994991626613082,0.6994991626613082,0.6994991626613082,1.268574240060392,1.268574240060392,1.268574240060392,0.5671676714826197,0.5671676714826197,0.5671676714826197,0.4861306176553071,0.4861306176553071,0.4861306176553071
minibatch_const,main,90,markov_w20,0.2261819367460058,0.2261819367460058,0.2261819367460058,0.8869090316269971,0.8869090316269971,0.8869090316269971,0.1130909683730029,0.1130909683730029,0.1130909683730029,0.5,0.5,0.5,0.0,0.0,0.0,0.0,0.0,0.0,0.4924474502220406,0.4924474502220406,0.4924474502220406,0.2541108575154874,0.2541108575154874,0.2541108575154874,16938.0,16938,16938,0.7833748167200876,0.7833748167200876,0.7833748167200876,1.5703152674459795,1.5703152674459795,1.5703152674459795,0.7851576337229897,0.7851576337229897,0.7851576337229897,0.5,0.5,0.5
minibatch_const,main,90,markov_w5,0.4421421584610368,0.4421421584610368,0.4421421584610368,0.7789289207694816,0.7789289207694816,0.7789289207694816,0.2210710792305183,0.2210710792305183,0.2210710792305183,0.5,0.5,0.5,0.0,0.0,0.0,0.0,0.0,0.0,0.4984461192325703,0.4984461192325703,0.4984461192325703,0.3112199217476361,0.3112199217476361,0.3112199217476361,16938.0,16938,16938,0.7850081212684564,0.7850081212684564,0.7850081212684564,1.5700791120557327,1.5700791120557327,1.5700791120557327,0.7850395560278663,0.7850395560278663,0.7850395560278663,0.5,0.5,0.5
minibatch_const,main,90,model_posterior_oracle,0.4618950318771609,0.4618950318771609,0.4618950318771609,0.511004897065314,0.511004897065314,0.511004897065314,0.1547602874178062,0.1547602874178062,0.1547602874178062,0.6366431634616321,0.6366431634616321,0.6366431634616321,0.7777317311021048,0.7777317311021048,0.7777317311021048,1.0,1.0,1.0,0.0,0.0,0.0,0.2726699053299434,0.2726699053299434,0.2726699053299434,16938.0,16938,16938,0.6095712969136902,0.6095712969136902,0.6095712969136902,1.0056621746018823,1.0056621746018823,1.0056621746018823,0.2697398727429529,0.2697398727429529,0.2697398727429529,0.6293271173771383,0.6293271173771383,0.6293271173771383
minibatch_const,main,90,reassign_U,0.4306814476687317,0.4306814476687317,0.4306814476687317,0.7846592761656341,0.7846592761656341,0.7846592761656341,0.2153407238343658,0.2153407238343658,0.2153407238343658,0.5,0.5,0.5,0.0,0.0,0.0,0.0,0.0,0.0,0.4859086548656587,0.4859086548656587,0.4859086548656587,0.2978935441799804,0.2978935441799804,0.2978935441799804,16938.0,16938,16938,0.7940181522937024,0.7940181522937024,0.7940181522937024,1.587672688629118,1.587672688629118,1.587672688629118,0.793836344314559,0.793836344314559,0.793836344314559,0.5,0.5,0.5
minibatch_const,main,90,reassign_all,0.4306814476687317,0.4306814476687317,0.4306814476687317,0.7846592761656341,0.7846592761656341,0.7846592761656341,0.2153407238343658,0.2153407238343658,0.2153407238343658,0.5,0.5,0.5,0.0,0.0,0.0,0.0,0.0,0.0,0.4859086548656587,0.4859086548656587,0.4859086548656587,0.2978935441799804,0.2978935441799804,0.2978935441799804,16938.0,16938,16938,0.7940181522937024,0.7940181522937024,0.7940181522937024,1.587672688629118,1.587672688629118,1.587672688629118,0.793836344314559,0.793836344314559,0.793836344314559,0.5,0.5,0.5
minibatch_const,main,90,stop,0.5215357026410172,0.5215357026410172,0.5215357026410172,0.7392321486794914,0.7392321486794914,0.7392321486794914,0.2607678513205086,0.2607678513205086,0.2607678513205086,0.5,0.5,0.5,0.0,0.0,0.0,0.0,0.0,0.0,0.4994040624738304,0.4994040624738304,0.4994040624738304,0.3331247147049234,0.3331247147049234,0.3331247147049234,16938.0,16938,16938,0.7843677368532829,0.7843677368532829,0.7843677368532829,1.5693706458849923,1.5693706458849923,1.5693706458849923,0.7846853229424962,0.7846853229424962,0.7846853229424962,0.5,0.5,0.5
minibatch_const,main,90,true_posterior_oracle,1.1855196339116465,1.1855196339116465,1.1855196339116465,0.3814951790882697,0.3814951790882697,0.3814951790882697,0.5794867837070703,0.5794867837070703,0.5794867837070703,0.6240318883485616,0.6240318883485616,0.6240318883485616,0.0906867661183774,0.0906867661183774,0.0906867661183774,0.8688376263449625,0.8688376263449625,0.8688376263449625,0.5727092550313967,0.5727092550313967,0.5727092550313967,0.6011818119741568,0.6011818119741568,0.6011818119741568,16938.0,16938,16938,0.0,0.0,0.0,0.2380605590869177,0.2380605590869177,0.2380605590869177,0.0027772237504232,0.0027772237504232,0.0027772237504232,0.8747412883433415,0.8747412883433415,0.8747412883433415
