image,height,width,n,k,seed,policy,T,T_full,stop_reason,converged,n_U,frac_fractional,n_dist,seconds,dist_frac,time_frac,psnr,psnr_blur,d_psnr,d_psnr_blur,psnr_pi_dither,psnr_blur_pi_dither,disagree_rate
1,1707,2273,3880011,16,0,sklearn_tol,21,138,,,0,,105848105,1.41079623800033,0.4482002500566029,0.1664281073777066,31.31544209072188,34.33567757138532,-0.1086564104067413,0.0916513285314764,,,0.0937966412981818
1,1707,2273,3880011,16,0,fixed_T25,25,138,,,0,,110706842,1.6335132150015852,0.4687739498725729,0.1927014727048932,31.317802418153747,34.33873776747005,-0.1062960829748753,0.0947115246162084,,,0.0909265463422655
1,1707,2273,3880011,16,0,fixed_T50,50,138,,,0,,161809282,3.425715029999992,0.6851606899705893,0.4041230430741543,31.36892742885397,34.340798347820666,-0.0551710722746534,0.0967721049668242,,,0.0599418403710711
1,1707,2273,3880011,16,0,auto,94,138,stable_drift,,19602,0.0054076114682175,226233718,6.15411672900882,0.9579577166623342,0.7259857747013507,31.42352430894546,34.235839954284856,-0.0005741921831621,-0.0081862885689858,31.423524444801032,34.23561464822648,0.0041824623693077
1,1707,2273,3880011,16,0,v0.1.0,114,138,,,3778,0.0209105346744309,233689365,7.205094047014427,0.989527699419548,0.8499669430807708,31.424076046728327,34.2430200542431,-2.2454400294691368e-05,-0.001006188610745,31.424076014784923,34.24296467500027,0.0004422667873879
1,1707,2273,3880011,16,0,full,138,138,,True,0,,236162530,8.476910903027601,1.0,1.0,31.424098501128626,34.24402624285384,0.0,0.0,,,0.0
1,1707,2273,3880011,16,0,sample_faiss,25,138,,,0,,62215046,0.2599491460023273,0.2634416475805878,0.0306655512811258,31.192460348725454,34.27438620764791,-0.2316381524031641,0.0303599647940657,,,0.1269308257115766
1,1707,2273,3880011,16,0,sample_100k,90,138,,,0,,67495073,0.3206698590001906,0.2857992459684438,0.0378286220851584,31.394521295996544,34.15937030140027,-0.0295772051320781,-0.084655941453569,,,0.0322120220793188
1,1707,2273,3880011,256,0,fixed_T25,25,120,,,0,,7845338913,20.58992090398897,0.4538082933065067,0.3914020324562034,41.929152373027705,46.12718767410291,-0.0257894153075639,-0.0228185673890095,,,0.0264983784839785
1,1707,2273,3880011,256,0,sklearn_tol,42,120,,,0,,10912858477,30.143778284997097,0.6312468760701472,0.5730151243257712,41.94485760652082,46.13363991285914,-0.0100841818144488,-0.0163663286327846,,,0.0128682624868847
1,1707,2273,3880011,256,0,fixed_T50,50,120,,,0,,12185011546,34.641621509996185,0.7048337050739135,0.6585164231478052,41.94977791109433,46.14585193278543,-0.005163877240939,-0.0041543087064965,,,0.008357450533001
1,1707,2273,3880011,256,0,auto,101,120,few_unstable,,3694,0.0078505684894423,16573277789,49.376011346994346,0.958669981160153,0.9386083261762346,41.954805771810406,46.150504786413904,-0.0001360165248627,0.0004985449219816,41.95480337720116,46.15046119010414,0.0003265454659793
1,1707,2273,3880011,256,0,v0.1.0,101,120,,,3694,0.0040606388738494,16573277789,49.376011346994346,0.958669981160153,0.9386083261762346,41.954805771810406,46.150504786413904,-0.0001360165248627,0.0004985449219816,41.95480565931152,46.1504957657531,0.0003265454659793
1,1707,2273,3880011,256,0,full,120,120,,True,0,,17287782151,52.60555438299343,1.0,1.0,41.95494178833527,46.15000624149192,0.0,0.0,,,0.0
1,1707,2273,3880011,256,0,sample_faiss,25,120,,,0,,1128088291,4.094199325998488,0.0652534999080114,0.0778282706839428,41.79828992446956,46.15386490924308,-0.1566518638657115,0.0038586677511602,,,0.0985007516731267
1,1707,2273,3880011,256,0,sample_100k,79,120,,,0,,1385107350,5.006114436000644,0.0801205925607918,0.095163229334183,41.85005377324899,46.09102310533402,-0.1048880150862814,-0.0589831361578987,,,0.0943456088139956
9,3280,2187,7173360,16,0,fixed_T25,25,110,,,0,,401773157,4.404554567994637,0.5986266753456945,0.3078804680561119,29.76397945642408,32.714432759180085,-0.0332929546725289,0.0130595149131451,,,0.1180767450678622
9,3280,2187,7173360,16,0,sklearn_tol,48,110,,,0,,546535145,7.454784294990532,0.8143165144577517,0.5210929828584274,29.791112163132304,32.71537811351291,-0.0061602479643028,0.0140048692459728,,,0.0444081992260251
9,3280,2187,7173360,16,0,fixed_T50,50,110,,,0,,555105070,7.692751896993286,0.8270853757450973,0.5377270318992039,29.79205659315635,32.713537380513046,-0.0052158179402574,0.0121641362461062,,,0.0397771755495332
9,3280,2187,7173360,16,0,auto,81,110,stable_drift,,63669,0.0008481364557319,636282512,11.317505844999689,0.94803666721609,0.7910990641609255,29.796870767164435,32.70008600108642,-0.0004016439321716,-0.0012872431805206,29.79687081016564,32.70007975885705,0.0051752595715257
9,3280,2187,7173360,16,0,v0.1.0,110,110,,,0,,671158125,14.306053890992189,1.0,1.0,29.797272411096607,32.70137324426694,0.0,0.0,,,0.0
9,3280,2187,7173360,16,0,full,110,110,,True,0,,671158125,14.306053890992189,1.0,1.0,29.797272411096607,32.70137324426694,0.0,0.0,,,0.0
9,3280,2187,7173360,16,0,sample_faiss,25,110,,,0,,114992687,0.385068481999042,0.1713347163904184,0.0269164708125068,29.69488205145444,32.64640457980421,-0.1023903596421647,-0.0549686644627271,,,0.1570923528165322
9,3280,2187,7173360,16,0,sample_100k,80,110,,,0,,122894577,0.608907043999352,0.1831082310148595,0.0425628932086401,29.787985118453584,32.70637232764344,-0.0092872926430231,0.0049990833765036,,,0.0692459321712558
9,3280,2187,7173360,256,0,fixed_T25,25,67,,,0,,13210901113,35.94530631600355,0.6265372050426063,0.5762351643533045,40.82348887908732,44.72956535701442,-0.0101018402280033,-0.0012543043502759,,,0.0205147936253025
9,3280,2187,7173360,256,0,sklearn_tol,28,67,,,0,,13972562981,38.4257593020011,0.6626596083429126,0.6159990273036273,40.825460315759415,44.72638597090941,-0.0081304035559099,-0.0044336904552864,,,0.0159363255155185
9,3280,2187,7173360,256,0,fixed_T50,50,67,,,0,,18696726166,54.09932443999787,0.8867067019346181,0.8672601879095873,40.83261449442975,44.729552780838766,-0.0009762248855764,-0.0012668805259323,,,0.0016393991100404
9,3280,2187,7173360,256,0,auto,63,67,few_unstable,,6523,0.0030660738923808,20970314256,61.59153759499532,0.9945333759171378,0.9873670146753896,40.83358989466821,44.73093786971163,-8.246471168149583e-07,0.0001182083469331,40.833589680981305,44.73095101501357,8.78249523235973e-06
9,3280,2187,7173360,256,0,v0.1.0,63,67,,,6523,0.0030660738923808,20970314256,61.59153759499532,0.9945333759171378,0.9873670146753896,40.83358989466821,44.73093786971163,-8.246471168149583e-07,0.0001182083469331,40.83358962300441,44.73094189630571,8.78249523235973e-06
9,3280,2187,7173360,256,0,full,67,67,,True,0,,21085581202,62.37957788699714,1.0,1.0,40.833590719315325,44.7308196613647,0.0,0.0,,,0.0
9,3280,2187,7173360,256,0,sample_faiss,25,67,,,0,,1958776546,6.912459440998646,0.0928964929747446,0.1108128601562648,40.77125768513703,44.72471937854184,-0.0623330341782946,-0.0061002828228637,,,0.1388481827205103
9,3280,2187,7173360,256,0,sample_100k,55,67,,,0,,2103827575,7.636158665998664,0.0997756502344098,0.1224144010693987,40.81574275514469,44.70137254248137,-0.0178479641706346,-0.0294471188833256,,,0.1370960052193114
17,4988,3741,18660108,16,0,fixed_T25,25,139,,,0,,1054958878,11.541442986002949,0.56831690408686,0.2605130178994287,27.55141002645493,29.385442547811643,-0.0464305998696623,-0.0871277191810122,,,0.1643706992478285
17,4988,3741,18660108,16,0,sklearn_tol,50,139,,,0,,1430632171,20.108732014010457,0.7706958662229327,0.4538935442867839,27.581256230714843,29.45074929204341,-0.0165843956097511,-0.0218209749492395,,,0.0827562734363595
17,4988,3741,18660108,16,0,fixed_T50,50,139,,,0,,1430632171,20.108732014010457,0.7706958662229327,0.4538935442867839,27.581256230714843,29.45074929204341,-0.0165843956097511,-0.0218209749492395,,,0.0827562734363595
17,4988,3741,18660108,16,0,auto,102,139,stable_drift,,53729,0.0060674868320646,1812156273,35.185829297017335,0.976226717713771,0.7942132182758053,27.59777065775058,29.470584805801494,-6.996857401375678e-05,-0.0019854611911611,27.59777026328553,29.47056912279756,0.0020287663929919
17,4988,3741,18660108,16,0,v0.1.0,110,139,,,18472,0.0178648765699436,1826791942,37.145061120023456,0.9841110990567564,0.8384369254495898,27.597801680958234,29.471867374444823,-3.8945366359399713e-05,-0.0007028925478316,27.5978017666524,29.471898782115883,0.0013019217252118
17,4988,3741,18660108,16,0,full,139,139,,True,0,,1856286291,44.3027495480419,1.0,1.0,27.597840626324597,29.47257026699265,0.0,0.0,,,0.0
17,4988,3741,18660108,16,0,sample_faiss,25,139,,,0,,298771374,1.2568642549995277,0.1609511288471827,0.0283698927904369,27.385664357653237,29.17050537454522,-0.2121762686713602,-0.3020648924474365,,,0.2815008359008425
17,4988,3741,18660108,16,0,sample_100k,107,139,,,0,,308409610,1.2655764359988098,0.16614334302596,0.0285665438129617,27.59383049929768,29.453101072454103,-0.0040101270269126,-0.0194691945385514,,,0.0435111629578992
17,4988,3741,18660108,256,0,fixed_T25,25,292,,,0,,38982664969,108.46386923901446,0.3156372071279318,0.259726207545571,38.25991015005767,42.07943221695948,-0.0223630164067927,-0.026937375712265,,,0.043533456505182
17,4988,3741,18660108,256,0,fixed_T50,50,292,,,0,,60238967365,177.39879292501791,0.4877465261669353,0.4247969027183086,38.27687127675965,42.09992863549788,-0.0054018897048138,-0.006440957173865,,,0.0159397791266802
17,4988,3741,18660108,256,0,sklearn_tol,54,292,,,0,,64086760158,189.23505314701836,0.518901568331326,0.4531398615353899,38.277745486292616,42.1063223840601,-0.0045276801718472,-4.720861164031476e-05,,,0.0142648156162868
17,4988,3741,18660108,256,0,auto,82,292,few_unstable,,18084,0.0155385976553859,81254281974,246.69025494203012,0.6579046006693966,0.5907213600627929,38.27939034054408,42.11550586924959,-0.0028828259203805,0.0091362765778484,38.27938916986251,42.11550936196818,0.0103965100309172
17,4988,3741,18660108,256,0,v0.1.0,82,292,,,18084,0.0148197301481973,81254281974,246.69025494203012,0.6579046006693966,0.5907213600627929,38.27939182969124,42.115461784292336,-0.0028813367732283,0.0090921916205957,38.27939004845388,42.11546399971043,0.0103964028504015
17,4988,3741,18660108,256,0,full,292,292,,True,0,,123504656893,417.6084895860331,1.0,1.0,38.28227316646446,42.10636959267174,0.0,0.0,,,0.0
17,4988,3741,18660108,256,0,sample_faiss,25,292,,,0,,4914291203,16.483846649000043,0.0397903312039283,0.0394720104118097,38.165056567996935,42.00933102929714,-0.1172165984675288,-0.0970385633746033,,,0.1289881066068856
17,4988,3741,18660108,256,0,sample_100k,96,292,,,0,,5163631498,17.486139954002283,0.0418092048340621,0.0418720892655605,38.200408858445286,42.12670946371338,-0.0818643080191776,0.0203398710416422,,,0.1471279801810364
25,2580,3870,9984600,16,0,sklearn_tol,16,97,,,0,,406300121,3.8353951569988567,0.5354813634873945,0.2296093501580857,28.109797531920503,29.5346673588007,-0.0223361803999964,0.0479861976917881,,,0.1377707669811509
25,2580,3870,9984600,16,0,fixed_T25,25,97,,,0,,436049851,5.271482181997271,0.5746898824131909,0.3155819801173832,28.11038866801484,29.53135146016836,-0.0217450443056641,0.0446702990594474,,,0.1295273721531158
25,2580,3870,9984600,16,0,fixed_T50,50,97,,,0,,570851275,9.691188328000862,0.7523507951047782,0.5801716285195191,28.118813077140334,29.508394479157328,-0.0133206351801646,0.0217133180484161,,,0.0750510786611381
25,2580,3870,9984600,16,0,auto,92,97,stable_drift,,25997,0.0354271646728468,758557993,16.17894912000338,0.9997379950962442,0.9685672118831996,28.13213360269057,29.486688686528883,-1.096299335756612e-07,7.525419970733083e-06,28.132130643740812,29.486399733134427,2.1533161068044788e-05
25,2580,3870,9984600,16,0,v0.1.0,97,97,,,0,,758756791,16.704002491005667,1.0,1.0,28.132133712320503,29.486681161108912,0.0,0.0,,,0.0
25,2580,3870,9984600,16,0,full,97,97,,True,0,,758756791,16.704002491005667,1.0,1.0,28.132133712320503,29.486681161108912,0.0,0.0,,,0.0
25,2580,3870,9984600,16,0,sample_faiss,25,97,,,0,,160012489,0.5854437300004065,0.210887719092586,0.0350481107935442,28.057006827885186,29.470404570274727,-0.075126884435317,-0.0162765908341846,,,0.1258069426917452
25,2580,3870,9984600,16,0,sample_100k,106,97,,,0,,168057310,0.7335978770024667,0.2214903536856779,0.0439174908766611,28.13156324400533,29.48859353078984,-0.0005704683151677,0.0019123696809266,,,0.0097899765639084
25,2580,3870,9984600,256,0,fixed_T25,25,149,,,0,,21817897013,57.26980415000071,0.441889610166379,0.377329822818265,38.765568553352,42.43337335923185,-0.011753978181396,0.0069764777639846,,,0.0195301764717665
25,2580,3870,9984600,256,0,sklearn_tol,46,149,,,0,,29369742759,81.15760044098351,0.5948412063146328,0.5347177880082112,38.77268071841255,42.43223332889815,-0.0046418131208483,0.0058364474302834,,,0.0056673276846343
25,2580,3870,9984600,256,0,fixed_T50,50,149,,,0,,30334260321,84.32781509998313,0.6143760995821578,0.5556051745346794,38.77296082496464,42.43281657411109,-0.0043617065687584,0.0064196926432202,,,0.0049464174829237
25,2580,3870,9984600,256,0,auto,86,149,few_unstable,,9908,0.0142309245054501,42385266013,123.11513630599438,0.8584516034759434,0.8111606676166158,38.77688306779024,42.42701134267232,-0.000439463743163,0.0006144612044494,38.77687310290168,42.427042172669005,0.0009242233038879
25,2580,3870,9984600,256,0,v0.1.0,86,149,,,9908,0.0067622123536536,42385266013,123.11513630599438,0.8584516034759434,0.8111606676166158,38.77689784776403,42.42700934449732,-0.0004246837693671,0.000612463029455,38.776896329802526,42.42700566046344,0.0009208180598121
25,2580,3870,9984600,256,0,full,149,149,,True,0,,49374089164,151.77651138797955,1.0,1.0,38.7773225315334,42.426396881467866,0.0,0.0,,,0.0
25,2580,3870,9984600,256,0,sample_faiss,25,149,,,0,,2686133316,9.588563383997098,0.0544037036729486,0.063175542093508,38.66692403549245,42.34056787535241,-0.1103984960409505,-0.0858290061154534,,,0.140782505057789
25,2580,3870,9984600,256,0,sample_100k,50,149,,,0,,2827236940,9.698153795001415,0.0572615513090095,0.0638975932857651,38.697414831407,42.32636678156413,-0.0799077001264052,-0.1000300999037335,,,0.1053002624041023
33,1560,2340,3650400,16,0,sklearn_tol,23,97,,,0,,170321535,1.8790974260045916,0.7841123719396333,0.3406786281339525,29.843270598123585,33.94949663686034,-0.0063414513169242,-0.0153845718176839,,,0.0199761669953977
33,1560,2340,3650400,16,0,fixed_T25,25,97,,,0,,173721592,2.028899859007652,0.7997652766589336,0.3678376709064832,29.844929571434516,33.951873980117604,-0.0046824780059964,-0.0130072285604185,,,0.0163782051282051
33,1560,2340,3650400,16,0,auto,50,97,stable_drift,,11184,0.0035765379113018,205134571,3.3790580019995105,0.9443817837458376,0.6126200954646165,29.849415714276976,33.96856034996129,-0.0001963351635332,0.0036791412832641,29.84941381019883,33.96850702782356,0.0025745123822046
33,1560,2340,3650400,16,0,fixed_T50,50,97,,,0,,205134571,3.3790580019995105,0.9443817837458376,0.6126200954646165,29.84941578904492,33.968515168019294,-0.0001962603955902,0.0036339593412719,,,0.0025734166118781
33,1560,2340,3650400,16,0,v0.1.0,65,97,,,3498,0.0008576329331046,211039698,4.064873065006395,0.9715673251312812,0.7369577330907642,29.84955180632276,33.96893098491133,-6.024311775121305e-05,0.0040497762333089,29.84955180632276,33.96893098491133,0.0009952333990795
33,1560,2340,3650400,16,0,full,97,97,,True,0,,217215722,5.515747895009554,1.0,1.0,29.84961204944051,33.96488120867802,0.0,0.0,,,0.0
33,1560,2340,3650400,16,0,sample_faiss,25,97,,,0,,58596416,0.2528088719991501,0.2697613941591207,0.0458340150440672,29.766892907436503,33.7446936447627,-0.0827191420040058,-0.2201875639153243,,,0.0922983782599167
33,1560,2340,3650400,16,0,sample_100k,121,97,,,0,,65068529,0.3567245730009745,0.2995571793831756,0.0646738356776106,29.83440260727319,33.87498288288409,-0.0152094421673183,-0.089898325793932,,,0.0332221126451895
33,1560,2340,3650400,256,0,fixed_T25,25,182,,,0,,9236618860,25.69487022200337,0.3804191191562869,0.3369880724223509,39.7119634821128,45.056338211204256,-0.0198516970058548,-0.0009668987978486,,,0.0246819526627218
33,1560,2340,3650400,256,0,sklearn_tol,47,182,,,0,,14320028421,41.46162488201298,0.5897842793753444,0.5437689674152697,39.723820398536674,45.05845453743869,-0.0079947805819813,0.0011494274365873,,,0.0124115165461319
33,1560,2340,3650400,256,0,fixed_T50,50,182,,,0,,14901528722,43.345466422015306,0.6137339340756722,0.5684755381754873,39.72434819372829,45.05929447615812,-0.0074669853903657,0.0019893661560104,,,0.0117622726276572
33,1560,2340,3650400,256,0,auto,102,182,few_unstable,,3629,0.0115734362083218,21184486473,63.4049611610244,0.8725036516053598,0.8315556941544934,39.73143633070586,45.05798575122221,-0.0003788484127937,0.0006806412201072,39.731434534449775,45.05798455764687,0.0016373548104317
33,1560,2340,3650400,256,0,v0.1.0,102,182,,,3629,0.0046844860843207,21184486473,63.4049611610244,0.8725036516053598,0.8315556941544934,39.731437641213454,45.05790836456372,-0.0003775379052015,0.0006032545616108,39.731437306389296,45.05791948869604,0.0016335196142888
33,1560,2340,3650400,256,0,full,182,182,,True,0,,24280112105,76.24860440104749,1.0,1.0,39.731815179118655,45.057305110002105,0.0,0.0,,,0.0
33,1560,2340,3650400,256,0,sample_faiss,25,182,,,0,,1109572201,3.536394500999449,0.045698808811163,0.0463797931618387,39.575689591971866,45.075965642079225,-0.1561255871467892,0.0186605320771207,,,0.1240231207538899
33,1560,2340,3650400,256,0,sample_100k,43,182,,,0,,1281910922,4.04755584799932,0.0527967464258954,0.0530836712329873,39.62234296305712,45.034988921392845,-0.1094722160615333,-0.0223161886092597,,,0.0848323471400394
41,1707,2273,3880011,16,0,fixed_T25,25,90,,,0,,296143687,2.758918554009142,0.7550130467709947,0.4293747518630789,26.91789311237441,28.77968978965488,-0.0153536873199016,0.001484384614482,,,0.0637663140645735
41,1707,2273,3880011,16,0,sklearn_tol,40,90,,,0,,353122127,3.8620201260055183,0.9002785630494433,0.6010521517150743,26.931632991301317,28.774869594006997,-0.001613808393003,-0.0033358110334056,,,0.0224989052866087
41,1707,2273,3880011,16,0,fixed_T50,50,90,,,0,,367008324,4.432614659010142,0.9356811745696824,0.6898546593741959,26.932376795683616,28.77699069522648,-0.0008700040107001,-0.0012147098139188,,,0.0130097569311014
41,1707,2273,3880011,16,0,auto,73,90,stable_drift,,18571,0.0039308599429217,389068522,5.652440073019534,0.9919232558143568,0.8796979708758897,26.933230540313048,28.777597355512697,-1.625938126892379e-05,-0.0006080495277025,26.933230507994487,28.777585905256224,0.0009551519312702
41,1707,2273,3880011,16,0,v0.1.0,83,90,,,3314,0.0069402534701267,391486995,6.1097399450227385,0.998089109582036,0.950868255617736,26.933245793473265,28.7783072643293,-1.0062210513694936e-06,0.0001018592889003,26.933245788130293,28.778309939582957,0.0001121130842154
41,1707,2273,3880011,16,0,full,90,90,,True,0,,392236516,6.425432660020306,1.0,1.0,26.93324679969432,28.7782054050404,0.0,0.0,,,0.0
41,1707,2273,3880011,16,0,sample_faiss,25,90,,,0,,62377026,0.2129894630015769,0.1590291149740887,0.0331478787921658,26.881162949813827,28.77524198364794,-0.0520838498804892,-0.002963421392458,,,0.0804672976442592
41,1707,2273,3880011,16,0,sample_100k,240,90,,,0,,79360083,0.5150560589972883,0.2023271158160093,0.0801589692476305,26.98446815742157,28.857087560757773,0.0512213577272575,0.0788821557173733,,,0.293754579561759
41,1707,2273,3880011,256,0,fixed_T25,25,330,,,0,,7757914987,21.03887201601537,0.2602986321639171,0.2065895126675912,36.14121937440613,39.94558267957604,-0.0562093497938107,-0.0873739070693275,,,0.1543598716601576
41,1707,2273,3880011,256,0,fixed_T50,50,330,,,0,,12179732815,35.61454937501912,0.4086623528588655,0.3497142049089068,36.16824232832775,39.973108550488384,-0.0291863958721876,-0.0598480361569855,,,0.0971071989228896
41,1707,2273,3880011,256,0,sklearn_tol,113,330,,,0,,19100415464,59.35086825400504,0.6408696186247251,0.5827910802280508,36.19308971941139,40.025040634761766,-0.004339004788548,-0.0079159518836036,,,0.0275545610566568
41,1707,2273,3880011,256,0,auto,193,330,stable_drift,,4884,0.0126945126945126,23719452144,76.77610018398627,0.7958505550920251,0.7538967445333545,36.19568139139821,40.03258089855977,-0.0017473328017274,-0.0003756880855974,36.19568133210138,40.03259432937426,0.0103682695744934
41,1707,2273,3880011,256,0,v0.1.0,196,330,,,3719,0.0056466792148427,23825553590,77.25919375498779,0.7994105401280422,0.758640443022992,36.19570454817905,40.03342790331782,-0.0017241760208861,0.0004713166724528,36.19570447836206,40.03344906509064,0.0101633732481686
41,1707,2273,3880011,256,0,full,330,330,,True,0,,29803902243,101.839012756991,1.0,1.0,36.19742872419994,40.03295658664537,0.0,0.0,,,0.0
41,1707,2273,3880011,256,0,sample_faiss,25,330,,,0,,1129402235,4.043810201997985,0.037894441667123,0.0397078692391427,36.05354429438024,39.87570747887609,-0.1438844298196997,-0.1572491077692817,,,0.2569518488478512
41,1707,2273,3880011,256,0,sample_100k,94,330,,,0,,1486428844,5.403428290999727,0.049873631710395,0.0530585297786952,36.11235083040449,39.99665771457792,-0.0850778937954501,-0.036298872067455,,,0.2273725512633856
49,1560,2340,3650400,16,0,fixed_T25,25,138,,,0,,227830443,2.255507881003723,0.6669222772637021,0.260696771715593,29.082277632858613,32.42936103015068,-0.0111535064082168,-0.0473985973853245,,,0.1199871246986631
49,1560,2340,3650400,16,0,sklearn_tol,27,138,,,0,,232804894,2.3865017580028507,0.6814838615075457,0.2758373443271084,29.0833116878818,32.432099601952366,-0.0101194513850302,-0.0446600255836386,,,0.114714825772518
49,1560,2340,3650400,16,0,fixed_T50,50,138,,,0,,275904155,3.84437919699485,0.8076472350936765,0.4443421609598388,29.089759547029907,32.45713800172213,-0.0036715922369232,-0.0196216258138761,,,0.0574180911680911
49,1560,2340,3650400,16,0,auto,83,138,stable_drift,,39633,0.0003280094870436,313013009,5.812400354989222,0.916275042205153,0.6718105581568375,29.092629768095858,32.472799263533226,-0.0008013711709722,-0.0039603640027792,29.09262976433791,32.47279679998001,0.0136722003068156
49,1560,2340,3650400,16,0,v0.1.0,108,138,,,2796,0.009656652360515,332947559,7.222561626000242,0.9746289448143276,0.8348002307033746,29.09340630612941,32.47889372939562,-2.4833137420188223e-05,0.0021341018596174,29.09340631001083,32.47889668121531,0.0006667762436993
49,1560,2340,3650400,16,0,full,138,138,,True,0,,341614684,8.65184431000307,1.0,1.0,29.09343113926683,32.476759627536005,0.0,0.0,,,0.0
49,1560,2340,3650400,16,0,sample_faiss,25,138,,,0,,58666467,0.2761860020000313,0.1717328608743294,0.0319222112770465,28.985891741747828,32.23904909077496,-0.1075393975190017,-0.2377105367610426,,,0.1813045145737453
49,1560,2340,3650400,16,0,sample_100k,70,138,,,0,,68448617,0.3153104900011385,0.2003679004617963,0.0364443092944452,29.09010651432116,32.43899176778268,-0.003324624945673,-0.0377678597533233,,,0.0944819745781284
49,1560,2340,3650400,256,0,fixed_T25,25,152,,,0,,8957668890,25.02617541899599,0.4003742253048451,0.3586352685366258,39.442312773764726,44.92926825110281,-0.0296827328058313,0.0135526597995934,,,0.0427186061801446
49,1560,2340,3650400,256,0,fixed_T50,50,152,,,0,,13846830151,40.0760327519929,0.6189014086938859,0.5743058428729816,39.46509669604389,44.9174246682332,-0.006898810526664,0.001709076929977,,,0.0126813499890422
49,1560,2340,3650400,256,0,sklearn_tol,83,152,,,0,,19119169756,57.2311521319898,0.8545552278758458,0.8201456782700072,39.47130998151936,44.91366407921063,-0.0006855250512032,-0.002051512092585,,,0.0026986083716852
49,1560,2340,3650400,256,0,auto,98,152,few_unstable,,3403,0.0164560681751395,20168908180,60.971829657988565,0.9014746009228808,0.8737511080484303,39.47181100577791,44.91571677189469,-0.000184500792649,1.1805914681417562e-06,39.47181021607141,44.91573363646608,0.0007788187595879
49,1560,2340,3650400,256,0,v0.1.0,98,152,,,3403,0.0149867763737878,20168908180,60.971829657988565,0.9014746009228808,0.8737511080484303,39.471811704600064,44.91572287730135,-0.0001838019704933,7.285998130157623e-06,39.47181136973797,44.91567538852205,0.0007777229892614
49,1560,2340,3650400,256,0,full,152,152,,True,0,,22373240643,69.78169079999498,1.0,1.0,39.47199550657056,44.91571559130322,0.0,0.0,,,0.0
49,1560,2340,3650400,256,0,sample_faiss,25,152,,,0,,1103622816,3.48533269499967,0.0493278034063114,0.0499462345357777,39.35453749984414,44.97353089297884,-0.1174580067264159,0.0578153016756246,,,0.16517258382643
49,1560,2340,3650400,256,0,sample_100k,55,152,,,0,,1359602447,4.786123642999883,0.0607691334793461,0.0685870976774931,39.353195873357095,45.02079330918568,-0.1187996332134631,0.1050777178824589,,,0.1634475673898751
57,2982,2235,6664770,16,0,fixed_T25,25,61,,,0,,553231350,4.60977368800377,0.883775056734121,0.5654700303737951,24.35621394787092,26.43948687124784,-0.0019695930357066,-0.0026940135794291,,,0.0114494573706219
57,2982,2235,6664770,16,0,sklearn_tol,30,61,,,0,,581231961,5.233638597997924,0.9285054241927168,0.6419980626547696,24.35760031756369,26.441431507307904,-0.0005832233429288,-0.0007493775193623,,,0.0059808515522666
57,2982,2235,6664770,16,0,auto,43,61,stable_drift,,19319,0.0036233759511361,615089271,6.647522948998812,0.9825917410041464,0.8154359103708312,24.358156515436452,26.44209472456073,-2.7025470167529875e-05,-8.616026653740505e-05,24.358156224857886,26.442085529251976,0.0009992842963823
57,2982,2235,6664770,16,0,fixed_T50,50,61,,,0,,621936571,7.2740552999930514,0.9935301539230372,0.8922911513274211,24.35817897820554,26.44212445531929,-4.562701082733156e-06,-5.642950797124513e-05,,,0.0003093880208919
57,2982,2235,6664770,16,0,v0.1.0,52,61,,,6311,0.0028521628901917,623295412,7.426650843994139,0.9957008728851272,0.9110096856289536,24.358180068539504,26.442114984584943,-3.472367119172759e-06,-6.590024232266956e-05,24.358180067289453,26.44211640840187,0.0002058585667622
57,2982,2235,6664770,16,0,full,61,61,,True,0,,625986608,8.15210964400103,1.0,1.0,24.358183540906623,26.442180884827263,0.0,0.0,,,0.0
57,2982,2235,6664770,16,0,sample_faiss,25,61,,,0,,106979315,0.3611459769999783,0.170897130438292,0.044300922432482,24.312397632758515,26.363177224496223,-0.0457859081481082,-0.0790036603310433,,,0.0874036163288455
57,2982,2235,6664770,16,0,sample_100k,75,61,,,0,,117077245,0.5074320040002931,0.1870283541273458,0.0622454832135019,24.366638586340414,26.312843475672253,0.008455045433795,-0.1293374091550134,,,0.1390603126589514
57,2982,2235,6664770,256,0,fixed_T25,25,157,,,0,,15044849250,40.314567938992695,0.3694789322345321,0.3186280251049544,33.449676572854244,37.69399542700531,-0.0260306686600344,0.0412257940610416,,,0.0943588450914285
57,2982,2235,6664770,256,0,fixed_T50,50,157,,,0,,23867966177,67.8051591600015,0.5861614504171844,0.535901165746642,33.467819271084245,37.66468525822684,-0.0078879704300334,0.0119156252825689,,,0.0401427206040118
57,2982,2235,6664770,256,0,sklearn_tol,90,157,,,0,,36680143969,108.69657884598928,0.900809320364246,0.8590883649248875,33.47526727318869,37.6489283572435,-0.0004399683255869,-0.0038412757007719,,,0.0055329741311403
57,2982,2235,6664770,256,0,auto,111,157,stable_drift,,9211,0.0123765063511019,38890036319,116.99913652999749,0.9550809619249788,0.924708007982424,33.47564576950195,37.6524884519414,-6.147201232664656e-05,-0.0002811810028688,33.47564540752242,37.6525137286906,0.0011085153726235
57,2982,2235,6664770,256,0,v0.1.0,115,157,,,6298,0.010955859002858,39107192928,118.03359095599808,0.9604140025349398,0.9328838656851888,33.47566226621494,37.65262139584628,-4.4975299339000685e-05,-0.0001482370979957,33.47566215545675,37.652629144888905,0.0008553933594107
57,2982,2235,6664770,256,0,full,157,157,,True,0,,40719099081,126.52549293400445,1.0,1.0,33.47570724151428,37.65276963294427,0.0,0.0,,,0.0
57,2982,2235,6664770,256,0,sample_faiss,25,157,,,0,,1867594415,6.213226002997544,0.0458653176801605,0.0491065148921281,33.36477370851172,37.67085289658236,-0.1109335330025587,0.0180832636380898,,,0.21926773166966
57,2982,2235,6664770,256,0,sample_100k,84,157,,,0,,2135628816,7.621702413001913,0.0524478405514749,0.0602384723921003,33.402732155118514,37.67220567777826,-0.0729750863957647,0.0194360448339878,,,0.1910405010225409
65,1560,2340,3650400,16,0,fixed_T25,25,111,,,0,,288837245,2.2771499440095795,0.4739139981751216,0.2960963339221107,33.16796874018558,35.62486479917134,-0.0766841782618001,-0.02220610472434,,,0.0527076484768792
65,1560,2340,3650400,16,0,sklearn_tol,28,111,,,0,,299565764,2.492047485007788,0.4915169750134714,0.3240393221411503,33.16982689512419,35.62623806480215,-0.0748260233231903,-0.0208328390935292,,,0.0511390532544378
65,1560,2340,3650400,16,0,fixed_T50,50,111,,,0,,411449113,4.005753368011938,0.6750912410462765,0.5208655187528104,33.194909992556234,35.60259765366237,-0.0497429258911452,-0.0444732502333096,,,0.0334524983563445
65,1560,2340,3650400,16,0,auto,94,111,stable_drift,,4724,0.0103725656223539,603041877,6.962637412998447,0.989449913206657,0.905347238042528,33.24462521710907,35.64699828297612,-2.770133831120347e-05,-7.262091956050654e-05,33.24462531611857,35.64701437463126,0.0004087223317992
65,1560,2340,3650400,16,0,v0.1.0,96,111,,,3629,0.0068889501240011,604382016,7.052164341002936,0.9916487661682978,0.9169883665677588,33.24463713046649,35.6466917146487,-1.578798089241218e-05,-0.0003791892469777,33.24463667165745,35.64670591543347,0.0002827087442472
65,1560,2340,3650400,16,0,full,111,111,,True,0,,609471858,7.690571220002312,1.0,1.0,33.24465291844738,35.64707090389568,0.0,0.0,,,0.0
65,1560,2340,3650400,16,0,sample_faiss,25,111,,,0,,58802644,0.2088183790001494,0.0964813112010825,0.0271525187176001,33.13331282427845,35.59174439844834,-0.1113400941689306,-0.0553265054473399,,,0.0600424611001534
65,1560,2340,3650400,16,0,sample_100k,107,111,,,0,,76240793,0.4047660640026151,0.1250932130815464,0.0526314694219155,33.244257663600834,35.645360787144,-0.0003952548465449,-0.0017101167516813,,,0.0311450799912338
65,1560,2340,3650400,256,0,fixed_T25,25,108,,,0,,8032101875,22.04142852999576,0.369843350680951,0.3407667164540174,42.99904680794577,47.15262606522205,-0.0233241572901405,-0.0096076545860057,,,0.0173580977427131
65,1560,2340,3650400,256,0,sklearn_tol,47,108,,,0,,11510227727,32.786184779990435,0.5299959158765609,0.5068836857523851,43.01172597869751,47.1631355498748,-0.010644986538395,0.0009018300667449,,,0.0070890861275476
65,1560,2340,3650400,256,0,fixed_T50,50,108,,,0,,11924484290,34.14035373899242,0.5490706285340736,0.5278195206986126,43.01304971469466,47.16148788969912,-0.0093212505412481,-0.00074583010894,,,0.0060749506903353
65,1560,2340,3650400,256,0,auto,83,108,few_unstable,,3620,0.0154696132596685,20282898690,59.26881916199272,0.9339392514903668,0.9163127002614064,43.02197316546821,47.16394391093664,-0.000397799767704,0.0017101911285806,43.02194639705354,47.16392708824426,0.0006665023011176
65,1560,2340,3650400,256,0,v0.1.0,83,108,,,3620,0.0080110497237569,20282898690,59.26881916199272,0.9339392514903668,0.9163127002614064,43.0219906087341,47.16397838124465,-0.0003803565018074,0.0017446614365894,43.02198981549397,47.16400255051735,0.0006610234494849
65,1560,2340,3650400,256,0,full,108,108,,True,0,,21717578159,64.68187022299753,1.0,1.0,43.02237096523591,47.16223371980806,0.0,0.0,,,0.0
65,1560,2340,3650400,256,0,sample_faiss,25,108,,,0,,1072988002,3.5504957570010447,0.0494064298580798,0.0548916681716273,42.884661458049074,47.040051558634815,-0.1377095071868339,-0.1221821611732423,,,0.0848920666228358
65,1560,2340,3650400,256,0,sample_100k,42,108,,,0,,1245175246,4.4056211490024,0.0573349034079099,0.068112148486331,42.92556152865974,47.10591840051809,-0.0968094365761658,-0.0563153192899648,,,0.0870148476879246
73,1804,2211,3988644,16,0,sklearn_tol,13,41,,,0,,127425234,1.0471437169981073,0.8496203992373094,0.4112910319829644,33.00177646802926,35.40915582401857,-0.0016839768886924,-0.007741470880731,,,0.0052910212092129
73,1804,2211,3988644,16,0,fixed_T25,25,41,,,0,,142307686,1.8058284990074756,0.9488506255665,0.7092828375747917,33.0033662052831,35.41540437977797,-9.423963485488684e-05,-0.0014929151213323,,,0.0008090468841039
73,1804,2211,3988644,16,0,auto,32,41,few_unstable,,3618,0.0022111663902708,146835414,2.146169702005864,0.979039701546521,0.8429600800920036,33.00342772370945,35.41619787093909,-3.272120850539295e-05,-0.0006994239602136,33.00342767051512,35.416215199163275,0.0002053329402172
73,1804,2211,3988644,16,0,v0.1.0,32,41,,,3618,0.0022111663902708,146835414,2.146169702005864,0.979039701546521,0.8429600800920036,33.0034277414814,35.41619683664812,-3.270343655259467e-05,-0.0007004582511811,33.00342768828707,35.41621416474114,0.0002050822284465
73,1804,2211,3988644,16,0,fixed_T50,41,41,,,0,,149979019,2.545992097006092,1.0,1.0,33.003460444917955,35.4168972948993,0.0,0.0,,,0.0
73,1804,2211,3988644,16,0,full,41,41,,True,0,,149979019,2.545992097006092,1.0,1.0,33.003460444917955,35.4168972948993,0.0,0.0,,,0.0
73,1804,2211,3988644,16,0,sample_faiss,19,41,,,0,,63948227,0.2299259110004641,0.4263811526864301,0.0903089649299543,32.933243579300175,35.27079078153896,-0.0702168656177804,-0.146106513360344,,,0.048327702346963
73,1804,2211,3988644,16,0,sample_100k,26,41,,,0,,67252542,0.2598974899992754,0.4484130010211628,0.1020810277867306,32.99973775528346,35.39192337223636,-0.0037226896344932,-0.0249739226629372,,,0.0134085669214901
73,1804,2211,3988644,256,0,fixed_T25,25,99,,,0,,10216372005,26.65518971900019,0.4375092584803815,0.402443349768838,43.23597367949881,47.383415700036615,-0.0183122768272454,0.0013994914800647,,,0.0154649048649114
73,1804,2211,3988644,256,0,sklearn_tol,35,99,,,0,,12197972495,32.36209737599711,0.5223699664264074,0.4886069471213695,43.2406731847948,47.39079260171244,-0.0136127715312639,0.008776393155891,,,0.0110619047475783
73,1804,2211,3988644,256,0,fixed_T50,50,99,,,0,,16879986583,45.76343099799488,0.7228740701173321,0.69094193895833,43.24853052744704,47.38817117021007,-0.00575542887902,0.0061549616535216,,,0.0051258021523104
73,1804,2211,3988644,256,0,auto,75,99,few_unstable,,3944,0.0152129817444219,22251532250,61.51341846500145,0.9529068998256192,0.928737196912213,43.25406113151721,47.38154476598035,-0.0002248248088463,-0.0004714425761989,43.2540618964103,47.38140573580314,0.0005237368890279
73,1804,2211,3988644,256,0,v0.1.0,75,99,,,3944,0.0141987829614604,22251532250,61.51341846500145,0.9529068998256192,0.928737196912213,43.25406242449489,47.38155864438441,-0.0002235318311676,-0.0004575641721373,43.25406437951262,47.38139881101041,0.0005232354654865
73,1804,2211,3988644,256,0,full,99,99,,True,0,,23351213276,66.2333959159987,1.0,1.0,43.25428595632606,47.38201620855655,0.0,0.0,,,0.0
73,1804,2211,3988644,256,0,sample_faiss,25,99,,,0,,1197301798,3.851934029000404,0.0512736440650202,0.0581569761859359,43.09872891451744,47.30204528099661,-0.1555570418086205,-0.0799709275599411,,,0.0905909376720509
73,1804,2211,3988644,256,0,sample_100k,48,99,,,0,,1361571794,4.303494423002121,0.0583083961380028,0.0649746908411593,43.16928594082263,47.27662669034657,-0.0850000155034251,-0.1053895182099822,,,0.0643125834243417
81,3281,2187,7175547,16,0,sklearn_tol,25,71,,,0,,311448748,3.397154881993629,0.8410891103454017,0.4396858983708377,29.077532334755038,30.940920594596623,-0.0040220879163754,-0.018715845616235,,,0.0195218566612412
81,3281,2187,7175547,16,0,fixed_T25,25,71,,,0,,311448748,3.397154881993629,0.8410891103454017,0.4396858983708377,29.077532334755038,30.940920594596623,-0.0040220879163754,-0.018715845616235,,,0.0195218566612412
81,3281,2187,7175547,16,0,fixed_T50,50,71,,,0,,357920804,5.893709358988417,0.9665901453887716,0.7628091695138369,29.081342040215542,30.958735719339533,-0.0002123824558672,-0.0009007208733251,,,0.0019298877144836
81,3281,2187,7175547,16,0,auto,60,71,stable_drift,,12823,0.0028074553536613,368116086,6.822644607989787,0.9941232169524452,0.8830391100592062,29.08155017513074,30.959657314023907,-4.24754066941091e-06,2.087381104942665e-05,29.081549898737265,30.959695891450394,0.0001484207406069
81,3281,2187,7175547,16,0,v0.1.0,65,71,,,5402,0.0029618659755646,369751988,7.251318800994341,0.9985410846325304,0.9385214192876244,29.081554304581843,30.959730961591667,-1.18089566569779e-07,9.45213788092758e-05,29.081554284369755,30.95974056433248,9.337267249451504e-06
81,3281,2187,7175547,16,0,full,71,71,,True,0,,370292213,7.726322118996904,1.0,1.0,29.08155442267141,30.959636440212854,0.0,0.0,,,0.0
81,3281,2187,7175547,16,0,sample_faiss,21,71,,,0,,114972661,0.4359175850004249,0.3104917061812477,0.0564198046996543,29.04893551676554,30.83088538579908,-0.0326189059058705,-0.128751054413776,,,0.0385024305464099
81,3281,2187,7175547,16,0,sample_100k,71,71,,,0,,120294324,0.5319214449991705,0.3248632290304198,0.0688453622314453,29.079286485326197,30.94156097149936,-0.0022679373452163,-0.0180754687135014,,,0.0192004874332228
81,3281,2187,7175547,256,0,fixed_T25,25,185,,,0,,18312241185,48.10463653400075,0.3320048160396224,0.2913744907558997,39.86035150371832,43.95090272556638,-0.015978519878061,-0.041401352083696,,,0.0179689436916795
81,3281,2187,7175547,256,0,fixed_T50,50,185,,,0,,25499958729,70.64297711300969,0.4623196593639452,0.4278914251277057,39.86882931240152,43.96047334481935,-0.0075007111948579,-0.031830732830727,,,0.0067042972473039
81,3281,2187,7175547,256,0,sklearn_tol,76,185,,,0,,34815616836,98.42457296500288,0.6312145163537044,0.5961672697656591,39.87331385138228,43.97335624621476,-0.0030161722141031,-0.0189478314353124,,,0.0023536881578505
81,3281,2187,7175547,256,0,auto,80,185,few_unstable,,6660,0.0214714714714714,35772482175,101.5885774450071,0.6485626878658625,0.6153319545140619,39.87349414457014,43.97510506459273,-0.002835879026243,-0.0171990130573433,39.87348836588532,43.97520892286434,0.0021623438603356
81,3281,2187,7175547,256,0,v0.1.0,80,185,,,6660,0.0183183183183183,35772482175,101.5885774450071,0.6485626878658625,0.6153319545140619,39.873499250884784,43.97507949365143,-0.0028307727115972,-0.0172245839986473,39.87349804527496,43.97508555350547,0.0021610896005558
81,3281,2187,7175547,256,0,full,185,185,,True,0,,55156552858,165.09556622202945,1.0,1.0,39.87633002359638,43.99230407765008,0.0,0.0,,,0.0
81,3281,2187,7175547,256,0,sample_faiss,25,185,,,0,,1976313915,6.450776818997838,0.0358309903827384,0.0390729864321279,39.72320721473296,43.86892724317542,-0.1531228088634222,-0.123376834474655,,,0.0930885129732966
81,3281,2187,7175547,256,0,sample_100k,53,185,,,0,,2168431259,7.195797766002215,0.0393141185705097,0.0435856512120072,39.767628330765646,43.93780289474012,-0.1087016928307349,-0.0545011829099593,,,0.0922420269841449
89,1560,2340,3650400,16,0,fixed_T25,25,200,,,0,,154442099,1.7700605870049912,0.3911959082153091,0.1523787484322718,28.940616652853,30.01358829514806,-0.0969670740632295,-0.0617052130029378,,,0.2677596975673899
89,1560,2340,3650400,16,0,sklearn_tol,41,200,,,0,,176983615,2.640742814000987,0.4482927029446396,0.2273329443540969,28.94874831293365,30.033936333991345,-0.0888354139825793,-0.0413571741596534,,,0.2411995945649792
89,1560,2340,3650400,16,0,fixed_T50,50,200,,,0,,187669889,3.122763141003816,0.4753606247738271,0.2688285037077375,28.951179509062595,30.037713392999635,-0.0864042178536337,-0.0375801151513641,,,0.230424611001534
89,1560,2340,3650400,16,0,auto,194,200,stable_drift,,17536,0.006044708029197,394132272,11.274233586984336,0.9983219154642756,0.970562033938396,29.037575541936484,30.075206832192087,-8.184979744640941e-06,-8.667595891154178e-05,29.03757544746844,30.075210300598076,0.000372835853605
89,1560,2340,3650400,16,0,v0.1.0,200,200,,,0,,394794771,11.616190611985076,1.0,1.0,29.03758372691623,30.075293508151,0.0,0.0,,,0.0
89,1560,2340,3650400,16,0,full,200,200,,True,0,,394794771,11.616190611985076,1.0,1.0,29.03758372691623,30.075293508151,0.0,0.0,,,0.0
89,1560,2340,3650400,16,0,sample_faiss,21,200,,,0,,58558214,0.2082797860020946,0.1483257081943468,0.0179301281254115,28.887216117688585,29.95041256073969,-0.1503676092276435,-0.124880947411313,,,0.2913562897216743
89,1560,2340,3650400,16,0,sample_100k,92,200,,,0,,64113117,0.3132622560005984,0.1623960642579027,0.0269677268964051,28.94802774322479,30.032034108594036,-0.0895559836914365,-0.0432593995569661,,,0.2308516874863028
89,1560,2340,3650400,256,0,fixed_T25,25,142,,,0,,9009114069,22.997188641995308,0.3725668426932322,0.3302666787347389,38.77756905706236,41.50493657544536,-0.0146609850207397,-0.0131632204485114,,,0.0238371137409598
89,1560,2340,3650400,256,0,fixed_T50,50,142,,,0,,13330757876,35.59036844799266,0.5512859904459556,0.5111195531439681,38.78530218631037,41.5145456299183,-0.0069278557727301,-0.0035541659755722,,,0.0098561801446416
89,1560,2340,3650400,256,0,sklearn_tol,70,142,,,0,,17912122765,49.25796901199283,0.7407457573939192,0.7074023733971543,38.79088895465613,41.5208240240992,-0.0013410874269652,0.0027242282053236,,,0.0040321608590839
89,1560,2340,3650400,256,0,auto,79,142,few_unstable,,3178,0.0188797986154814,18918110545,52.54971870699956,0.7823478159439645,0.7546757708510805,38.791187861670565,41.52017851150551,-0.0010421804125329,0.0020787156116313,38.791187858082125,41.52027524264728,0.0033505917159763
89,1560,2340,3650400,256,0,v0.1.0,79,142,,,3178,0.013530522341095,18918110545,52.54971870699956,0.7823478159439645,0.7546757708510805,38.79119163799131,41.52016915940375,-0.001038404091787,0.0020693635098751,38.79119117597172,41.520209397820096,0.0033464825772518
89,1560,2340,3650400,256,0,full,142,142,,True,0,,24181201966,69.63217945600263,1.0,1.0,38.7922300420831,41.51809979589388,0.0,0.0,,,0.0
89,1560,2340,3650400,256,0,sample_faiss,25,142,,,0,,1092512365,3.6192236530005175,0.0451802340733983,0.0519763086733101,38.6566334150149,41.386554154014085,-0.135596627068196,-0.1315456418797893,,,0.1142274819197896
89,1560,2340,3650400,256,0,sample_100k,51,142,,,0,,1318936505,4.305423279998649,0.0545438769691635,0.0618309424411891,38.70474679669363,41.42375686412075,-0.0874832453894711,-0.0943429317731272,,,0.1213225947841332
97,3278,2188,7172264,16,0,auto,14,14,converged,,0,,287512426,1.893363973002124,1.0,1.0,41.39094276505468,42.9620380201692,0.0,0.0,,,0.0
97,3278,2188,7172264,16,0,v0.1.0,14,14,,,0,,287512426,1.893363973002124,1.0,1.0,41.39094276505468,42.9620380201692,0.0,0.0,,,0.0
97,3278,2188,7172264,16,0,sklearn_tol,14,14,,,0,,287512426,1.893363973002124,1.0,1.0,41.39094276505468,42.9620380201692,0.0,0.0,,,0.0
97,3278,2188,7172264,16,0,fixed_T25,14,14,,,0,,287512426,1.893363973002124,1.0,1.0,41.39094276505468,42.9620380201692,0.0,0.0,,,0.0
97,3278,2188,7172264,16,0,fixed_T50,14,14,,,0,,287512426,1.893363973002124,1.0,1.0,41.39094276505468,42.9620380201692,0.0,0.0,,,0.0
97,3278,2188,7172264,16,0,full,14,14,,True,0,,287512426,1.893363973002124,1.0,1.0,41.39094276505468,42.9620380201692,0.0,0.0,,,0.0
97,3278,2188,7172264,16,0,sample_faiss,5,14,,,0,,114923081,0.4653676560010353,0.3997151796145325,0.2457887984755233,41.263082805382325,42.95701391517341,-0.1278599596723495,-0.0050241049957904,,,0.003802146714064
97,3278,2188,7172264,16,0,sample_100k,12,14,,,0,,118836715,0.4699987479980336,0.4133272312898225,0.2482347581869333,41.3783876397566,42.93605653683492,-0.0125551252980784,-0.0259814833342844,,,0.0046914056705107
97,3278,2188,7172264,256,0,auto,16,59,few_unstable,,6854,0.0392471549460169,4966662107,10.551090785003908,0.4884891142959259,0.3712661588891192,53.75146467440325,57.48062706933965,-0.0187222619030649,0.0015769906659954,53.75096546779108,57.479251679024415,0.0006783074354206
97,3278,2188,7172264,256,0,v0.1.0,16,59,,,6854,0.021447330026262,4966662107,10.551090785003908,0.4884891142959259,0.3712661588891192,53.75305222311809,57.48133170146559,-0.0171347131882271,0.0022816227919406,53.75287159662676,57.48088997011109,0.0006716149879591
97,3278,2188,7172264,256,0,fixed_T25,25,59,,,0,,6283933257,14.982529128006718,0.6180474783417037,0.527197249378737,53.76186640009955,57.485489851474696,-0.0083205362067673,0.0064397728010447,,,0.000367666332416
97,3278,2188,7172264,256,0,fixed_T50,50,59,,,0,,9680116859,26.183709557011756,0.9520743728608898,0.9213384161679806,53.77004777939952,57.479677473998045,-0.0001391569067976,0.0006273953243933,,,1.2269487012747998e-05
97,3278,2188,7172264,256,0,sklearn_tol,57,59,,,0,,10077565629,28.022057224010496,0.9911648914934482,0.9860252140485796,53.770185877067576,57.47914280671082,-1.0592387411634263e-06,9.272803716697808e-05,,,1.3942598878122725e-07
97,3278,2188,7172264,256,0,full,59,59,,True,0,,10167395673,28.419209595009303,1.0,1.0,53.77018693630632,57.47905007867365,0.0,0.0,,,0.0
97,3278,2188,7172264,256,0,sample_faiss,10,59,,,0,,1871753578,6.465286654998636,0.1840937087724962,0.2274970608659715,53.45401471863261,57.28273424203586,-0.31617221767371,-0.1963158366377939,,,0.0136221979559034
97,3278,2188,7172264,256,0,sample_100k,11,59,,,0,,1892432738,6.587997896000161,0.1861275786704598,0.2318149586101465,53.545491424737655,57.320874445361554,-0.2246955115686617,-0.1581756333120978,,,0.0123528637540391
1,1707,2273,3880011,64,0,fixed_T25,25,153,,,0,,1380364819,5.028576428998349,0.5250353828627823,0.31811674980397897,37.044988302574076,40.9862407862401,-0.028856513398380912,-0.10154008215787513,,,0.03408108894536639
1,1707,2273,3880011,64,0,sklearn_tol,41,153,,,0,,1786693240,7.278904861002957,0.6795864081796372,0.46047655618031064,37.06694002971963,41.01339080658748,-0.00690478625282509,-0.07439006181049734,,,0.016810261620392314
1,1707,2273,3880011,64,0,fixed_T50,50,153,,,0,,1893245095,8.022219232996576,0.7201144578768127,0.5074999544402228,37.06892671336962,41.021285128153444,-0.004918102602836427,-0.06649574024453386,,,0.012820066747233448
1,1707,2273,3880011,64,0,auto,98,153,few_unstable,,3676,0.007889009793253536,2397735197,12.127173278007831,0.9120022474004126,0.7671866982596445,37.07347345705345,41.084290617763166,-0.0003713589190041944,-0.0034902506348117868,37.0734731450859,41.08426926470906,0.0019152007558741458
1,1707,2273,3880011,64,0,v0.1.0,98,153,,,3676,0.007889009793253536,2397735197,12.127173278007831,0.9120022474004126,0.7671866982596445,37.07347345705345,41.084290617763166,-0.0003713589190041944,-0.0034902506348117868,37.073472964902855,41.084259731655465,0.0019152007558741458
1,1707,2273,3880011,64,0,full,153,153,,True,0,,2629089132,15.80732995699509,1.0,1.0,37.07384481597246,41.08778086839798,0.0,0.0,,,0.0
1,1707,2273,3880011,64,0,sample_faiss,20,153,,,0,,253591376,1.0036010959993291,0.09645598276353912,0.0634896025280483,36.90100413798191,40.89666738172916,-0.1728406779905498,-0.19111348666881867,,,0.1368985809576313
1,1707,2273,3880011,64,0,sample_100k,190,153,,,0,,381055487,1.648141128000134,0.14493821543057522,0.10426435916021322,37.04010366897582,41.131104662133765,-0.03374114699663977,0.04332379373578732,,,0.09546364688141348
2,1561,2342,3655862,64,0,fixed_T25,25,409,,,0,,1300642809,5.219641285995749,0.28014708119919607,0.1458948757170454,34.98777389747981,38.314618069311585,-0.028032728570877907,-0.1405480052688972,,,0.11875557666016934
2,1561,2342,3655862,64,0,sklearn_tol,48,409,,,0,,1964561438,8.784488814992073,0.4231493449883791,0.24553639487441356,35.00172640325873,38.39352665331886,-0.01408022279196075,-0.06163942126162425,,,0.09722248815737575
2,1561,2342,3655862,64,0,fixed_T50,50,409,,,0,,2004191151,9.075101696991624,0.43168523843190465,0.25365935351811436,35.0021476258705,38.39771812691297,-0.013659000180190617,-0.05744794766751227,,,0.09609142795871398
2,1561,2342,3655862,64,0,auto,197,409,few_unstable,,3614,0.010237963475373547,3444527640,21.66980541400335,0.7419211160655833,0.605695563059264,35.01277173740311,38.44221051944154,-0.0030348886475763948,-0.012955555138944419,35.012771505754365,38.44217340908496,0.030112734014577137
2,1561,2342,3655862,64,0,v0.1.0,197,409,,,3614,0.010237963475373547,3444527640,21.66980541400335,0.7419211160655833,0.605695563059264,35.01277173740311,38.44221051944154,-0.0030348886475763948,-0.012955555138944419,35.012771601902685,38.442179106025506,0.030112734014577137
2,1561,2342,3655862,64,0,full,409,409,,True,0,,4642714118,35.776728005985206,1.0,1.0,35.01580662605069,38.45516607458048,0.0,0.0,,,0.0
2,1561,2342,3655862,64,0,sample_faiss,25,409,,,0,,241602927,0.8565950869997323,0.05203915659232499,0.02394280122140934,34.89589738469072,38.422277475934756,-0.11990924135997005,-0.032888598645726574,,,0.17940283303910268
2,1561,2342,3655862,64,0,sample_100k,136,409,,,0,,310041425,1.381522050996864,0.06678021026493021,0.038615103392511035,34.98411234854407,38.403486662473924,-0.031694277506616686,-0.051679412106558686,,,0.1400963712525254
3,2980,2235,6660300,64,0,fixed_T25,25,186,,,0,,1983929340,8.041676711000036,0.4031272175612347,0.24328845921634804,32.318244250890665,34.181166467968325,-0.03145343467944173,-0.07371550679501837,,,0.14811525006381093
3,2980,2235,6660300,64,0,sklearn_tol,45,186,,,0,,2781250077,12.728026604989282,0.5651398879372286,0.3850667084585457,32.3283754881415,34.20398794458909,-0.021322197428602863,-0.05089403017425553,,,0.10549960212002463
3,2980,2235,6660300,64,0,fixed_T50,50,186,,,0,,2919977333,13.670795799986081,0.5933287611917494,0.4135887285658281,32.33060988741373,34.211102788618724,-0.01908779815637729,-0.04377918614461862,,,0.09514646487395463
3,2980,2235,6660300,64,0,auto,164,186,stable_drift,,10457,0.010041120780338529,4831112759,30.769546730996808,0.9816645205016474,0.9308849241265648,32.34965306920314,34.25462616289267,-4.461636696362348e-05,-0.00025581187067302835,32.349652981859265,34.25462235887801,0.0012527964205816555
3,2980,2235,6660300,64,0,v0.1.0,169,186,,,6261,0.009263695895224406,4857299212,31.32468584200251,0.9869855123952842,0.9476797971140061,32.349665821713955,34.254661460125945,-3.186385615094878e-05,-0.00022051463739813926,32.349665690469735,34.25466908635637,0.0009412488926925214
3,2980,2235,6660300,64,0,full,186,186,,True,0,,4921348035,33.05408212499242,1.0,1.0,32.349697685570106,34.25488197476334,0.0,0.0,,,0.0
3,2980,2235,6660300,64,0,sample_faiss,25,186,,,0,,431403214,1.5549252279997745,0.08765956216303243,0.04704185165753203,32.263416171071015,34.177892642193505,-0.08628151449909183,-0.07698933256983764,,,0.20092908727835082
3,2980,2235,6660300,64,0,sample_100k,78,186,,,0,,466714611,1.593712724999932,0.09483470944968435,0.04821530723416806,32.30540162174651,34.16895416784304,-0.04429606382359452,-0.08592780692030288,,,0.1698821374412564
4,1706,2273,3877738,64,0,sklearn_tol,25,122,,,0,,1368267996,5.064740335994429,0.5555354127246968,0.37034251552361497,35.582695935513115,37.808459125420185,-0.009850709783769673,-0.00037407249772769546,,,0.038747847327488344
4,1706,2273,3877738,64,0,fixed_T25,25,122,,,0,,1368267996,5.064740335994429,0.5555354127246968,0.37034251552361497,35.582695935513115,37.808459125420185,-0.009850709783769673,-0.00037407249772769546,,,0.038747847327488344
4,1706,2273,3877738,64,0,fixed_T50,50,122,,,0,,1779761580,7.805781429997296,0.7226074035110723,0.5707721499299977,35.58809997487247,37.80849583814239,-0.004446670424414378,-0.0003373597755214064,,,0.023310754878230557
4,1706,2273,3877738,64,0,auto,105,122,stable_drift,,14031,0.0033497256075832086,2398847531,12.62072236899985,0.9739647182376285,0.9228489043442448,35.59246766373115,37.80937666771558,-7.8981565735603e-05,0.0005434697976696157,35.59246745188564,37.8093716240043,0.0012355141064197737
4,1706,2273,3877738,64,0,v0.1.0,113,122,,,3654,0.0060207991242474,2433520964,13.087354801995389,0.9880426035412011,0.956969869605249,35.59250963468415,37.80890798002138,-3.701061273631012e-05,7.478210346789638e-05,35.592509643170345,37.80890885436079,0.0005237589543182134
4,1706,2273,3877738,64,0,full,122,122,,True,0,,2462971693,13.675827439994464,1.0,1.0,35.592546645296885,37.80883319791791,0.0,0.0,,,0.0
4,1706,2273,3877738,64,0,sample_faiss,25,122,,,0,,254114439,0.8897143009999127,0.10317391780109265,0.06505743838197134,35.55418487225785,37.717919494396206,-0.03836177303903554,-0.09091370352170713,,,0.1521397268201204
4,1706,2273,3877738,64,0,sample_100k,83,122,,,0,,296775847,1.0887358780018985,0.12049502957888847,0.0796102380480416,35.57719779074305,37.81870115954335,-0.015348854553835167,0.009867961625438681,,,0.07272151960756502
5,1560,2340,3650400,64,0,fixed_T25,25,118,,,0,,1223644668,4.9771673580034985,0.6527248316732331,0.4336111282312403,32.824771780405484,35.32127595625196,-0.01288393496677287,0.01369798913082576,,,0.05173926145079991
5,1560,2340,3650400,64,0,sklearn_tol,39,118,,,0,,1405475845,6.215631489994848,0.7497184504124527,0.5415062000501847,32.83296291463521,35.32058551860368,-0.0046928007370468094,0.013007551482544955,,,0.023161023449484987
5,1560,2340,3650400,64,0,fixed_T50,50,118,,,0,,1560578052,7.232858761995885,0.8324541208270455,0.6301271029359755,32.835027057779115,35.31823381479024,-0.0026286575931422362,0.010655847669106322,,,0.014742220030681569
5,1560,2340,3650400,64,0,auto,73,118,stable_drift,,9440,0.015572033898305086,1778393562,9.145464211993385,0.948642746347677,0.7967534080974931,32.83756837792408,35.30990783988078,-8.733744817845945e-05,0.0023298727596454682,32.83756754370267,35.30997923498892,0.0019277339469647161
5,1560,2340,3650400,64,0,v0.1.0,87,118,,,3254,0.011985248924400737,1823810860,9.965891868989274,0.9728695492483562,0.8682291163454878,32.83763424043166,35.308399104186385,-2.1474940595567205e-05,0.0008211370652517758,32.83763419422304,35.30843777152735,0.0006952662721893491
5,1560,2340,3650400,64,0,full,118,118,,True,0,,1874671544,11.47841241599599,1.0,1.0,32.83765571537226,35.307577967121134,0.0,0.0,,,0.0
5,1560,2340,3650400,64,0,sample_faiss,25,118,,,0,,239688814,0.7829730110024684,0.12785643157978185,0.06821265717124254,32.71539852490521,35.219633033374976,-0.12225719046704597,-0.08794493374615797,,,0.14804843304843304
5,1560,2340,3650400,64,0,sample_100k,69,118,,,0,,278375742,1.0762216650000482,0.14849307490208535,0.09376049805461391,32.81173018909999,35.33023796164024,-0.02592552627226752,0.022659994519109716,,,0.08660393381547228
6,3281,2187,7175547,64,0,fixed_T25,25,203,,,0,,3182527812,12.210104167988902,0.4146402040887189,0.2698005014013898,33.100603520284515,36.54209818787923,-0.03982898238793808,-0.04587804549596086,,,0.17230728193962078
6,3281,2187,7175547,64,0,fixed_T50,50,203,,,0,,4636167966,19.95483352199517,0.6040297980628678,0.4409318721236033,33.12625489056151,36.609908330179785,-0.014177612110941595,0.02193209680459063,,,0.07772397003322534
6,3281,2187,7175547,64,0,sklearn_tol,66,203,,,0,,5420793967,24.42653157299719,0.7062559228311234,0.5397407241757375,33.13400216620745,36.608016734368604,-0.006430336465001574,0.02004050099341015,,,0.046263371977077146
6,3281,2187,7175547,64,0,auto,156,203,few_unstable,,7167,0.011441328310311149,7431664328,40.0924322129722,0.9682450541553261,0.8859022138254835,33.14038521906637,36.58792126233115,-4.728360608652338e-05,-5.49710440438389e-05,33.14038506019041,36.587932652821266,0.0015491501902224318
6,3281,2187,7175547,64,0,v0.1.0,156,203,,,7167,0.007255476489465606,7431664328,40.0924322129722,0.9682450541553261,0.8859022138254835,33.14038534924619,36.587959652345525,-4.715342626582242e-05,-1.6581029669282543e-05,33.14038520073308,36.5879663654847,0.0015456661352786067
6,3281,2187,7175547,64,0,full,203,203,,True,0,,7675396116,45.256046984966815,1.0,1.0,33.14043250267245,36.587976233375194,0.0,0.0,,,0.0
6,3281,2187,7175547,64,0,sample_faiss,25,203,,,0,,466690088,1.5867690960003529,0.0608033879876435,0.03506203483763058,32.99954898200898,36.36215472685437,-0.14088352066347198,-0.22582150652082333,,,0.3379891456358658
6,3281,2187,7175547,64,0,sample_100k,122,203,,,0,,558016634,2.2022431260011217,0.07270199812056188,0.04866185344762136,33.10884196066025,36.53792228327372,-0.03159054201220357,-0.0500539501014714,,,0.17761433379225305
7,2360,2360,5569600,64,0,fixed_T25,25,131,,,0,,2675819034,9.196983665991866,0.5666866652606677,0.4056308137339157,40.30683153976299,43.928644512201856,-0.013488838557265126,-0.03286718421781387,,,0.007499461361677679
7,2360,2360,5569600,64,0,fixed_T50,50,131,,,0,,3843543629,14.588554727986775,0.8139881263367584,0.643424794522221,40.318528657332386,43.951789875140236,-0.0017917209878675067,-0.00972182127943455,,,0.0029777721918988797
7,2360,2360,5569600,64,0,auto,52,131,few_unstable,,5559,0.007555315704263357,3906380723,14.93406350098303,0.8272958062661819,0.6586633781527338,40.31866768761489,43.95265042343482,-0.0016526907053631135,-0.008861272984852064,40.31866066988386,43.9526554708954,0.0028366489514507326
7,2360,2360,5569600,64,0,v0.1.0,52,131,,,5559,0.002698327037236913,3906380723,14.93406350098303,0.8272958062661819,0.6586633781527338,40.318676442855164,43.952770187316865,-0.0016439354650898963,-0.008741509102804912,40.318675962930314,43.95276477557551,0.002833776213731686
7,2360,2360,5569600,64,0,sklearn_tol,63,131,,,0,,4124293305,16.277868084980582,0.8734454721601879,0.7179315650607843,40.31948760760553,43.954637745272606,-0.0008327707147230967,-0.006873951147063906,,,0.0018568658431485205
7,2360,2360,5569600,64,0,full,131,131,,True,0,,4721866947,22.673286531986378,1.0,1.0,40.320320378320254,43.96151169641967,0.0,0.0,,,0.0
7,2360,2360,5569600,64,0,sample_faiss,11,131,,,0,,360900341,1.3077393630010192,0.07643170488513978,0.05767753877039942,39.988974223836834,43.65366366255667,-0.33134615448341975,-0.30784803386300297,,,0.046211577133007754
7,2360,2360,5569600,64,0,sample_100k,42,131,,,0,,426310837,1.6504554569983156,0.09028438153490394,0.0727929519467737,40.21738586048648,43.77797209561794,-0.1029345178337735,-0.18353960080172982,,,0.024129919563343868
8,3281,2187,7175547,64,0,sklearn_tol,23,81,,,0,,2286799279,9.36473000200931,0.6332097662629046,0.4680085373308041,37.02246555340497,40.641106336260776,-0.013189072433640092,-0.06152913742269561,,,0.053293498042727615
8,3281,2187,7175547,64,0,fixed_T25,25,81,,,0,,2335236505,9.736370707007154,0.6466219292085286,0.4865815258442275,37.02327376032392,40.64586233885805,-0.012380865514693085,-0.0567731348254199,,,0.05012258995725343
8,3281,2187,7175547,64,0,fixed_T50,50,81,,,0,,3115950800,15.152657326998451,0.8628000261647408,0.7572640098285652,37.03463583905049,40.687840230427376,-0.0010187867881228385,-0.014795243256095603,,,0.005773915215104855
8,3281,2187,7175547,64,0,auto,81,81,converged,,0,,3611440317,20.00974182099162,1.0,1.0,37.03565462583861,40.70263547368347,0.0,0.0,,,0.0
8,3281,2187,7175547,64,0,v0.1.0,81,81,,,0,,3611440317,20.00974182099162,1.0,1.0,37.03565462583861,40.70263547368347,0.0,0.0,,,0.0
8,3281,2187,7175547,64,0,full,81,81,,True,0,,3611440317,20.00974182099162,1.0,1.0,37.03565462583861,40.70263547368347,0.0,0.0,,,0.0
8,3281,2187,7175547,64,0,sample_faiss,25,81,,,0,,464944203,1.631304855000053,0.12874204256162985,0.08152553239286175,36.97282513585418,40.66767038189988,-0.06282948998443061,-0.034965091783590196,,,0.12033981520851303
8,3281,2187,7175547,64,0,sample_100k,46,81,,,0,,503178812,1.781559905000904,0.13932912296277053,0.08903462727999434,37.01653527443928,40.67268710542549,-0.01911935139933263,-0.029948368257983304,,,0.08004713786976798
9,3280,2187,7173360,64,0,fixed_T25,25,141,,,0,,1940777232,8.0234745759808,0.424725381575457,0.2776890512518336,35.80507368640204,39.46371259302924,-0.028944199263371218,-0.039410566103704525,,,0.08425507711867242
9,3280,2187,7173360,64,0,sklearn_tol,29,141,,,0,,2086874760,8.965848610976536,0.4566977930938496,0.31030421681685183,35.80845635530312,39.472313497198485,-0.02556153036228892,-0.03080966193446244,,,0.07865783956193471
9,3280,2187,7173360,64,0,fixed_T50,50,141,,,0,,2549833474,12.6420541229636,0.5580130358817621,0.4375361300189523,35.814266039261554,39.50705767379339,-0.019751846403856632,0.003934514660443256,,,0.057967953650729924
9,3280,2187,7173360,64,0,auto,140,141,few_unstable,,7142,0.003920470456454775,4569463609,28.814312783975765,0.9999948180181917,0.9972511414704279,35.834017864793815,39.50313591010557,-2.0871596007054904e-08,1.27509726226549e-05,35.83401786465837,39.50312675094806,5.57618744911729e-07
9,3280,2187,7173360,64,0,v0.1.0,140,141,,,7142,0.003920470456454775,4569463609,28.814312783975765,0.9999948180181917,0.9972511414704279,35.83401787814835,39.50312681034533,-7.517058975281543e-09,3.6512123813281505e-06,35.834017849206454,39.503127010559474,2.788093724558645e-07
9,3280,2187,7173360,64,0,full,141,141,,True,0,,4569487288,28.89373758097645,1.0,1.0,35.83401788566541,39.50312315913295,0.0,0.0,,,0.0
9,3280,2187,7173360,64,0,sample_faiss,25,141,,,0,,464084625,1.7404011799990258,0.10156164045334795,0.06023454650411516,35.75597262990639,39.26593044753321,-0.07804525575902233,-0.23719271159973943,,,0.15528761974862548
9,3280,2187,7173360,64,0,sample_100k,60,141,,,0,,495288700,1.784994961002667,0.10839043174508553,0.06177791834649673,35.78717156547542,39.51235705436059,-0.04684632018999224,0.00923389522764495,,,0.12063328760859625
10,2831,3774,10684194,64,0,fixed_T25,25,105,,,0,,3706618463,15.08637937399908,0.546110756865443,0.39739249928153225,35.1953567565793,37.565429087298206,-0.04048621372508876,-0.02090410769226736,,,0.14308182723001847
10,2831,3774,10684194,64,0,fixed_T50,50,105,,,0,,5149915209,24.391851126008987,0.7587573743167442,0.6425092754709325,35.22571300268183,37.55858437056453,-0.010129967622560798,-0.02774882442594162,,,0.04484428118770588
10,2831,3774,10684194,64,0,sklearn_tol,52,105,,,0,,5240778529,25.057385508011066,0.7721446265931344,0.6600402128061964,35.227154571614605,37.56030080600461,-0.008688398689784549,-0.026032388985861132,,,0.03998832293760297
10,2831,3774,10684194,64,0,auto,92,105,stable_drift,,29540,0.004840893703452945,6663788261,35.873278249022405,0.9818022780419534,0.9449432065436613,35.2358068686229,37.58592219114868,-3.6101681487821224e-05,-0.00041100384179060256,35.23580667282872,37.58593705464891,0.0004575918408070838
10,2831,3774,10684194,64,0,v0.1.0,98,105,,,10302,0.00514463211026985,6763359679,37.05850636602554,0.9964725288349456,0.9761634716555393,35.23584188148353,37.58630425695857,-1.0888208592518822e-06,-2.8938031903180672e-05,35.2358417660147,37.58630916427127,4.1650310730037284e-05
10,2831,3774,10684194,64,0,full,105,105,,True,0,,6787301690,37.96342256402568,1.0,1.0,35.23584297030439,37.58633319499047,0.0,0.0,,,0.0
10,2831,3774,10684194,64,0,sample_faiss,25,105,,,0,,689283740,2.4672695949993795,0.10155489935205754,0.06499070495654878,35.13775912080226,37.54604351003841,-0.09808384950213167,-0.04028968495206442,,,0.18998990471344868
10,2831,3774,10684194,64,0,sample_100k,67,105,,,0,,738779271,2.703829529000359,0.10884727167623516,0.07122196436425943,35.18521951067402,37.57429270537974,-0.050623459630372736,-0.012040489610733118,,,0.18413761487296093
11,4387,2925,12831975,64,0,sklearn_tol,16,52,,,0,,3816724123,12.88716793599815,0.6542504528881159,0.5097072216708467,41.78935933351573,45.20291764148596,-0.014955818083393524,0.02242975520631063,,,0.018335603054089492
11,4387,2925,12831975,64,0,fixed_T25,25,52,,,0,,4419571572,16.365181867997308,0.7575886046172172,0.6472679973987594,41.79622210291777,45.195149750571375,-0.00809304868135996,0.014661864291724669,,,0.010197884581290097
11,4387,2925,12831975,64,0,fixed_T50,50,52,,,0,,5833187013,24.996683672987274,0.9999059722547115,0.9886571083126443,41.80431514808437,45.180483088198216,-3.5147564858561964e-09,-4.7980814343873135e-06,,,3.11721305566758e-07
11,4387,2925,12831975,64,0,auto,52,52,converged,,0,,5833735546,25.283471349990577,1.0,1.0,41.80431515159913,45.18048788627965,0.0,0.0,,,0.0
11,4387,2925,12831975,64,0,v0.1.0,52,52,,,0,,5833735546,25.283471349990577,1.0,1.0,41.80431515159913,45.18048788627965,0.0,0.0,,,0.0
11,4387,2925,12831975,64,0,full,52,52,,True,0,,5833735546,25.283471349990577,1.0,1.0,41.80431515159913,45.18048788627965,0.0,0.0,,,0.0
11,4387,2925,12831975,64,0,sample_faiss,21,52,,,0,,825767099,3.353772761998698,0.14155031411497582,0.13264684724552067,41.71729866692125,45.16256263140679,-0.08701648467787493,-0.01792525487285701,,,0.04918564757178844
11,4387,2925,12831975,64,0,sample_100k,45,52,,,0,,862203402,3.362143008002022,0.14779610683435665,0.13297790328950518,41.762450340870004,45.10148630453121,-0.04186481072912329,-0.07900158174844307,,,0.029222002069050165
12,2172,3866,8396952,64,0,fixed_T25,25,398,,,0,,3139130457,13.142948048996914,0.35973536339823947,0.17195473530713323,32.57644470996842,36.10599506015936,-0.032343133440122074,-0.08537227012017468,,,0.1646006789130151
12,2172,3866,8396952,64,0,sklearn_tol,42,398,,,0,,3795319659,17.874453182990692,0.4349327673522832,0.23385901354723002,32.59107949504888,36.156313165151126,-0.01770834835966184,-0.03505416512840753,,,0.1311105505902618
12,2172,3866,8396952,64,0,fixed_T50,50,398,,,0,,4025196282,19.613125769988983,0.46127597023742056,0.25660680067752134,32.5926501846893,36.15816879201434,-0.016137658719244996,-0.033198538265196476,,,0.1229137668049073
12,2172,3866,8396952,64,0,auto,208,398,stable_drift,,22233,0.006836684208159043,7119001097,49.876234132996615,0.8158171448246251,0.6525518176350551,32.60751776572164,36.1940597337198,-0.0012700776869039032,0.002692403440264002,32.60751775073871,36.19404122754015,0.02180314952377958
12,2172,3866,8396952,64,0,v0.1.0,217,398,,,7772,0.008620689655172414,7198764652,51.1667019719971,0.8249578198736266,0.6694355529165494,32.60755810765897,36.19434579840939,-0.0012297357495754113,0.0029784681298536952,32.607558089772624,36.194336257053614,0.02117208720497628
12,2172,3866,8396952,64,0,full,398,398,,True,0,,8726221485,76.43260318200555,1.0,1.0,32.60878784340854,36.19136733027953,0.0,0.0,,,0.0
12,2172,3866,8396952,64,0,sample_faiss,25,398,,,0,,543572571,1.9294043730005797,0.06229186045006741,0.025243211570410273,32.46170063307669,35.94290972524099,-0.14708721033185412,-0.24845760503854564,,,0.2501647026206652
12,2172,3866,8396952,64,0,sample_100k,99,398,,,0,,606149203,2.234765660999983,0.06946296332747735,0.029238382155824725,32.58083435882047,36.17193394448122,-0.027953484588074673,-0.019433385798315328,,,0.15375162320804026
13,2580,3870,9984600,64,0,fixed_T25,25,111,,,0,,3836060101,14.865952044987353,0.6134814772594882,0.43630252776487494,33.00267489346019,36.32037881508764,-0.04573147878102901,-0.019658228973135294,,,0.04596799070568676
13,2580,3870,9984600,64,0,sklearn_tol,37,111,,,0,,5384734018,21.73162442098692,0.8611529780648918,0.637803932006532,33.04683958666534,36.342009329788034,-0.0015667855758749738,0.001972285727255496,,,0.019030506980750355
13,2580,3870,9984600,64,0,fixed_T50,50,111,,,0,,5636845896,24.413643533982395,0.9014719416050575,0.7165188178727355,33.04758941957632,36.33905234260013,-0.0008169526648984515,-0.0009847014606521043,,,0.011482182561144161
13,2580,3870,9984600,64,0,auto,80,111,stable_drift,,31899,0.00924793880685915,6036439898,29.686648883991438,0.9653769671251441,0.871276855310533,33.048247389379874,36.33627932284493,-0.0001589828613433042,-0.0037577212158481643,33.04824758054805,36.33626713644842,0.0029484405985217236
13,2580,3870,9984600,64,0,v0.1.0,101,111,,,9415,0.03271375464684015,6229563808,32.890389720985695,0.9962622865626689,0.9653038117579994,33.04840173052693,36.34015773923893,-4.641714284048248e-06,0.00012069517815405106,33.04840152432628,36.34015248702292,0.00021943793441900526
13,2580,3870,9984600,64,0,full,111,111,,True,0,,6252935489,34.072578311988764,1.0,1.0,33.04840637224122,36.34003704406078,0.0,0.0,,,0.0
13,2580,3870,9984600,64,0,sample_faiss,25,111,,,0,,645633069,2.2081469139993715,0.10325279544875855,0.06480715646994092,32.94474836574381,36.17100318316615,-0.10365800649740464,-0.16903386089462913,,,0.14177693648218256
13,2580,3870,9984600,64,0,sample_100k,77,111,,,0,,700318239,2.551937057000032,0.11199831506849567,0.07489709271875408,33.036973511709405,36.295985223036816,-0.011432860531812139,-0.0440518210239631,,,0.13349327965066202
14,2580,3870,9984600,64,0,fixed_T25,25,140,,,0,,3576432654,13.924073753008997,0.5227468810075937,0.35530207256955504,33.5551543265725,36.900693061921245,-0.026238745504606698,0.022757687134387083,,,0.06981621697414017
14,2580,3870,9984600,64,0,sklearn_tol,40,140,,,0,,4746971015,19.74918308000997,0.6938378357409722,0.5039420075153488,33.56875961929142,36.8910654086481,-0.012633452785685506,0.013130033861244783,,,0.043784327864911966
14,2580,3870,9984600,64,0,fixed_T50,50,140,,,0,,5259843417,22.89006952999989,0.768801486517541,0.5840883414965151,33.574423863263235,36.87793454119784,-0.006969208813870864,-8.335890200328322e-07,,,0.027968671754501934
14,2580,3870,9984600,64,0,auto,98,140,stable_drift,,13914,0.005030904125341383,6609210106,33.53148092499396,0.9660307639153347,0.8556263691437482,33.58133241763461,36.878232396885,-6.065444249259144e-05,0.0002970220981381999,33.5813321584835,36.87824070708083,0.0016567513971516134
14,2580,3870,9984600,64,0,v0.1.0,102,140,,,9848,0.0030463038180341185,6644180359,34.13739671699295,0.9711421674988332,0.8710875869251712,33.58134589515878,36.87803358479267,-4.7176918322122674e-05,9.821000580956252e-05,33.58134586908623,36.87802937221228,0.001361697013400637
14,2580,3870,9984600,64,0,full,140,140,,True,0,,6841614525,39.18939636999494,1.0,1.0,33.581393072077105,36.87793537478686,0.0,0.0,,,0.0
14,2580,3870,9984600,64,0,sample_faiss,25,140,,,0,,644238924,2.4562141679998604,0.09416475038835953,0.06267547845877111,33.44069966656218,36.78906316371615,-0.1406934055149236,-0.08887221107070786,,,0.15998728041183422
14,2580,3870,9984600,64,0,sample_100k,116,140,,,0,,709168826,2.9100948449995485,0.10365518598111897,0.07425720002229073,33.53955002968356,36.89162641829623,-0.04184304239354475,0.013691043509368228,,,0.15844059852172346
15,5661,3774,21364614,64,0,fixed_T25,25,348,,,0,,7931565684,32.09165056899292,0.28409162996258636,0.16644543245870644,33.76292718027105,36.923642221884464,-0.07088196427449134,-0.06688949678908784,,,0.23044596078356483
15,5661,3774,21364614,64,0,sklearn_tol,40,348,,,0,,9712936271,43.322110334986064,0.34789649444843646,0.22469294230374126,33.775650521929194,36.93598307338439,-0.058158622616346634,-0.05454864528915948,,,0.2084411166988554
15,5661,3774,21364614,64,0,fixed_T50,50,348,,,0,,10727546690,49.85108395098723,0.38423765824818806,0.2585558885143295,33.78276878766496,36.927385746128905,-0.051040356880577065,-0.06314597254464616,,,0.19115192064785255
15,5661,3774,21364614,64,0,auto,328,348,stable_drift,,30140,0.010982083609820836,27724730406,186.81401400999312,0.9930402350701656,0.9689230313782496,33.833786368191895,36.99145632523156,-2.2776353645781455e-05,0.0009246065580086338,33.83378617473051,36.99142658511401,0.0006161590375562133
15,5661,3774,21364614,64,0,v0.1.0,332,348,,,19930,0.011189162067235324,27777039698,188.1036885969952,0.9949138414448119,0.9756120124857521,33.83379502999151,36.99152068917601,-1.4114554033994864e-05,0.0009889705024619388,33.833795002774615,36.99149251251219,0.00038325054690901506
15,5661,3774,21364614,64,0,full,348,348,,True,0,,27919040364,192.8058348909908,1.0,1.0,33.83380914454554,36.99053171867355,0.0,0.0,,,0.0
15,5661,3774,21364614,64,0,sample_faiss,25,348,,,0,,1374277365,4.9223085019984865,0.049223660522804066,0.02552987312226042,33.68885913479863,36.852914573190255,-0.14495000974690697,-0.13761714548329707,,,0.3435331431684186
15,5661,3774,21364614,64,0,sample_100k,125,348,,,0,,1443944919,5.457460593999713,0.05171900252208826,0.028305474246073877,33.772369222609605,36.892499025302996,-0.061439921935935615,-0.09803269337055553,,,0.23577486585996826
16,2515,3773,9489095,64,0,fixed_T25,25,244,,,0,,2863315619,11.783276480993663,0.3521203432888326,0.2021884733572118,34.39369535612913,37.79071188377435,-0.04068237993840995,-0.09141204470179076,,,0.15396473530932087
16,2515,3773,9489095,64,0,sklearn_tol,29,244,,,0,,3065501244,13.244849505994353,0.3769844103901504,0.22726750965934997,34.39893429933272,37.79292707355351,-0.0354434367348162,-0.0891968549226334,,,0.1374216403144873
16,2515,3773,9489095,64,0,fixed_T50,50,244,,,0,,3861365328,19.39781837199189,0.47485693712445604,0.3328459015130211,34.41033241542199,37.83243110883378,-0.02404532064554843,-0.04969281964235961,,,0.1021133206064435
16,2515,3773,9489095,64,0,auto,179,244,stable_drift,,27889,0.006561726845709778,7540538228,48.32844132099126,0.9273084992122643,0.8292645756200405,34.43358447347859,37.88950222207022,-0.0007932625889495171,0.007378293594079821,34.43358326922838,37.88952692261343,0.0080036083525352
16,2515,3773,9489095,64,0,v0.1.0,216,244,,,9253,0.005403652869339673,7991003029,54.410675031998835,0.9827050539319471,0.9336292275582327,34.43435520801839,37.883306770177285,-2.2528049150594143e-05,0.0011828417011443548,34.434355219891934,37.883304812182416,0.00044018950173857463
16,2515,3773,9489095,64,0,full,244,244,,True,0,,8131639292,58.278675759007456,1.0,1.0,34.43437773606754,37.88212392847614,0.0,0.0,,,0.0
16,2515,3773,9489095,64,0,sample_faiss,25,244,,,0,,612146758,2.1497655019993545,0.07527962517991138,0.036887686173395766,34.31783088310369,37.78935679093662,-0.11654685296385026,-0.09276713753951782,,,0.20638490814982882
16,2515,3773,9489095,64,0,sample_100k,126,244,,,0,,674612002,2.5838817929979996,0.08296137811519641,0.0443366593242922,34.4172736638781,37.92275488917039,-0.01710407218943999,0.04063096069425143,,,0.12248228097621533
17,4988,3741,18660108,64,0,fixed_T25,25,137,,,0,,5555689197,21.938117194007646,0.5909356257569369,0.3474518865488119,33.18195199211828,36.12943904348721,-0.019873549583948602,-0.009062463817272715,,,0.0697286425137518
17,4988,3741,18660108,64,0,sklearn_tol,42,137,,,0,,6938104274,31.05298525100443,0.7379773859446638,0.49181149927401374,33.1958572296727,36.137527799585555,-0.005968312029530409,-0.0009737077189271304,,,0.03407118544008427
17,4988,3741,18660108,64,0,fixed_T50,50,137,,,0,,7385570820,35.02533025200319,0.7855725472270103,0.554724772660882,33.1986392522596,36.137056267828996,-0.003186289442624002,-0.0014452394754869147,,,0.021415631678016012
17,4988,3741,18660108,64,0,auto,91,137,stable_drift,,32337,0.012060487985898507,8897037687,50.560009896005795,0.9463410112627284,0.8007601867990863,33.20170941831548,36.13754998856628,-0.00011612338674638067,-0.0009515187382049817,33.20170917399871,36.137503200201124,0.0015028851923043532
17,4988,3741,18660108,64,0,v0.1.0,98,137,,,18344,0.01286524204099433,9029924601,52.71962141300537,0.9604756413500094,0.834963718905251,33.201771230798016,36.13842994418393,-5.431090421126328e-05,-7.156312054945602e-05,33.20177088060697,36.138443751016716,0.0009056753583634136
17,4988,3741,18660108,64,0,full,137,137,,True,0,,9401513388,63.140014613003586,1.0,1.0,33.20182554170223,36.13850150730448,0.0,0.0,,,0.0
17,4988,3741,18660108,64,0,sample_faiss,25,137,,,0,,1199830996,4.747405206999247,0.127621048493262,0.07518853513254535,33.117116132278824,36.04730629097615,-0.08470940942340377,-0.09119521632833028,,,0.10732649564514846
17,4988,3741,18660108,64,0,sample_100k,74,137,,,0,,1252062589,4.386747510998248,0.13317670648622598,0.06947650452546465,33.17450569571213,36.09229029961019,-0.027319845990099623,-0.046211207694291545,,,0.08654746264062352
18,4000,3000,12000000,64,0,fixed_T25,25,171,,,0,,5028332042,19.80521544499061,0.4422002658228147,0.29964860352982364,34.98130842610855,38.381240475369395,-0.040185320386619594,0.07084026033287216,,,0.136821
18,4000,3000,12000000,64,0,sklearn_tol,31,171,,,0,,5381800184,22.153658568993706,0.4732848690365132,0.3351800373852799,34.98735599692876,38.38948587780886,-0.03413774956640481,0.07908566277233575,,,0.12063525
18,4000,3000,12000000,64,0,fixed_T50,50,171,,,0,,6862006301,30.724410966988216,0.6034567695678895,0.464853657669402,34.99880568309784,38.364215865778924,-0.02268806339732521,0.05381565074240058,,,0.08870975
18,4000,3000,12000000,64,0,auto,115,171,stable_drift,,55355,0.003938216963237286,10866978841,55.58014700998319,0.9556610208004045,0.840915539736592,35.02091708351281,38.306979905564326,-0.000576662982354037,-0.0034203094721974026,35.02091630475014,38.30697089285842,0.0059415833333333334
18,4000,3000,12000000,64,0,v0.1.0,124,171,,,11553,0.006751493118670475,10949452235,57.27263462197516,0.9629138745191903,0.8665225093165768,35.02095198578243,38.309528786807114,-0.000541760712735595,-0.0008714282294093323,35.020951905903736,38.30952075326987,0.005221666666666667
18,4000,3000,12000000,64,0,full,171,171,,True,0,,11371164675,66.09480308497223,1.0,1.0,35.02149374649517,38.31040021503652,0.0,0.0,,,0.0
18,4000,3000,12000000,64,0,sample_faiss,25,171,,,0,,773941458,2.837037822999264,0.0680617579746729,0.04292376541846923,34.84750367670979,38.285106935508566,-0.17399006978537557,-0.02529327952795768,,,0.20301666666666668
18,4000,3000,12000000,64,0,sample_100k,189,171,,,0,,856514068,3.184857824999199,0.07532333692107049,0.04818620642389553,34.99110210097861,38.33045283755412,-0.03039164551655915,0.02005262251759632,,,0.19199833333333333
19,5505,3670,20203350,64,0,sklearn_tol,15,123,,,0,,5107916143,17.64521886300281,0.30790540914229975,0.2128099962618745,40.03231161025552,43.02987162221574,-0.06202651092075939,-0.030719282153803817,,,0.029243318558555883
19,5505,3670,20203350,64,0,fixed_T25,25,123,,,0,,6204207477,24.09696576099668,0.3739898988411017,0.29062122908956317,40.03943174570905,43.04660702141605,-0.0549063754672261,-0.013983882953489513,,,0.019176176228199778
19,5505,3670,20203350,64,0,fixed_T50,50,123,,,0,,10162850564,43.663954126990575,0.6126170777585672,0.5266087083808615,40.06724560225706,43.1032064093036,-0.027092518919218378,0.04261550493406219,,,0.01088369008110041
19,5505,3670,20203350,64,0,auto,91,123,few_unstable,,18845,0.0019633855133987794,15296614501,70.54076277298373,0.922080593056917,0.8507562064590783,40.09358212216192,43.054087017465186,-0.0007559990143590767,-0.006503886904354772,40.09358207910022,43.05406894834992,0.001454907230731537
19,5505,3670,20203350,64,0,v0.1.0,91,123,,,18845,0.0019633855133987794,15296614501,70.54076277298373,0.922080593056917,0.8507562064590783,40.09358212216192,43.054087017465186,-0.0007559990143590767,-0.006503886904354772,40.09358208086141,43.054064494178306,0.001454907230731537
19,5505,3670,20203350,64,0,full,123,123,,True,0,,16589238095,82.91536663197621,1.0,1.0,40.09433812117628,43.06059090436954,0.0,0.0,,,0.0
19,5505,3670,20203350,64,0,sample_faiss,25,123,,,0,,1298383755,5.265148836999288,0.07826662970081387,0.06350027806508896,39.96253147861466,42.97668727528632,-0.1318066425616209,-0.08390362908322402,,,0.08392682401680909
19,5505,3670,20203350,64,0,sample_100k,47,123,,,0,,1336778691,4.638154411000869,0.08058107812696386,0.05593841768302777,40.03471588635098,42.939846845664164,-0.05962223482529794,-0.12074405870537674,,,0.04539351147210735
20,3264,2448,7990272,64,0,fixed_T25,25,94,,,0,,2623931335,10.981925923006202,0.556893895793062,0.426023787805978,35.57338370593905,39.00863651306222,-0.012940193954321444,-0.06582226179016004,,,0.03994494805683711
20,3264,2448,7990272,64,0,sklearn_tol,26,94,,,0,,2654617074,11.18876120700952,0.5634065283871611,0.43404758543134914,35.57366616529635,39.01235608692569,-0.012657734597020465,-0.06210268792668927,,,0.03888941452806613
20,3264,2448,7990272,64,0,fixed_T50,50,94,,,0,,3705513157,18.105238950007333,0.7864449920577583,0.7023597254882062,35.58390242519563,39.04661659702565,-0.0024214746977406776,-0.02784217782673437,,,0.009587658592848904
20,3264,2448,7990272,64,0,auto,80,94,few_unstable,,6138,0.004072987943955686,4589642099,23.971875603998342,0.9740893882072399,0.9299451951533003,35.58626600599901,39.074847950936416,-5.7893894364724474e-05,0.0003891760840346592,35.586265802862314,39.07486980892864,0.00037946142509291296
20,3264,2448,7990272,64,0,v0.1.0,80,94,,,6138,0.0021179537308569567,4589642099,23.971875603998342,0.9740893882072399,0.9299451951533003,35.58626600599901,39.074847950936416,-5.7893894364724474e-05,0.0003891760840346592,35.58626592779539,39.07487000831256,0.00037946142509291296
20,3264,2448,7990272,64,0,full,94,94,,True,0,,4711725797,25.777729406996514,1.0,1.0,35.58632389989337,39.07445877485238,0.0,0.0,,,0.0
20,3264,2448,7990272,64,0,sample_faiss,25,94,,,0,,516834775,1.7076654880002025,0.10969118265096699,0.06624576823809443,35.51038731179918,38.923239484616275,-0.07593658809419424,-0.15121929023610647,,,0.09556182818307062
20,3264,2448,7990272,64,0,sample_100k,45,94,,,0,,548624609,2.0794955589990423,0.11643814445851548,0.08067023771436718,35.54717395229402,38.925144212541845,-0.03914994759935553,-0.1493145623105363,,,0.08042980264001025
21,2455,3928,9643240,64,0,fixed_T25,25,130,,,0,,2728056247,11.585739668014867,0.5378577701802632,0.3493760017066886,32.13166127072893,34.99784814099982,-0.013599318937352223,-0.03275040501831228,,,0.06476744330743608
21,2455,3928,9643240,64,0,sklearn_tol,30,130,,,0,,2895855945,12.770845709015703,0.5709408019185019,0.3851136949457651,32.13404963836932,35.0057906687072,-0.011210951296959593,-0.024807877310934145,,,0.056035419630746514
21,2455,3928,9643240,64,0,fixed_T50,50,130,,,0,,3407343331,17.287312998014386,0.6717845675893245,0.5213108932675686,32.13804297826494,35.016918282235345,-0.007217611401337365,-0.013680263782788415,,,0.035841169565415776
21,2455,3928,9643240,64,0,auto,123,130,few_unstable,,8561,0.0035042635206167503,5047075286,32.0747543190264,0.9950706339889751,0.9672364251928576,32.145259420406376,35.030732043211536,-1.1692599031221107e-06,0.00013349719340283173,32.145259384991824,35.03072716082678,3.5776357323886996e-05
21,2455,3928,9643240,64,0,v0.1.0,123,130,,,8561,0.002920219600513959,5047075286,32.0747543190264,0.9950706339889751,0.9672364251928576,32.14525942392153,35.03073144029489,-1.1657447487323225e-06,0.00013289427675999832,32.145259389245076,35.03072654356288,3.567265773744094e-05
21,2455,3928,9643240,64,0,full,130,130,,True,0,,5072077412,33.16123492002589,1.0,1.0,32.14526058966628,35.03059854601813,0.0,0.0,,,0.0
21,2455,3928,9643240,64,0,sample_faiss,25,130,,,0,,622476866,2.298136985999008,0.12272621559901381,0.06930191205307543,32.0780911890162,34.95588128771289,-0.06716940065008004,-0.07471725830524178,,,0.10494999605941571
21,2455,3928,9643240,64,0,sample_100k,76,130,,,0,,659634398,2.430614182998397,0.13005211561625116,0.0732968536563927,32.13377616879535,35.017723611283685,-0.011484420870928602,-0.012874934734448118,,,0.05598958441353736
22,2000,3000,6000000,64,0,fixed_T25,25,197,,,0,,2119671933,7.848903719012014,0.5108304199531445,0.28078178748728255,32.06736101886203,34.13134234776388,-0.027828906946020027,-0.036964533722070314,,,0.09059816666666666
22,2000,3000,6000000,64,0,sklearn_tol,35,197,,,0,,2443965353,9.739731052010029,0.5889835253217579,0.3484230654791372,32.07494122548589,34.1508110620648,-0.020248700322163415,-0.017495819421156966,,,0.0755085
22,2000,3000,6000000,64,0,fixed_T50,50,197,,,0,,2741235993,11.849766940013069,0.660624274773027,0.4239061736310086,32.08096306220593,34.16401451840275,-0.014226863602118556,-0.004292363083202133,,,0.054762
22,2000,3000,6000000,64,0,auto,115,197,few_unstable,,5782,0.013144240747146317,3766694065,20.732405923012266,0.9077545827271974,0.7416681618701351,32.094675256712165,34.17107500229054,-0.0005146690958852673,0.0027681208045891026,32.0946745155751,34.17107507950304,0.0060258333333333336
22,2000,3000,6000000,64,0,v0.1.0,115,197,,,5782,0.011414735385679695,3766694065,20.732405923012266,0.9077545827271974,0.7416681618701351,32.09467611672711,34.17105371316196,-0.0005138090809424511,0.0027468316760064226,32.09467602757375,34.17103775029786,0.006025
22,2000,3000,6000000,64,0,full,197,197,,True,0,,4149463012,27.95374938400346,1.0,1.0,32.09518992580805,34.168306881485954,0.0,0.0,,,0.0
22,2000,3000,6000000,64,0,sample_faiss,25,197,,,0,,389824092,1.410069867000857,0.09394567221653788,0.05044296017792053,32.001589423712176,34.062408561294795,-0.09360050209587456,-0.10589832019115875,,,0.123491
22,2000,3000,6000000,64,0,sample_100k,87,197,,,0,,454940978,1.6899292430025525,0.10963851869129518,0.06045447498966328,32.10726131139202,34.19515261927697,0.012071385583972472,0.026845737791013846,,,0.12095616666666667
23,2580,3870,9984600,64,0,fixed_T25,25,101,,,0,,4222220074,16.88722879299894,0.5681094380818454,0.44533794842939134,34.9596427012878,38.35129203727064,-0.016922162524288353,-0.04182985204710121,,,0.027399695531117922
23,2580,3870,9984600,64,0,sklearn_tol,46,101,,,0,,6371086872,27.130767812006525,0.8572444162991164,0.7154732505147454,34.97519951880335,38.401455903754425,-0.0013653450087360852,0.008334014436684356,,,0.006704524968451415
23,2580,3870,9984600,64,0,fixed_T50,50,101,,,0,,6537043683,28.337741650007956,0.8795742875494669,0.7473027033759719,34.97554181563174,38.401016783736466,-0.0010230481803432667,0.00789489441872604,,,0.005411934378943573
23,2580,3870,9984600,64,0,auto,72,101,few_unstable,,9283,0.03694926209199612,7118736439,33.331506001006346,0.9578423879695304,0.8789946937122097,34.976396183203526,38.39072938026463,-0.00016868060856012335,-0.002392509053109393,34.97639594576555,38.39054344271937,0.0015289545900687058
23,2580,3870,9984600,64,0,v0.1.0,72,101,,,9283,0.03694926209199612,7118736439,33.331506001006346,0.9578423879695304,0.8789946937122097,34.976396183777695,38.39072739629705,-0.00016868003439185486,-0.00239449302068806,34.976395239384,38.39063648528264,0.00152885443583118
23,2580,3870,9984600,64,0,full,101,101,,True,0,,7432054092,37.92003096200642,1.0,1.0,34.97656486381209,38.39312188931774,0.0,0.0,,,0.0
23,2580,3870,9984600,64,0,sample_faiss,25,101,,,0,,645050796,2.2119200180022744,0.086793070665934,0.05833117647552779,34.901078712868454,38.24051469678105,-0.07548615094363242,-0.15260719253669208,,,0.14784578250505778
23,2580,3870,9984600,64,0,sample_100k,117,101,,,0,,749100858,2.891032442999858,0.10079324621793939,0.07624024479031934,35.00280973077232,38.56299236633553,0.026244866960233537,0.16987047701778835,,,0.1344229112833764
24,2580,3870,9984600,64,0,fixed_T25,25,240,,,0,,3865468307,15.890243791989633,0.5104332563278029,0.26484608016975164,30.64434499200361,34.557334443360155,-0.010719410750699154,-0.007804571961862905,,,0.10984896740981111
24,2580,3870,9984600,64,0,sklearn_tol,42,240,,,0,,4545922754,21.00266497598932,0.6002869432758937,0.35005589371847007,30.649445217300133,34.560366234943125,-0.005619185454175835,-0.00477278037889306,,,0.0817355727820844
24,2580,3870,9984600,64,0,fixed_T50,50,240,,,0,,4807475401,23.17841269798737,0.634824846242942,0.38631954474564534,30.6503997976857,34.56051235470814,-0.004664605068608552,-0.0046266606138800626,,,0.07328125312981992
24,2580,3870,9984600,64,0,auto,207,240,stable_drift,,13897,0.014967259120673527,7431263802,55.30173285497949,0.9812948599828707,0.9217257686517968,30.655050513117583,34.565319350195956,-1.3889636726105437e-05,0.0001803348739386479,30.655050548329314,34.56533341058578,0.0009415499869799491
24,2580,3870,9984600,64,0,v0.1.0,210,240,,,9397,0.015536873470256465,7447851178,55.793636667982355,0.9834852151153346,0.9299244343487975,30.655051834208265,34.5652297752897,-1.2568546043922879e-05,9.075996768359573e-05,30.655051770267427,34.565228232213755,0.000860625363059111
24,2580,3870,9984600,64,0,full,240,240,,True,0,,7572916261,59.99803275096565,1.0,1.0,30.65506440275431,34.56513901532202,0.0,0.0,,,0.0
24,2580,3870,9984600,64,0,sample_faiss,25,240,,,0,,645966604,2.192992716001754,0.0852995836394869,0.0365510770178787,30.572462068978886,34.477682524496025,-0.08260233377542292,-0.08745649082599272,,,0.20863740159846164
24,2580,3870,9984600,64,0,sample_100k,104,240,,,0,,721886002,2.5138949530009995,0.09532470413249694,0.04189962299989809,30.63886697216504,34.56646655418651,-0.016197430589269146,0.0013275388644942154,,,0.1378198425575386
25,2580,3870,9984600,64,0,fixed_T25,25,66,,,0,,3002903667,11.74258770299275,0.7296865650313802,0.5650650635041776,34.02800684503452,36.54581896128224,-0.011422779759790558,-0.026299918364202313,,,0.04313713118202031
25,2580,3870,9984600,64,0,sklearn_tol,26,66,,,0,,3034723831,12.011804307992861,0.7374186632745088,0.578020035768255,34.02841590857839,36.547245231150114,-0.01101371621592051,-0.024873648496324563,,,0.0411281373314905
25,2580,3870,9984600,64,0,fixed_T50,50,66,,,0,,3904433353,18.244284610995237,0.9487525667417703,0.87793322077321,34.03903545331924,36.568586840746896,-0.00039417147507236905,-0.0035320388995430108,,,0.003242493439897442
25,2580,3870,9984600,64,0,auto,64,66,stable_drift,,15220,0.004533508541392904,4114143423,20.539274270002352,0.9997107850530706,0.9883704182810281,34.039429624758895,36.572119449424534,-3.5413449950283393e-11,5.697780949276421e-07,34.03942950680409,36.5721335883675,1.0015423752578972e-07
25,2580,3870,9984600,64,0,v0.1.0,66,66,,,0,,4115333639,20.780948003000958,1.0,1.0,34.03942962479431,36.57211887964644,0.0,0.0,,,0.0
25,2580,3870,9984600,64,0,full,66,66,,True,0,,4115333639,20.780948003000958,1.0,1.0,34.03942962479431,36.57211887964644,0.0,0.0,,,0.0
25,2580,3870,9984600,64,0,sample_faiss,25,66,,,0,,644219717,2.4316795300001104,0.15654130952953338,0.1170148507974205,33.956969696655634,36.42359521567971,-0.08245992813867531,-0.14852366396672778,,,0.11431023776615988
25,2580,3870,9984600,64,0,sample_100k,60,66,,,0,,682907082,2.7088311150000663,0.16594209410587232,0.1303516622345086,34.03908696644063,36.55528601351835,-0.00034265835368074704,-0.016832866128090984,,,0.061059731987260384
26,5299,3533,18721367,64,0,fixed_T25,25,330,,,0,,7996173970,30.625449604005553,0.35010354443890224,0.19535152784600826,33.8196071955965,37.04999424495794,-0.034332885535071966,0.058467533226973956,,,0.09056293805895692
26,5299,3533,18721367,64,0,fixed_T50,50,330,,,0,,10806490131,46.87924770899917,0.4731500980345875,0.2990301459289169,33.83217027181185,37.00609434408038,-0.02176980931972139,0.014567632349418602,,,0.06046225150118578
26,5299,3533,18721367,64,0,sklearn_tol,58,330,,,0,,11525094164,51.63056653199965,0.5046133728389237,0.32933753417490835,33.83515616046588,37.004773235810596,-0.018783920665690346,0.01324652407963356,,,0.05147562141162021
26,5299,3533,18721367,64,0,auto,144,330,few_unstable,,18701,0.007218865301320785,18118351683,95.60370969401265,0.7932917877234291,0.6098304187517591,33.85289067117179,36.98845956973042,-0.0010494099597764261,-0.003067142000539036,33.852890559094334,36.98848156966312,0.011206339793456322
26,5299,3533,18721367,64,0,v0.1.0,144,330,,,18701,0.007218865301320785,18118351683,95.60370969401265,0.7932917877234291,0.6098304187517591,33.85289067386244,36.98845146142122,-0.0010494072691287215,-0.0030752503097417616,33.85289046968377,36.988474433637805,0.01120671369777645
26,5299,3533,18721367,64,0,full,330,330,,True,0,,22839454490,156.7709755930191,1.0,1.0,33.85394008113157,36.99152671173096,0.0,0.0,,,0.0
26,5299,3533,18721367,64,0,sample_faiss,25,330,,,0,,1204757531,4.604908269000589,0.052748962613248476,0.029373474596184387,33.758643103321006,37.04439643859999,-0.09529697781056257,0.05286972686902658,,,0.1533957429497536
26,5299,3533,18721367,64,0,sample_100k,102,330,,,0,,1271855430,4.575858634001634,0.055686769163285736,0.029188174766996814,33.83188024658809,36.99200532307276,-0.022059834543476597,0.00047861134179782994,,,0.17442770071223965
27,2546,3300,8401800,64,0,fixed_T25,25,162,,,0,,2618383340,11.050523673999123,0.39623020839874634,0.2652422800791665,34.66711489450995,37.9660440920759,-0.059911068305588344,-0.1258481754910079,,,0.11682568021138327
27,2546,3300,8401800,64,0,sklearn_tol,44,162,,,0,,3461636563,16.570120949996635,0.5238365810707496,0.39772745542421073,34.688931077343184,38.05056650231101,-0.03809488547235418,-0.04132576525589826,,,0.07589242781308767
27,2546,3300,8401800,64,0,fixed_T50,50,162,,,0,,3659902915,18.09078311299163,0.5538394904122897,0.43422743599001334,34.692058056264734,38.064618483545125,-0.03496790655080417,-0.027273784021780045,,,0.06862815111047632
27,2546,3300,8401800,64,0,auto,145,162,stable_drift,,12527,0.009579308693222639,6538169960,39.4461527250096,0.9893969329170964,0.9468137255567859,34.72699952650078,38.09132002020504,-2.6436314762179336e-05,-0.0005722473618661184,34.726998903027074,38.09131126787851,0.00046680473231926493
27,2546,3300,8401800,64,0,v0.1.0,149,162,,,7644,0.012558869701726845,6560432560,39.97252340101113,0.9927658493407313,0.959448037050816,34.727009819229174,38.09144973093845,-1.614358636459201e-05,-0.00044253662845505914,34.72700967183269,38.09145886682273,0.0002969601752005523
27,2546,3300,8401800,64,0,full,162,162,,True,0,,6608237546,41.66199925102774,1.0,1.0,34.72702596281554,38.091892267566905,0.0,0.0,,,0.0
27,2546,3300,8401800,64,0,sample_faiss,25,162,,,0,,542900351,2.173196805000771,0.08215509010093325,0.052162566465102166,34.611809027036514,37.84123099714553,-0.11521693577902425,-0.2506612704213751,,,0.22585493584708038
27,2546,3300,8401800,64,0,sample_100k,59,162,,,0,,580799391,2.32167745499828,0.08789021080992478,0.05572650128980567,34.697478617495825,38.03672737547177,-0.02954734531971326,-0.05516489209513509,,,0.14399319193506152
28,5472,3648,19961856,64,0,fixed_T25,25,150,,,0,,4645745520,16.79856142299468,0.5045192679406472,0.27404705053209955,37.93997624541078,39.930578694745826,-0.023662024329020426,-0.06245409926089707,,,0.02020212950138504
28,5472,3648,19961856,64,0,sklearn_tol,47,150,,,0,,5740767784,25.59740518500257,0.6234366362367888,0.4175889360753655,37.948850478126126,39.949132751464944,-0.014787791613677825,-0.043900042541778816,,,0.013658349203601108
28,5472,3648,19961856,64,0,fixed_T50,50,150,,,0,,5811425704,26.647614664001594,0.6311099540969992,0.43472176089967285,37.949213171542475,39.949507833211094,-0.014425098197328623,-0.0435249607956294,,,0.013107548716912895
28,5472,3648,19961856,64,0,auto,103,150,few_unstable,,19562,0.014057867293732746,8417162018,47.6589628859947,0.9140880405905617,0.7774950414770276,37.96281612812684,39.99402641173054,-0.0008221416129643444,0.000993617723814566,37.962798748639926,39.994255080651804,0.0018738738522109367
28,5472,3648,19961856,64,0,v0.1.0,103,150,,,19562,0.004089561394540435,8417162018,47.6589628859947,0.9140880405905617,0.7774950414770276,37.96282554495306,39.99415506647293,-0.0008127247867406595,0.0011222724662047767,37.96282535911527,39.99417760409435,0.001864255508105058
28,5472,3648,19961856,64,0,full,150,150,,True,0,,9208261835,61.29809239098904,1.0,1.0,37.9636382697398,39.99303279400672,0.0,0.0,,,0.0
28,5472,3648,19961856,64,0,sample_faiss,24,150,,,0,,1280725224,4.825448558000062,0.13908436216833533,0.0787210232778698,37.739410916525344,39.68295162637357,-0.2242273532144594,-0.3100811676331503,,,0.05118972905124654
28,5472,3648,19961856,64,0,sample_100k,44,150,,,0,,1308432099,4.860729313000775,0.14209327693384383,0.0792965836848018,37.90787444625094,39.87658900029168,-0.05576382348886,-0.11644379371504243,,,0.029491947041397352
29,1334,2000,2668000,64,0,fixed_T25,25,245,,,0,,1153579657,4.407224321003014,0.34189474973782197,0.22485386989799624,30.55690160452029,33.11973844988169,-0.03403180321509325,0.00610396756479048,,,0.08878148425787107
29,1334,2000,2668000,64,0,sklearn_tol,38,245,,,0,,1377474355,5.730406397004117,0.4082520413871972,0.2923618043025698,30.564484069571655,33.12298594003132,-0.026449338163729408,0.009351457714423361,,,0.07376799100449775
29,1334,2000,2668000,64,0,fixed_T50,50,245,,,0,,1496354226,6.504726047016447,0.4434853289176911,0.3318671158460744,30.56595989672999,33.12460118695371,-0.024973511005395466,0.010966704636814484,,,0.0702867316341829
29,1334,2000,2668000,64,0,auto,219,245,stable_drift,,3649,0.005480953685941353,3317315287,18.49929754600089,0.9831767342359748,0.943822764770489,30.59087496929949,33.1138152416287,-5.843843589303788e-05,0.00018075931180305815,30.590874634328024,33.11380770515506,0.0012661169415292353
29,1334,2000,2668000,64,0,v0.1.0,223,245,,,2352,0.0021258503401360546,3325815788,18.66714588100149,0.9856960892232145,0.9523862834234789,30.590881606332914,33.11371122641478,-5.1801402470630364e-05,7.674409788194225e-05,30.59088157929302,33.113717941471926,0.001043103448275862
29,1334,2000,2668000,64,0,full,245,245,,True,0,,3374078303,19.60039345999394,1.0,1.0,30.590933407735385,33.1136344823169,0.0,0.0,,,0.0
29,1334,2000,2668000,64,0,sample_faiss,25,245,,,0,,178862057,0.7063324919981824,0.05301064199991093,0.03603664862339966,30.464546487981163,33.03185992210314,-0.12638691975422134,-0.08177456021375917,,,0.2572533733133433
29,1334,2000,2668000,64,0,sample_100k,89,245,,,0,,245655089,1.0419469629996456,0.07280657617862048,0.05315949218704959,30.555601488831222,33.08681028793374,-0.03533191890416276,-0.02682419438315975,,,0.11996626686656672
30,3280,2187,7173360,64,0,fixed_T25,25,440,,,0,,2880666554,12.000386929001252,0.36898730722083495,0.16775951259823538,30.716864911537513,34.057168031398724,-0.02387395424158356,-0.06019407262012777,,,0.16935466782651365
30,3280,2187,7173360,64,0,sklearn_tol,42,440,,,0,,3378640856,15.718459900002927,0.4327733072023361,0.21973634577121587,30.728654016175927,34.09962649361685,-0.0120848496031698,-0.017735610401999224,,,0.12184527195066189
30,3280,2187,7173360,64,0,fixed_T50,50,440,,,0,,3513834291,17.0751213100084,0.4500903623350507,0.23870180565595767,30.730168798667293,34.104268788664655,-0.010570067111803638,-0.013093315354197443,,,0.11097700380295984
30,3280,2187,7173360,64,0,auto,350,440,stable_drift,,9935,0.010770005032712632,7499145994,62.485144136044255,0.9605727129159329,0.8735116114931544,30.74061155544615,34.116691650681645,-0.0001273103329459957,-0.0006704533372072774,30.740611433156584,34.11668016235469,0.005145426968672979
30,3280,2187,7173360,64,0,v0.1.0,357,440,,,6754,0.003109268581581285,7530015780,63.18696470604846,0.9645268530418725,0.8833227182059543,30.740625048095062,34.116962787125516,-0.00011381768403495585,-0.00039931689333627673,30.740625014549057,34.11695388108647,0.004683718647886068
30,3280,2187,7173360,64,0,full,440,440,,True,0,,7806952970,71.53327249907306,1.0,1.0,30.740738865779097,34.11736210401885,0.0,0.0,,,0.0
30,3280,2187,7173360,64,0,sample_faiss,25,440,,,0,,465176600,1.5698518169992894,0.05958491126916575,0.021945757018450845,30.60173025125193,34.0533127969252,-0.1390086145271674,-0.0640493070936543,,,0.2943623350842562
30,3280,2187,7173360,64,0,sample_100k,93,440,,,0,,515169368,1.9649241660008556,0.06598853227112497,0.027468674329506136,30.720499828620863,34.10289381010777,-0.02023903715823394,-0.0144682939110794,,,0.13912894375857338
31,3281,2187,7175547,64,0,fixed_T25,25,99,,,0,,2548966752,10.108614418000798,0.667257551834208,0.4840221982833142,35.83609064479087,39.163292542409124,-0.013267127971538173,0.02504767561459431,,,0.041213861465892426
31,3281,2187,7175547,64,0,sklearn_tol,32,99,,,0,,2826768111,11.712702005002939,0.7399791966171824,0.5608293617573867,35.84127463877132,39.163401464273676,-0.00808313399109295,0.025156597479146114,,,0.031317054992462595
31,3281,2187,7175547,64,0,fixed_T50,50,99,,,0,,3394181643,15.2345810049992,0.8885142702672607,0.7294645025567492,35.84883050556913,39.14221619571686,-0.0005272671932772255,0.003971328922332873,,,0.003956632156405637
31,3281,2187,7175547,64,0,auto,61,99,stable_drift,,14382,0.008343763037129746,3563114875,16.783064138991904,0.932736885065714,0.803609205235795,35.84925475903502,39.13668883643441,-0.00010301372739007775,-0.0015560303601205305,35.84925394647213,39.1366920472656,0.000795061338180908
31,3281,2187,7175547,64,0,v0.1.0,64,99,,,6157,0.005684586649342212,3588581745,17.134542637995764,0.939403492747335,0.8204387516703907,35.84927220606976,39.136454192935176,-8.556669264692118e-05,-0.0017906738593538307,35.84927213636309,39.13645396084625,0.0006421810072458588
31,3281,2187,7175547,64,0,full,99,99,,True,0,,3820064299,20.884609122997063,1.0,1.0,35.84935777276241,39.13824486679453,0.0,0.0,,,0.0
31,3281,2187,7175547,64,0,sample_faiss,25,99,,,0,,465895751,1.6310710399993695,0.12196018562356664,0.0780991892351635,35.781865521705654,39.07502709203661,-0.06749225105675549,-0.06321777475791635,,,0.09605887885620427
31,3281,2187,7175547,64,0,sample_100k,85,99,,,0,,544781650,1.9528527160000522,0.1426105969322586,0.0935067879173123,35.8402188091474,39.176469606581776,-0.009138963615008322,0.038224739787246165,,,0.14836457764125857
32,2759,2280,6290520,64,0,fixed_T25,25,214,,,0,,2079508227,7.163087172004452,0.4331714854143368,0.23979216606035889,35.06632431571995,37.21165673127566,-0.025416745865484813,-0.037081984158682246,,,0.04289232050768458
32,2759,2280,6290520,64,0,fixed_T50,50,214,,,0,,3010089337,12.115488605999417,0.6270159706072402,0.40557921269848707,35.08188350573798,37.23538326394523,-0.00985755584746073,-0.013355451489111658,,,0.02580168253180977
32,2759,2280,6290520,64,0,sklearn_tol,63,214,,,0,,3315431810,14.35008276199369,0.6906202645802966,0.48038469252370913,35.08436078395008,37.24279425140733,-0.007380277635355981,-0.005944464027010099,,,0.020835320450455608
32,2759,2280,6290520,64,0,auto,117,214,stable_drift,,13484,0.009270246217739543,4256949928,21.130250743990473,0.8867429807221504,0.7073582205034257,35.091396792700635,37.25099329205749,-0.00034426888480254547,0.002254576623144544,35.09139541561825,37.251062012284784,0.0024997933398192835
32,2759,2280,6290520,64,0,v0.1.0,124,214,,,5847,0.009235505387378143,4316183270,21.765526921994024,0.8990815684743187,0.7286247843622862,35.09148272872805,37.250589994471106,-0.00025833285738485756,0.0018512790367637422,35.0914824386071,37.2505893791928,0.0020669197459033594
32,2759,2280,6290520,64,0,full,214,214,,True,0,,4800658162,29.872065003997704,1.0,1.0,35.09174106158544,37.24873871543434,0.0,0.0,,,0.0
32,2759,2280,6290520,64,0,sample_faiss,25,214,,,0,,408006338,1.4337086380000983,0.08498966688143042,0.047994962444284604,34.92436419495739,37.0513140754162,-0.16737686662804663,-0.19742464001814142,,,0.11244014803227714
32,2759,2280,6290520,64,0,sample_100k,92,214,,,0,,465363554,1.8118568429999868,0.09693744863644387,0.06065388659128555,35.0586954762221,37.212491416637896,-0.03304558536333957,-0.036247298796446614,,,0.05223145304362756
33,1560,2340,3650400,64,0,fixed_T25,25,139,,,0,,1417613792,5.534883889995399,0.4148307414586111,0.3109684025589251,35.09794110808023,39.736434619283955,-0.04388854656364316,-0.045026098040615636,,,0.04507889546351085
33,1560,2340,3650400,64,0,sklearn_tol,42,139,,,0,,1873752981,7.870500577995699,0.5483089560816807,0.442191207750964,35.12250489816861,39.68886544682344,-0.019324756475263882,-0.09259527050112837,,,0.025611165899627437
33,1560,2340,3650400,64,0,fixed_T50,50,139,,,0,,2047781902,8.76111562999722,0.5992343539164614,0.49222895841027864,35.12522210981797,39.69755809115986,-0.01660754482590221,-0.08390262616470778,,,0.02113960113960114
33,1560,2340,3650400,64,0,auto,104,139,few_unstable,,3277,0.003967043027158987,3303658956,15.836328152010537,0.9667367106455614,0.8897382069262785,35.14170901196748,39.77840892518042,-0.00012064267639289028,-0.003051792144148635,35.14170839792813,39.77844476258533,0.0010807034845496384
33,1560,2340,3650400,64,0,v0.1.0,104,139,,,3277,0.0033567287152883735,3303658956,15.836328152010537,0.9667367106455614,0.8897382069262785,35.141709139650715,39.77842467617757,-0.00012051499315646197,-0.003036041146998514,35.14170899819929,39.77841721786256,0.0010804295419680034
33,1560,2340,3650400,64,0,full,139,139,,True,0,,3417330613,17.79886266401809,1.0,1.0,35.14182965464387,39.78146071732457,0.0,0.0,,,0.0
33,1560,2340,3650400,64,0,sample_faiss,25,139,,,0,,240522626,0.860494649001339,0.07038318887994581,0.04834548505961013,35.000306235346834,39.49912649699818,-0.14152341929703738,-0.28233422032639055,,,0.15865959894806048
33,1560,2340,3650400,64,0,sample_100k,65,139,,,0,,296372542,1.0420305950028705,0.08672632986476571,0.05854478539853133,35.087211204484404,39.8411001075428,-0.05461845015946665,0.05963939021822995,,,0.04402229892614508
34,3291,2186,7194126,64,0,fixed_T25,25,149,,,0,,2499146106,9.770636373999878,0.4421358812512068,0.30937498017546283,32.70812117445236,34.510706280937185,-0.029692903690907713,-0.020049194406738025,,,0.0879093582736805
34,3291,2186,7194126,64,0,fixed_T50,50,149,,,0,,3417823636,15.180572923,0.6046635135241124,0.48067385453038364,32.724499113108706,34.53777156251165,-0.013314965034560089,0.007016087167727392,,,0.04806323937056426
34,3291,2186,7194126,64,0,sklearn_tol,81,149,,,0,,4527851296,21.73396271999809,0.801043811774396,0.6881787458109062,32.73612338708856,34.53383412179787,-0.0016906910547049847,0.003078646453943179,,,0.010618107050112829
34,3291,2186,7194126,64,0,auto,125,149,stable_drift,,11310,0.015561450044208665,5497569778,29.029690938001295,0.9726013427948142,0.9191888547140067,32.737710840385354,34.532135693825055,-0.00010323775791221124,0.0013802184811311236,32.73771022772271,34.53216816191845,0.0015782320187330608
34,3291,2186,7194126,64,0,v0.1.0,130,149,,,6626,0.004225777241171144,5543435480,29.63132357700306,0.9807156633318527,0.938238799736972,32.73773721342286,34.531906936954016,-7.686472040546732e-05,0.0011514616100924968,32.73773719825215,34.53190530313848,0.001090333975245916
34,3291,2186,7194126,64,0,full,149,149,,True,0,,5652439017,31.5818569700059,1.0,1.0,32.737814078143266,34.53075547534392,0.0,0.0,,,0.0
34,3291,2186,7194126,64,0,sample_faiss,25,149,,,0,,466558956,1.6785118829975545,0.08254117463218975,0.05314797937916318,32.64605956817294,34.47649029011873,-0.09175450997032897,-0.05426518522519075,,,0.13914629796586828
34,3291,2186,7194126,64,0,sample_100k,137,149,,,0,,543066437,2.0286785240023164,0.09607647873187129,0.06423556809623336,32.74071059588665,34.54594987601203,0.0028965177433804,0.015194400668107733,,,0.08502450471398472
35,1560,2340,3650400,64,0,fixed_T25,25,107,,,0,,1562706238,5.916747299997951,0.6140828436055958,0.4466818148615559,31.140172350695625,33.03200149074007,-0.01995563555766111,-0.04866044343373943,,,0.10382369055445978
35,1560,2340,3650400,64,0,fixed_T50,50,107,,,0,,2160887021,9.292620636988431,0.8491446532295117,0.7015416478833527,31.156993742276423,33.06598207716952,-0.003134243976862905,-0.014679857004288976,,,0.037291803637957484
35,1560,2340,3650400,64,0,sklearn_tol,51,107,,,0,,2174916179,9.384550304988807,0.8546575673195317,0.7084818312070587,31.157188626961755,33.06657321850147,-0.0029393592915312183,-0.01408871567234371,,,0.03573937102783257
35,1560,2340,3650400,64,0,auto,97,107,stable_drift,,5376,0.01711309523809524,2535694952,12.800424896999175,0.9964296095940425,0.9663615385420663,31.160126646526336,33.0807690880388,-1.3397269498227615e-06,0.00010715386498816315,31.160126502668042,33.08075999517609,8.766162612316459e-05
35,1560,2340,3650400,64,0,v0.1.0,101,107,,,3013,0.007301692665117823,2542712670,12.994036435997259,0.9991873001441087,0.9809781427728795,31.160127952943725,33.080651506957764,-3.330956133140717e-08,-1.042721604704866e-05,31.16012790339476,33.080661519691134,8.766162612316459e-06
35,1560,2340,3650400,64,0,full,107,107,,True,0,,2544780813,13.245999955990555,1.0,1.0,31.160127986253286,33.08066193417381,0.0,0.0,,,0.0
35,1560,2340,3650400,64,0,sample_faiss,25,107,,,0,,241299180,0.8510542020012508,0.09482120376235327,0.06424990222171624,31.101392651178198,33.00436267990956,-0.0587353350750881,-0.07629925426424933,,,0.19030435020819636
35,1560,2340,3650400,64,0,sample_100k,119,107,,,0,,322207771,1.5124975909966452,0.12661513689273482,0.1141852329776441,31.169925713347748,33.09752781615217,0.009797727094461806,0.016865881978361585,,,0.12692882971729125
36,1560,2340,3650400,64,0,fixed_T25,25,140,,,0,,1336296546,4.523565338997287,0.4702542300352698,0.3218965297717035,35.83982936672705,38.018088778452544,-0.04329158212852491,-0.04679228761421683,,,0.08063965592811746
36,1560,2340,3650400,64,0,fixed_T50,50,140,,,0,,1912931747,7.4083765859941195,0.673177109144087,0.5271794559293482,35.86378008326837,38.034578294574544,-0.019340865587210487,-0.030302771492216607,,,0.03761943896559281
36,1560,2340,3650400,64,0,sklearn_tol,69,140,,,0,,2375361696,9.618365975991765,0.83591017933212,0.6844421153939323,35.878825215632396,38.06304072267143,-0.0042957332231807754,-0.001840343395329569,,,0.01232686828840675
36,1560,2340,3650400,64,0,auto,98,140,few_unstable,,3333,0.0174017401740174,2706027224,11.851209660992026,0.9522742182382312,0.8433310845722943,35.88302629838684,38.064704251368575,-9.465046873913252e-05,-0.00017681469818597861,35.88302544342311,38.06476205396233,0.0007925158886697348
36,1560,2340,3650400,64,0,v0.1.0,98,140,,,3333,0.0174017401740174,2706027224,11.851209660992026,0.9522742182382312,0.8433310845722943,35.883026385661346,38.06470310647465,-9.456319423151172e-05,-0.00017795959210786805,35.88302518449008,38.06475234661831,0.0007922419460881
36,1560,2340,3650400,64,0,full,140,140,,True,0,,2841647051,14.052855251982692,1.0,1.0,35.88312094885558,38.06488106606676,0.0,0.0,,,0.0
36,1560,2340,3650400,64,0,sample_faiss,25,140,,,0,,239758302,0.8549326700012898,0.08437300540741927,0.06083693702606585,35.76575563347123,37.97825974232981,-0.11736531538434747,-0.08662132373694931,,,0.16642861056322594
36,1560,2340,3650400,64,0,sample_100k,66,140,,,0,,289439354,1.1397390040001483,0.10185619424415984,0.08110373184405671,35.81360636919699,38.005505886674776,-0.06951457965858765,-0.059375179391985,,,0.15903243480166557
37,3281,2187,7175547,64,0,fixed_T25,25,117,,,0,,2181454220,8.792546368003968,0.47734214586768986,0.3339085315232315,36.91635285070997,40.56492330242925,-0.06030337320556356,0.09880690377173096,,,0.10021354469561693
37,3281,2187,7175547,64,0,sklearn_tol,50,117,,,0,,3482258817,16.265578956990794,0.7619820214120574,0.6177067889761876,36.967825940317155,40.46425299825814,-0.00883028359837823,-0.0018634003993796,,,0.029445002590046444
37,3281,2187,7175547,64,0,fixed_T50,50,117,,,0,,3482258817,16.265578956990794,0.7619820214120574,0.6177067889761876,36.967825940317155,40.46425299825814,-0.00883028359837823,-0.0018634003993796,,,0.029445002590046444
37,3281,2187,7175547,64,0,auto,88,117,stable_drift,,14965,0.003742064817908453,4305783573,22.656339435980044,0.9421843243529854,0.8604043372793007,36.97616527569352,40.46998729690142,-0.0004909482220156747,0.003870898243903298,36.97616469397814,40.47001917454484,0.002991688299163813
37,3281,2187,7175547,64,0,v0.1.0,92,117,,,5952,0.024193548387096774,4334541969,23.097958234986436,0.9484771882290619,0.8771753929550358,36.97618892030122,40.47003197035217,-0.0004673036143145737,0.003915571694648179,36.97618519943413,40.47006525822988,0.0028512112038287813
37,3281,2187,7175547,64,0,full,117,117,,True,0,,4570001285,26.33220040199012,1.0,1.0,36.97665622391553,40.46611639865752,0.0,0.0,,,0.0
37,3281,2187,7175547,64,0,sample_faiss,25,117,,,0,,464230238,1.5999638360008248,0.10158208040853975,0.060760734445872724,36.8647985313536,40.58960049851956,-0.11185769256193367,0.1234840998620399,,,0.19770353396054685
37,3281,2187,7175547,64,0,sample_100k,72,117,,,0,,513073892,1.8126892759973998,0.11226996668120193,0.06883926327176218,36.94215904705037,40.433960072047405,-0.03449717686516607,-0.032156326610113695,,,0.11146982940812736
38,3280,2187,7173360,64,0,fixed_T25,25,205,,,0,,3002909620,12.011351516990544,0.35526567877726184,0.25015194360944193,34.45838177935637,37.98741012637167,-0.047031843855513955,-0.029886656170795334,,,0.13239569741376425
38,3280,2187,7173360,64,0,sklearn_tol,29,205,,,0,,3164600627,13.036769488990103,0.374394880992157,0.2715076002434933,34.46355751668081,37.98178170361392,-0.041856106531078296,-0.03551507892854744,,,0.11824152140698362
38,3280,2187,7173360,64,0,fixed_T50,50,205,,,0,,4095026487,18.37081432798732,0.4844709127525859,0.38259598874728606,34.47719124194103,37.952072479768994,-0.028222381270857966,-0.06522430277347269,,,0.07195066189345022
38,3280,2187,7173360,64,0,auto,183,205,stable_drift,,12092,0.010172014555077737,8275411279,45.31495182600338,0.9790403232964912,0.9437425303728957,34.505267775260215,38.018095667245134,-0.0001458479516713851,0.0007988847026680901,34.50526736685714,38.01806506989714,0.0012561756275998974
38,3280,2187,7173360,64,0,v0.1.0,193,205,,,7012,0.009840273816314889,8405410864,46.677324692002,0.9944202036958845,0.9721157088506253,34.50540431238943,38.01734731279836,-9.310822456143342e-06,5.053025589063509e-05,34.50540401794834,38.01731413556596,0.00029679257697926774
38,3280,2187,7173360,64,0,full,205,205,,True,0,,8452574508,48.01622303500335,1.0,1.0,34.505413623211886,38.017296782542466,0.0,0.0,,,0.0
38,3280,2187,7173360,64,0,sample_faiss,25,205,,,0,,466196178,1.6658902449999005,0.05515434114881392,0.03469432078790294,34.3854793573769,37.99438229815158,-0.1199342658349849,-0.02291448439088839,,,0.16692763223928536
38,3280,2187,7173360,64,0,sample_100k,152,205,,,0,,560610530,2.180387165000866,0.0663242340507506,0.045409385144920406,34.48817752422601,38.07738728652703,-0.01723609898587597,0.060090503984561394,,,0.1971433191698172
39,3281,2187,7175547,64,0,fixed_T25,25,346,,,0,,4901053896,15.960478786004387,0.29780565545149024,0.184920091659708,34.434218506373135,38.30168081282864,-0.0892946823470595,-0.02049267628206053,,,0.18911324809105146
39,3281,2187,7175547,64,0,fixed_T50,50,346,,,0,,6687258992,24.252918108002632,0.4063418990172296,0.2809973246842675,34.46672372817637,38.34952443049602,-0.0567894605438255,0.027350941385314798,,,0.14811665229145596
39,3281,2187,7175547,64,0,sklearn_tol,81,346,,,0,,8294101007,32.700933206004265,0.5039793969183685,0.378877077993106,34.48243037976922,38.40598883280446,-0.041082808950974936,0.08381534369375743,,,0.11799351324714338
39,3281,2187,7175547,64,0,auto,190,346,stable_drift,,7605,0.0039447731755424065,13738968867,61.352570372007904,0.8348291439936765,0.7108385085978127,34.51957891673809,38.37711051342518,-0.00393427198210361,0.054937024314476446,34.51957857158525,38.377097587852084,0.016762067059138488
39,3281,2187,7175547,64,0,v0.1.0,191,346,,,7156,0.002515371716042482,13747432137,61.5223238090075,0.8353434027068218,0.7128052930251723,34.51958796592442,38.376676068003434,-0.003925222795771788,0.05450257889273047,34.519587912518396,38.37671320734565,0.016714544549704714
39,3281,2187,7175547,64,0,full,346,346,,True,0,,16457222374,86.31013884297136,1.0,1.0,34.523513188720194,38.3221734891107,0.0,0.0,,,0.0
39,3281,2187,7175547,64,0,sample_faiss,25,346,,,0,,467160997,1.6240869810026197,0.028386381758931926,0.01881687369264239,34.30003498063805,38.088702177909155,-0.2234782080821418,-0.23347131120154785,,,0.23744043485465288
39,3281,2187,7175547,64,0,sample_100k,109,346,,,0,,589881194,2.227320835001592,0.03584330214386152,0.02580601612811533,34.44349910172373,38.120732791245075,-0.08001408699646362,-0.20144069786562824,,,0.24158799322198016
40,3280,2187,7173360,64,0,fixed_T25,25,233,,,0,,2248634068,9.484327049001877,0.3552419716225865,0.22188505639885134,32.59939080717003,34.581408309030394,-0.031966495376934745,-0.0526810738509198,,,0.0779949702789209
40,3280,2187,7173360,64,0,sklearn_tol,39,233,,,0,,2656079405,12.28163368099922,0.41961068634772036,0.2873278165017868,32.606187793305665,34.59072062281717,-0.02516950924130157,-0.04336876006414059,,,0.06074238571603823
40,3280,2187,7173360,64,0,fixed_T50,50,233,,,0,,2970517315,14.298121593998076,0.4692859735324582,0.3345033864701843,32.60986746361654,34.596573157934436,-0.021489838930428107,-0.03751622494687723,,,0.05053085304515596
40,3280,2187,7173360,64,0,auto,124,233,stable_drift,,16254,0.01107419712070875,4139368684,25.11368151798888,0.6539425482799148,0.5875325272116363,32.616373260926565,34.61612176295447,-0.014984041620401456,-0.017967619926842815,32.61637272309428,34.6161195153882,0.02139109148293129
40,3280,2187,7173360,64,0,v0.1.0,134,233,,,7062,0.006230529595015576,4233159020,26.301175106982555,0.6687596607456257,0.6153138427025298,32.61645180974699,34.617253326378005,-0.014905492799975661,-0.016836056503308328,32.616451748839104,34.61725214583227,0.020656010572451405
40,3280,2187,7173360,64,0,full,233,233,,True,0,,6329865972,42.74432538599285,1.0,1.0,32.63135730254697,34.634089382881314,0.0,0.0,,,0.0
40,3280,2187,7173360,64,0,sample_faiss,25,233,,,0,,463739427,1.7372717479993298,0.07326212419841739,0.040643330601461004,32.530229435587145,34.471053225290625,-0.10112786695982123,-0.1630361575906889,,,0.12306589938327367
40,3280,2187,7173360,64,0,sample_100k,77,233,,,0,,500764289,1.8036351270020532,0.07911135736761536,0.04219589643104058,32.59264917394374,34.57687557792474,-0.03870812860322559,-0.05721380495657513,,,0.07369670558845506
41,1707,2273,3880011,64,0,fixed_T25,25,260,,,0,,1525754717,6.010637063012837,0.3866172392288866,0.21902702837703383,31.9623424855433,34.70258714424641,-0.04815547867208281,-0.005627642665984922,,,0.18275257467053574
41,1707,2273,3880011,64,0,fixed_T50,50,260,,,0,,2060158724,9.827031228011037,0.522032060180867,0.3580960595482513,31.985993134587858,34.707811797224025,-0.024504829627524316,-0.00040298968836793847,,,0.11467519035384179
41,1707,2273,3880011,64,0,sklearn_tol,102,260,,,0,,2977639911,16.121390947009786,0.7545163773585551,0.587461913838804,32.006712998237454,34.711986832579555,-0.003784965977928323,0.0037720456671621605,,,0.03681510181285569
41,1707,2273,3880011,64,0,auto,213,260,stable_drift,,6021,0.004152134196977246,3842799897,24.809401767033705,0.9737428110387351,0.9040521808052012,32.01043288015833,34.708923434061546,-6.508405704863662e-05,0.0007086471491533075,32.010432963588535,34.70891932277159,0.0017177786351636633
41,1707,2273,3880011,64,0,v0.1.0,222,260,,,3733,0.0061612643986070185,3875998707,25.419901797031343,0.982155193530412,0.9262987423581037,32.01046990855974,34.70884031564844,-2.8055655640457644e-05,0.0006255287360446005,32.010469847291446,34.708856771031165,0.0008768016379335007
41,1707,2273,3880011,64,0,full,260,260,,True,0,,3946421841,27.442444467018504,1.0,1.0,32.01049796421538,34.70821478691239,0.0,0.0,,,0.0
41,1707,2273,3880011,64,0,sample_faiss,25,260,,,0,,254815117,0.8178521869995166,0.06456864655285594,0.029802453931625738,31.900388132682124,34.62720203008693,-0.11010983153325782,-0.08101275682546571,,,0.26731805657252
41,1707,2273,3880011,64,0,sample_100k,175,260,,,0,,336788419,1.308160215998214,0.08534019741656908,0.047669230690087265,31.977828716805647,34.640221431303736,-0.03266924740973565,-0.06799335560865671,,,0.09399741392485743
42,3286,2187,7186482,64,0,fixed_T25,25,449,,,0,,2854930085,10.401882979993388,0.17418857232408316,0.11396688325713131,40.11314938047717,43.10475950943371,-0.03411372848756855,-0.033034601860599366,,,0.025583032142848197
42,3286,2187,7186482,64,0,fixed_T50,50,449,,,0,,4366032386,17.257524313983595,0.266385839721203,0.18907982935221634,40.12578188387273,43.08377956801196,-0.021481225092003342,-0.05401454328234934,,,0.018341936986692516
42,3286,2187,7186482,64,0,sklearn_tol,67,449,,,0,,5219486947,21.422605225980078,0.3184578789999047,0.23471399875856272,40.130967217255716,43.08955554737765,-0.016295891709020793,-0.04823856391666226,,,0.017240563602608342
42,3286,2187,7186482,64,0,auto,70,449,few_unstable,,7038,0.007956805910770106,5318918016,21.955773285979376,0.3245244919950062,0.24055558553349968,40.131204964831994,43.08931029625903,-0.016058144132742314,-0.04848381503528287,40.13120491990186,43.089259783411805,0.01704436190057945
42,3286,2187,7186482,64,0,v0.1.0,70,449,,,7038,0.005825518613242399,5318918016,21.955773285979376,0.3245244919950062,0.24055558553349968,40.131216029471766,43.08906289723805,-0.016047079492970795,-0.048731214056260796,40.13121536965711,43.08905219712226,0.017042692098860054
42,3286,2187,7186482,64,0,full,449,449,,True,0,,16389881649,91.27110159294898,1.0,1.0,40.14726310896474,43.13779411129431,0.0,0.0,,,0.0
42,3286,2187,7186482,64,0,sample_faiss,25,449,,,0,,466276616,1.6203911420016084,0.02844905326259321,0.01775360561799979,39.96396737470568,43.13665875838201,-0.18329573425905465,-0.0011353529122999362,,,0.11557630005891617
42,3286,2187,7186482,64,0,sample_100k,38,449,,,0,,505555887,1.7978693730001396,0.030845609372099743,0.019698122862790466,40.107760265030834,43.052361022891965,-0.03950284393390291,-0.08543308840234687,,,0.0450319085193562
43,1562,2334,3645708,64,0,fixed_T25,25,297,,,0,,1438590163,5.784855859990785,0.3170884369713897,0.19406470277547758,32.73325253306876,36.40137407403079,-0.05502853556438225,-0.02805201182714967,,,0.10430072841818379
43,1562,2334,3645708,64,0,fixed_T50,50,297,,,0,,2026137362,9.104981760989176,0.44659330067024433,0.3054450485867981,32.75554187406581,36.39737657779158,-0.03273919456732699,-0.032049508066357646,,,0.0785751354743715
43,1562,2334,3645708,64,0,sklearn_tol,52,297,,,0,,2059854086,9.331700776987418,0.45402500956686337,0.31305079703034144,32.75608478090379,36.39687559355503,-0.03219628772934868,-0.03255049230291007,,,0.07766913861450231
43,1562,2334,3645708,64,0,auto,228,297,stable_drift,,5882,0.005950357021421286,4344255156,26.123175185955915,0.9575437901982518,0.8763548048062069,32.78800637176296,36.43086867100693,-0.00027469687017855904,0.0014425851489860975,32.788006477762444,36.43084378073448,0.004308353823180573
43,1562,2334,3645708,64,0,v0.1.0,232,297,,,3548,0.006482525366403607,4351830553,26.331812307962537,0.9592135296806618,0.8833539595042826,32.78801563764286,36.43019335751821,-0.00026543099028231154,0.0007672716602726837,32.78801562568149,36.43013561978721,0.004103729645928857
43,1562,2334,3645708,64,0,full,297,297,,True,0,,4536873614,29.80890278992956,1.0,1.0,32.78828106863314,36.42942608585794,0.0,0.0,,,0.0
43,1562,2334,3645708,64,0,sample_faiss,25,297,,,0,,239615413,0.8014903650000633,0.052815095457054095,0.02688761712057491,32.70697280733881,36.23861429669142,-0.08130826129433188,-0.1908117891665171,,,0.202738398138304
43,1562,2334,3645708,64,0,sample_100k,67,297,,,0,,293315353,1.0709201829995436,0.06465142694186587,0.035926185896427425,32.734584209649455,36.40039938730321,-0.05369685898368459,-0.0290266985547305,,,0.12538085880712332
44,1567,2312,3622904,64,0,sklearn_tol,24,44,,,0,,1431362966,5.056974305996846,0.8944757248461341,0.7861358668010587,38.54362855889438,41.12669944076131,-0.0007632919475497602,0.005323243268762212,,,0.0024640454177091084
44,1567,2312,3622904,64,0,fixed_T25,25,44,,,0,,1449926525,5.160975835995487,0.9060763134366376,0.802303505390237,38.543798777309476,41.12594577235435,-0.0005930735324568559,0.004569574861804426,,,0.0020900360594705244
44,1567,2312,3622904,64,0,auto,39,44,few_unstable,,3338,0.012881965248651888,1585943040,6.1675498809891,0.9910746498024746,0.9587812550244658,38.544367413069956,41.12205483827675,-2.4437771976693057e-05,0.0006786407842085396,38.544366613208105,41.12203769309932,0.00015512417662736855
44,1567,2312,3622904,64,0,v0.1.0,39,44,,,3338,0.008088675853804673,1585943040,6.1675498809891,0.9910746498024746,0.9587812550244658,38.5443680577799,41.12215591094338,-2.3793062034371815e-05,0.0007797134508322756,38.54436687038907,41.122145912456595,0.00015098385162841743
44,1567,2312,3622904,64,0,fixed_T50,44,44,,,0,,1600225614,6.432697602991539,1.0,1.0,38.54439185084193,41.121376197492545,0.0,0.0,,,0.0
44,1567,2312,3622904,64,0,full,44,44,,True,0,,1600225614,6.432697602991539,1.0,1.0,38.54439185084193,41.121376197492545,0.0,0.0,,,0.0
44,1567,2312,3622904,64,0,sample_faiss,25,44,,,0,,238387721,0.8503033039996808,0.14897131936547042,0.13218456026974523,38.447862864632675,41.01708550218113,-0.09652898620925754,-0.10429069531141266,,,0.11630228126387009
44,1567,2312,3622904,64,0,sample_100k,37,44,,,0,,274565733,1.0227469029996428,0.17157938892984123,0.15899191383161124,38.535882096705436,41.1378499554015,-0.00850975413649735,0.016473757908954667,,,0.04435198945376416
45,1558,2352,3664416,64,0,fixed_T25,25,125,,,0,,1814148884,6.436650407013076,0.5651652226894811,0.4071458122103614,36.851904102360145,39.36164144265211,-0.00731051115296566,-0.008864383221030891,,,0.013891163012059766
45,1558,2352,3664416,64,0,fixed_T50,50,125,,,0,,2493928830,9.921053429021413,0.7769383510965834,0.6275492843203452,36.8579087443504,39.37050765677877,-0.001305869162713691,1.8309056315501948e-06,,,0.004679872590884877
45,1558,2352,3664416,64,0,sklearn_tol,55,125,,,0,,2586596353,10.45833471901642,0.8058072392756518,0.6615346359190752,36.85854409328957,39.37254879171686,-0.0006705202235437469,0.0020429658437208786,,,0.002602324626898256
45,1558,2352,3664416,64,0,auto,65,125,few_unstable,,3514,0.01707455890722823,2700427296,11.442493823022232,0.8412692075942061,0.723786930576571,36.85879641944739,39.374665375641854,-0.00041819406572329854,0.004159549768715465,36.8587949352185,39.374725741365395,0.001898256093194659
45,1558,2352,3664416,64,0,v0.1.0,65,125,,,3514,0.008821855435401251,2700427296,11.442493823022232,0.8412692075942061,0.723786930576571,36.85879676841282,39.37462040904534,-0.00041784510028719524,0.004114583172203368,36.85879661580505,39.374682537670026,0.0018977103036336485
45,1558,2352,3664416,64,0,full,125,125,,True,0,,3209944298,15.809202045009442,1.0,1.0,36.85921461351311,39.37050582587314,0.0,0.0,,,0.0
45,1558,2352,3664416,64,0,sample_faiss,25,125,,,0,,240924033,0.8197588350012666,0.07505551829983811,0.05185327081451548,36.7135622031701,39.19546776542091,-0.14565241034301124,-0.17503806045223058,,,0.1349991376524936
45,1558,2352,3664416,64,0,sample_100k,60,125,,,0,,292454497,1.0964417949980998,0.09110890091837974,0.06935465761500709,36.80895856877878,39.35696444020567,-0.05025604473433276,-0.013541385667465988,,,0.12453307703055548
46,1560,2340,3650400,64,0,fixed_T25,25,109,,,0,,1053049260,3.973711951999576,0.4468723374213587,0.34058524418262237,34.563583916607755,37.47468341487921,-0.04766892792962807,-0.03491913180793915,,,0.040052323033092266
46,1560,2340,3650400,64,0,fixed_T50,50,109,,,0,,1722213983,7.180670512985671,0.7308393038735511,0.6154523653455901,34.59847605868175,37.49990393958865,-0.012776785855635353,-0.009698607098499679,,,0.020094784133245672
46,1560,2340,3650400,64,0,sklearn_tol,64,109,,,0,,1997738839,8.681406008985505,0.8477611242434768,0.7440797977143182,34.60790370268353,37.50298074626213,-0.0033491418538531548,-0.006621800425016033,,,0.009521970195047118
46,1560,2340,3650400,64,0,auto,86,109,stable_drift,,6340,0.0003154574132492114,2217530789,10.282284031978634,0.9410321099169281,0.881290405567599,34.610619894247975,37.506547866004894,-0.0006329502894075745,-0.0030546806822542294,34.610619894247975,37.506547866004894,0.0028059938636861713
46,1560,2340,3650400,64,0,v0.1.0,104,109,,,2994,0.0006680026720106881,2348262704,11.429061171977082,0.9965095492454742,0.9795802104068458,34.61124833929189,37.50971075839082,-4.50524549222564e-06,0.00010821170366881461,34.61124833929189,37.50971075839082,7.369055445978523e-05
46,1560,2340,3650400,64,0,full,109,109,,True,0,,2356487909,11.667305086972192,1.0,1.0,34.61125284453738,37.50960254668715,0.0,0.0,,,0.0
46,1560,2340,3650400,64,0,sample_faiss,25,109,,,0,,238940730,0.8576255469997704,0.10139696838138965,0.0735067387547277,34.53911693495362,37.49052055949911,-0.07213590958376415,-0.019081987188037886,,,0.11601934034626342
46,1560,2340,3650400,64,0,sample_100k,95,109,,,0,,289664939,1.0575100509995536,0.12292231073781419,0.09063875874647162,34.578392771696954,37.46259023177654,-0.032860072840428245,-0.04701231491061009,,,0.09813253342099496
47,1706,2274,3879444,64,0,fixed_T25,25,76,,,0,,1352227078,4.996719594997558,0.7650632177035573,0.5731252516228589,35.03866072079714,38.795558070690966,-0.004028005231965892,-0.013667008918019974,,,0.014862181281647577
47,1706,2274,3879444,64,0,sklearn_tol,30,76,,,0,,1444181466,5.50436807600272,0.8170891836894576,0.6313526862188136,35.04076836193469,38.8020862821857,-0.001920364094416982,-0.007138797423287713,,,0.0071523135789561595
47,1706,2274,3879444,64,0,fixed_T50,50,76,,,0,,1659128876,7.163819204011816,0.9387021581721693,0.8216922334385961,35.04257493614451,38.809026975152776,-0.00011378988459398443,-0.00019810445621004646,,,0.0008075899536119093
47,1706,2274,3879444,64,0,auto,53,76,stable_drift,,5208,0.02476958525345622,1688541365,7.381704633011395,0.955343160146699,0.8466837581672114,35.04263667538379,38.80898714245119,-5.205064531565995e-05,-0.00023793715779873992,35.042636129811136,38.808956223070616,0.0005498210568318553
47,1706,2274,3879444,64,0,v0.1.0,55,76,,,3351,0.003282602208296031,1698922188,7.517136355010734,0.961216423577082,0.862217817718261,35.04264767554711,38.80899046438414,-4.1050481996762755e-05,-0.00023461522484780062,35.042647464692834,38.80902944723546,0.00047532584566241967
47,1706,2274,3879444,64,0,full,76,76,,True,0,,1767471036,8.718372782997903,1.0,1.0,35.042688726029105,38.809225079608986,0.0,0.0,,,0.0
47,1706,2274,3879444,64,0,sample_faiss,24,76,,,0,,252849367,0.887691072999587,0.14305714880184323,0.10181843505599049,34.92975442422585,38.70952043048095,-0.11293430180325714,-0.09970464912803578,,,0.10625130817715116
47,1706,2274,3879444,64,0,sample_100k,96,76,,,0,,308001782,1.2025321449982584,0.17426128956378553,0.1379308014155315,35.04127827929473,38.801980466467505,-0.0014104467343756255,-0.007244613141480727,,,0.04331342326374604
48,3281,2187,7175547,64,0,fixed_T25,25,99,,,0,,3856999132,14.37250433999725,0.6032296784431677,0.46967236898211984,35.32561143605876,39.721421208437924,-0.04141990223672565,0.12456145651724171,,,0.14066063534947232
48,3281,2187,7175547,64,0,fixed_T50,50,99,,,0,,5367842801,22.180476982000982,0.8395236752624455,0.7248254669368063,35.35755067447669,39.62755784878755,-0.009480663818791868,0.030698096866871083,,,0.061229339031574875
48,3281,2187,7175547,64,0,sklearn_tol,56,99,,,0,,5584294694,23.51168228500319,0.8733764715282044,0.7683273044365281,35.359969751135985,39.62660633678701,-0.007061587159498117,0.02974658486633075,,,0.04911904277123402
48,3281,2187,7175547,64,0,auto,91,99,stable_drift,,30353,0.011893387803512009,6375489779,29.881989374000113,0.9971183600732716,0.9764996000124951,35.3670281259815,39.59672865602066,-3.2123139845907644e-06,-0.00013109590002358118,35.36702690548961,39.596778673139,0.00014493668566312783
48,3281,2187,7175547,64,0,v0.1.0,99,99,,,0,,6393914739,30.601128125006653,1.0,1.0,35.36703133829548,39.59685975192068,0.0,0.0,,,0.0
48,3281,2187,7175547,64,0,full,99,99,,True,0,,6393914739,30.601128125006653,1.0,1.0,35.36703133829548,39.59685975192068,0.0,0.0,,,0.0
48,3281,2187,7175547,64,0,sample_faiss,25,99,,,0,,466839421,1.6211385860005976,0.07301308197816431,0.05297643209028736,35.22482929716697,39.77422019418745,-0.1422020411285132,0.1773604422667674,,,0.22048005538811188
48,3281,2187,7175547,64,0,sample_100k,106,99,,,0,,557578569,2.271779009999591,0.08720456743018824,0.07423840718287561,35.326424085409435,39.79439613936353,-0.04060725288604772,0.1975363874428453,,,0.16698671195380646
49,1560,2340,3650400,64,0,fixed_T25,25,102,,,0,,1721020216,6.552229932975024,0.6102393001726006,0.47018076532455616,34.61232465330796,39.6224360467753,-0.014689364799878035,-0.04586223187690308,,,0.04673405654174885
49,1560,2340,3650400,64,0,fixed_T50,50,102,,,0,,2325587379,9.825941929979308,0.8246067079616411,0.7050987135572991,34.62437546073862,39.64810666572612,-0.0026385573692166986,-0.020191612926083735,,,0.012499726057418364
49,1560,2340,3650400,64,0,sklearn_tol,54,102,,,0,,2396522049,10.259100736981054,0.849758721271155,0.7361817099518838,34.625437389216636,39.6548788390046,-0.0015766288912004711,-0.013419439647599063,,,0.007141683103221564
49,1560,2340,3650400,64,0,auto,72,102,stable_drift,,8484,0.007072135785007072,2642613948,11.96834216397474,0.9370179799525803,0.858834982271256,34.62681162000739,39.66111421037274,-0.00020239810044841988,-0.007184068279464384,34.626810072485505,39.66109736560337,0.0011746657900504054
49,1560,2340,3650400,64,0,v0.1.0,78,102,,,3574,0.0036373810856183547,2697560299,12.430915871973411,0.9565008555571501,0.8920287593930367,34.6269097246033,39.66454933883351,-0.00010429350453478037,-0.0037489398186920653,34.62690958211868,39.66452935418137,0.0006834867411790489
49,1560,2340,3650400,64,0,full,102,102,,True,0,,2820238250,13.935555037969607,1.0,1.0,34.627014018107836,39.6682982786522,0.0,0.0,,,0.0
49,1560,2340,3650400,64,0,sample_faiss,25,102,,,0,,240979711,0.8772198790029506,0.08544657920301592,0.0629483272544816,34.46892377644903,39.40760016682047,-0.1580902416588046,-0.2606981118317293,,,0.19113028709182556
49,1560,2340,3650400,64,0,sample_100k,45,102,,,0,,293804377,1.1200511870010814,0.10417714779948113,0.08037363305224128,34.601708440582925,39.565335652687885,-0.025305577524910916,-0.1029626259643166,,,0.0791425597194828
50,1225,2280,2793000,64,0,fixed_T25,25,73,,,0,,987522964,3.627889936004067,0.7414847563721145,0.563321778008534,31.95222541218225,34.33688366737221,-0.006358762003046081,-0.025425625750955305,,,0.019470461868958108
50,1225,2280,2793000,64,0,sklearn_tol,40,73,,,0,,1218352721,4.936969223002961,0.9148040131105122,0.7665894858262098,31.957989200170243,34.36112199935686,-0.0005949740150548166,-0.001187293766307107,,,0.0034958825635517366
50,1225,2280,2793000,64,0,fixed_T50,50,73,,,0,,1283715837,5.4902863380011695,0.9638821165165027,0.8525059790279467,31.958568332499908,34.363178937266376,-1.5841685389261784e-05,0.0008696441432078927,,,0.00025456498388829217
50,1225,2280,2793000,64,0,auto,53,73,stable_drift,,4915,0.011597151576805697,1292553814,5.615050789001543,0.9705181396385608,0.8718788193316968,31.958573680445742,34.362908468297555,-1.0493739555528236e-05,0.000599175174386346,31.95857322392166,34.36291958937378,0.00015252416756176155
50,1225,2280,2793000,64,0,v0.1.0,56,73,,,2330,0.010300429184549357,1302048096,5.764713620999828,0.9776469514559417,0.8951177637622788,31.95857895112831,34.362797475555745,-5.2230569878020106e-06,0.0004881824325764228,31.95857880258078,34.362821572550295,9.094163981382026e-05
50,1225,2280,2793000,64,0,full,73,73,,True,0,,1331818295,6.440173409999261,1.0,1.0,31.958584174185297,34.36230929312317,0.0,0.0,,,0.0
50,1225,2280,2793000,64,0,sample_faiss,25,73,,,0,,184644914,0.6354143600001407,0.13864122057281095,0.09866416935506302,31.85592748272264,34.30151897809279,-0.10265669146265566,-0.06079031503038124,,,0.1607482993197279
50,1225,2280,2793000,64,0,sample_100k,58,73,,,0,,222892423,0.9944459639991692,0.16735948427559333,0.15441291727566747,31.946920902694416,34.35479310766135,-0.011663271490881755,-0.007516185461817315,,,0.04901324740422485
