image,height,width,n,k,seed,T,n_dist,seconds,psnr,changed,T_full,psnr_full
1,1707,2273,3880011,16,0,1,68212175,0.1072895469987997,31.182555686718118,97513,138,31.424098501128626
1,1707,2273,3880011,16,0,2,72810446,0.2015325119973567,31.23281044280981,48824,138,31.424098501128626
1,1707,2273,3880011,16,0,3,76417240,0.2724619769978744,31.255099556231443,30074,138,31.424098501128626
1,1707,2273,3880011,16,0,5,81545735,0.3999853069944947,31.27727761267905,19109,138,31.424098501128626
1,1707,2273,3880011,16,0,7,85606513,0.5363646949917893,31.28951211136471,13761,138,31.424098501128626
1,1707,2273,3880011,16,0,10,90994390,0.7150291579964687,31.3001703630628,13771,138,31.424098501128626
1,1707,2273,3880011,16,0,15,98462249,1.0298455709998962,31.31018825875356,10094,138,31.424098501128626
1,1707,2273,3880011,16,0,20,104768056,1.3465560229997209,31.31452787736666,7341,138,31.424098501128626
1,1707,2273,3880011,16,0,25,110706842,1.6335132150015852,31.317802418153747,2835,138,31.424098501128626
1,1707,2273,3880011,16,0,30,117293107,1.921212054003263,31.32077738572096,4349,138,31.424098501128626
1,1707,2273,3880011,16,0,40,138487535,2.6501863720041,31.339332433372174,8455,138,31.424098501128626
1,1707,2273,3880011,16,0,50,161809282,3.425715029999992,31.36892742885397,7768,138,31.424098501128626
1,1707,2273,3880011,16,0,70,199204577,4.707205427999725,31.408591633914654,7595,138,31.424098501128626
1,1707,2273,3880011,16,0,100,229041874,6.4831094720138935,31.42382200249713,1411,138,31.424098501128626
1,1707,2273,3880011,256,0,1,1403066157,1.1497605920012577,41.66637865621547,232306,120,41.95494178833527
1,1707,2273,3880011,256,0,2,1750270924,2.167794230001164,41.74831441072448,93134,120,41.95494178833527
1,1707,2273,3880011,256,0,3,2066367653,3.0649686270007805,41.79315261560042,74211,120,41.95494178833527
1,1707,2273,3880011,256,0,5,2678786438,5.004092300001503,41.83837611263148,38515,120,41.95494178833527
1,1707,2273,3880011,256,0,7,3294392901,6.790136536001228,41.86205607054929,24792,120,41.95494178833527
1,1707,2273,3880011,256,0,10,4158507121,9.35075996100204,41.88513346156127,16242,120,41.95494178833527
1,1707,2273,3880011,256,0,15,5374401925,12.967514964999282,41.90833001227993,10435,120,41.95494178833527
1,1707,2273,3880011,256,0,20,6729260883,17.108742964996054,41.92056394844819,6941,120,41.95494178833527
1,1707,2273,3880011,256,0,25,7845338913,20.58992090398897,41.929152373027705,4873,120,41.95494178833527
1,1707,2273,3880011,256,0,30,8897441287,23.90374490399336,41.93548542170377,4134,120,41.95494178833527
1,1707,2273,3880011,256,0,40,10704858322,29.520054439995874,41.94411110799236,2831,120,41.95494178833527
1,1707,2273,3880011,256,0,50,12185011546,34.641621509996185,41.94977791109433,2185,120,41.95494178833527
1,1707,2273,3880011,256,0,70,14355586207,41.86072784000498,41.95260857079374,722,120,41.95494178833527
1,1707,2273,3880011,256,0,100,16514508983,49.17457843199736,41.95479771717344,138,120,41.95494178833527
9,3280,2187,7173360,16,0,1,150249298,0.2979783199989469,29.44492289224005,534396,110,29.797272411096607
9,3280,2187,7173360,16,0,2,179132396,0.55552031699699,29.58248949422195,259362,110,29.797272411096607
9,3280,2187,7173360,16,0,3,203150006,0.819971839999198,29.646815361446524,165259,110,29.797272411096607
9,3280,2187,7173360,16,0,5,238203934,1.2318667789986648,29.69715396039584,102427,110,29.797272411096607
9,3280,2187,7173360,16,0,7,264954399,1.5911508579993097,29.716912861253665,64155,110,29.797272411096607
9,3280,2187,7173360,16,0,10,296686563,2.052420304997213,29.7306076637666,50270,110,29.797272411096607
9,3280,2187,7173360,16,0,15,334056359,2.883667374997458,29.745263981006907,38643,110,29.797272411096607
9,3280,2187,7173360,16,0,20,367553176,3.6611179919964334,29.75573068001701,34663,110,29.797272411096607
9,3280,2187,7173360,16,0,25,401773157,4.404554567994637,29.76397945642408,28200,110,29.797272411096607
9,3280,2187,7173360,16,0,30,435159585,5.084536455993657,29.77131177802851,25084,110,29.797272411096607
9,3280,2187,7173360,16,0,40,500807371,6.364612351990218,29.783538301245063,34628,110,29.797272411096607
9,3280,2187,7173360,16,0,50,555105070,7.692751896993286,29.79205659315635,14360,110,29.797272411096607
9,3280,2187,7173360,16,0,70,617276983,10.09109245700165,29.79580324489551,8305,110,29.797272411096607
9,3280,2187,7173360,16,0,100,661864747,13.354228373991646,29.79718913137164,1002,110,29.797272411096607
9,3280,2187,7173360,256,0,1,2810324103,2.8611135219980497,40.60636248832881,600919,67,40.833590719315325
9,3280,2187,7173360,256,0,2,3562674844,5.397568186999706,40.67037348938257,313458,67,40.833590719315325
9,3280,2187,7173360,256,0,3,4204638328,7.329295270999864,40.70427408299373,198158,67,40.833590719315325
9,3280,2187,7173360,256,0,5,5282995082,10.700435490998643,40.74470166822597,118415,67,40.833590719315325
9,3280,2187,7173360,256,0,7,6317073511,13.826674452000589,40.76672938237826,80693,67,40.833590719315325
9,3280,2187,7173360,256,0,10,7714175343,18.261833104999823,40.78868128814492,62884,67,40.833590719315325
9,3280,2187,7173360,256,0,15,10202710889,25.89884459800305,40.81048224507608,25263,67,40.833590719315325
9,3280,2187,7173360,256,0,20,11846651439,31.394189734004613,40.81761239286579,17341,67,40.833590719315325
9,3280,2187,7173360,256,0,25,13210901113,35.94530631600355,40.82348887908732,16077,67,40.833590719315325
9,3280,2187,7173360,256,0,30,14382814677,39.83042825100347,40.82613647108069,5787,67,40.833590719315325
9,3280,2187,7173360,256,0,40,16783187807,47.72293973300111,40.83069762142987,2984,67,40.833590719315325
9,3280,2187,7173360,256,0,50,18696726166,54.09932443999787,40.83261449442975,2408,67,40.833590719315325
17,4988,3741,18660108,16,0,1,387616559,0.625689083000907,27.15129729281914,1137348,139,27.597840626324597
17,4988,3741,18660108,16,0,2,446437933,1.147888809999131,27.23704096629328,612364,139,27.597840626324597
17,4988,3741,18660108,16,0,3,506996727,1.800768930999766,27.28719895802246,448480,139,27.597840626324597
17,4988,3741,18660108,16,0,5,588291051,3.124584261000564,27.34811577626933,335401,139,27.597840626324597
17,4988,3741,18660108,16,0,7,656938000,4.095870763001585,27.38552748173321,299834,139,27.597840626324597
17,4988,3741,18660108,16,0,10,742134471,5.528483942995081,27.437123570745857,308298,139,27.597840626324597
17,4988,3741,18660108,16,0,15,889304167,7.7303489219957555,27.523154463966957,177972,139,27.597840626324597
17,4988,3741,18660108,16,0,20,983250724,9.773420408000677,27.54337295634828,88795,139,27.597840626324597
17,4988,3741,18660108,16,0,25,1054958878,11.541442986002949,27.55141002645493,71296,139,27.597840626324597
17,4988,3741,18660108,16,0,30,1126645330,13.316250627005502,27.55821201577119,56432,139,27.597840626324597
17,4988,3741,18660108,16,0,40,1287422636,16.669927775004908,27.57116106591438,61853,139,27.597840626324597
17,4988,3741,18660108,16,0,50,1430632171,20.108732014010457,27.581256230714843,61731,139,27.597840626324597
17,4988,3741,18660108,16,0,70,1656155173,26.574248143013392,27.59464378801729,34213,139,27.597840626324597
17,4988,3741,18660108,16,0,100,1809112987,34.75957850701525,27.597764301558367,3630,139,27.597840626324597
17,4988,3741,18660108,256,0,1,7083869327,6.991758233001747,37.9605058036966,1318991,292,38.28227316646446
17,4988,3741,18660108,256,0,2,9252076557,13.607892021002044,38.04119589602361,732901,292,38.28227316646446
17,4988,3741,18660108,256,0,3,11384158314,20.19678221400318,38.08623731607926,521644,292,38.28227316646446
17,4988,3741,18660108,256,0,5,15137654218,31.76270361900606,38.14051900347748,363874,292,38.28227316646446
17,4988,3741,18660108,256,0,7,18320528039,42.01525119600774,38.17370367640362,248324,292,38.28227316646446
17,4988,3741,18660108,256,0,10,22361221808,54.73848268801157,38.20331891011946,176010,292,38.28227316646446
17,4988,3741,18660108,256,0,15,27789160111,72.66299692501343,38.22966469438796,94193,292,38.28227316646446
17,4988,3741,18660108,256,0,20,32780847601,88.88364004301548,38.24440749678418,74293,292,38.28227316646446
17,4988,3741,18660108,256,0,25,38982664969,108.46386923901446,38.25991015005767,64240,292,38.28227316646446
17,4988,3741,18660108,256,0,30,42753668625,121.2874864100122,38.26569823740529,32916,292,38.28227316646446
17,4988,3741,18660108,256,0,40,49709674784,145.41777698101578,38.27253341343698,18340,292,38.28227316646446
17,4988,3741,18660108,256,0,50,60238967365,177.39879292501791,38.27687127675965,10093,292,38.28227316646446
17,4988,3741,18660108,256,0,70,74442424050,224.0745605670272,38.27890498193487,1904,292,38.28227316646446
17,4988,3741,18660108,256,0,100,87210385695,267.5119131700303,38.27975978165287,893,292,38.28227316646446
17,4988,3741,18660108,256,0,150,96584153433,305.65025958103433,38.28013872045461,1319,292,38.28227316646446
17,4988,3741,18660108,256,0,200,109341693174,355.5554292250308,38.2816481137312,813,292,38.28227316646446
25,2580,3870,9984600,16,0,1,211253132,0.3584055330029514,27.98044592307687,800569,97,28.132133712320503
25,2580,3870,9984600,16,0,2,251838865,0.700404946001072,28.070189311165908,345034,97,28.132133712320503
25,2580,3870,9984600,16,0,3,290773185,1.032907529002841,28.093611306626908,161839,97,28.132133712320503
25,2580,3870,9984600,16,0,5,324885822,1.498426013000426,28.102397476038757,55607,97,28.132133712320503
25,2580,3870,9984600,16,0,7,348299261,1.9152473459980683,28.10462056636821,34663,97,28.132133712320503
25,2580,3870,9984600,16,0,10,368400173,2.553329954997025,28.1069293751518,37658,97,28.132133712320503
25,2580,3870,9984600,16,0,15,400974360,3.619974223998725,28.10951802537194,18657,97,28.132133712320503
25,2580,3870,9984600,16,0,20,422682808,4.459053055998083,28.11019412460648,8982,97,28.132133712320503
25,2580,3870,9984600,16,0,25,436049851,5.271482181997271,28.11038866801484,11220,97,28.132133712320503
25,2580,3870,9984600,16,0,30,462489294,6.130584127997281,28.11138846296094,11627,97,28.132133712320503
25,2580,3870,9984600,16,0,40,510761301,7.87311583200426,28.113640819245006,20802,97,28.132133712320503
25,2580,3870,9984600,16,0,50,570851275,9.691188328000862,28.118813077140334,40792,97,28.132133712320503
25,2580,3870,9984600,16,0,70,705589761,13.132664151999052,28.13109754809235,23734,97,28.132133712320503
25,2580,3870,9984600,256,0,1,3824496362,3.6249703129979034,38.53655092198726,827332,149,38.7773225315334
25,2580,3870,9984600,256,0,2,4978244354,7.01017106099971,38.61006928152318,406876,149,38.7773225315334
25,2580,3870,9984600,256,0,3,5980385169,10.50227241399989,38.64702903768758,267061,149,38.7773225315334
25,2580,3870,9984600,256,0,5,7975143886,16.3622856410002,38.68327847351017,155522,149,38.7773225315334
25,2580,3870,9984600,256,0,7,9820998201,21.78070967500389,38.70638253086448,121321,149,38.7773225315334
25,2580,3870,9984600,256,0,10,12374748173,29.094946564004204,38.72682264492537,63617,149,38.7773225315334
25,2580,3870,9984600,256,0,15,16488071593,41.15605028900245,38.74670220939001,34814,149,38.7773225315334
25,2580,3870,9984600,256,0,20,19576972022,50.17728335700667,38.76050720517171,29854,149,38.7773225315334
25,2580,3870,9984600,256,0,25,21817897013,57.26980415000071,38.765568553352,13440,149,38.7773225315334
25,2580,3870,9984600,256,0,30,24309941071,64.97917664699708,38.76805879794494,8641,149,38.7773225315334
25,2580,3870,9984600,256,0,40,27676670121,75.64830452499154,38.77069189858663,6597,149,38.7773225315334
25,2580,3870,9984600,256,0,50,30334260321,84.32781509998313,38.77296082496464,1964,149,38.7773225315334
25,2580,3870,9984600,256,0,70,36616248058,104.79237390898923,38.77506150701812,1335,149,38.7773225315334
25,2580,3870,9984600,256,0,100,44814356381,132.51692975299738,38.77710908513689,155,149,38.7773225315334
33,1560,2340,3650400,16,0,1,72404558,0.1505771270021796,29.47767049475598,175314,97,29.84961204944051
33,1560,2340,3650400,16,0,2,80060280,0.2884685320022981,29.53415466888544,88307,97,29.84961204944051
33,1560,2340,3650400,16,0,3,86177921,0.3723141630034661,29.571542375113587,64103,97,29.84961204944051
33,1560,2340,3650400,16,0,5,98521257,0.5389490320048935,29.627929013287076,85479,97,29.84961204944051
33,1560,2340,3650400,16,0,7,108328467,0.6904995650074852,29.66892671684809,48534,97,29.84961204944051
33,1560,2340,3650400,16,0,10,126460667,0.9307067430090684,29.74196151455383,38858,97,29.84961204944051
33,1560,2340,3650400,16,0,15,151587362,1.3544914180092746,29.8248801364285,33913,97,29.84961204944051
33,1560,2340,3650400,16,0,20,164989620,1.687522089006961,29.839112507667505,6276,97,29.84961204944051
33,1560,2340,3650400,16,0,25,173721592,2.028899859007652,29.844929571434516,4997,97,29.84961204944051
33,1560,2340,3650400,16,0,30,181704988,2.313026031002664,29.84718678441854,3392,97,29.84961204944051
33,1560,2340,3650400,16,0,40,194598062,2.8432993659953354,29.848705812496235,1828,97,29.84961204944051
33,1560,2340,3650400,16,0,50,205134571,3.3790580019995105,29.84941578904492,577,97,29.84961204944051
33,1560,2340,3650400,16,0,70,212037095,4.283313795007416,29.849560432514043,139,97,29.84961204944051
33,1560,2340,3650400,256,0,1,1438046941,1.5405155990010826,39.46784486039978,293855,182,39.731815179118655
33,1560,2340,3650400,256,0,2,1893809699,3.0935160980043293,39.53614322786176,121174,182,39.731815179118655
33,1560,2340,3650400,256,0,3,2329594806,4.341127951003728,39.57617191093699,81874,182,39.731815179118655
33,1560,2340,3650400,256,0,5,3141375370,6.725332106005226,39.61931903510661,35275,182,39.731815179118655
33,1560,2340,3650400,256,0,7,3907007802,8.995109622006566,39.64514633193216,24576,182,39.731815179118655
33,1560,2340,3650400,256,0,10,4919842815,12.00039083500451,39.66863775967615,13117,182,39.731815179118655
33,1560,2340,3650400,256,0,15,6467432755,16.747042461000092,39.68856068684658,8343,182,39.731815179118655
33,1560,2340,3650400,256,0,20,7929436838,21.5380542180028,39.70409559448875,8960,182,39.731815179118655
33,1560,2340,3650400,256,0,25,9236618860,25.69487022200337,39.7119634821128,5337,182,39.731815179118655
33,1560,2340,3650400,256,0,30,10339806543,29.12559500300995,39.71634776390267,3811,182,39.731815179118655
33,1560,2340,3650400,256,0,40,12487810141,35.6206136080109,39.72120631908376,1520,182,39.731815179118655
33,1560,2340,3650400,256,0,50,14901528722,43.345466422015306,39.72434819372829,1105,182,39.731815179118655
33,1560,2340,3650400,256,0,70,17464054663,51.45369458602363,39.72722955940613,1141,182,39.731815179118655
33,1560,2340,3650400,256,0,100,21080192950,63.01367834002304,39.73140655569429,310,182,39.731815179118655
33,1560,2340,3650400,256,0,150,22954082930,70.92443872004151,39.73167069089673,43,182,39.731815179118655
41,1707,2273,3880011,16,0,1,82227779,0.1622122580010909,26.45487825369813,335674,90,26.93324679969432
41,1707,2273,3880011,16,0,2,99937096,0.301698048999242,26.57000713941376,214553,90,26.93324679969432
41,1707,2273,3880011,16,0,3,115708091,0.4339987390012538,26.63550065968852,153782,90,26.93324679969432
41,1707,2273,3880011,16,0,5,140951487,0.6742393280001124,26.706029002866,107587,90,26.93324679969432
41,1707,2273,3880011,16,0,7,160784330,0.9384690829974716,26.7487325984986,76218,90,26.93324679969432
41,1707,2273,3880011,16,0,10,191093251,1.3138439310023386,26.795143216969493,56294,90,26.93324679969432
41,1707,2273,3880011,16,0,15,239299102,1.872622629009129,26.876316638240606,56241,90,26.93324679969432
41,1707,2273,3880011,16,0,20,272672785,2.3197134010079026,26.907790404138648,30281,90,26.93324679969432
41,1707,2273,3880011,16,0,25,296143687,2.758918554009142,26.91789311237441,24160,90,26.93324679969432
41,1707,2273,3880011,16,0,30,319386814,3.125029811009881,26.92558294048952,11973,90,26.93324679969432
41,1707,2273,3880011,16,0,40,353122127,3.8620201260055183,26.931632991301317,6082,90,26.93324679969432
41,1707,2273,3880011,16,0,50,367008324,4.432614659010142,26.932376795683616,2056,90,26.93324679969432
41,1707,2273,3880011,16,0,70,386868172,5.493261698014976,26.933205386818543,1479,90,26.93324679969432
41,1707,2273,3880011,256,0,1,1549012347,1.7323817639990011,35.90563924907858,336935,330,36.19742872419994
41,1707,2273,3880011,256,0,2,1943127593,3.014506523999444,35.97088397777197,171652,330,36.19742872419994
41,1707,2273,3880011,256,0,3,2298011660,4.160306916000991,36.0077233586733,119097,330,36.19742872419994
41,1707,2273,3880011,256,0,5,2903444636,5.949563285001204,36.05000389404205,80601,330,36.19742872419994
41,1707,2273,3880011,256,0,7,3504963306,7.785414390000369,36.07387375109151,59683,330,36.19742872419994
41,1707,2273,3880011,256,0,10,4423907069,10.683545444000629,36.097320480411454,40074,330,36.19742872419994
41,1707,2273,3880011,256,0,15,5651932902,14.398915609006508,36.117849216987096,26820,330,36.19742872419994
41,1707,2273,3880011,256,0,20,6670179803,17.71296463800536,36.131013187217874,22662,330,36.19742872419994
41,1707,2273,3880011,256,0,25,7757914987,21.03887201601537,36.14121937440613,18166,330,36.19742872419994
41,1707,2273,3880011,256,0,30,8674094185,23.981058423014478,36.14868985913965,14498,330,36.19742872419994
41,1707,2273,3880011,256,0,40,10191706443,28.807981995014416,36.15875387195003,12360,330,36.19742872419994
41,1707,2273,3880011,256,0,50,12179732815,35.61454937501912,36.16824232832775,9878,330,36.19742872419994
41,1707,2273,3880011,256,0,70,14482984472,43.7587504740186,36.18113142736978,7435,330,36.19742872419994
41,1707,2273,3880011,256,0,100,17851426409,55.07623405901177,36.19111801865933,3484,330,36.19742872419994
41,1707,2273,3880011,256,0,150,21552459837,68.30573317999006,36.19481241871034,1551,330,36.19742872419994
41,1707,2273,3880011,256,0,200,24007389116,77.99749419099317,36.19575595832237,481,330,36.19742872419994
41,1707,2273,3880011,256,0,300,29250522615,98.4872952400001,36.19739223097562,198,330,36.19742872419994
49,1560,2340,3650400,16,0,1,78802385,0.1878650309990917,28.885588458917965,229769,138,29.09343113926683
49,1560,2340,3650400,16,0,2,90107479,0.303926609998598,28.93646744984716,91188,138,29.09343113926683
49,1560,2340,3650400,16,0,3,105452431,0.4257953149972309,28.97110958392567,57566,138,29.09343113926683
49,1560,2340,3650400,16,0,5,129171881,0.6442615899977682,29.02068693703356,48186,138,29.09343113926683
49,1560,2340,3650400,16,0,7,146252193,0.8393537779993494,29.04595092082429,40880,138,29.09343113926683
49,1560,2340,3650400,16,0,10,169093104,1.131959143000131,29.062243383685782,29838,138,29.09343113926683
49,1560,2340,3650400,16,0,15,195997623,1.545564791002107,29.073080847149463,27277,138,29.09343113926683
49,1560,2340,3650400,16,0,20,215926801,1.9428816420004296,29.07924931074108,19141,138,29.09343113926683
49,1560,2340,3650400,16,0,25,227830443,2.255507881003723,29.082277632858613,10245,138,29.09343113926683
49,1560,2340,3650400,16,0,30,238845415,2.569712719003292,29.084283628644563,7231,138,29.09343113926683
49,1560,2340,3650400,16,0,40,258539826,3.1988080169976456,29.08748164412518,11207,138,29.09343113926683
49,1560,2340,3650400,16,0,50,275904155,3.84437919699485,29.089759547029907,8586,138,29.09343113926683
49,1560,2340,3650400,16,0,70,301557746,5.013350057994103,29.091726857902287,1415,138,29.09343113926683
49,1560,2340,3650400,16,0,100,329512420,6.830786842994712,29.093394574635354,435,138,29.09343113926683
49,1560,2340,3650400,256,0,1,1441694488,1.4810136129999592,39.191748758536846,318730,152,39.47199550657056
49,1560,2340,3650400,256,0,2,1906738903,2.994802768000227,39.25762209015953,148094,152,39.47199550657056
49,1560,2340,3650400,256,0,3,2345497076,4.402468680997117,39.29684925242614,103006,152,39.47199550657056
49,1560,2340,3650400,256,0,5,3166227757,7.226646553994215,39.34399912910899,67177,152,39.47199550657056
49,1560,2340,3650400,256,0,7,3944404746,9.562710689991944,39.37371416855352,52545,152,39.47199550657056
49,1560,2340,3650400,256,0,10,5024300500,12.844387273991742,39.39918952083252,30269,152,39.47199550657056
49,1560,2340,3650400,256,0,15,6330435923,16.7067227709922,39.417707507472045,16207,152,39.47199550657056
49,1560,2340,3650400,256,0,20,7630540590,20.983037857989984,39.43064856118609,9339,152,39.47199550657056
49,1560,2340,3650400,256,0,25,8957668890,25.02617541899599,39.442312773764726,10323,152,39.47199550657056
49,1560,2340,3650400,256,0,30,10103837495,28.464472443996783,39.45082715680522,6199,152,39.47199550657056
49,1560,2340,3650400,256,0,40,12089659552,34.73061467099615,39.46037999162342,4787,152,39.47199550657056
49,1560,2340,3650400,256,0,50,13846830151,40.0760327519929,39.46509669604389,2013,152,39.47199550657056
49,1560,2340,3650400,256,0,70,17234511326,50.61097473699556,39.46942513500811,1153,152,39.47199550657056
49,1560,2340,3650400,256,0,100,20367188025,61.609174534991325,39.47184894466626,258,152,39.47199550657056
49,1560,2340,3650400,256,0,150,22347927092,69.61992224799542,39.47199545845982,4,152,39.47199550657056
57,2982,2235,6664770,16,0,1,154912607,0.3055480100010754,23.7996605517324,624751,61,24.358183540906623
57,2982,2235,6664770,16,0,2,198365944,0.6114995520001685,23.96800496641447,430018,61,24.358183540906623
57,2982,2235,6664770,16,0,3,232953410,0.9600361379998504,24.078330789026147,330096,61,24.358183540906623
57,2982,2235,6664770,16,0,5,293103526,1.446863958000904,24.216397448384672,185610,61,24.358183540906623
57,2982,2235,6664770,16,0,7,342463075,1.9209487010048176,24.2835765256474,105551,61,24.358183540906623
57,2982,2235,6664770,16,0,10,392896395,2.454462263005553,24.318024667855845,56654,61,24.358183540906623
57,2982,2235,6664770,16,0,15,461466992,3.2437911720007837,24.342194494375477,32085,61,24.358183540906623
57,2982,2235,6664770,16,0,20,514687190,3.9820074179988296,24.352253491221266,17783,61,24.358183540906623
57,2982,2235,6664770,16,0,25,553231350,4.60977368800377,24.35621394787092,10023,61,24.358183540906623
57,2982,2235,6664770,16,0,30,581231961,5.233638597997924,24.35760031756369,6033,61,24.358183540906623
57,2982,2235,6664770,16,0,40,611047620,6.312250659997517,24.358135431246872,1334,61,24.358183540906623
57,2982,2235,6664770,16,0,50,621936571,7.2740552999930514,24.35817897820554,422,61,24.358183540906623
57,2982,2235,6664770,256,0,1,2659041715,2.718512524999824,33.16689743741845,561784,157,33.47570724151428
57,2982,2235,6664770,256,0,2,3539590146,5.20981629799644,33.24760203848649,330393,157,33.47570724151428
57,2982,2235,6664770,256,0,3,4369460742,7.649063034994469,33.29571614181034,246734,157,33.47570724151428
57,2982,2235,6664770,256,0,5,5740508746,11.676466943990818,33.35445820464957,174329,157,33.47570724151428
57,2982,2235,6664770,256,0,7,6841300793,15.0978065319905,33.38735109556402,132868,157,33.47570724151428
57,2982,2235,6664770,256,0,10,8308790530,19.528989468988584,33.41088722465239,78131,157,33.47570724151428
57,2982,2235,6664770,256,0,15,10437318464,26.311181006993134,33.42868756132488,46361,157,33.47570724151428
57,2982,2235,6664770,256,0,20,12748055526,33.356725133995496,33.44111457650388,33774,157,33.47570724151428
57,2982,2235,6664770,256,0,25,15044849250,40.314567938992695,33.449676572854244,26636,157,33.47570724151428
57,2982,2235,6664770,256,0,30,17561930029,47.86248333899493,33.456785405119824,22735,157,33.47570724151428
57,2982,2235,6664770,256,0,40,21267433027,59.26474590499856,33.464442989837465,16972,157,33.47570724151428
57,2982,2235,6664770,256,0,50,23867966177,67.8051591600015,33.467819271084245,11686,157,33.47570724151428
57,2982,2235,6664770,256,0,70,30982433858,90.16431856499548,33.472417461650075,5263,157,33.47570724151428
57,2982,2235,6664770,256,0,100,37911286717,113.19950349098508,33.47553835993354,1742,157,33.47570724151428
57,2982,2235,6664770,256,0,150,40640291910,125.73542758300027,33.47570686134412,34,157,33.47570724151428
65,1560,2340,3650400,16,0,1,83428243,0.1823929720012529,32.72273669263378,292142,111,33.24465291844738
65,1560,2340,3650400,16,0,2,104435887,0.314840394003113,32.88319774798391,149158,111,33.24465291844738
65,1560,2340,3650400,16,0,3,123620619,0.4787152580065594,32.97922619402941,149162,111,33.24465291844738
65,1560,2340,3650400,16,0,5,152301881,0.7270968140073819,33.06826460350902,60219,111,33.24465291844738
65,1560,2340,3650400,16,0,7,176178876,0.915869536009268,33.10203488436227,20791,111,33.24465291844738
65,1560,2340,3650400,16,0,10,206492432,1.1732358560111606,33.13027580957068,14985,111,33.24465291844738
65,1560,2340,3650400,16,0,15,243417509,1.5725957570102764,33.15368753358627,24655,111,33.24465291844738
65,1560,2340,3650400,16,0,20,268029771,1.9547786340117452,33.16320254491545,5599,111,33.24465291844738
65,1560,2340,3650400,16,0,25,288837245,2.2771499440095795,33.16796874018558,3438,111,33.24465291844738
65,1560,2340,3650400,16,0,30,306066223,2.611147031006112,33.170779034630975,3405,111,33.24465291844738
65,1560,2340,3650400,16,0,40,345747699,3.2254170530031843,33.176609441525265,3098,111,33.24465291844738
65,1560,2340,3650400,16,0,50,411449113,4.005753368011938,33.194909992556234,6532,111,33.24465291844738
65,1560,2340,3650400,16,0,70,552503884,5.583691977004492,33.2411493170364,2635,111,33.24465291844738
65,1560,2340,3650400,16,0,100,606959310,7.234079880006902,33.24464786370303,147,111,33.24465291844738
65,1560,2340,3650400,256,0,1,1444871666,1.4365895650007587,42.75312760168266,273955,108,43.02237096523591
65,1560,2340,3650400,256,0,2,1899108108,2.7921854279993568,42.82381503701202,122679,108,43.02237096523591
65,1560,2340,3650400,256,0,3,2303676720,3.952483417997428,42.86927966009131,93022,108,43.02237096523591
65,1560,2340,3650400,256,0,5,3078743828,6.441240993997781,42.91649162196574,34325,108,43.02237096523591
65,1560,2340,3650400,256,0,7,3855502501,8.620927458996448,42.94014704699744,18827,108,43.02237096523591
65,1560,2340,3650400,256,0,10,4861177283,11.73532924299434,42.961704730717074,13143,108,43.02237096523591
65,1560,2340,3650400,256,0,15,6155296351,15.968268808996072,42.980967157731975,8596,108,43.02237096523591
65,1560,2340,3650400,256,0,20,7201920537,19.309825549993548,42.99263752590684,5275,108,43.02237096523591
65,1560,2340,3650400,256,0,25,8032101875,22.04142852999576,42.99904680794577,3674,108,43.02237096523591
65,1560,2340,3650400,256,0,30,8927529722,24.936689005993685,43.003239244593054,2850,108,43.02237096523591
65,1560,2340,3650400,256,0,40,10482971301,29.712240366992773,43.0090515532812,1765,108,43.02237096523591
65,1560,2340,3650400,256,0,50,11924484290,34.14035373899242,43.01304971469466,1267,108,43.02237096523591
65,1560,2340,3650400,256,0,70,16948060116,49.10422567899877,43.01928840288416,684,108,43.02237096523591
65,1560,2340,3650400,256,0,100,21457348015,63.59123639199606,43.022355366471686,63,108,43.02237096523591
73,1804,2211,3988644,16,0,1,74264767,0.0984680769979604,32.88711045230819,141872,41,33.003460444917955
73,1804,2211,3988644,16,0,2,80189351,0.194810523000342,32.929180440352546,57620,41,33.003460444917955
73,1804,2211,3988644,16,0,3,86989738,0.2787908169993898,32.95145174194136,37122,41,33.003460444917955
73,1804,2211,3988644,16,0,5,98339572,0.4339562799978012,32.978358685078035,40478,41,33.003460444917955
73,1804,2211,3988644,16,0,7,108222740,0.5998143889955827,32.9924435108945,26879,41,33.003460444917955
73,1804,2211,3988644,16,0,10,119387070,0.8114398379948398,32.998939054641696,8394,41,33.003460444917955
73,1804,2211,3988644,16,0,15,130897293,1.198150342999725,33.00265969678562,1843,41,33.003460444917955
73,1804,2211,3988644,16,0,20,137692504,1.5181243250081025,33.0031280433043,1603,41,33.003460444917955
73,1804,2211,3988644,16,0,25,142307686,1.8058284990074756,33.0033662052831,177,41,33.003460444917955
73,1804,2211,3988644,16,0,30,145971710,2.043005299005017,33.00341162169181,125,41,33.003460444917955
73,1804,2211,3988644,16,0,40,149955099,2.505115302003105,33.003460444917955,5,41,33.003460444917955
73,1804,2211,3988644,256,0,1,1566299853,1.496534216999862,43.04645411313656,273464,99,43.25428595632606
73,1804,2211,3988644,256,0,2,2048332608,2.952513230000477,43.10003021985416,93460,99,43.25428595632606
73,1804,2211,3988644,256,0,3,2501207980,4.31185973799802,43.13289193538638,74747,99,43.25428595632606
73,1804,2211,3988644,256,0,5,3423247843,7.005312554996635,43.17078613993112,34229,99,43.25428595632606
73,1804,2211,3988644,256,0,7,4339159621,9.667036607999762,43.193410965890784,15880,99,43.25428595632606
73,1804,2211,3988644,256,0,10,5720040568,13.88155568900038,43.21246593598714,9369,99,43.25428595632606
73,1804,2211,3988644,256,0,15,7440112885,18.71433170199816,43.2271238239808,6292,99,43.25428595632606
73,1804,2211,3988644,256,0,20,8984605080,23.12609465300193,43.23259015802349,3240,99,43.25428595632606
73,1804,2211,3988644,256,0,25,10216372005,26.65518971900019,43.23597367949881,3405,99,43.25428595632606
73,1804,2211,3988644,256,0,30,11291660151,29.79655869099952,43.2388964433321,2254,99,43.25428595632606
73,1804,2211,3988644,256,0,40,13341146397,35.66631249200145,43.24257688219646,1662,99,43.25428595632606
73,1804,2211,3988644,256,0,50,16879986583,45.76343099799488,43.24853052744704,2014,99,43.25428595632606
73,1804,2211,3988644,256,0,70,21688778323,59.566121879001,43.2538592927893,239,99,43.25428595632606
81,3281,2187,7175547,16,0,1,137481441,0.1893206360000476,28.894215253583432,324332,71,29.08155442267141
81,3281,2187,7175547,16,0,2,154411655,0.3707719989979523,28.954934889839947,133081,71,29.08155442267141
81,3281,2187,7175547,16,0,3,171956612,0.6168574219991569,28.981318757264084,82623,71,29.08155442267141
81,3281,2187,7175547,16,0,5,195920415,0.9371586169982038,29.002483504408357,38046,71,29.08155442267141
81,3281,2187,7175547,16,0,7,210932535,1.2120266989986703,29.0155546972669,41434,71,29.08155442267141
81,3281,2187,7175547,16,0,10,238618278,1.609153122997668,29.03904748035128,39523,71,29.08155442267141
81,3281,2187,7175547,16,0,15,273771334,2.2631251890015847,29.06420438505034,32470,71,29.08155442267141
81,3281,2187,7175547,16,0,20,295862295,2.835262275999412,29.07362013434172,19094,71,29.08155442267141
81,3281,2187,7175547,16,0,25,311448748,3.397154881993629,29.077532334755038,13677,71,29.08155442267141
81,3281,2187,7175547,16,0,30,323347669,3.922410558989213,29.079333777533098,8596,71,29.08155442267141
81,3281,2187,7175547,16,0,40,341909507,4.869967840993922,29.080794877474577,3455,71,29.08155442267141
81,3281,2187,7175547,16,0,50,357920804,5.893709358988417,29.081342040215542,1581,71,29.08155442267141
81,3281,2187,7175547,16,0,70,370275673,7.6525083989981795,29.08155442267141,4,71,29.08155442267141
81,3281,2187,7175547,256,0,1,2718638744,2.4212148820006405,39.64450631832221,473365,185,39.87633002359638
81,3281,2187,7175547,256,0,2,3531759003,4.796089014002064,39.71136295679668,236943,185,39.87633002359638
81,3281,2187,7175547,256,0,3,4370731524,7.288958584002103,39.751203696209096,145755,185,39.87633002359638
81,3281,2187,7175547,256,0,5,5958078543,11.72374776700235,39.793194737087504,81599,185,39.87633002359638
81,3281,2187,7175547,256,0,7,7496673221,16.257142166999984,39.81492146752884,47685,185,39.87633002359638
81,3281,2187,7175547,256,0,10,9877694633,23.26770718300031,39.83109212240538,36911,185,39.87633002359638
81,3281,2187,7175547,256,0,15,13561313708,33.90787895000176,39.847279262584976,16357,185,39.87633002359638
81,3281,2187,7175547,256,0,20,16503287232,42.45589023400317,39.85533388449224,10450,185,39.87633002359638
81,3281,2187,7175547,256,0,25,18312241185,48.10463653400075,39.86035150371832,11895,185,39.87633002359638
81,3281,2187,7175547,256,0,30,19718963552,52.60312482600784,39.863510976974815,5465,185,39.87633002359638
81,3281,2187,7175547,256,0,40,22841676506,61.98567635901418,39.86727948966403,2424,185,39.87633002359638
81,3281,2187,7175547,256,0,50,25499958729,70.64297711300969,39.86882931240152,1189,185,39.87633002359638
81,3281,2187,7175547,256,0,70,33193360920,93.29943602700224,39.87291043604007,1704,185,39.87633002359638
81,3281,2187,7175547,256,0,100,39435308634,113.8180202000076,39.87406249749069,213,185,39.87633002359638
81,3281,2187,7175547,256,0,150,52468156708,154.51194542601297,39.87623601191187,154,185,39.87633002359638
89,1560,2340,3650400,16,0,1,72004101,0.1661200679991452,28.68146051590994,192488,200,29.03758372691623
89,1560,2340,3650400,16,0,2,82504563,0.2551321380014997,28.76941639453456,101794,200,29.03758372691623
89,1560,2340,3650400,16,0,3,90234243,0.3413130750013806,28.80979641851272,73221,200,29.03758372691623
89,1560,2340,3650400,16,0,5,101455972,0.4878880430005665,28.86195574197432,55189,200,29.03758372691623
89,1560,2340,3650400,16,0,7,111012534,0.6348933490007767,28.89072746442488,39701,200,29.03758372691623
89,1560,2340,3650400,16,0,10,121745519,0.8785699590007425,28.91099917624579,26983,200,29.03758372691623
89,1560,2340,3650400,16,0,15,135323796,1.195212493003055,28.927360912267773,16102,200,29.03758372691623
89,1560,2340,3650400,16,0,20,145841818,1.489084830005595,28.93545492390348,11861,200,29.03758372691623
89,1560,2340,3650400,16,0,25,154442099,1.7700605870049912,28.940616652853,10977,200,29.03758372691623
89,1560,2340,3650400,16,0,30,161499538,2.023959800008015,28.943657225792872,9452,200,29.03758372691623
89,1560,2340,3650400,16,0,40,175712542,2.5867569660003937,28.948414085304265,5932,200,29.03758372691623
89,1560,2340,3650400,16,0,50,187669889,3.122763141003816,28.951179509062595,7610,200,29.03758372691623
89,1560,2340,3650400,16,0,70,211331553,4.189523318003921,28.956554895427445,6885,200,29.03758372691623
89,1560,2340,3650400,16,0,100,249260979,5.835893813997245,28.9665582060482,5945,200,29.03758372691623
89,1560,2340,3650400,16,0,150,309668782,8.574815494986979,28.979198636037232,5709,200,29.03758372691623
89,1560,2340,3650400,16,0,200,394794771,11.616190611985076,29.03758372691623,0,200,29.03758372691623
89,1560,2340,3650400,256,0,1,1479988374,1.4785415199985437,38.50408547794305,289014,142,38.7922300420831
89,1560,2340,3650400,256,0,2,1965440573,2.838259863998246,38.58684671029612,139444,142,38.7922300420831
89,1560,2340,3650400,256,0,3,2426639764,4.172031677997438,38.63477342655932,81599,142,38.7922300420831
89,1560,2340,3650400,256,0,5,3289110961,6.5631135549956525,38.68427193545,46680,142,38.7922300420831
89,1560,2340,3650400,256,0,7,4043684513,8.78594743699432,38.708812459025744,32744,142,38.7922300420831
89,1560,2340,3650400,256,0,10,5090745545,11.974092055996152,38.73271953899906,23949,142,38.7922300420831
89,1560,2340,3650400,256,0,15,6782387599,16.78392712299683,38.76266137876454,16191,142,38.7922300420831
89,1560,2340,3650400,256,0,20,8045597955,20.23778960799973,38.77228243017977,8365,142,38.7922300420831
89,1560,2340,3650400,256,0,25,9009114069,22.997188641995308,38.77756905706236,6277,142,38.7922300420831
89,1560,2340,3650400,256,0,30,9895504964,25.61629906799135,38.78028270546002,4036,142,38.7922300420831
89,1560,2340,3650400,256,0,40,11865924461,31.32878621198688,38.78372964063019,1610,142,38.7922300420831
89,1560,2340,3650400,256,0,50,13330757876,35.59036844799266,38.78530218631037,1091,142,38.7922300420831
89,1560,2340,3650400,256,0,70,17912122765,49.25796901199283,38.79088895465613,550,142,38.7922300420831
89,1560,2340,3650400,256,0,100,21539843674,60.32786618499449,38.79155103460299,74,142,38.7922300420831
97,3278,2188,7172264,16,0,1,162630417,0.2759764670008735,41.353688876805,513549,14,41.39094276505468
97,3278,2188,7172264,16,0,2,191000783,0.4451999200027785,41.37660775913901,80458,14,41.39094276505468
97,3278,2188,7172264,16,0,3,209518422,0.5960785080023925,41.3829796534945,16764,14,41.39094276505468
97,3278,2188,7172264,16,0,5,237175613,0.9258537190034986,41.38762047911654,14243,14,41.39094276505468
97,3278,2188,7172264,16,0,7,251528283,1.1406660610045949,41.3901007142087,6437,14,41.39094276505468
97,3278,2188,7172264,16,0,10,273585276,1.4940088630064563,41.390818128072446,162,14,41.39094276505468
97,3278,2188,7172264,256,0,1,2080726838,0.8965295470006822,53.57494076566368,75388,59,53.77018693630632
97,3278,2188,7172264,256,0,2,2317660027,1.583629085998837,53.65078427828053,41162,59,53.77018693630632
97,3278,2188,7172264,256,0,3,2555248261,2.360315359001106,53.69229667825089,20928,59,53.77018693630632
97,3278,2188,7172264,256,0,5,3011557120,3.814783157999045,53.72310936232519,2127,59,53.77018693630632
97,3278,2188,7172264,256,0,7,3426462247,5.162241074998747,53.73473102886055,1233,59,53.77018693630632
97,3278,2188,7172264,256,0,10,3962872270,6.947499241003243,53.74276392966088,775,59,53.77018693630632
97,3278,2188,7172264,256,0,15,4817580064,9.917844455001614,53.751635850567496,559,59,53.77018693630632
97,3278,2188,7172264,256,0,20,5618230098,12.697130476004531,53.75862906797471,319,59,53.77018693630632
97,3278,2188,7172264,256,0,25,6283933257,14.982529128006718,53.76186640009955,189,59,53.77018693630632
97,3278,2188,7172264,256,0,30,6846203041,17.031111229011003,53.76338006157568,81,59,53.77018693630632
97,3278,2188,7172264,256,0,40,8570150006,22.399881010009267,53.76876385052334,65,59,53.77018693630632
97,3278,2188,7172264,256,0,50,9680116859,26.183709557011756,53.77004777939952,51,59,53.77018693630632
1,1707,2273,3880011,64,0,1,344955431,0.4269852159995935,36.78067840873119,249277,153,37.07384481597246
1,1707,2273,3880011,64,0,2,420102083,0.7156354949984234,36.84110129942353,128851,153,37.07384481597246
1,1707,2273,3880011,64,0,3,496314102,0.9955494269997871,36.87541831845218,118932,153,37.07384481597246
1,1707,2273,3880011,64,0,5,615284208,1.5821922589966562,36.91500003763463,42976,153,37.07384481597246
1,1707,2273,3880011,64,0,7,723825968,2.0046336699961103,36.940610815370924,24977,153,37.07384481597246
1,1707,2273,3880011,64,0,10,855144872,2.550475824999012,36.96701874794584,16649,153,37.07384481597246
1,1707,2273,3880011,64,0,15,1045259647,3.403424685999198,37.0036796960236,15678,153,37.07384481597246
1,1707,2273,3880011,64,0,20,1220992161,4.192450548995112,37.028887115358344,11314,153,37.07384481597246
1,1707,2273,3880011,64,0,25,1380364819,5.028576428998349,37.044988302574076,9568,153,37.07384481597246
1,1707,2273,3880011,64,0,30,1545723656,5.869730735998019,37.056187200741064,6776,153,37.07384481597246
1,1707,2273,3880011,64,0,40,1769701211,7.068787210002483,37.06650901747656,3562,153,37.07384481597246
1,1707,2273,3880011,64,0,50,1893245095,8.022219232996576,37.06892671336962,2033,153,37.07384481597246
1,1707,2273,3880011,64,0,70,2121403461,9.744096958002046,37.07180304921656,1378,153,37.07384481597246
1,1707,2273,3880011,64,0,100,2412105838,12.309503484008019,37.073506495756014,284,153,37.07384481597246
1,1707,2273,3880011,64,0,150,2626904019,15.66358539999419,37.07384469943361,12,153,37.07384481597246
2,1561,2342,3655862,64,0,1,345171003,0.4362418290002097,34.78567211351018,282780,409,35.01580662605069
2,1561,2342,3655862,64,0,2,420943457,0.763954833997559,34.848782857711115,117770,409,35.01580662605069
2,1561,2342,3655862,64,0,3,488936713,1.0537304489989765,34.885127501417976,72862,409,35.01580662605069
2,1561,2342,3655862,64,0,5,605710073,1.5324502719995508,34.922931056720536,43573,409,35.01580662605069
2,1561,2342,3655862,64,0,7,693737162,1.9458405839941406,34.94224959010145,31890,409,35.01580662605069
2,1561,2342,3655862,64,0,10,800887978,2.4752511229926313,34.95702753074782,22226,409,35.01580662605069
2,1561,2342,3655862,64,0,15,957395878,3.4211778239950945,34.97032259417658,13662,409,35.01580662605069
2,1561,2342,3655862,64,0,20,1129763345,4.3363406819953525,34.98024727458254,11165,409,35.01580662605069
2,1561,2342,3655862,64,0,25,1300642809,5.219641285995749,34.98777389747981,8652,409,35.01580662605069
2,1561,2342,3655862,64,0,30,1464420640,6.097390586994152,34.99265363395945,7361,409,35.01580662605069
2,1561,2342,3655862,64,0,40,1783212877,7.817384823989414,34.999132471486114,5365,409,35.01580662605069
2,1561,2342,3655862,64,0,50,2004191151,9.075101696991624,35.0021476258705,3380,409,35.01580662605069
2,1561,2342,3655862,64,0,70,2284642622,11.169955097993807,35.00398039590675,2057,409,35.01580662605069
2,1561,2342,3655862,64,0,100,2565013330,13.64540216799287,35.00661686091097,1610,409,35.01580662605069
2,1561,2342,3655862,64,0,150,3121818751,18.205595015002473,35.01173658576833,1689,409,35.01580662605069
2,1561,2342,3655862,64,0,200,3459205252,21.86056142799862,35.01278386387165,390,409,35.01580662605069
2,1561,2342,3655862,64,0,300,4121775490,28.85150270399754,35.01467196707806,527,409,35.01580662605069
3,2980,2235,6660300,64,0,1,624040507,0.7860305499998503,32.1083024931952,537746,186,32.349697685570106
3,2980,2235,6660300,64,0,2,734077391,1.2334411830015597,32.19589324653221,296597,186,32.349697685570106
3,2980,2235,6660300,64,0,3,853156653,1.7968530260041007,32.23663621459262,195584,186,32.349697685570106
3,2980,2235,6660300,64,0,5,1022030713,2.55947734000074,32.27402243760946,113381,186,32.349697685570106
3,2980,2235,6660300,64,0,7,1159226913,3.263648258001922,32.29112634208806,81044,186,32.349697685570106
3,2980,2235,6660300,64,0,10,1328612276,4.13055152400193,32.303752978664114,47927,186,32.349697685570106
3,2980,2235,6660300,64,0,15,1545987822,5.478285532997688,32.31160727721115,29276,186,32.349697685570106
3,2980,2235,6660300,64,0,20,1763090030,6.793306752999342,32.31559445264823,22473,186,32.349697685570106
3,2980,2235,6660300,64,0,25,1983929340,8.041676711000036,32.318244250890665,16403,186,32.349697685570106
3,2980,2235,6660300,64,0,30,2222720531,9.344989785000507,32.32035472001429,18286,186,32.349697685570106
3,2980,2235,6660300,64,0,40,2591453926,11.642889921993628,32.32540287465927,18884,186,32.349697685570106
3,2980,2235,6660300,64,0,50,2919977333,13.670795799986081,32.33060988741373,14249,186,32.349697685570106
3,2980,2235,6660300,64,0,70,3503371390,17.79321281898956,32.341702872993785,18097,186,32.349697685570106
3,2980,2235,6660300,64,0,100,4028206563,22.40264704400397,32.347027020331105,4549,186,32.349697685570106
3,2980,2235,6660300,64,0,150,4741309326,29.22933035100141,32.34955280597846,1227,186,32.349697685570106
4,1706,2273,3877738,64,0,1,370784732,0.4273222209994856,35.32547757437632,343959,122,35.592546645296885
4,1706,2273,3877738,64,0,2,465490926,0.7903514950012323,35.415452136125694,187947,122,35.592546645296885
4,1706,2273,3877738,64,0,3,535571218,1.1384490370001004,35.466180908366184,141782,122,35.592546645296885
4,1706,2273,3877738,64,0,5,651792114,1.645876941998722,35.51576608738259,81337,122,35.592546645296885
4,1706,2273,3877738,64,0,7,745343970,2.0655556050005544,35.53917632365992,52121,122,35.592546645296885
4,1706,2273,3877738,64,0,10,875771925,2.673910289999185,35.556970627321604,33927,122,35.592546645296885
4,1706,2273,3877738,64,0,15,1069755901,3.560569224991923,35.57206600866503,17454,122,35.592546645296885
4,1706,2273,3877738,64,0,20,1240200872,4.378267359996244,35.579421187175775,10281,122,35.592546645296885
4,1706,2273,3877738,64,0,25,1368267996,5.064740335994429,35.582695935513115,3960,122,35.592546645296885
4,1706,2273,3877738,64,0,30,1470618331,5.6848474759899545,35.58419494157321,2987,122,35.592546645296885
4,1706,2273,3877738,64,0,40,1634457263,6.7244202779947955,35.586032590591806,2670,122,35.592546645296885
4,1706,2273,3877738,64,0,50,1779761580,7.805781429997296,35.58809997487247,2179,122,35.592546645296885
4,1706,2273,3877738,64,0,70,2068098827,9.759317930009274,35.59032701007561,1558,122,35.592546645296885
4,1706,2273,3877738,64,0,100,2368573843,12.296375523004826,35.59237338634949,1875,122,35.592546645296885
5,1560,2340,3650400,64,0,1,334198206,0.3745342630027153,32.40155995245252,293519,118,32.83765571537226
5,1560,2340,3650400,64,0,2,422369180,0.7163829340024677,32.50152578900095,169713,118,32.83765571537226
5,1560,2340,3650400,64,0,3,496812598,1.0597893779995502,32.572714349165786,144703,118,32.83765571537226
5,1560,2340,3650400,64,0,5,632136657,1.6063347269955557,32.67016303789673,98393,118,32.83765571537226
5,1560,2340,3650400,64,0,7,745106930,2.1160084449948044,32.72369837449816,63874,118,32.83765571537226
5,1560,2340,3650400,64,0,10,872212333,2.846697064996988,32.766008264495674,46562,118,32.83765571537226
5,1560,2340,3650400,64,0,15,1029449801,3.770107886997721,32.804776552092264,33840,118,32.83765571537226
5,1560,2340,3650400,64,0,20,1134961106,4.406985315999918,32.818141931809095,18598,118,32.83765571537226
5,1560,2340,3650400,64,0,25,1223644668,4.9771673580034985,32.824771780405484,14674,118,32.83765571537226
5,1560,2340,3650400,64,0,30,1296377255,5.452310166001553,32.82947543950607,10643,118,32.83765571537226
5,1560,2340,3650400,64,0,40,1419724721,6.3098504779954965,32.83314404191352,3344,118,32.83765571537226
5,1560,2340,3650400,64,0,50,1560578052,7.232858761995885,32.835027057779115,2987,118,32.83765571537226
5,1560,2340,3650400,64,0,70,1763888782,8.952455462997023,32.83754882568999,663,118,32.83765571537226
5,1560,2340,3650400,64,0,100,1852721859,10.622098629988614,32.83765022491521,102,118,32.83765571537226
6,3281,2187,7175547,64,0,1,739900770,1.0434639640006935,32.78552190651317,739196,203,33.14043250267245
6,3281,2187,7175547,64,0,2,967699831,1.9611178810009733,32.88201764958044,482027,203,33.14043250267245
6,3281,2187,7175547,64,0,3,1174702021,2.779780673001369,32.93658975623809,311384,203,33.14043250267245
6,3281,2187,7175547,64,0,5,1494075068,3.9951435980037786,32.99787257329417,212401,203,33.14043250267245
6,3281,2187,7175547,64,0,7,1727059865,5.124250955999742,33.0263789822805,143429,203,33.14043250267245
6,3281,2187,7175547,64,0,10,2026832225,6.542291049998312,33.0501271564501,117498,203,33.14043250267245
6,3281,2187,7175547,64,0,15,2471150372,8.630944233995251,33.07566847366692,101267,203,33.14043250267245
6,3281,2187,7175547,64,0,20,2916292630,10.80810922398814,33.094408299483085,62899,203,33.14043250267245
6,3281,2187,7175547,64,0,25,3182527812,12.210104167988902,33.100603520284515,31542,203,33.14043250267245
6,3281,2187,7175547,64,0,30,3450993425,13.572455212986824,33.10572668821412,46173,203,33.14043250267245
6,3281,2187,7175547,64,0,40,3987982364,16.576763131994085,33.11491322087243,32248,203,33.14043250267245
6,3281,2187,7175547,64,0,50,4636167966,19.95483352199517,33.12625489056151,28997,203,33.14043250267245
6,3281,2187,7175547,64,0,70,5544427633,25.343276990999584,33.13447770745948,7154,203,33.14043250267245
6,3281,2187,7175547,64,0,100,6605403637,31.829144290983095,33.139082825125115,4441,203,33.14043250267245
6,3281,2187,7175547,64,0,150,7389648633,39.36014055297346,33.14036516826243,620,203,33.14043250267245
6,3281,2187,7175547,64,0,200,7672561338,44.99494667796898,33.14043248975642,17,203,33.14043250267245
7,2360,2360,5569600,64,0,1,524245781,0.6714621499995701,40.03164774193201,448045,131,40.320320378320254
7,2360,2360,5569600,64,0,2,673835125,1.1572312329990382,40.14559808502699,340748,131,40.320320378320254
7,2360,2360,5569600,64,0,3,803136722,1.6669729669956723,40.18323700013458,139220,131,40.320320378320254
7,2360,2360,5569600,64,0,5,1037210117,2.457160528992972,40.224360903117514,114304,131,40.320320378320254
7,2360,2360,5569600,64,0,7,1234575382,3.2449122299876763,40.245196272975186,5989,131,40.320320378320254
7,2360,2360,5569600,64,0,10,1521675290,4.368444713989447,40.264633664920176,4498,131,40.320320378320254
7,2360,2360,5569600,64,0,15,1923922863,6.181428734991641,40.28321283012174,3193,131,40.320320378320254
7,2360,2360,5569600,64,0,20,2293601085,7.785346315995412,40.296050839743565,2663,131,40.320320378320254
7,2360,2360,5569600,64,0,25,2675819034,9.196983665991866,40.30683153976299,2011,131,40.320320378320254
7,2360,2360,5569600,64,0,30,2959708367,10.47681224799453,40.31203573562549,1699,131,40.320320378320254
7,2360,2360,5569600,64,0,40,3450541314,12.688723436993314,40.31658489049544,964,131,40.320320378320254
7,2360,2360,5569600,64,0,50,3843543629,14.588554727986775,40.318528657332386,452,131,40.320320378320254
7,2360,2360,5569600,64,0,70,4214238722,17.007152676978876,40.3196729028206,262,131,40.320320378320254
7,2360,2360,5569600,64,0,100,4562753296,20.066735524978867,40.320179952831275,190,131,40.320320378320254
8,3281,2187,7175547,64,0,1,680544972,0.8370569290018466,36.759385537508024,696521,81,37.03565462583861
8,3281,2187,7175547,64,0,2,834803907,1.4817589460035379,36.84326851880943,331192,81,37.03565462583861
8,3281,2187,7175547,64,0,3,1023633448,2.1957062520014006,36.89179802972908,220065,81,37.03565462583861
8,3281,2187,7175547,64,0,5,1340824305,3.510140404003323,36.947978110271585,143741,81,37.03565462583861
8,3281,2187,7175547,64,0,7,1543872868,4.671045018007135,36.97692346146444,120150,81,37.03565462583861
8,3281,2187,7175547,64,0,10,1722778140,5.792310679007642,36.99649540616398,76821,81,37.03565462583861
8,3281,2187,7175547,64,0,15,2007055319,7.577821072009101,37.016153361413004,49816,81,37.03565462583861
8,3281,2187,7175547,64,0,20,2193638740,8.738092343013705,37.021017144123476,16448,81,37.03565462583861
8,3281,2187,7175547,64,0,25,2335236505,9.736370707007154,37.02327376032392,12250,81,37.03565462583861
8,3281,2187,7175547,64,0,30,2498721815,10.865567580003699,37.02630039794026,23060,81,37.03565462583861
8,3281,2187,7175547,64,0,40,2851985502,13.133358707993466,37.03219480798764,13542,81,37.03565462583861
8,3281,2187,7175547,64,0,50,3115950800,15.152657326998451,37.03463583905049,2595,81,37.03565462583861
8,3281,2187,7175547,64,0,70,3477564258,18.422828014994593,37.03541315553375,2006,81,37.03565462583861
9,3280,2187,7173360,64,0,1,635102853,0.7265292640004191,35.62381685245657,573384,141,35.83401788566541
9,3280,2187,7173360,64,0,2,749313096,1.2553797090004082,35.68466647390758,283802,141,35.83401788566541
9,3280,2187,7173360,64,0,3,839955218,1.6816072309993615,35.71234016557123,176671,141,35.83401788566541
9,3280,2187,7173360,64,0,5,1008322025,2.518703966998146,35.74129441748964,109238,141,35.83401788566541
9,3280,2187,7173360,64,0,7,1147800271,3.293579850997048,35.75947471703758,105566,141,35.83401788566541
9,3280,2187,7173360,64,0,10,1330471311,4.304879365994566,35.77532630812189,46413,141,35.83401788566541
9,3280,2187,7173360,64,0,15,1558661735,5.621284626991837,35.78875879808551,38909,141,35.83401788566541
9,3280,2187,7173360,64,0,20,1759214526,6.8316759649860614,35.79835464728468,44297,141,35.83401788566541
9,3280,2187,7173360,64,0,25,1940777232,8.0234745759808,35.80507368640204,18670,141,35.83401788566541
9,3280,2187,7173360,64,0,30,2119994403,9.170817675974831,35.80922948928206,17132,141,35.83401788566541
9,3280,2187,7173360,64,0,40,2358315520,11.006633285975113,35.81246235391124,7122,141,35.83401788566541
9,3280,2187,7173360,64,0,50,2549833474,12.6420541229636,35.814266039261554,4133,141,35.83401788566541
9,3280,2187,7173360,64,0,70,3360229782,17.819268464965717,35.82629734639609,11842,141,35.83401788566541
9,3280,2187,7173360,64,0,100,4037772000,23.027211464970605,35.83210563280082,5432,141,35.83401788566541
10,2831,3774,10684194,64,0,1,992719402,1.1709707020017959,34.925115706012434,844001,105,35.23584297030439
10,2831,3774,10684194,64,0,2,1184257104,1.9763190030025726,34.999415936761714,457083,105,35.23584297030439
10,2831,3774,10684194,64,0,3,1363076227,2.825637659003405,35.03628494352027,316539,105,35.23584297030439
10,2831,3774,10684194,64,0,5,1673285949,4.230189325004176,35.07522276423916,194667,105,35.23584297030439
10,2831,3774,10684194,64,0,7,1927212381,5.473791300006269,35.09953780465534,152848,105,35.23584297030439
10,2831,3774,10684194,64,0,10,2245470730,7.228678612005751,35.128115117414225,163938,105,35.23584297030439
10,2831,3774,10684194,64,0,15,2696110110,9.640137346006668,35.159046432877595,111160,105,35.23584297030439
10,2831,3774,10684194,64,0,20,3189154325,12.271499757003767,35.180553084835466,97455,105,35.23584297030439
10,2831,3774,10684194,64,0,25,3706618463,15.08637937399908,35.1953567565793,54263,105,35.23584297030439
10,2831,3774,10684194,64,0,30,4035160589,17.068016516997886,35.203529320696006,49988,105,35.23584297030439
10,2831,3774,10684194,64,0,40,4615387837,20.655463818005956,35.216761923917616,41525,105,35.23584297030439
10,2831,3774,10684194,64,0,50,5149915209,24.391851126008987,35.22571300268183,28597,105,35.23584297030439
10,2831,3774,10684194,64,0,70,6097479433,30.62973008001427,35.2346007643545,9472,105,35.23584297030439
10,2831,3774,10684194,64,0,100,6771974567,37.332318762022624,35.2358423655152,128,105,35.23584297030439
11,4387,2925,12831975,64,0,1,1109031779,1.1267263919980905,41.59783024820682,764422,52,41.80431515159913
11,4387,2925,12831975,64,0,2,1378015592,2.2366968919959618,41.66821618128345,330554,52,41.80431515159913
11,4387,2925,12831975,64,0,3,1626290637,3.257709249995969,41.700659208646144,192622,52,41.80431515159913
11,4387,2925,12831975,64,0,5,2143126850,5.261182479996933,41.742367497939014,92601,52,41.80431515159913
11,4387,2925,12831975,64,0,7,2642260465,7.212915249998332,41.76599632890262,79986,52,41.80431515159913
11,4387,2925,12831975,64,0,10,3215286853,9.73122333599531,41.78030873667118,37551,52,41.80431515159913
11,4387,2925,12831975,64,0,15,3696586145,12.32230017999973,41.78884756900956,10975,52,41.80431515159913
11,4387,2925,12831975,64,0,20,4026933218,14.282905342995946,41.79143992763531,15616,52,41.80431515159913
11,4387,2925,12831975,64,0,25,4419571572,16.365181867997308,41.79622210291777,11175,52,41.80431515159913
11,4387,2925,12831975,64,0,30,4777088142,18.38688909999837,41.79914739562737,7533,52,41.80431515159913
11,4387,2925,12831975,64,0,40,5328469956,21.8628472999917,41.80096350272254,2435,52,41.80431515159913
11,4387,2925,12831975,64,0,50,5833187013,24.996683672987274,41.80431514808437,17,52,41.80431515159913
12,2172,3866,8396952,64,0,1,800140310,1.0787345789976825,32.32466629271133,688505,398,32.60878784340854
12,2172,3866,8396952,64,0,2,1023452946,1.9804576359965722,32.387267340824046,366683,398,32.60878784340854
12,2172,3866,8396952,64,0,3,1225647596,2.8185467989969766,32.4227250090119,256925,398,32.60878784340854
12,2172,3866,8396952,64,0,5,1539715948,4.260351918997912,32.47127130042997,202999,398,32.60878784340854
12,2172,3866,8396952,64,0,7,1771719804,5.411312033997092,32.50093360610846,148894,398,32.60878784340854
12,2172,3866,8396952,64,0,10,2053960520,6.882090786995832,32.52680609341531,109053,398,32.60878784340854
12,2172,3866,8396952,64,0,15,2514653281,9.296430910992058,32.552246473450836,68268,398,32.60878784340854
12,2172,3866,8396952,64,0,20,2835828636,11.346652803993493,32.565611175445326,49963,398,32.60878784340854
12,2172,3866,8396952,64,0,25,3139130457,13.142948048996914,32.57644470996842,49023,398,32.60878784340854
12,2172,3866,8396952,64,0,30,3367776213,14.678255531995092,32.58369089707996,34551,398,32.60878784340854
12,2172,3866,8396952,64,0,40,3730769670,17.375650512989523,32.59050847789135,20108,398,32.60878784340854
12,2172,3866,8396952,64,0,50,4025196282,19.613125769988983,32.5926501846893,10914,398,32.60878784340854
12,2172,3866,8396952,64,0,70,4567715948,23.9402645479895,32.596482450504176,14896,398,32.60878784340854
12,2172,3866,8396952,64,0,100,5337941852,30.345580801986216,32.602965980782095,8978,398,32.60878784340854
12,2172,3866,8396952,64,0,150,6339866003,40.04856612598087,32.606395087757896,3574,398,32.60878784340854
12,2172,3866,8396952,64,0,200,7026102096,48.685331758992106,32.60740001394968,2782,398,32.60878784340854
12,2172,3866,8396952,64,0,300,7925691861,63.01806999499968,32.6080642175185,743,398,32.60878784340854
13,2580,3870,9984600,64,0,1,909426249,0.9600911429988628,32.7395240048154,700844,111,33.04840637224122
13,2580,3870,9984600,64,0,2,1104001194,1.822248315998877,32.803834650724546,384685,111,33.04840637224122
13,2580,3870,9984600,64,0,3,1267844098,2.553563576999295,32.83937256919081,284373,111,33.04840637224122
13,2580,3870,9984600,64,0,5,1576680428,4.0070563569970545,32.879195957509005,172473,111,33.04840637224122
13,2580,3870,9984600,64,0,7,1871040024,5.305951082995307,32.90571552510124,138271,111,33.04840637224122
13,2580,3870,9984600,64,0,10,2330647677,7.337629148991255,32.93924681270914,119240,111,33.04840637224122
13,2580,3870,9984600,64,0,15,3065995477,10.765953643989633,32.97846301167252,88933,111,33.04840637224122
13,2580,3870,9984600,64,0,20,3474485794,12.910014948989556,32.99483194611827,57488,111,33.04840637224122
13,2580,3870,9984600,64,0,25,3836060101,14.865952044987353,33.00267489346019,38440,111,33.04840637224122
13,2580,3870,9984600,64,0,30,4470223647,17.772014170990587,33.019186034250524,28527,111,33.04840637224122
13,2580,3870,9984600,64,0,40,5452414608,22.31498226498661,33.04726062270327,9410,111,33.04840637224122
13,2580,3870,9984600,64,0,50,5636845896,24.413643533982395,33.04758941957632,2562,111,33.04840637224122
13,2580,3870,9984600,64,0,70,5896156021,27.92389113399622,33.04797496749857,2837,111,33.04840637224122
13,2580,3870,9984600,64,0,100,6224171000,32.753343063985085,33.04839991893687,496,111,33.04840637224122
14,2580,3870,9984600,64,0,1,862688078,0.87434644500172,33.28641727139117,797058,140,33.581393072077105
14,2580,3870,9984600,64,0,2,1022101756,1.600979102000565,33.3584793790878,378637,140,33.581393072077105
14,2580,3870,9984600,64,0,3,1176502347,2.3161162510004942,33.39841553237305,272366,140,33.581393072077105
14,2580,3870,9984600,64,0,5,1456196696,3.574289756001235,33.447490983014944,188303,140,33.581393072077105
14,2580,3870,9984600,64,0,7,1705052741,5.08267716300179,33.47745659525776,154202,140,33.581393072077105
14,2580,3870,9984600,64,0,10,2049332786,6.722884434006119,33.51024986107031,101558,140,33.581393072077105
14,2580,3870,9984600,64,0,15,2583913571,9.310476904003735,33.53513538421456,60066,140,33.581393072077105
14,2580,3870,9984600,64,0,20,3070068468,11.556140983004298,33.54694195633562,34967,140,33.581393072077105
14,2580,3870,9984600,64,0,25,3576432654,13.924073753008997,33.5551543265725,31140,140,33.581393072077105
14,2580,3870,9984600,64,0,30,4101843616,16.332761547011614,33.56218438897412,26694,140,33.581393072077105
14,2580,3870,9984600,64,0,40,4746971015,19.74918308000997,33.56875961929142,18263,140,33.581393072077105
14,2580,3870,9984600,64,0,50,5259843417,22.89006952999989,33.574423863263235,12803,140,33.581393072077105
14,2580,3870,9984600,64,0,70,6137564406,28.458870589005528,33.58065162634735,5414,140,33.581393072077105
14,2580,3870,9984600,64,0,100,6627084113,33.83565932299098,33.58133919080045,685,140,33.581393072077105
15,5661,3774,21364614,64,0,1,1995791096,2.642994688998442,33.55065877150646,1740671,348,33.83380914454554
15,5661,3774,21364614,64,0,2,2555327619,4.939506301998335,33.60433314648043,735769,348,33.83380914454554
15,5661,3774,21364614,64,0,3,3044655015,6.85024839000107,33.63533818382207,551187,348,33.83380914454554
15,5661,3774,21364614,64,0,5,3823548578,10.239802786996734,33.66341232904223,316591,348,33.83380914454554
15,5661,3774,21364614,64,0,7,4320255135,12.78872625299482,33.6797513195124,248483,348,33.83380914454554
15,5661,3774,21364614,64,0,10,5228312712,16.991665499997907,33.71128676510834,240727,348,33.83380914454554
15,5661,3774,21364614,64,0,15,6455150654,23.329499905990815,33.74171441003276,135403,348,33.83380914454554
15,5661,3774,21364614,64,0,20,7268161225,27.877692369991564,33.754089609638896,148475,348,33.83380914454554
15,5661,3774,21364614,64,0,25,7931565684,32.09165056899292,33.76292718027105,113620,348,33.83380914454554
15,5661,3774,21364614,64,0,30,8511704799,35.55385744199157,33.76838021098056,68901,348,33.83380914454554
15,5661,3774,21364614,64,0,40,9712936271,43.322110334986064,33.775650521929194,40957,348,33.83380914454554
15,5661,3774,21364614,64,0,50,10727546690,49.85108395098723,33.78276878766496,65436,348,33.83380914454554
15,5661,3774,21364614,64,0,70,12398746160,61.804535790990485,33.79743519895842,25882,348,33.83380914454554
15,5661,3774,21364614,64,0,100,14317403070,77.02280945497841,33.80400506789479,20120,348,33.83380914454554
15,5661,3774,21364614,64,0,150,16747729627,99.59581426497243,33.80863639775464,6658,348,33.83380914454554
15,5661,3774,21364614,64,0,200,19023452374,121.77542270497725,33.812981190079185,21871,348,33.83380914454554
15,5661,3774,21364614,64,0,300,26787921556,176.02003132898972,33.833126063540426,8450,348,33.83380914454554
16,2515,3773,9489095,64,0,1,827686353,0.8573743300003116,34.22002979169151,510881,244,34.43437773606754
16,2515,3773,9489095,64,0,2,1008154997,1.8557930499991926,34.26634575184595,263507,244,34.43437773606754
16,2515,3773,9489095,64,0,3,1132851659,2.4024957549991086,34.2915274607734,207282,244,34.43437773606754
16,2515,3773,9489095,64,0,5,1329417554,3.5284841310021875,34.321380315623514,142935,244,34.43437773606754
16,2515,3773,9489095,64,0,7,1485447878,4.4340049880047445,34.33877122338302,102919,244,34.43437773606754
16,2515,3773,9489095,64,0,10,1692875160,5.627693599002669,34.353581775837064,77563,244,34.43437773606754
16,2515,3773,9489095,64,0,15,2022777288,7.638001511997572,34.367533510490055,41522,244,34.43437773606754
16,2515,3773,9489095,64,0,20,2450321734,9.819879382997897,34.38350468539062,47313,244,34.43437773606754
16,2515,3773,9489095,64,0,25,2863315619,11.783276480993663,34.39369535612913,42364,244,34.43437773606754
16,2515,3773,9489095,64,0,30,3125247790,13.712453131996881,34.40027274488413,41728,244,34.43437773606754
16,2515,3773,9489095,64,0,40,3472720780,16.796270411992737,34.405909454006135,20200,244,34.43437773606754
16,2515,3773,9489095,64,0,50,3861365328,19.39781837199189,34.41033241542199,12778,244,34.43437773606754
16,2515,3773,9489095,64,0,70,4866682946,25.176118711002346,34.4195255715972,14619,244,34.43437773606754
16,2515,3773,9489095,64,0,100,5880288231,32.657592772004136,34.42625558007232,7684,244,34.43437773606754
16,2515,3773,9489095,64,0,150,7078408182,43.3095828420046,34.4323726182487,3466,244,34.43437773606754
16,2515,3773,9489095,64,0,200,7844801626,51.98142194898901,34.434229090765044,1684,244,34.43437773606754
17,4988,3741,18660108,64,0,1,1613096281,1.6793759960019088,32.9371410861926,1288157,137,33.20182554170223
17,4988,3741,18660108,64,0,2,1919861902,2.9658579280003323,32.99887705100575,620278,137,33.20182554170223
17,4988,3741,18660108,64,0,3,2170227816,4.078226609999547,33.03172657174822,420678,137,33.20182554170223
17,4988,3741,18660108,64,0,5,2607399176,6.189235510999424,33.07321056299915,284335,137,33.20182554170223
17,4988,3741,18660108,64,0,7,3040128693,8.11130799899911,33.1011120167726,225833,137,33.20182554170223
17,4988,3741,18660108,64,0,10,3560375656,10.764684269997815,33.12436751358635,176837,137,33.20182554170223
17,4988,3741,18660108,64,0,15,4392470290,15.053543838999758,33.15649810858461,131034,137,33.20182554170223
17,4988,3741,18660108,64,0,20,5085940390,18.87784734500383,33.17498289062716,86642,137,33.20182554170223
17,4988,3741,18660108,64,0,25,5555689197,21.938117194007646,33.18195199211828,51658,137,33.20182554170223
17,4988,3741,18660108,64,0,30,5944751959,24.657152025003597,33.186220334349855,54101,137,33.20182554170223
17,4988,3741,18660108,64,0,40,6816022832,30.177675651004392,33.19489876831998,32261,137,33.20182554170223
17,4988,3741,18660108,64,0,50,7385570820,35.02533025200319,33.1986392522596,25952,137,33.20182554170223
17,4988,3741,18660108,64,0,70,8253572291,42.9208339080069,33.201094535781465,10572,137,33.20182554170223
17,4988,3741,18660108,64,0,100,9075128516,53.31082343000526,33.20178090856047,1265,137,33.20182554170223
18,4000,3000,12000000,64,0,1,1094956507,1.281861169001786,34.647024272035395,731463,171,35.02149374649517
18,4000,3000,12000000,64,0,2,1363750943,2.3673276500012435,34.71103697496239,443353,171,35.02149374649517
18,4000,3000,12000000,64,0,3,1614343673,3.4744122570009495,34.759207984839115,377347,171,35.02149374649517
18,4000,3000,12000000,64,0,5,2068353738,5.4831741050002165,34.82772244892716,284439,171,35.02149374649517
18,4000,3000,12000000,64,0,7,2495691163,7.369477815998835,34.866133851112394,197362,171,35.02149374649517
18,4000,3000,12000000,64,0,10,3132009479,10.221447670995985,34.90985861151401,136284,171,35.02149374649517
18,4000,3000,12000000,64,0,15,4021221218,14.397023506993719,34.95253673817147,104978,171,35.02149374649517
18,4000,3000,12000000,64,0,20,4606820631,17.40335754998887,34.972377306680265,62819,171,35.02149374649517
18,4000,3000,12000000,64,0,25,5028332042,19.80521544499061,34.98130842610855,56200,171,35.02149374649517
18,4000,3000,12000000,64,0,30,5334842546,21.786336481993203,34.9866123453459,33148,171,35.02149374649517
18,4000,3000,12000000,64,0,40,5897122885,25.7469287459935,34.99143006030497,25562,171,35.02149374649517
18,4000,3000,12000000,64,0,50,6862006301,30.724410966988216,34.99880568309784,30006,171,35.02149374649517
18,4000,3000,12000000,64,0,70,9265552181,42.46494527198229,35.01293667764018,22663,171,35.02149374649517
18,4000,3000,12000000,64,0,100,10590590684,52.30566251398341,35.02000632925389,13054,171,35.02149374649517
18,4000,3000,12000000,64,0,150,11283626163,62.64776900997458,35.02148825431399,673,171,35.02149374649517
19,5505,3670,20203350,64,0,1,1780076951,1.9353280620016449,39.86469063042294,1117603,123,40.09433812117628
19,5505,3670,20203350,64,0,2,2122435509,3.433143428999756,39.92192637248205,512483,123,40.09433812117628
19,5505,3670,20203350,64,0,3,2400439908,4.66413274200022,39.94800796948357,282884,123,40.09433812117628
19,5505,3670,20203350,64,0,5,2941259501,7.007258802001161,39.97521785675522,140446,123,40.09433812117628
19,5505,3670,20203350,64,0,7,3482760532,9.419558903999132,39.99152632573793,97903,123,40.09433812117628
19,5505,3670,20203350,64,0,10,4261476588,13.227401009004097,40.01713747221263,77811,123,40.09433812117628
19,5505,3670,20203350,64,0,15,5107916143,17.64521886300281,40.03231161025552,46371,123,40.09433812117628
19,5505,3670,20203350,64,0,20,5749960991,21.319020803002786,40.037542195129134,23593,123,40.09433812117628
19,5505,3670,20203350,64,0,25,6204207477,24.09696576099668,40.03943174570905,14785,123,40.09433812117628
19,5505,3670,20203350,64,0,30,6691473746,27.08293626098748,40.04162933171304,7546,123,40.09433812117628
19,5505,3670,20203350,64,0,40,8111058960,34.46725811298529,40.04603466405149,3379,123,40.09433812117628
19,5505,3670,20203350,64,0,50,10162850564,43.663954126990575,40.06724560225706,10414,123,40.09433812117628
19,5505,3670,20203350,64,0,70,13466348868,58.951024385987694,40.09013306452148,2786,123,40.09433812117628
19,5505,3670,20203350,64,0,100,15690982651,74.2728505309824,40.09379596511647,382,123,40.09433812117628
20,3264,2448,7990272,64,0,1,715551414,0.7793990730024234,35.39636481618449,586122,94,35.58632389989337
20,3264,2448,7990272,64,0,2,838277366,1.4518717380015005,35.44615933645422,290087,94,35.58632389989337
20,3264,2448,7990272,64,0,3,947481444,1.9678374860013719,35.471657786930464,201127,94,35.58632389989337
20,3264,2448,7990272,64,0,5,1111783936,2.9319570020015817,35.501855761745944,105326,94,35.58632389989337
20,3264,2448,7990272,64,0,7,1282627418,3.9366756250055914,35.522414482246646,97903,94,35.58632389989337
20,3264,2448,7990272,64,0,10,1533995126,5.324947702003556,35.542290176977005,67553,94,35.58632389989337
20,3264,2448,7990272,64,0,15,1969669701,7.486300078006025,35.56183200297259,41985,94,35.58632389989337
20,3264,2448,7990272,64,0,20,2350498219,9.449358007004776,35.57056911004204,15459,94,35.58632389989337
20,3264,2448,7990272,64,0,25,2623931335,10.981925923006202,35.57338370593905,11956,94,35.58632389989337
20,3264,2448,7990272,64,0,30,2822967890,12.231185774009646,35.575053085112444,9966,94,35.58632389989337
20,3264,2448,7990272,64,0,40,3265496923,14.980064633011352,35.577940857642965,10467,94,35.58632389989337
20,3264,2448,7990272,64,0,50,3705513157,18.105238950007333,35.58390242519563,8935,94,35.58632389989337
20,3264,2448,7990272,64,0,70,4399175635,22.326829486995848,35.586151190131034,2091,94,35.58632389989337
21,2455,3928,9643240,64,0,1,855999581,0.8959180730016669,31.769115320143023,648156,130,32.14526058966628
21,2455,3928,9643240,64,0,2,994777256,1.5471033880021423,31.879623781956784,443418,130,32.14526058966628
21,2455,3928,9643240,64,0,3,1163627006,2.228985208002996,31.952472648726605,388324,130,32.14526058966628
21,2455,3928,9643240,64,0,5,1421285205,3.596999905006669,32.024047180945935,203337,130,32.14526058966628
21,2455,3928,9643240,64,0,7,1642557066,4.731888924008672,32.059937541202416,141501,130,32.14526058966628
21,2455,3928,9643240,64,0,10,1912739560,6.160117697010719,32.0904919074343,126520,130,32.14526058966628
21,2455,3928,9643240,64,0,15,2251884402,8.048989642007655,32.11641536185974,54587,130,32.14526058966628
21,2455,3928,9643240,64,0,20,2524361246,9.884691922008642,32.12688601739222,33331,130,32.14526058966628
21,2455,3928,9643240,64,0,25,2728056247,11.585739668014867,32.13166127072893,25039,130,32.14526058966628
21,2455,3928,9643240,64,0,30,2895855945,12.770845709015703,32.13404963836932,18729,130,32.14526058966628
21,2455,3928,9643240,64,0,40,3189744772,15.152625764010736,32.13657010220149,7688,130,32.14526058966628
21,2455,3928,9643240,64,0,50,3407343331,17.287312998014386,32.13804297826494,12633,130,32.14526058966628
21,2455,3928,9643240,64,0,70,3890783268,21.61841111202375,32.14234345551044,11994,130,32.14526058966628
21,2455,3928,9643240,64,0,100,4569960930,27.68814348203159,32.14422369872417,1524,130,32.14526058966628
22,2000,3000,6000000,64,0,1,523048734,0.7195997429989802,31.766774000833394,423012,197,32.09518992580805
22,2000,3000,6000000,64,0,2,645821704,1.2208971089967235,31.86421392886015,212801,197,32.09518992580805
22,2000,3000,6000000,64,0,3,755251076,1.6952065719997336,31.91895166121443,171345,197,32.09518992580805
22,2000,3000,6000000,64,0,5,924909235,2.4088445540000976,31.97616258386748,111965,197,32.09518992580805
22,2000,3000,6000000,64,0,7,1066805963,3.0130127140000695,32.00466599151858,70115,197,32.09518992580805
22,2000,3000,6000000,64,0,10,1263465452,3.9363158390005992,32.020365564654014,37132,197,32.09518992580805
22,2000,3000,6000000,64,0,15,1557612578,5.289724980000756,32.038336824065276,23152,197,32.09518992580805
22,2000,3000,6000000,64,0,20,1847534394,6.620047390006221,32.055045546393366,25829,197,32.09518992580805
22,2000,3000,6000000,64,0,25,2119671933,7.848903719012014,32.06736101886203,16685,197,32.09518992580805
22,2000,3000,6000000,64,0,30,2309842248,8.938755225008208,32.07183779334078,9418,197,32.09518992580805
22,2000,3000,6000000,64,0,40,2548628792,10.463841419004893,32.078589694634104,21743,197,32.09518992580805
22,2000,3000,6000000,64,0,50,2741235993,11.849766940013069,32.08096306220593,3877,197,32.09518992580805
22,2000,3000,6000000,64,0,70,3103934827,14.839366698008234,32.091970478379125,3289,197,32.09518992580805
22,2000,3000,6000000,64,0,100,3565332918,18.910256911014585,32.09426342474521,2107,197,32.09518992580805
22,2000,3000,6000000,64,0,150,4004394616,24.148239756013936,32.095076211291655,451,197,32.09518992580805
23,2580,3870,9984600,64,0,1,907246548,1.3375416160015448,34.752079177218,665474,101,34.97656486381209
23,2580,3870,9984600,64,0,2,1142450190,2.38247506100015,34.81607519027381,377686,101,34.97656486381209
23,2580,3870,9984600,64,0,3,1363775133,3.3582514699992316,34.847538202166334,244905,101,34.97656486381209
23,2580,3870,9984600,64,0,5,1744643912,5.058611199998268,34.88400722005894,166151,101,34.97656486381209
23,2580,3870,9984600,64,0,7,2127824379,6.696103298996604,34.90544820632488,104393,101,34.97656486381209
23,2580,3870,9984600,64,0,10,2587792348,8.657400869997218,34.92537627240366,64624,101,34.97656486381209
23,2580,3870,9984600,64,0,15,3206265558,11.601334816994495,34.9430214147513,46256,101,34.97656486381209
23,2580,3870,9984600,64,0,20,3784224390,14.692797294996126,34.95432370516117,37795,101,34.97656486381209
23,2580,3870,9984600,64,0,25,4222220074,16.88722879299894,34.9596427012878,26086,101,34.97656486381209
23,2580,3870,9984600,64,0,30,4745648558,19.59248752500207,34.965549779006935,16862,101,34.97656486381209
23,2580,3870,9984600,64,0,40,6017714408,25.217925869001192,34.97431515462974,6033,101,34.97656486381209
23,2580,3870,9984600,64,0,50,6537043683,28.337741650007956,34.97554181563174,2487,101,34.97656486381209
23,2580,3870,9984600,64,0,70,7081456670,32.94462506300624,34.97637532334754,603,101,34.97656486381209
23,2580,3870,9984600,64,0,100,7430902271,37.81098818500686,34.97656486381209,10,101,34.97656486381209
24,2580,3870,9984600,64,0,1,954354982,1.2467934909982432,30.402932365975822,728345,240,30.65506440275431
24,2580,3870,9984600,64,0,2,1218089415,2.3614289949982776,30.47190944518134,418035,240,30.65506440275431
24,2580,3870,9984600,64,0,3,1461795722,3.4316985049954383,30.509699428392167,300553,240,30.65506440275431
24,2580,3870,9984600,64,0,5,1968465893,5.497718504993827,30.555184335696453,192449,240,30.65506440275431
24,2580,3870,9984600,64,0,7,2360629896,7.168784125995444,30.57910175305336,148824,240,30.65506440275431
24,2580,3870,9984600,64,0,10,2737908461,9.228776763993665,30.604611742698854,122534,240,30.65506440275431
24,2580,3870,9984600,64,0,15,3246217020,12.042952019994118,30.628037194987698,80907,240,30.65506440275431
24,2580,3870,9984600,64,0,20,3581999039,14.078440094988764,30.63938231757878,59456,240,30.65506440275431
24,2580,3870,9984600,64,0,25,3865468307,15.890243791989633,30.64434499200361,41068,240,30.65506440275431
24,2580,3870,9984600,64,0,30,4109256970,17.69779161799306,30.64679498903946,20633,240,30.65506440275431
24,2580,3870,9984600,64,0,40,4487718883,20.536389646989846,30.64912716829634,16239,240,30.65506440275431
24,2580,3870,9984600,64,0,50,4807475401,23.17841269798737,30.6503997976857,7862,240,30.65506440275431
24,2580,3870,9984600,64,0,70,5366991664,28.184015873994213,30.651781696242114,8367,240,30.65506440275431
24,2580,3870,9984600,64,0,100,5900902424,34.72194544099693,30.65278559248528,7330,240,30.65506440275431
24,2580,3870,9984600,64,0,150,6773877366,44.8541261349892,30.65436304055811,5624,240,30.65506440275431
24,2580,3870,9984600,64,0,200,7375043516,54.04291289898174,30.655030568442747,1793,240,30.65506440275431
25,2580,3870,9984600,64,0,1,911177894,1.1233262860005198,33.79907935209086,679398,66,34.03942962479431
25,2580,3870,9984600,64,0,2,1116596371,1.9799620930025412,33.86500854621646,393215,66,34.03942962479431
25,2580,3870,9984600,64,0,3,1305861961,2.759687223002402,33.90321097850534,281076,66,34.03942962479431
25,2580,3870,9984600,64,0,5,1608474377,4.100283681000292,33.94761614119979,219515,66,34.03942962479431
25,2580,3870,9984600,64,0,7,1834911073,5.099045525003021,33.97336350345932,148630,66,34.03942962479431
25,2580,3870,9984600,64,0,10,2109295389,6.6788729490072,33.99560172898406,128008,66,34.03942962479431
25,2580,3870,9984600,64,0,15,2524186853,8.787024520006526,34.01942194864341,82168,66,34.03942962479431
25,2580,3870,9984600,64,0,20,2789165407,10.338479758000176,34.02480755394999,20401,66,34.03942962479431
25,2580,3870,9984600,64,0,25,3002903667,11.74258770299275,34.02800684503452,23586,66,34.03942962479431
25,2580,3870,9984600,64,0,30,3228421895,13.317900086993177,34.03266898920405,22635,66,34.03942962479431
25,2580,3870,9984600,64,0,40,3570349446,15.83910319599454,34.036391309932945,18812,66,34.03942962479431
25,2580,3870,9984600,64,0,50,3904433353,18.244284610995237,34.03903545331924,6400,66,34.03942962479431
26,5299,3533,18721367,64,0,1,1807501266,2.4247095310020086,33.540435672466494,1622341,330,33.85394008113157
26,5299,3533,18721367,64,0,2,2227256692,4.176130400002876,33.61787756577329,792283,330,33.85394008113157
26,5299,3533,18721367,64,0,3,2669675203,5.858653154005879,33.660973515786964,740944,330,33.85394008113157
26,5299,3533,18721367,64,0,5,3406861995,9.084109517003526,33.710551405919524,413412,330,33.85394008113157
26,5299,3533,18721367,64,0,7,4006274728,11.823153400000592,33.738202617387046,253119,330,33.85394008113157
26,5299,3533,18721367,64,0,10,4901087703,15.718667467997875,33.76488010800949,157344,330,33.85394008113157
26,5299,3533,18721367,64,0,15,6186347470,21.615777847000572,33.79854870811686,126056,330,33.85394008113157
26,5299,3533,18721367,64,0,20,7242135182,26.766572990007262,33.81393288655337,92471,330,33.85394008113157
26,5299,3533,18721367,64,0,25,7996173970,30.625449604005553,33.8196071955965,46311,330,33.85394008113157
26,5299,3533,18721367,64,0,30,8584154753,34.04859856499752,33.82308633455787,30945,330,33.85394008113157
26,5299,3533,18721367,64,0,40,9780579013,40.6044712169969,33.827677218345265,27346,330,33.85394008113157
26,5299,3533,18721367,64,0,50,10806490131,46.87924770899917,33.83217027181185,24241,330,33.85394008113157
26,5299,3533,18721367,64,0,70,12287027768,57.22610695199546,33.83729009079972,12239,330,33.85394008113157
26,5299,3533,18721367,64,0,100,15960230726,77.39122894899992,33.851052172873764,10301,330,33.85394008113157
26,5299,3533,18721367,64,0,150,18344798140,97.90830580502006,33.8529390302205,1354,330,33.85394008113157
26,5299,3533,18721367,64,0,200,19832059268,114.51203043303758,33.85330365167747,3315,330,33.85394008113157
26,5299,3533,18721367,64,0,300,22531893684,148.6192493460294,33.85392606804083,484,330,33.85394008113157
27,2546,3300,8401800,64,0,1,736153336,0.9933870439999737,34.42738138291229,526555,162,34.72702596281554
27,2546,3300,8401800,64,0,2,887874720,1.6410458129976178,34.49294942676823,280480,162,34.72702596281554
27,2546,3300,8401800,64,0,3,1002739750,2.29214830899582,34.52870209223041,193782,162,34.72702596281554
27,2546,3300,8401800,64,0,5,1223060376,3.3381679729936877,34.56626261107813,112487,162,34.72702596281554
27,2546,3300,8401800,64,0,7,1446638671,4.384417752993613,34.58427605844632,67044,162,34.72702596281554
27,2546,3300,8401800,64,0,10,1749695074,6.034060046993545,34.60757056536085,70667,162,34.72702596281554
27,2546,3300,8401800,64,0,15,2125071285,7.954586448995542,34.635228574056875,115927,162,34.72702596281554
27,2546,3300,8401800,64,0,20,2392595177,9.555733338995196,34.65863571976858,51062,162,34.72702596281554
27,2546,3300,8401800,64,0,25,2618383340,11.050523673999123,34.66711489450995,34869,162,34.72702596281554
27,2546,3300,8401800,64,0,30,2826964413,12.5319463719934,34.67385461229179,27921,162,34.72702596281554
27,2546,3300,8401800,64,0,40,3307225260,15.549867065994476,34.686457460038824,15693,162,34.72702596281554
27,2546,3300,8401800,64,0,50,3659902915,18.09078311299163,34.692058056264734,10901,162,34.72702596281554
27,2546,3300,8401800,64,0,70,4495766442,23.42451405799511,34.70419702899107,9609,162,34.72702596281554
27,2546,3300,8401800,64,0,100,5651646395,31.146931166993454,34.72352003853691,8932,162,34.72702596281554
27,2546,3300,8401800,64,0,150,6564307533,40.08351767701242,34.727012714896524,471,162,34.72702596281554
28,5472,3648,19961856,64,0,1,1549149454,1.0085629300010623,37.699566827885405,946237,150,37.9636382697398
28,5472,3648,19961856,64,0,2,1755562340,1.8137924570000905,37.765034984804004,332302,150,37.9636382697398
28,5472,3648,19961856,64,0,3,1956758371,2.813302634000138,37.80212282520249,196333,150,37.9636382697398
28,5472,3648,19961856,64,0,5,2295130109,4.274938328999269,37.84662235655415,87497,150,37.9636382697398
28,5472,3648,19961856,64,0,7,2604692137,5.684598319996439,37.87354577489536,75686,150,37.9636382697398
28,5472,3648,19961856,64,0,10,3012687971,7.762933541995153,37.90292137897961,50504,150,37.9636382697398
28,5472,3648,19961856,64,0,15,3648502554,11.151930663992971,37.92390955405751,30552,150,37.9636382697398
28,5472,3648,19961856,64,0,20,4163097457,14.064451603993803,37.93444791886256,20954,150,37.9636382697398
28,5472,3648,19961856,64,0,25,4645745520,16.79856142299468,37.93997624541078,12161,150,37.9636382697398
28,5472,3648,19961856,64,0,30,4987243821,18.963133312994614,37.94451217072408,14692,150,37.9636382697398
28,5472,3648,19961856,64,0,40,5429439774,22.896988736007188,37.94734618872871,4489,150,37.9636382697398
28,5472,3648,19961856,64,0,50,5811425704,26.647614664001594,37.949213171542475,4086,150,37.9636382697398
28,5472,3648,19961856,64,0,70,6925086535,35.20001163699999,37.956306727685984,8816,150,37.9636382697398
28,5472,3648,19961856,64,0,100,8306189484,46.64227388699874,37.962647157889,2138,150,37.9636382697398
28,5472,3648,19961856,64,0,150,9208261835,61.29809239098904,37.9636382697398,0,150,37.9636382697398
29,1334,2000,2668000,64,0,1,262278266,0.3503008029983903,30.254448448840154,213137,245,30.590933407735385
29,1334,2000,2668000,64,0,2,335705960,0.6383374069991987,30.339970157645585,131702,245,30.590933407735385
29,1334,2000,2668000,64,0,3,414160365,0.9096936939968145,30.394964073450264,99651,245,30.590933407735385
29,1334,2000,2668000,64,0,5,542556951,1.380215290995693,30.450606925365662,60841,245,30.590933407735385
29,1334,2000,2668000,64,0,7,635887844,1.7565612789985607,30.47775545288836,48716,245,30.590933407735385
29,1334,2000,2668000,64,0,10,741036333,2.328164584996557,30.504775036530447,36549,245,30.590933407735385
29,1334,2000,2668000,64,0,15,874233912,2.976776034993236,30.530455010234387,27432,245,30.590933407735385
29,1334,2000,2668000,64,0,20,1009197799,3.6334722059982596,30.547837670599037,19977,245,30.590933407735385
29,1334,2000,2668000,64,0,25,1153579657,4.407224321003014,30.55690160452029,10536,245,30.590933407735385
29,1334,2000,2668000,64,0,30,1264757142,5.027371520998713,30.561555437090494,6326,245,30.590933407735385
29,1334,2000,2668000,64,0,40,1403277100,5.877976995005156,30.56485257097071,3426,245,30.590933407735385
29,1334,2000,2668000,64,0,50,1496354226,6.504726047016447,30.56595989672999,1838,245,30.590933407735385
29,1334,2000,2668000,64,0,70,1817666873,8.245072308007366,30.570258084528486,3298,245,30.590933407735385
29,1334,2000,2668000,64,0,100,2327060662,11.090072623992455,30.576443916554087,1078,245,30.590933407735385
29,1334,2000,2668000,64,0,150,2708161585,14.155342889003805,30.578731172554996,1831,245,30.590933407735385
29,1334,2000,2668000,64,0,200,3266880492,17.645259888005967,30.590749332922226,612,245,30.590933407735385
30,3280,2187,7173360,64,0,1,674274986,0.8465260709999711,30.330275643599336,611423,440,30.740738865779097
30,3280,2187,7173360,64,0,2,848061316,1.6310351350002747,30.44412652791972,359713,440,30.740738865779097
30,3280,2187,7173360,64,0,3,999987941,2.279753028000414,30.498835841261688,249804,440,30.740738865779097
30,3280,2187,7173360,64,0,5,1215002911,3.311442639998859,30.553550295773526,153211,440,30.740738865779097
30,3280,2187,7173360,64,0,7,1400970506,4.3177589859988075,30.58324456794889,116959,440,30.740738865779097
30,3280,2187,7173360,64,0,10,1654419165,5.73224939499778,30.617199468156883,99703,440,30.740738865779097
30,3280,2187,7173360,64,0,15,2106091998,8.009834861000854,30.668509232940377,83780,440,30.740738865779097
30,3280,2187,7173360,64,0,20,2512137626,10.083298866000405,30.70187051377789,65783,440,30.740738865779097
30,3280,2187,7173360,64,0,25,2880666554,12.000386929001252,30.716864911537513,39546,440,30.740738865779097
30,3280,2187,7173360,64,0,30,3062801180,13.28556389100413,30.722301720719432,28019,440,30.740738865779097
30,3280,2187,7173360,64,0,40,3343481800,15.401949896004226,30.72803383136911,18914,440,30.740738865779097
30,3280,2187,7173360,64,0,50,3513834291,17.0751213100084,30.730168798667293,12558,440,30.740738865779097
30,3280,2187,7173360,64,0,70,3773669797,20.329075981007918,30.731777465338507,4874,440,30.740738865779097
30,3280,2187,7173360,64,0,100,4106654350,24.6161881810076,30.732765434721404,1545,440,30.740738865779097
30,3280,2187,7173360,64,0,150,4476939238,30.993667061011365,30.733424713979186,2599,440,30.740738865779097
30,3280,2187,7173360,64,0,200,5066141941,37.873229803008144,30.734631299708237,2781,440,30.740738865779097
30,3280,2187,7173360,64,0,300,7027789972,55.42915280402667,30.7397680348708,2924,440,30.740738865779097
31,3281,2187,7175547,64,0,1,650902848,0.7712630899986834,35.57621265513073,425508,99,35.84935777276241
31,3281,2187,7175547,64,0,2,812264952,1.4159058939985698,35.6326875344709,211446,99,35.84935777276241
31,3281,2187,7175547,64,0,3,925444108,1.8806425330003549,35.663820077589094,152008,99,35.84935777276241
31,3281,2187,7175547,64,0,5,1136740103,2.771370859001763,35.706501867639695,105319,99,35.84935777276241
31,3281,2187,7175547,64,0,7,1355738520,3.75110451799992,35.741038274690474,97986,99,35.84935777276241
31,3281,2187,7175547,64,0,10,1652867922,5.128353631000209,35.78856601903723,66705,99,35.84935777276241
31,3281,2187,7175547,64,0,15,2019126720,6.885314564999135,35.813021383375634,53085,99,35.84935777276241
31,3281,2187,7175547,64,0,20,2306616014,8.333879717996751,35.82882281123826,36954,99,35.84935777276241
31,3281,2187,7175547,64,0,25,2548966752,10.108614418000798,35.83609064479087,14935,99,35.84935777276241
31,3281,2187,7175547,64,0,30,2748098178,11.251939485002367,35.84028507756402,9175,99,35.84935777276241
31,3281,2187,7175547,64,0,40,3097223168,13.320878581002034,35.845505031920254,8533,99,35.84935777276241
31,3281,2187,7175547,64,0,50,3394181643,15.2345810049992,35.84883050556913,14007,99,35.84935777276241
31,3281,2187,7175547,64,0,70,3629172785,17.84860169199601,35.849280102121,77,99,35.84935777276241
32,2759,2280,6290520,64,0,1,555567948,0.5282361179997679,34.74225983426335,575570,214,35.09174106158544
32,2759,2280,6290520,64,0,2,671760952,0.9964824269991368,34.83812442576823,136911,214,35.09174106158544
32,2759,2280,6290520,64,0,3,781605684,1.4127307229973667,34.89847975697411,107027,214,35.09174106158544
32,2759,2280,6290520,64,0,5,970374042,2.16238385899851,34.96653753988099,77002,214,35.09174106158544
32,2759,2280,6290520,64,0,7,1140475346,2.8190203759986616,35.00279407002918,47804,214,35.09174106158544
32,2759,2280,6290520,64,0,10,1378467436,3.786257325005863,35.02947613161319,29089,214,35.09174106158544
32,2759,2280,6290520,64,0,15,1672348198,5.074133342008281,35.050078988344595,17736,214,35.09174106158544
32,2759,2280,6290520,64,0,20,1899467743,6.235376251010166,35.06048990611132,11876,214,35.09174106158544
32,2759,2280,6290520,64,0,25,2079508227,7.163087172004452,35.06632431571995,7935,214,35.09174106158544
32,2759,2280,6290520,64,0,30,2238296370,8.078600018001453,35.069628370851625,6447,214,35.09174106158544
32,2759,2280,6290520,64,0,40,2590084258,10.019683527003508,35.075363668706984,6639,214,35.09174106158544
32,2759,2280,6290520,64,0,50,3010089337,12.115488605999417,35.08188350573798,4194,214,35.09174106158544
32,2759,2280,6290520,64,0,70,3443243830,15.215553529993485,35.0851634295232,2231,214,35.09174106158544
32,2759,2280,6290520,64,0,100,4021849489,19.066855702985777,35.090009588898006,3672,214,35.09174106158544
32,2759,2280,6290520,64,0,150,4532608628,24.436870576999354,35.09166658616116,82,214,35.09174106158544
32,2759,2280,6290520,64,0,200,4770760099,28.850752774993452,35.09173895374594,41,214,35.09174106158544
33,1560,2340,3650400,64,0,1,324824549,0.4624378029984655,34.80986736890665,296484,139,35.14182965464387
33,1560,2340,3650400,64,0,2,395803426,0.7496888149980805,34.88047947240729,152196,139,35.14182965464387
33,1560,2340,3650400,64,0,3,466855704,1.0294958819977182,34.922969768407384,86527,139,35.14182965464387
33,1560,2340,3650400,64,0,5,598361860,1.546619088996522,34.97930721059906,42003,139,35.14182965464387
33,1560,2340,3650400,64,0,7,713135915,2.061593610993441,35.01526668111417,30484,139,35.14182965464387
33,1560,2340,3650400,64,0,10,854540773,2.6819037209897942,35.04434251614087,16518,139,35.14182965464387
33,1560,2340,3650400,64,0,15,1027054830,3.4951356339879567,35.06472862546212,9066,139,35.14182965464387
33,1560,2340,3650400,64,0,20,1199232334,4.4295109219892765,35.07890368427386,7626,139,35.14182965464387
33,1560,2340,3650400,64,0,25,1417613792,5.534883889995399,35.09794110808023,6481,139,35.14182965464387
33,1560,2340,3650400,64,0,30,1601832609,6.393262480993144,35.112816300129396,7528,139,35.14182965464387
33,1560,2340,3650400,64,0,40,1834543089,7.649119158995745,35.12161395529533,2658,139,35.14182965464387
33,1560,2340,3650400,64,0,50,2047781902,8.76111562999722,35.12522210981797,2446,139,35.14182965464387
33,1560,2340,3650400,64,0,70,2789190500,12.260711476999859,35.13807801799017,1745,139,35.14182965464387
33,1560,2340,3650400,64,0,100,3284752763,15.55069220000587,35.14168054132701,249,139,35.14182965464387
34,3291,2186,7194126,64,0,1,642669624,0.6908786509993661,32.41017162573638,616485,149,32.737814078143266
34,3291,2186,7194126,64,0,2,811876690,1.33754743299869,32.48811397871703,295832,149,32.737814078143266
34,3291,2186,7194126,64,0,3,953893163,1.912238486998831,32.53569607601486,200384,149,32.737814078143266
34,3291,2186,7194126,64,0,5,1209578567,2.9834323399991263,32.598618279798345,117483,149,32.737814078143266
34,3291,2186,7194126,64,0,7,1432393781,3.90030533800018,32.63475860523301,88816,149,32.737814078143266
34,3291,2186,7194126,64,0,10,1760927093,5.357060446000105,32.677915692452515,70991,149,32.737814078143266
34,3291,2186,7194126,64,0,15,2079203546,7.020168546005152,32.69559636133715,43267,149,32.737814078143266
34,3291,2186,7194126,64,0,20,2304040087,8.482855856000242,32.70283254214917,24666,149,32.737814078143266
34,3291,2186,7194126,64,0,25,2499146106,9.770636373999878,32.70812117445236,20120,149,32.737814078143266
34,3291,2186,7194126,64,0,30,2684720915,10.916081968996878,32.71223086122086,17400,149,32.737814078143266
34,3291,2186,7194126,64,0,40,3072202573,13.13157038799909,32.719102030419194,14618,149,32.737814078143266
34,3291,2186,7194126,64,0,50,3417823636,15.180572923,32.724499113108706,10691,149,32.737814078143266
34,3291,2186,7194126,64,0,70,4125541440,19.483957805994578,32.73306948153929,11561,149,32.737814078143266
34,3291,2186,7194126,64,0,100,5045435886,25.112594558002456,32.737285487179825,1566,149,32.737814078143266
35,1560,2340,3650400,64,0,1,356329321,0.5774974380001368,30.820635864053113,337777,107,31.160127986253286
35,1560,2340,3650400,64,0,2,433555145,0.8716380260011647,30.919977291598254,201052,107,31.160127986253286
35,1560,2340,3650400,64,0,3,523415216,1.192491453999537,30.97492541640912,145298,107,31.160127986253286
35,1560,2340,3650400,64,0,5,682054984,1.7719623039993166,31.039819644183247,91129,107,31.160127986253286
35,1560,2340,3650400,64,0,7,803047098,2.2790226959950814,31.07665525341489,64898,107,31.160127986253286
35,1560,2340,3650400,64,0,10,969719679,2.9771880229964154,31.103260592460572,39983,107,31.160127986253286
35,1560,2340,3650400,64,0,15,1189367227,4.014922940994438,31.119957841974912,24239,107,31.160127986253286
35,1560,2340,3650400,64,0,20,1371003943,4.896350357001211,31.13163577987057,24987,107,31.160127986253286
35,1560,2340,3650400,64,0,25,1562706238,5.916747299997951,31.140172350695625,18162,107,31.160127986253286
35,1560,2340,3650400,64,0,30,1702029896,6.7495276059962634,31.1472048237123,16851,107,31.160127986253286
35,1560,2340,3650400,64,0,40,1968437850,8.165822596991347,31.154102571458214,7900,107,31.160127986253286
35,1560,2340,3650400,64,0,50,2160887021,9.292620636988431,31.156993742276423,5847,107,31.160127986253286
35,1560,2340,3650400,64,0,70,2378728286,11.010091302992805,31.15958013704622,3917,107,31.160127986253286
35,1560,2340,3650400,64,0,100,2541996687,12.952259058998607,31.160127877651615,30,107,31.160127986253286
36,1560,2340,3650400,64,0,1,322211847,0.3305353030009428,35.533876837785655,278557,140,35.88312094885558
36,1560,2340,3650400,64,0,2,396499864,0.6223799949984823,35.61851122365979,149946,140,35.88312094885558
36,1560,2340,3650400,64,0,3,463300636,0.8665953459967568,35.66360678883446,102087,140,35.88312094885558
36,1560,2340,3650400,64,0,5,584674172,1.3904767019921564,35.72506025192327,54997,140,35.88312094885558
36,1560,2340,3650400,64,0,7,705829009,1.8372265259931737,35.75567890203287,46921,140,35.88312094885558
36,1560,2340,3650400,64,0,10,827838943,2.3190450679903734,35.7824267297645,25371,140,35.88312094885558
36,1560,2340,3650400,64,0,15,1030707930,3.096096174995182,35.80827675963208,19880,140,35.88312094885558
36,1560,2340,3650400,64,0,20,1192557137,3.851982608994149,35.82774024435451,21915,140,35.88312094885558
36,1560,2340,3650400,64,0,25,1336296546,4.523565338997287,35.83982936672705,6917,140,35.88312094885558
36,1560,2340,3650400,64,0,30,1459793097,5.101888455996232,35.84542241051733,7577,140,35.88312094885558
36,1560,2340,3650400,64,0,40,1696239219,6.324471692998486,35.856545239114794,5569,140,35.88312094885558
36,1560,2340,3650400,64,0,50,1912931747,7.4083765859941195,35.86378008326837,7203,140,35.88312094885558
36,1560,2340,3650400,64,0,70,2397247502,9.728933672991843,35.87921090660474,2306,140,35.88312094885558
36,1560,2340,3650400,64,0,100,2714147068,11.958902844995464,35.883044537220854,194,140,35.88312094885558
37,3281,2187,7175547,64,0,1,637496410,0.6786047880013939,36.70213594983448,388423,117,36.97665622391553
37,3281,2187,7175547,64,0,2,759528571,1.3323974880040623,36.769417825450084,258350,117,36.97665622391553
37,3281,2187,7175547,64,0,3,884598455,1.8535961970046628,36.80852094215979,167138,117,36.97665622391553
37,3281,2187,7175547,64,0,5,1112357455,2.861620566003694,36.845935765714025,88837,117,36.97665622391553
37,3281,2187,7175547,64,0,7,1291414225,3.6852902530044958,36.86410080252374,69831,117,36.97665622391553
37,3281,2187,7175547,64,0,10,1506259674,4.827839897006925,36.88132964848303,45913,117,36.97665622391553
37,3281,2187,7175547,64,0,15,1756883424,6.325374679006927,36.8956397907333,28276,117,36.97665622391553
37,3281,2187,7175547,64,0,20,1964153804,7.552987980005128,36.90601047266473,26161,117,36.97665622391553
37,3281,2187,7175547,64,0,25,2181454220,8.792546368003968,36.91635285070997,29641,117,36.97665622391553
37,3281,2187,7175547,64,0,30,2456928168,10.32832302699535,36.93059405882279,28429,117,36.97665622391553
37,3281,2187,7175547,64,0,40,2968002129,13.449406941988855,36.95150591586091,20811,117,36.97665622391553
37,3281,2187,7175547,64,0,50,3482258817,16.265578956990794,36.967825940317155,11535,117,36.97665622391553
37,3281,2187,7175547,64,0,70,4019399441,20.0719113529849,36.97463386446249,3306,117,36.97665622391553
37,3281,2187,7175547,64,0,100,4401206246,24.094873419991927,36.97631100294555,1536,117,36.97665622391553
38,3280,2187,7173360,64,0,1,652643825,0.7298203059981461,34.17929368684493,623598,205,34.505413623211886
38,3280,2187,7173360,64,0,2,797725760,1.4254697249962192,34.24488767931571,270726,205,34.505413623211886
38,3280,2187,7173360,64,0,3,924206887,1.9876782349965652,34.27879674828685,193326,205,34.505413623211886
38,3280,2187,7173360,64,0,5,1144439441,2.9535404189955443,34.320117221319116,137360,205,34.505413623211886
38,3280,2187,7173360,64,0,7,1384993664,4.117461050995189,34.34944203907722,104378,205,34.505413623211886
38,3280,2187,7173360,64,0,10,1755996081,5.778795779991924,34.38194418955351,91440,205,34.505413623211886
38,3280,2187,7173360,64,0,15,2258717330,8.015548600986222,34.416478368129354,62950,205,34.505413623211886
38,3280,2187,7173360,64,0,20,2702315127,10.380579043987382,34.44142915495432,60104,205,34.505413623211886
38,3280,2187,7173360,64,0,25,3002909620,12.011351516990544,34.45838177935637,42558,205,34.505413623211886
38,3280,2187,7173360,64,0,30,3218412420,13.311337962990365,34.46460973326463,25238,205,34.505413623211886
38,3280,2187,7173360,64,0,40,3666270315,15.913193771986698,34.471837019793654,13973,205,34.505413623211886
38,3280,2187,7173360,64,0,50,4095026487,18.37081432798732,34.47719124194103,9986,205,34.505413623211886
38,3280,2187,7173360,64,0,70,4602560628,22.123669299980975,34.482355447406775,11392,205,34.505413623211886
38,3280,2187,7173360,64,0,100,5287955183,27.3759105349709,34.485456818360575,2591,205,34.505413623211886
38,3280,2187,7173360,64,0,150,6871425876,37.47921105799105,34.496165882349636,3293,205,34.505413623211886
38,3280,2187,7173360,64,0,200,8434773717,47.47689704699951,34.50541212618421,322,205,34.505413623211886
39,3281,2187,7175547,64,0,1,695934069,0.8239183919977222,34.13050994110226,615972,346,34.523513188720194
39,3281,2187,7175547,64,0,2,898261650,1.517484523999883,34.20738176190437,382159,346,34.523513188720194
39,3281,2187,7175547,64,0,3,1113764904,2.276764121997985,34.24496064499642,189527,346,34.523513188720194
39,3281,2187,7175547,64,0,5,1540708935,3.8458909800028778,34.285201188565935,90771,346,34.523513188720194
39,3281,2187,7175547,64,0,7,1932538016,5.129041110001708,34.31109365645689,100313,346,34.523513188720194
39,3281,2187,7175547,64,0,10,2445267734,6.953774641002383,34.3408527070566,43853,346,34.523513188720194
39,3281,2187,7175547,64,0,15,3319560142,10.167233357005898,34.374791703030056,30917,346,34.523513188720194
39,3281,2187,7175547,64,0,20,4177835602,13.223390035003831,34.407226309609456,33034,346,34.523513188720194
39,3281,2187,7175547,64,0,25,4901053896,15.960478786004387,34.434218506373135,31054,346,34.523513188720194
39,3281,2187,7175547,64,0,30,5446250100,18.275538043002598,34.44783694044851,19024,346,34.523513188720194
39,3281,2187,7175547,64,0,40,6233426237,21.68059585100127,34.46088154883298,26357,346,34.523513188720194
39,3281,2187,7175547,64,0,50,6687258992,24.252918108002632,34.46672372817637,7936,346,34.523513188720194
39,3281,2187,7175547,64,0,70,7775679523,29.785792330007098,34.478446070670074,9656,346,34.523513188720194
39,3281,2187,7175547,64,0,100,9196295015,37.20480192900504,34.487812626919435,4997,346,34.523513188720194
39,3281,2187,7175547,64,0,150,12678139468,54.0583218130123,34.51834929551047,17995,346,34.523513188720194
39,3281,2187,7175547,64,0,200,13911073267,63.00352154900247,34.51974336742127,866,346,34.523513188720194
39,3281,2187,7175547,64,0,300,16006230646,79.96130059398638,34.523385560990405,449,346,34.523513188720194
40,3280,2187,7173360,64,0,1,623647730,0.6467213190007897,32.288966546499196,528437,233,32.63135730254697
40,3280,2187,7173360,64,0,2,749517131,1.1747894799991627,32.432475891035814,293226,233,32.63135730254697
40,3280,2187,7173360,64,0,3,890836307,1.7933365799981402,32.48856686826214,178960,233,32.63135730254697
40,3280,2187,7173360,64,0,5,1074355421,2.9116006609983742,32.53080752876865,81894,233,32.63135730254697
40,3280,2187,7173360,64,0,7,1244931982,3.8764264510027715,32.54904481247304,61289,233,32.63135730254697
40,3280,2187,7173360,64,0,10,1433450483,4.814354351001384,32.56380713762789,38217,233,32.63135730254697
40,3280,2187,7173360,64,0,15,1747434172,6.52038918299877,32.5802449642635,29546,233,32.63135730254697
40,3280,2187,7173360,64,0,20,2054595233,8.190057660998718,32.59373186320042,22963,233,32.63135730254697
40,3280,2187,7173360,64,0,25,2248634068,9.484327049001877,32.59939080717003,16198,233,32.63135730254697
40,3280,2187,7173360,64,0,30,2408806648,10.483764326003438,32.602728469363235,11233,233,32.63135730254697
40,3280,2187,7173360,64,0,40,2681797058,12.451394450999942,32.60646397235347,6508,233,32.63135730254697
40,3280,2187,7173360,64,0,50,2970517315,14.298121593998076,32.60986746361654,7841,233,32.63135730254697
40,3280,2187,7173360,64,0,70,3486883938,17.83617701399635,32.61445098235567,4357,233,32.63135730254697
40,3280,2187,7173360,64,0,100,3890187628,22.01643475899982,32.615566185494906,2067,233,32.63135730254697
40,3280,2187,7173360,64,0,150,4482455283,28.54196879097799,32.616935005158055,2166,233,32.63135730254697
40,3280,2187,7173360,64,0,200,6088568148,39.07662642798823,32.63112570848702,2079,233,32.63135730254697
41,1707,2273,3880011,64,0,1,365007402,0.4371748759986076,31.645271046857083,334922,260,32.01049796421538
41,1707,2273,3880011,64,0,2,439254582,0.7549351979978383,31.727142429511858,191861,260,32.01049796421538
41,1707,2273,3880011,64,0,3,524805513,1.1093561769994267,31.778575737851142,146351,260,32.01049796421538
41,1707,2273,3880011,64,0,5,676865698,1.8357022370000777,31.8419514377849,88513,260,32.01049796421538
41,1707,2273,3880011,64,0,7,799798668,2.4279179960030888,31.876312419069205,67428,260,32.01049796421538
41,1707,2273,3880011,64,0,10,931708206,3.054368217006413,31.903768807066754,51748,260,32.01049796421538
41,1707,2273,3880011,64,0,15,1154553600,4.109916236007848,31.930764433003887,36480,260,32.01049796421538
41,1707,2273,3880011,64,0,20,1330945272,5.029912050013081,31.947775566447515,28721,260,32.01049796421538
41,1707,2273,3880011,64,0,25,1525754717,6.010637063012837,31.9623424855433,21301,260,32.01049796421538
41,1707,2273,3880011,64,0,30,1674760297,7.0930240820162,31.971059564869332,19188,260,32.01049796421538
41,1707,2273,3880011,64,0,40,1899057450,8.519095670013485,31.981070509770603,10983,260,32.01049796421538
41,1707,2273,3880011,64,0,50,2060158724,9.827031228011037,31.985993134587858,10633,260,32.01049796421538
41,1707,2273,3880011,64,0,70,2386393472,12.09864245200879,31.992366620675238,8835,260,32.01049796421538
41,1707,2273,3880011,64,0,100,2950646418,15.930837582011009,32.00634519335286,5072,260,32.01049796421538
41,1707,2273,3880011,64,0,150,3422237748,20.24853949500539,32.008886168465445,3237,260,32.01049796421538
41,1707,2273,3880011,64,0,200,3768849111,23.867428236022533,32.01027489358655,608,260,32.01049796421538
42,3286,2187,7186482,64,0,1,633084951,0.709480629000609,39.85690234982976,515978,449,40.14726310896474
42,3286,2187,7186482,64,0,2,806235554,1.3309868539981835,39.938172302050596,259036,449,40.14726310896474
42,3286,2187,7186482,64,0,3,977574720,1.9998985019992688,39.9935001781494,189949,449,40.14726310896474
42,3286,2187,7186482,64,0,5,1297546842,3.1673865070006286,40.06459721489429,74291,449,40.14726310896474
42,3286,2187,7186482,64,0,7,1543824004,4.2315481069963425,40.08358947396609,45081,449,40.14726310896474
42,3286,2187,7186482,64,0,10,1825610372,5.616327858999284,40.097736808981786,17904,449,40.14726310896474
42,3286,2187,7186482,64,0,15,2232378263,7.324388916000316,40.10653064934196,10265,449,40.14726310896474
42,3286,2187,7186482,64,0,20,2540481732,8.768116001996532,40.109931553013865,5386,449,40.14726310896474
42,3286,2187,7186482,64,0,25,2854930085,10.401882979993388,40.11314938047717,4825,449,40.14726310896474
42,3286,2187,7186482,64,0,30,3130075339,11.672572103987477,40.11512072603762,2638,449,40.14726310896474
42,3286,2187,7186482,64,0,40,3718475389,14.424124271987239,40.11917321289588,1912,449,40.14726310896474
42,3286,2187,7186482,64,0,50,4366032386,17.257524313983595,40.12578188387273,2294,449,40.14726310896474
42,3286,2187,7186482,64,0,70,5318918016,21.955773285979376,40.1312192056364,692,449,40.14726310896474
42,3286,2187,7186482,64,0,100,6330135601,27.768748235983367,40.1336429953946,284,449,40.14726310896474
42,3286,2187,7186482,64,0,150,7852126672,36.891816786985146,40.13545999831675,567,449,40.14726310896474
42,3286,2187,7186482,64,0,200,9301477682,46.419385032979335,40.136983185132316,174,449,40.14726310896474
42,3286,2187,7186482,64,0,300,12484900109,65.02519878198291,40.14101306042379,533,449,40.14726310896474
43,1562,2334,3645708,64,0,1,337915733,0.4757997009983228,32.44546831504552,281987,297,32.78828106863314
43,1562,2334,3645708,64,0,2,416913644,0.7963646270000027,32.53622086412415,169102,297,32.78828106863314
43,1562,2334,3645708,64,0,3,487935236,1.1257525319997512,32.58296085946226,129928,297,32.78828106863314
43,1562,2334,3645708,64,0,5,592405098,1.6211285699973814,32.6285928425306,72030,297,32.78828106863314
43,1562,2334,3645708,64,0,7,683927219,2.159099594999134,32.653213014598904,59433,297,32.78828106863314
43,1562,2334,3645708,64,0,10,819159813,2.8330842239993217,32.6745343401459,33964,297,32.78828106863314
43,1562,2334,3645708,64,0,15,1063429820,3.9334413109972957,32.706563812358134,28793,297,32.78828106863314
43,1562,2334,3645708,64,0,20,1260712964,4.861102808994474,32.72291857009724,14862,297,32.78828106863314
43,1562,2334,3645708,64,0,25,1438590163,5.784855859990785,32.73325253306876,11283,297,32.78828106863314
43,1562,2334,3645708,64,0,30,1580940836,6.510194655991654,32.74085162337997,8542,297,32.78828106863314
43,1562,2334,3645708,64,0,40,1830887810,7.818551465996279,32.750870737483034,6545,297,32.78828106863314
43,1562,2334,3645708,64,0,50,2026137362,9.104981760989176,32.75554187406581,3346,297,32.78828106863314
43,1562,2334,3645708,64,0,70,2353317371,11.28835359797813,32.759516543925955,3106,297,32.78828106863314
43,1562,2334,3645708,64,0,100,2991563084,15.033066867981688,32.76957955052187,4206,297,32.78828106863314
43,1562,2334,3645708,64,0,150,3742733834,20.251513613973657,32.7839565696744,1360,297,32.78828106863314
43,1562,2334,3645708,64,0,200,4204387541,24.328085970970278,32.78747139044577,1105,297,32.78828106863314
44,1567,2312,3622904,64,0,1,336561432,0.35256900999956997,38.2438513811984,398847,44,38.54439185084193
44,1567,2312,3622904,64,0,2,412657489,0.6415220159979071,38.348265015885175,182316,44,38.54439185084193
44,1567,2312,3622904,64,0,3,473273812,0.9568848949966196,38.395894535674294,93921,44,38.54439185084193
44,1567,2312,3622904,64,0,5,595973140,1.4760211139982857,38.44346862999981,46964,44,38.54439185084193
44,1567,2312,3622904,64,0,7,708858273,1.9708122829979402,38.4751628948794,34975,44,38.54439185084193
44,1567,2312,3622904,64,0,10,848207024,2.5918992349979817,38.495874779727416,16922,44,38.54439185084193
44,1567,2312,3622904,64,0,15,1127741354,3.6942519339972932,38.52956415407695,10723,44,38.54439185084193
44,1567,2312,3622904,64,0,20,1354831221,4.640708735998487,38.54191318999405,3629,44,38.54439185084193
44,1567,2312,3622904,64,0,25,1449926525,5.160975835995487,38.543798777309476,1360,44,38.54439185084193
44,1567,2312,3622904,64,0,30,1517836945,5.588052921990311,38.54421742923666,584,44,38.54439185084193
44,1567,2312,3622904,64,0,40,1586962368,6.213613065989193,38.54438604518179,334,44,38.54439185084193
45,1558,2352,3664416,64,0,1,334119205,0.3835419400020328,36.529317268433445,244965,125,36.85921461351311
45,1558,2352,3664416,64,0,2,423204289,0.7572458730028302,36.60340156697914,119839,125,36.85921461351311
45,1558,2352,3664416,64,0,3,495046242,1.0368179680044705,36.64712812684856,81256,125,36.85921461351311
45,1558,2352,3664416,64,0,5,662795898,1.627711379001994,36.7109500115395,62032,125,36.85921461351311
45,1558,2352,3664416,64,0,7,810768287,2.2327710110039334,36.75245816363307,50901,125,36.85921461351311
45,1558,2352,3664416,64,0,10,979689393,2.9086019700043835,36.794480202199196,31969,125,36.85921461351311
45,1558,2352,3664416,64,0,15,1292973567,4.146739206007624,36.83142802617627,19715,125,36.85921461351311
45,1558,2352,3664416,64,0,20,1593395648,5.406293605006795,36.84757168546228,12980,125,36.85921461351311
45,1558,2352,3664416,64,0,25,1814148884,6.436650407013076,36.851904102360145,4277,125,36.85921461351311
45,1558,2352,3664416,64,0,30,1984933819,7.234466926020104,36.85353806120262,1788,125,36.85921461351311
45,1558,2352,3664416,64,0,40,2256873076,8.660336674020073,36.856050321727636,1295,125,36.85921461351311
45,1558,2352,3664416,64,0,50,2493928830,9.921053429021413,36.8579087443504,1436,125,36.85921461351311
45,1558,2352,3664416,64,0,70,2752138305,11.845158434021869,36.858840596540645,184,125,36.85921461351311
45,1558,2352,3664416,64,0,100,3071451590,14.252799774007144,36.85906414595989,139,125,36.85921461351311
46,1560,2340,3650400,64,0,1,306813674,0.2663485920020321,34.3208500600356,296578,109,34.61125284453738
46,1560,2340,3650400,64,0,2,362410824,0.4991541439994762,34.40697272008186,120547,109,34.61125284453738
46,1560,2340,3650400,64,0,3,411766018,0.752917186000559,34.44763508522427,80548,109,34.61125284453738
46,1560,2340,3650400,64,0,5,496103792,1.1529105989975506,34.48718591374319,50321,109,34.61125284453738
46,1560,2340,3650400,64,0,7,571409240,1.48825936299545,34.5071378207119,51277,109,34.61125284453738
46,1560,2340,3650400,64,0,10,645034262,1.8674621519967332,34.528527562356686,40834,109,34.61125284453738
46,1560,2340,3650400,64,0,15,767901192,2.5896867269984796,34.543783647360016,23132,109,34.61125284453738
46,1560,2340,3650400,64,0,20,902679384,3.2648206559970276,34.55461087818329,6832,109,34.61125284453738
46,1560,2340,3650400,64,0,25,1053049260,3.973711951999576,34.563583916607755,4914,109,34.61125284453738
46,1560,2340,3650400,64,0,30,1228933816,4.718481832995167,34.57690871659309,5347,109,34.61125284453738
46,1560,2340,3650400,64,0,40,1466338658,5.946266624996497,34.58703923384725,2952,109,34.61125284453738
46,1560,2340,3650400,64,0,50,1722213983,7.180670512985671,34.59847605868175,3789,109,34.61125284453738
46,1560,2340,3650400,64,0,70,2076609960,9.17661956898155,34.609340029756424,1200,109,34.61125284453738
46,1560,2340,3650400,64,0,100,2324531846,11.188396000976354,34.61122497889873,290,109,34.61125284453738
47,1706,2274,3879444,64,0,1,339567787,0.3227578169971821,34.89838022502249,242173,76,35.042688726029105
47,1706,2274,3879444,64,0,2,415304246,0.6152782229983131,34.9459183723219,98853,76,35.042688726029105
47,1706,2274,3879444,64,0,3,467883364,0.8546758819975366,34.96557895124103,57054,76,35.042688726029105
47,1706,2274,3879444,64,0,5,568390647,1.2920439629961038,34.98381688457776,30722,76,35.042688726029105
47,1706,2274,3879444,64,0,7,637429790,1.6068333289986185,34.99300409496048,23336,76,35.042688726029105
47,1706,2274,3879444,64,0,10,765870710,2.190700469996955,35.00373031601202,14240,76,35.042688726029105
47,1706,2274,3879444,64,0,15,1007418487,3.4138983719967655,35.0210691822295,7628,76,35.042688726029105
47,1706,2274,3879444,64,0,20,1213185791,4.312782813998638,35.033868946870975,5458,76,35.042688726029105
47,1706,2274,3879444,64,0,25,1352227078,4.996719594997558,35.03866072079714,7275,76,35.042688726029105
47,1706,2274,3879444,64,0,30,1444181466,5.50436807600272,35.04076836193469,2816,76,35.042688726029105
47,1706,2274,3879444,64,0,40,1574596051,6.449315721005405,35.04206081874954,1598,76,35.042688726029105
47,1706,2274,3879444,64,0,50,1659128876,7.163819204011816,35.04257493614451,481,76,35.042688726029105
47,1706,2274,3879444,64,0,70,1756669209,8.388815742000588,35.04268818452836,46,76,35.042688726029105
48,3281,2187,7175547,64,0,1,682152508,0.8173832590000529,35.05557995590456,545205,99,35.36703133829548
48,3281,2187,7175547,64,0,2,844905326,1.529129752998415,35.10948298701485,282648,99,35.36703133829548
48,3281,2187,7175547,64,0,3,1019935551,2.2695358949968067,35.138880599986265,184241,99,35.36703133829548
48,3281,2187,7175547,64,0,5,1325517013,3.5196730609968654,35.17667719035006,140548,99,35.36703133829548
48,3281,2187,7175547,64,0,7,1572803669,4.619362301000365,35.20220656497151,115533,99,35.36703133829548
48,3281,2187,7175547,64,0,10,1942373429,6.233298506998835,35.228517880454895,93670,99,35.36703133829548
48,3281,2187,7175547,64,0,15,2604199247,9.029328042000998,35.269529984241885,74179,99,35.36703133829548
48,3281,2187,7175547,64,0,20,3316590385,12.029019429999607,35.306307666578945,60706,99,35.36703133829548
48,3281,2187,7175547,64,0,25,3856999132,14.37250433999725,35.32561143605876,41042,99,35.36703133829548
48,3281,2187,7175547,64,0,30,4257451167,16.282481965001352,35.33693819128976,31988,99,35.36703133829548
48,3281,2187,7175547,64,0,40,4863952486,19.44998801899783,35.348956329299284,25998,99,35.36703133829548
48,3281,2187,7175547,64,0,50,5367842801,22.180476982000982,35.35755067447669,18401,99,35.36703133829548
48,3281,2187,7175547,64,0,70,5988305164,26.431791797000187,35.36530057733061,21087,99,35.36703133829548
49,1560,2340,3650400,64,0,1,345287427,0.4665179949988669,34.34886514174061,278299,102,34.627014018107836
49,1560,2340,3650400,64,0,2,445119369,0.8595605489972513,34.426605633825936,159257,102,34.627014018107836
49,1560,2340,3650400,64,0,3,529716997,1.1949846469979093,34.46583405274343,121609,102,34.627014018107836
49,1560,2340,3650400,64,0,5,690121171,1.846047840994288,34.51482626614276,75053,102,34.627014018107836
49,1560,2340,3650400,64,0,7,850457151,2.503697920990817,34.54223626310002,44905,102,34.627014018107836
49,1560,2340,3650400,64,0,10,1063213927,3.392742174990417,34.56739265694987,32959,102,34.627014018107836
49,1560,2340,3650400,64,0,15,1358485901,4.748256127986679,34.593906012405505,33396,102,34.627014018107836
49,1560,2340,3650400,64,0,20,1571629491,5.765648126980523,34.6058501747923,13343,102,34.627014018107836
49,1560,2340,3650400,64,0,25,1721020216,6.552229932975024,34.61232465330796,18353,102,34.627014018107836
49,1560,2340,3650400,64,0,30,1851010202,7.2425685599810095,34.61565813218658,4675,102,34.627014018107836
49,1560,2340,3650400,64,0,40,2101248329,8.590049708982406,34.62125591973204,7435,102,34.627014018107836
49,1560,2340,3650400,64,0,50,2325587379,9.825941929979308,34.62437546073862,5450,102,34.627014018107836
49,1560,2340,3650400,64,0,70,2620163810,11.81309425897416,34.62676006771626,462,102,34.627014018107836
49,1560,2340,3650400,64,0,100,2818941145,13.846122940969508,34.627014009720995,4,102,34.627014018107836
50,1225,2280,2793000,64,0,1,244465013,0.2279088720024447,31.561013116632488,182608,73,31.958584174185297
50,1225,2280,2793000,64,0,2,299830233,0.4312622920042486,31.654318831151343,119916,73,31.958584174185297
50,1225,2280,2793000,64,0,3,355423486,0.6488942920041154,31.721659786215408,105130,73,31.958584174185297
50,1225,2280,2793000,64,0,5,434093827,1.0700628440026776,31.799396490659127,69942,73,31.958584174185297
50,1225,2280,2793000,64,0,7,495716828,1.3428147730010096,31.837253473512078,47714,73,31.958584174185297
50,1225,2280,2793000,64,0,10,602662304,1.7908913620012754,31.877636786496076,40216,73,31.958584174185297
50,1225,2280,2793000,64,0,15,740242105,2.439968092003255,31.921192039916704,24293,73,31.958584174185297
50,1225,2280,2793000,64,0,20,877924351,3.101688840000861,31.94451933087585,11629,73,31.958584174185297
50,1225,2280,2793000,64,0,25,987522964,3.627889936004067,31.95222541218225,6802,73,31.958584174185297
50,1225,2280,2793000,64,0,30,1063519406,4.047462606002227,31.95431880398676,3587,73,31.958584174185297
50,1225,2280,2793000,64,0,40,1218352721,4.936969223002961,31.957989200170243,1789,73,31.958584174185297
50,1225,2280,2793000,64,0,50,1283715837,5.4902863380011695,31.958568332499908,148,73,31.958584174185297
50,1225,2280,2793000,64,0,70,1328792816,6.339632181003253,31.958584018254697,7,73,31.958584174185297
