instance,regime,n,d,k,sep,seed,T_conv,converged,T0,n_U,n_U_eval,frac_U,n_V,n_U_and_V,changes_at_T0,U_disagree_at_T0,prefix_base_dist,prefix_base_sec,full_base_dist,full_base_sec,lloyd_dist_iter,lloyd_gemm_sec_iter,lloyd_scalar_sec_iter,ref_acc_truth,n_matched_clusters,method,extra_dist,extra_center_passes,extra_seconds,n_disagree,disagree_rate,rel_sse,center_err,center_err_max,acc_truth,ari_ref,brier_ref,p_ref_label,ece_ref,auroc_err_ref,entropy,frac_fractional,tv_model_post,n_U_matched,tv_true_post,brier_truth,ece_truth,auroc_err_truth,tv_ref_soft,extra
minibatch_const-n10000000-d16-k50-sep1.5-s0,minibatch_const,10000000,16,50,1.5,0,200,False,10,3454734,200000,0.3454734,283159,205806,46862,62559,5500000000.0,96.52676099500059,100500000000.0,1616.8659096509982,500000000.0,4.202188856000248,6.835017809999044,0.8718822,37,stop,0,0,0.03018979899934493,104905,0.0104905,8.867795327383021e-06,0.018190997709223573,0.17537153672807715,0.8718297,0.9910223490456334,0.03606,0.98197,0.01802999999999999,0.5,0.0,0.0,0.08462700073687873,123940,0.0665668218198608,0.13320961755688238,0.06660480877844122,0.5,0.0203721,{}
minibatch_const-n10000000-d16-k50-sep1.5-s0,minibatch_const,10000000,16,50,1.5,0,200,False,10,3454734,200000,0.3454734,283159,205806,46862,62559,5500000000.0,96.52676099500059,100500000000.0,1616.8659096509982,500000000.0,4.202188856000248,6.835017809999044,0.8718822,37,reassign_U,172736700,0,2.2559141679994354,99294,0.0099294,-5.143237301941106e-05,0.018190997709223573,0.17537153672807715,0.8715818,0.9910988416207576,0.03266,0.98367,0.016329999999999956,0.5,0.0,0.0,0.08419854329367422,123940,0.06657861439922011,0.1333871228013555,0.06669356140067773,0.5,0.0192644,{}
minibatch_const-n10000000-d16-k50-sep1.5-s0,minibatch_const,10000000,16,50,1.5,0,200,False,10,3454734,200000,0.3454734,283159,205806,46862,62559,5500000000.0,96.52676099500059,100500000000.0,1616.8659096509982,500000000.0,4.202188856000248,6.835017809999044,0.8718822,37,majority,0,0,7.699740285999724,158974,0.0158974,0.0004318422484286266,0.018190997709223573,0.17537153672807715,0.8710956,0.9883131599067072,0.06736,0.96632,0.03368000000000004,0.5,0.0,0.0,0.09157282044744168,123940,0.0665967251105873,0.13316120703566242,0.06658060351783124,0.5,0.0355972,{}
minibatch_const-n10000000-d16-k50-sep1.5-s0,minibatch_const,10000000,16,50,1.5,0,200,False,10,3454734,200000,0.3454734,283159,205806,46862,62559,5500000000.0,96.52676099500059,100500000000.0,1616.8659096509982,500000000.0,4.202188856000248,6.835017809999044,0.8718822,37,frequency_soft,0,0,5.056118638000044,158974,0.0158974,0.0004318422484286266,0.018190997709223573,0.17537153672807715,0.8710956,0.9883131599067072,0.09030537190082645,0.8380809090909089,0.11451409090909082,0.8253523288152809,0.39973433223754185,1.0,0.15209778277521882,123940,0.18125643996161442,0.1652491141408066,0.07467909692373165,0.5457069406902506,0.1566700909090909,{}
minibatch_const-n10000000-d16-k50-sep1.5-s0,minibatch_const,10000000,16,50,1.5,0,200,False,10,3454734,200000,0.3454734,283159,205806,46862,62559,5500000000.0,96.52676099500059,100500000000.0,1616.8659096509982,500000000.0,4.202188856000248,6.835017809999044,0.8718822,37,markov,0,0,38.17445070699978,114747,0.0114747,6.248094695338047e-05,0.018190997709223573,0.17537153672807715,0.8715532,0.9909801129332387,0.04137,0.979315,0.020684999999999953,0.5,0.0,0.0,0.08592612237508812,123940,0.06658594235108116,0.13320961755688238,0.06660480877844122,0.5,0.022968099999999998,"{""markov_seconds"": 38.174408811999456, ""mean_states"": 2.094528551257492}"
minibatch_const-n10000000-d16-k50-sep1.5-s0,minibatch_const,10000000,16,50,1.5,0,200,False,10,3454734,200000,0.3454734,283159,205806,46862,62559,5500000000.0,96.52676099500059,100500000000.0,1616.8659096509982,500000000.0,4.202188856000248,6.835017809999044,0.8718822,37,markov_soft,0,0,34.370150668999486,114747,0.0114747,6.248094695338047e-05,0.018190997709223573,0.17537153672807715,0.8715532,0.9909801129332387,0.037356490823732706,0.9683873261448924,0.01114477168549156,0.8085654654796821,0.04010412652526886,0.083315,0.07534863347890142,123940,0.06883024315428161,0.1311437445137167,0.061035534304201104,0.5481052442236451,0.02856572102362542,"{""markov_seconds"": 34.37011573199925, ""mean_states"": 2.094528551257492}"
minibatch_const-n10000000-d16-k50-sep1.5-s0,minibatch_const,10000000,16,50,1.5,0,200,False,10,3454734,200000,0.3454734,283159,205806,46862,62559,5500000000.0,96.52676099500059,100500000000.0,1616.8659096509982,500000000.0,4.202188856000248,6.835017809999044,0.8718822,37,markov_a0.5,0,0,34.27028587099994,118702,0.0118702,7.847703646324256e-05,0.018190997709223573,0.17537153672807715,0.8716758,0.9909668629033492,0.04352,0.97824,0.02176,0.5,0.0,0.0,0.08664492725458424,123940,0.0665913848141526,0.13317734387606905,0.06658867193803453,0.5,0.024040299999999997,"{""markov_seconds"": 34.27013702899967, ""mean_states"": 2.094528551257492}"
minibatch_const-n10000000-d16-k50-sep1.5-s0,minibatch_const,10000000,16,50,1.5,0,200,False,10,3454734,200000,0.3454734,283159,205806,46862,62559,5500000000.0,96.52676099500059,100500000000.0,1616.8659096509982,500000000.0,4.202188856000248,6.835017809999044,0.8718822,37,markov_a0.5_soft,0,0,33.709699793000254,118702,0.0118702,7.847703646324256e-05,0.018190997709223573,0.17537153672807715,0.8716758,0.9909668629033492,0.06258762721260078,0.8754551212509051,0.09024546102282618,0.8560161033855593,0.3348419587054485,1.0,0.12213530444957316,123940,0.14708784719718498,0.1452216360052389,0.03741199656275605,0.5540978232592633,0.11900526146867113,"{""markov_seconds"": 33.709666918999574, ""mean_states"": 2.094528551257492}"
minibatch_const-n10000000-d16-k50-sep1.5-s0,minibatch_const,10000000,16,50,1.5,0,200,False,10,3454734,200000,0.3454734,283159,205806,46862,62559,5500000000.0,96.52676099500059,100500000000.0,1616.8659096509982,500000000.0,4.202188856000248,6.835017809999044,0.8718822,37,markov_pooled,0,0,36.879599060001055,121537,0.0121537,0.00011492307444416205,0.018190997709223573,0.17537153672807715,0.8713883,0.990579830139928,0.04581,0.977095,0.022904999999999953,0.5,0.0,0.0,0.08683476150682425,123940,0.06657976585231977,0.13324189123769567,0.0666209456188478,0.5,0.025132300000000003,"{""markov_seconds"": 36.87956561700048, ""mean_states"": 2.094528551257492}"
minibatch_const-n10000000-d16-k50-sep1.5-s0,minibatch_const,10000000,16,50,1.5,0,200,False,10,3454734,200000,0.3454734,283159,205806,46862,62559,5500000000.0,96.52676099500059,100500000000.0,1616.8659096509982,500000000.0,4.202188856000248,6.835017809999044,0.8718822,37,markov_pooled_soft,0,0,34.10847994299911,121537,0.0121537,0.00011492307444416205,0.018190997709223573,0.17537153672807715,0.8713883,0.990579830139928,0.040524187375495124,0.9535466131881494,0.012774723115257862,0.9393538702742036,0.08809075988127078,0.99404,0.0689091455852666,123940,0.07288856550066745,0.13059589691388473,0.05779029910169371,0.5802315570418609,0.041364250791155556,"{""markov_seconds"": 34.108447119999255, ""mean_states"": 2.094528551257492}"
minibatch_const-n10000000-d16-k50-sep1.5-s0,minibatch_const,10000000,16,50,1.5,0,200,False,10,3454734,200000,0.3454734,283159,205806,46862,62559,5500000000.0,96.52676099500059,100500000000.0,1616.8659096509982,500000000.0,4.202188856000248,6.835017809999044,0.8718822,37,markov_w5,0,0,28.996180805999757,102305,0.0102305,4.1317943733076845e-06,0.018190997709223573,0.17537153672807715,0.8718097,0.9916658740498018,0.03478,0.98261,0.017390000000000017,0.5,0.0,0.0,0.08458276229413299,123940,0.06657728463245124,0.13304824915281588,0.066524124576408,0.5,0.020024399999999998,"{""markov_seconds"": 28.996139197999582, ""mean_states"": 1.047872571375973}"
minibatch_const-n10000000-d16-k50-sep1.5-s0,minibatch_const,10000000,16,50,1.5,0,200,False,10,3454734,200000,0.3454734,283159,205806,46862,62559,5500000000.0,96.52676099500059,100500000000.0,1616.8659096509982,500000000.0,4.202188856000248,6.835017809999044,0.8718822,37,markov_w20,0,0,32.60672684899873,114747,0.0114747,6.248094695338047e-05,0.018190997709223573,0.17537153672807715,0.8715532,0.9909801129332387,0.04137,0.979315,0.020684999999999953,0.5,0.0,0.0,0.08592612237508812,123940,0.06658594235108116,0.13320961755688238,0.06660480877844122,0.5,0.022968099999999998,"{""markov_seconds"": 32.60668631699991, ""mean_states"": 2.094528551257492}"
minibatch_const-n10000000-d16-k50-sep1.5-s0,minibatch_const,10000000,16,50,1.5,0,200,False,10,3454734,200000,0.3454734,283159,205806,46862,62559,5500000000.0,96.52676099500059,100500000000.0,1616.8659096509982,500000000.0,4.202188856000248,6.835017809999044,0.8718822,37,reassign_all,500000000,0,6.606569034000131,99786,0.0099786,-5.4926939773936034e-05,0.018190997709223573,0.17537153672807715,0.871451,0.990770328893441,0.03266,0.98367,0.016329999999999956,0.5,0.0,0.0,0.08419854329367422,123940,0.06657861439922011,0.1333871228013555,0.06669356140067773,0.5,0.0192644,{}
minibatch_const-n10000000-d16-k50-sep1.5-s0,minibatch_const,10000000,16,50,1.5,0,200,False,10,3454734,200000,0.3454734,283159,205806,46862,62559,5500000000.0,96.52676099500059,100500000000.0,1616.8659096509982,500000000.0,4.202188856000248,6.835017809999044,0.8718822,37,fcm_soft,172736700,0,6.021438300998852,99294,0.0099294,-5.143237301941106e-05,0.018190997709223573,0.17537153672807715,0.8715818,0.9910988416207576,0.856047023282722,0.08612662605517417,0.8974186047509969,0.3911348188546023,3.7862139474422105,1.0,0.8857772521826061,123940,0.9035541666840003,0.8541510573092717,0.8450026675731244,0.9162263309125993,0.9112318551694826,{}
minibatch_const-n10000000-d16-k50-sep1.5-s0,minibatch_const,10000000,16,50,1.5,0,200,False,10,3454734,200000,0.3454734,283159,205806,46862,62559,5500000000.0,96.52676099500059,100500000000.0,1616.8659096509982,500000000.0,4.202188856000248,6.835017809999044,0.8718822,37,gmm_plugin_soft,172736700,0,7.112941131001207,122285,0.0122285,6.154872886909857e-05,0.018190997709223573,0.17537153672807715,0.872865,0.9863376686894795,0.058731451002286356,0.9151705796076017,0.05715350608485457,0.9494388044631099,0.18888989726723993,0.98233,0.012703954483873221,123940,0.05506212726904999,0.10493024807757259,0.028342083395567066,0.9616694199605249,0.07760349305358161,{}
minibatch_const-n10000000-d16-k50-sep1.5-s0,minibatch_const,10000000,16,50,1.5,0,200,False,10,3454734,200000,0.3454734,283159,205806,46862,62559,5500000000.0,96.52676099500059,100500000000.0,1616.8659096509982,500000000.0,4.202188856000248,6.835017809999044,0.8718822,37,full_convergence,95000000000.0,190,1520.3391486559976,0,0.0,0.0,0.0,0.0,0.8718822,1.0,0.0,1.0,0.0,nan,0.0,0.0,0.08019384780097376,123940,0.06654316081646883,0.13319348071647572,0.06659674035823782,0.5,0.0075401,{}
minibatch_const-n10000000-d16-k50-sep1.5-s0,minibatch_const,10000000,16,50,1.5,0,200,False,10,3454734,200000,0.3454734,283159,205806,46862,62559,5500000000.0,96.52676099500059,100500000000.0,1616.8659096509982,500000000.0,4.202188856000248,6.835017809999044,0.8718822,37,true_posterior_oracle,0,0,0.0,,,,,,,,0.4604398261308545,0.7526520301514215,0.21601957111196646,0.5936661927110021,0.06551155590803202,0.944055,0.23981443945845712,123940,0.0,0.03849523734897444,0.0003740186386028697,0.9622243236961495,0.24668884527465357,{}
minibatch_const-n10000000-d16-k50-sep1.5-s0,minibatch_const,10000000,16,50,1.5,0,200,False,10,3454734,200000,0.3454734,283159,205806,46862,62559,5500000000.0,96.52676099500059,100500000000.0,1616.8659096509982,500000000.0,4.202188856000248,6.835017809999044,0.8718822,37,model_posterior_oracle,0,0,0.0,,,,,,,,0.05082590407894545,0.9198061521990263,0.06431893378125214,0.9786044275563501,0.1874583131442646,0.98248,0.0,123940,0.05481840858203373,0.10481529942799568,0.028373142997210124,0.9609712396248057,0.07284947879879317,{}
minibatch_const-n10000000-d16-k50-sep1.5-s0,minibatch_const,10000000,16,50,1.5,0,200,False,20,130992,130992,0.0130992,267682,115515,41291,30771,10500000000.0,185.19499635000284,100500000000.0,1616.8659096509982,500000000.0,4.202188856000248,6.835017809999044,0.8718822,37,stop,0,0,0.04009935200156178,83409,0.0083409,3.406501432268172e-06,0.017619528342687988,0.14773398815937047,0.8718308,0.9922078027748025,0.46981495053133016,0.7650925247343349,0.23490747526566513,0.5,0.0,0.0,0.4619963176413134,16044,0.7743371213287724,1.5474943904263276,0.7737471952131638,0.5,0.29746442530841577,{}
minibatch_const-n10000000-d16-k50-sep1.5-s0,minibatch_const,10000000,16,50,1.5,0,200,False,20,130992,130992,0.0130992,267682,115515,41291,30771,10500000000.0,185.19499635000284,100500000000.0,1616.8659096509982,500000000.0,4.202188856000248,6.835017809999044,0.8718822,37,reassign_U,6549600,0,0.12796942000022682,82331,0.0082331,-5.167427404251246e-05,0.017619528342687988,0.14773398815937047,0.871652,0.9926608753935057,0.4533559301331379,0.7733220349334311,0.2266779650665689,0.5,0.0,0.0,0.4605014963924527,16044,0.784092854178345,1.568062827225131,0.7840314136125655,0.5,0.29465188713814583,{}
minibatch_const-n10000000-d16-k50-sep1.5-s0,minibatch_const,10000000,16,50,1.5,0,200,False,20,130992,130992,0.0130992,267682,115515,41291,30771,10500000000.0,185.19499635000284,100500000000.0,1616.8659096509982,500000000.0,4.202188856000248,6.835017809999044,0.8718822,37,majority,0,0,0.09056693000093219,77190,0.007719,-1.525081404274431e-05,0.017619528342687988,0.14773398815937047,0.8718405,0.9940732612613034,0.37486258702821545,0.8125687064858923,0.1874312935141077,0.5,0.0,0.0,0.4838174418581291,16044,0.7720654371884411,1.5431313886811269,0.7715656943405634,0.5,0.29117350677903997,{}
minibatch_const-n10000000-d16-k50-sep1.5-s0,minibatch_const,10000000,16,50,1.5,0,200,False,20,130992,130992,0.0130992,267682,115515,41291,30771,10500000000.0,185.19499635000284,100500000000.0,1616.8659096509982,500000000.0,4.202188856000248,6.835017809999044,0.8718822,37,frequency_soft,0,0,0.10118356700149889,77190,0.007719,-1.525081404274431e-05,0.017619528342687988,0.14773398815937047,0.8718405,0.9940732612613034,0.2879897024813577,0.6930270550873334,0.05293175433336656,0.6857705755323604,0.4984731289396292,1.0,0.27405618479182164,16044,0.6804183450682435,1.2327318881340776,0.5481970036943857,0.49335152110236935,0.18566821568562134,{}
minibatch_const-n10000000-d16-k50-sep1.5-s0,minibatch_const,10000000,16,50,1.5,0,200,False,20,130992,130992,0.0130992,267682,115515,41291,30771,10500000000.0,185.19499635000284,100500000000.0,1616.8659096509982,500000000.0,4.202188856000248,6.835017809999044,0.8718822,37,markov,0,0,1.2560846590004076,76973,0.0076973,-9.888403792013278e-06,0.017619528342687988,0.14773398815937047,0.8718402,0.993669963101772,0.3715494075974105,0.8142252962012947,0.1857747037987053,0.5,0.0,0.0,0.47086419473616714,16044,0.7726993142557621,1.5450012465719272,0.7725006232859636,0.5,0.2827858189813119,"{""markov_seconds"": 1.256055630999981, ""mean_states"": 2.0053362037376328}"
minibatch_const-n10000000-d16-k50-sep1.5-s0,minibatch_const,10000000,16,50,1.5,0,200,False,20,130992,130992,0.0130992,267682,115515,41291,30771,10500000000.0,185.19499635000284,100500000000.0,1616.8659096509982,500000000.0,4.202188856000248,6.835017809999044,0.8718822,37,markov_soft,0,0,1.1228238479998254,76973,0.0076973,-9.888403792013278e-06,0.017619528342687988,0.14773398815937047,0.8718402,0.993669963101772,0.2943782346074928,0.7089361982777836,0.06651107732177243,0.6576024988760946,0.4380713073098855,0.8595257725662636,0.2761207990751487,16044,0.6841870945374643,1.2437024625607396,0.5536173704760838,0.4949633914199178,0.17437683565248896,"{""markov_seconds"": 1.122801299999992, ""mean_states"": 2.0053362037376328}"
minibatch_const-n10000000-d16-k50-sep1.5-s0,minibatch_const,10000000,16,50,1.5,0,200,False,20,130992,130992,0.0130992,267682,115515,41291,30771,10500000000.0,185.19499635000284,100500000000.0,1616.8659096509982,500000000.0,4.202188856000248,6.835017809999044,0.8718822,37,markov_a0.5,0,0,1.1423857009995118,75946,0.0075946,-1.8065799233246693e-05,0.017619528342687988,0.14773398815937047,0.8718371,0.9940485840599658,0.35586906070599733,0.8220654696470013,0.17793453035299867,0.5,0.0,0.0,0.47620124631238553,16044,0.7723072947473867,1.5440039890301671,0.7720019945150836,0.5,0.2799447294491267,"{""markov_seconds"": 1.1423668170009478, ""mean_states"": 2.0053362037376328}"
minibatch_const-n10000000-d16-k50-sep1.5-s0,minibatch_const,10000000,16,50,1.5,0,200,False,20,130992,130992,0.0130992,267682,115515,41291,30771,10500000000.0,185.19499635000284,100500000000.0,1616.8659096509982,500000000.0,4.202188856000248,6.835017809999044,0.8718822,37,markov_a0.5_soft,0,0,1.1840439179995883,75946,0.0075946,-1.8065799233246693e-05,0.017619528342687988,0.14773398815937047,0.8718371,0.9940485840599658,0.2833940475853451,0.6753621480753038,0.08805233371669836,0.7211088240966058,0.5475337554026816,1.0,0.23218147551681442,16044,0.6646520927879401,1.1808331977035305,0.5031463442412989,0.49164732085091856,0.18179608911157502,"{""markov_seconds"": 1.1840173529999447, ""mean_states"": 2.0053362037376328}"
minibatch_const-n10000000-d16-k50-sep1.5-s0,minibatch_const,10000000,16,50,1.5,0,200,False,20,130992,130992,0.0130992,267682,115515,41291,30771,10500000000.0,185.19499635000284,100500000000.0,1616.8659096509982,500000000.0,4.202188856000248,6.835017809999044,0.8718822,37,markov_pooled,0,0,1.1861449089992675,77054,0.0077054,-1.5930301437760974e-05,0.017619528342687988,0.14773398815937047,0.8717514,0.9938100963537534,0.37278612434347136,0.8136069378282643,0.18639306217173568,0.5,0.0,0.0,0.4766081558397783,16044,0.7723747399182067,1.543754674644727,0.7718773373223635,0.5,0.28550155734701355,"{""markov_seconds"": 1.1861256129996036, ""mean_states"": 2.0053362037376328}"
minibatch_const-n10000000-d16-k50-sep1.5-s0,minibatch_const,10000000,16,50,1.5,0,200,False,20,130992,130992,0.0130992,267682,115515,41291,30771,10500000000.0,185.19499635000284,100500000000.0,1616.8659096509982,500000000.0,4.202188856000248,6.835017809999044,0.8718822,37,markov_pooled_soft,0,0,1.0873297589987487,77054,0.0077054,-1.5930301437760974e-05,0.017619528342687988,0.14773398815937047,0.8717514,0.9938100963537534,0.295593395311336,0.6570599142737307,0.10747436931674284,0.7352545769044785,0.5750939508170513,0.9999465616220838,0.2104510587312098,16044,0.661809256563629,1.1676366490924766,0.4888153086022632,0.49981295272588644,0.19212563172656885,"{""markov_seconds"": 1.0873020159997395, ""mean_states"": 2.0053362037376328}"
minibatch_const-n10000000-d16-k50-sep1.5-s0,minibatch_const,10000000,16,50,1.5,0,200,False,20,130992,130992,0.0130992,267682,115515,41291,30771,10500000000.0,185.19499635000284,100500000000.0,1616.8659096509982,500000000.0,4.202188856000248,6.835017809999044,0.8718822,37,markov_w5,0,0,1.0123897650009894,80862,0.0080862,-3.4871762161214903e-06,0.017619528342687988,0.14773398815937047,0.8718466,0.9927756455988767,0.4309270795163063,0.7845364602418469,0.21546353975815313,0.5,0.0,0.0,0.46377658948756634,16044,0.7732155334931814,1.5427574171029668,0.7713787085514834,0.5,0.28956989739831435,"{""markov_seconds"": 1.012368054000035, ""mean_states"": 1.730502626114572}"
minibatch_const-n10000000-d16-k50-sep1.5-s0,minibatch_const,10000000,16,50,1.5,0,200,False,20,130992,130992,0.0130992,267682,115515,41291,30771,10500000000.0,185.19499635000284,100500000000.0,1616.8659096509982,500000000.0,4.202188856000248,6.835017809999044,0.8718822,37,markov_w20,0,0,1.1379363530013507,83855,0.0083855,8.007962357670095e-06,0.017619528342687988,0.14773398815937047,0.8716029,0.9935228661273676,0.47662452668865274,0.7616877366556736,0.23831226334432642,0.5,0.0,0.0,0.4963889501335771,16044,0.7723023934025258,1.543505360259287,0.7717526801296435,0.5,0.32542872847196774,"{""markov_seconds"": 1.1379098770012206, ""mean_states"": 2.233884512031269}"
minibatch_const-n10000000-d16-k50-sep1.5-s0,minibatch_const,10000000,16,50,1.5,0,200,False,20,130992,130992,0.0130992,267682,115515,41291,30771,10500000000.0,185.19499635000284,100500000000.0,1616.8659096509982,500000000.0,4.202188856000248,6.835017809999044,0.8718822,37,reassign_all,500000000,0,6.011533315999259,83596,0.0083596,-5.3811579638796125e-05,0.017619528342687988,0.14773398815937047,0.8716363,0.992420714008653,0.4533559301331379,0.7733220349334311,0.2266779650665689,0.5,0.0,0.0,0.4605014963924527,16044,0.784092854178345,1.568062827225131,0.7840314136125655,0.5,0.29465188713814583,{}
minibatch_const-n10000000-d16-k50-sep1.5-s0,minibatch_const,10000000,16,50,1.5,0,200,False,20,130992,130992,0.0130992,267682,115515,41291,30771,10500000000.0,185.19499635000284,100500000000.0,1616.8659096509982,500000000.0,4.202188856000248,6.835017809999044,0.8718822,37,fcm_soft,6549600,0,0.3064730799997051,82331,0.0082331,-5.167427404251246e-05,0.017619528342687988,0.14773398815937047,0.871652,0.9926608753935057,0.8604020178592303,0.08619174515652295,0.6868415151307529,0.4810611829497792,3.730898113583936,1.0,0.8159790288686428,16044,0.9187949557541837,0.9509014835369497,0.16563078095632666,0.7024670059251504,0.8600030161888477,{}
minibatch_const-n10000000-d16-k50-sep1.5-s0,minibatch_const,10000000,16,50,1.5,0,200,False,20,130992,130992,0.0130992,267682,115515,41291,30771,10500000000.0,185.19499635000284,100500000000.0,1616.8659096509982,500000000.0,4.202188856000248,6.835017809999044,0.8718822,37,gmm_plugin_soft,6549600,0,0.2718122550013504,92639,0.0092639,-1.9031582266459957e-05,0.017619528342687988,0.14773398815937047,0.8730655,0.9907490339320301,0.4558432670128476,0.5169163515782192,0.14799445321800472,0.6259620330825707,0.7623082742817218,1.0,0.0763105856271248,16044,0.592019682690071,0.9918021319381553,0.25890674599172836,0.6005968985969727,0.3100375082131188,{}
minibatch_const-n10000000-d16-k50-sep1.5-s0,minibatch_const,10000000,16,50,1.5,0,200,False,20,130992,130992,0.0130992,267682,115515,41291,30771,10500000000.0,185.19499635000284,100500000000.0,1616.8659096509982,500000000.0,4.202188856000248,6.835017809999044,0.8718822,37,full_convergence,90000000000.0,180,1431.6709133009954,0,0.0,0.0,0.0,0.0,0.8718822,1.0,0.0,1.0,0.0,nan,0.0,0.0,0.4362599592360114,16044,0.7724190438691044,1.5431313886811269,0.7715656943405634,0.5,0.17819133992915598,{}
minibatch_const-n10000000-d16-k50-sep1.5-s0,minibatch_const,10000000,16,50,1.5,0,200,False,20,130992,130992,0.0130992,267682,115515,41291,30771,10500000000.0,185.19499635000284,100500000000.0,1616.8659096509982,500000000.0,4.202188856000248,6.835017809999044,0.8718822,37,true_posterior_oracle,0,0,0.0,,,,,,,,1.1582939357189779,0.3970364568602928,0.5668883220304943,0.6181787217796906,0.08374622455527167,0.8336692317088067,0.5604015671297755,16044,0.0,0.2507205883702437,0.004052817970513368,0.86681920869946,0.5873871165019734,{}
minibatch_const-n10000000-d16-k50-sep1.5-s0,minibatch_const,10000000,16,50,1.5,0,200,False,20,130992,130992,0.0130992,267682,115515,41291,30771,10500000000.0,185.19499635000284,100500000000.0,1616.8659096509982,500000000.0,4.202188856000248,6.835017809999044,0.8718822,37,model_posterior_oracle,0,0,0.0,,,,,,,,0.39548073827740626,0.5637400407639886,0.15771348898025578,0.7271472425626947,0.7249238321535845,1.0,0.0,16044,0.5882000712348449,0.9835647647082132,0.25454513639147835,0.6349674068395662,0.26356207755358385,{}
minibatch_const-n10000000-d16-k50-sep1.5-s0,minibatch_const,10000000,16,50,1.5,0,200,False,30,141115,141115,0.0141115,240423,113856,48230,34401,15500000000.0,265.73433087100057,100500000000.0,1616.8659096509982,500000000.0,4.202188856000248,6.835017809999044,0.8718822,37,stop,0,0,0.026160973000514787,65934,0.0065934,-1.0867701600858481e-05,0.01491838285597641,0.08935174418891317,0.8718003,0.9926400062672998,0.487559791659285,0.7562201041703575,0.24377989582964255,0.5,0.0,0.0,0.44986681208394547,16225,0.7770571779336798,1.5598151001540832,0.7799075500770416,0.5,0.2929955001240124,{}
minibatch_const-n10000000-d16-k50-sep1.5-s0,minibatch_const,10000000,16,50,1.5,0,200,False,30,141115,141115,0.0141115,240423,113856,48230,34401,15500000000.0,265.73433087100057,100500000000.0,1616.8659096509982,500000000.0,4.202188856000248,6.835017809999044,0.8718822,37,reassign_U,7055750,0,0.14386080599979323,54004,0.0054004,-6.283368840809267e-05,0.01491838285597641,0.08935174418891317,0.8719913,0.994411174627529,0.31847783722495837,0.8407610813875208,0.15923891861247919,0.5,0.0,0.0,0.44255053885731743,16225,0.785523310199365,1.5717719568567026,0.7858859784283513,0.5,0.2388855897672111,{}
minibatch_const-n10000000-d16-k50-sep1.5-s0,minibatch_const,10000000,16,50,1.5,0,200,False,30,141115,141115,0.0141115,240423,113856,48230,34401,15500000000.0,265.73433087100057,100500000000.0,1616.8659096509982,500000000.0,4.202188856000248,6.835017809999044,0.8718822,37,majority,0,0,0.11754261900023266,61718,0.0061718,1.707814224105597e-05,0.01491838285597641,0.08935174418891317,0.8718025,0.9947218433307573,0.42780710767813485,0.7860964461609325,0.21390355383906745,0.5,0.0,0.0,0.4932543465786795,16225,0.7760974966278195,1.5521725731895224,0.7760862865947612,0.5,0.3147940332353046,{}
minibatch_const-n10000000-d16-k50-sep1.5-s0,minibatch_const,10000000,16,50,1.5,0,200,False,30,141115,141115,0.0141115,240423,113856,48230,34401,15500000000.0,265.73433087100057,100500000000.0,1616.8659096509982,500000000.0,4.202188856000248,6.835017809999044,0.8718822,37,frequency_soft,0,0,0.10541191999982402,61718,0.0061718,1.707814224105597e-05,0.01491838285597641,0.08935174418891317,0.8718025,0.9947218433307573,0.32151152729017973,0.6770345269654343,0.05419757580052371,0.6503546161009677,0.49645827470763976,1.0,0.2818389994017282,16225,0.6854068522075928,1.2416121432846468,0.5524135032917775,0.4930274151143811,0.20579632987924096,{}
minibatch_const-n10000000-d16-k50-sep1.5-s0,minibatch_const,10000000,16,50,1.5,0,200,False,30,141115,141115,0.0141115,240423,113856,48230,34401,15500000000.0,265.73433087100057,100500000000.0,1616.8659096509982,500000000.0,4.202188856000248,6.835017809999044,0.8718822,37,markov,0,0,1.1946223760005523,56238,0.0056238,-1.5411173419965785e-05,0.01491838285597641,0.08935174418891317,0.8718271,0.994482579534006,0.3501399567728448,0.8249300216135775,0.17506997838642246,0.5,0.0,0.0,0.45650903039671464,16225,0.7766823951542593,1.559075500770416,0.779537750385208,0.5,0.2669466746979414,"{""markov_seconds"": 1.194586565001373, ""mean_states"": 2.0053360734152994}"
minibatch_const-n10000000-d16-k50-sep1.5-s0,minibatch_const,10000000,16,50,1.5,0,200,False,30,141115,141115,0.0141115,240423,113856,48230,34401,15500000000.0,265.73433087100057,100500000000.0,1616.8659096509982,500000000.0,4.202188856000248,6.835017809999044,0.8718822,37,markov_soft,0,0,1.3339846029994078,56238,0.0056238,-1.5411173419965785e-05,0.01491838285597641,0.08935174418891317,0.8718271,0.994482579534006,0.2931800500537103,0.7151476228296457,0.08046984046041405,0.6240887540767724,0.4207831058138054,0.8243772809410764,0.26908918480330535,16225,0.6887365557744888,1.2522667922986543,0.5589213642016577,0.49889686046505993,0.17090871411234326,"{""markov_seconds"": 1.3339564199995948, ""mean_states"": 2.0053360734152994}"
minibatch_const-n10000000-d16-k50-sep1.5-s0,minibatch_const,10000000,16,50,1.5,0,200,False,30,141115,141115,0.0141115,240423,113856,48230,34401,15500000000.0,265.73433087100057,100500000000.0,1616.8659096509982,500000000.0,4.202188856000248,6.835017809999044,0.8718822,37,markov_a0.5,0,0,1.2625683120004396,57304,0.0057304,-1.633246558163659e-05,0.01491838285597641,0.08935174418891317,0.8718276,0.9948615951611166,0.36524820182120965,0.8173758990893951,0.18262410091060488,0.5,0.0,0.0,0.4724533599237123,16225,0.7760882839175736,1.5573497688751925,0.7786748844375964,0.5,0.28069886262977006,"{""markov_seconds"": 1.2625417460003518, ""mean_states"": 2.0053360734152994}"
minibatch_const-n10000000-d16-k50-sep1.5-s0,minibatch_const,10000000,16,50,1.5,0,200,False,30,141115,141115,0.0141115,240423,113856,48230,34401,15500000000.0,265.73433087100057,100500000000.0,1616.8659096509982,500000000.0,4.202188856000248,6.835017809999044,0.8718822,37,markov_a0.5_soft,0,0,1.6673021300011897,57304,0.0057304,-1.633246558163659e-05,0.01491838285597641,0.08935174418891317,0.8718276,0.9948615951611166,0.2993850384714807,0.662279205633033,0.09161669887163637,0.6908231548245237,0.5598488570516608,1.0,0.2276906923849903,16225,0.6689365529883006,1.187662445216581,0.5072222737852723,0.49591299528955385,0.1995486280911765,"{""markov_seconds"": 1.6672676369998953, ""mean_states"": 2.0053360734152994}"
minibatch_const-n10000000-d16-k50-sep1.5-s0,minibatch_const,10000000,16,50,1.5,0,200,False,30,141115,141115,0.0141115,240423,113856,48230,34401,15500000000.0,265.73433087100057,100500000000.0,1616.8659096509982,500000000.0,4.202188856000248,6.835017809999044,0.8718822,37,markov_pooled,0,0,1.1982205610001984,58761,0.0058761,-1.2880035189177796e-05,0.01491838285597641,0.08935174418891317,0.8716789,0.994569243241574,0.3858980264323424,0.8070509867838288,0.1929490132161712,0.5,0.0,0.0,0.4731437596469459,16225,0.7770328723636403,1.5578428351309708,0.7789214175654854,0.5,0.28754207561208944,"{""markov_seconds"": 1.1981940700006817, ""mean_states"": 2.0053360734152994}"
minibatch_const-n10000000-d16-k50-sep1.5-s0,minibatch_const,10000000,16,50,1.5,0,200,False,30,141115,141115,0.0141115,240423,113856,48230,34401,15500000000.0,265.73433087100057,100500000000.0,1616.8659096509982,500000000.0,4.202188856000248,6.835017809999044,0.8718822,37,markov_pooled_soft,0,0,1.3158648899989203,58761,0.0058761,-1.2880035189177796e-05,0.01491838285597641,0.08935174418891317,0.8716789,0.994569243241574,0.3011620965245138,0.6484071728518958,0.11479941654177031,0.7569424014723374,0.5886666925818262,0.999936222230096,0.20020171993429492,16225,0.6655424684239809,1.1742601551740028,0.49248798754816725,0.5070607612118333,0.2059965788430906,"{""markov_seconds"": 1.3158365199997206, ""mean_states"": 2.0053360734152994}"
minibatch_const-n10000000-d16-k50-sep1.5-s0,minibatch_const,10000000,16,50,1.5,0,200,False,30,141115,141115,0.0141115,240423,113856,48230,34401,15500000000.0,265.73433087100057,100500000000.0,1616.8659096509982,500000000.0,4.202188856000248,6.835017809999044,0.8718822,37,markov_w5,0,0,1.1319279999988794,61689,0.0061689,-1.4550299349158635e-05,0.01491838285597641,0.08935174418891317,0.8718275,0.9934079522649029,0.4273960953831981,0.7863019523084009,0.21369804769159906,0.5,0.0,0.0,0.4521633731513041,16225,0.7767127004547888,1.558582434514638,0.779291217257319,0.5,0.2803500690925841,"{""markov_seconds"": 1.1318965869995736, ""mean_states"": 1.7663962016794812}"
minibatch_const-n10000000-d16-k50-sep1.5-s0,minibatch_const,10000000,16,50,1.5,0,200,False,30,141115,141115,0.0141115,240423,113856,48230,34401,15500000000.0,265.73433087100057,100500000000.0,1616.8659096509982,500000000.0,4.202188856000248,6.835017809999044,0.8718822,37,markov_w20,0,0,1.486627717000374,55031,0.0055031,-1.8967077164422363e-07,0.01491838285597641,0.08935174418891317,0.8718289,0.9950591065117923,0.33303334160082204,0.833483329199589,0.166516670800411,0.5,0.0,0.0,0.46777746014973,16225,0.7753702420141655,1.5510631741140215,0.7755315870570108,0.5,0.27363752967437904,"{""markov_seconds"": 1.4865950480016181, ""mean_states"": 2.007766715090529}"
minibatch_const-n10000000-d16-k50-sep1.5-s0,minibatch_const,10000000,16,50,1.5,0,200,False,30,141115,141115,0.0141115,240423,113856,48230,34401,15500000000.0,265.73433087100057,100500000000.0,1616.8659096509982,500000000.0,4.202188856000248,6.835017809999044,0.8718822,37,reassign_all,500000000,0,6.396991256999172,52604,0.0052604,-6.649601259445248e-05,0.01491838285597641,0.08935174418891317,0.8719851,0.9943943802380006,0.31847783722495837,0.8407610813875208,0.15923891861247919,0.5,0.0,0.0,0.44255053885731743,16225,0.785523310199365,1.5717719568567026,0.7858859784283513,0.5,0.2388855897672111,{}
minibatch_const-n10000000-d16-k50-sep1.5-s0,minibatch_const,10000000,16,50,1.5,0,200,False,30,141115,141115,0.0141115,240423,113856,48230,34401,15500000000.0,265.73433087100057,100500000000.0,1616.8659096509982,500000000.0,4.202188856000248,6.835017809999044,0.8718822,37,fcm_soft,7055750,0,0.3449393860009877,54004,0.0054004,-6.283368840809267e-05,0.01491838285597641,0.08935174418891317,0.8719913,0.994411174627529,0.8573066092239205,0.08793209561072024,0.7526816452573711,0.5275904013994904,3.727019649418465,1.0,0.813043991596913,16225,0.9192995597824588,0.9516227258481531,0.16393861842780322,0.6941455865585762,0.8602121263728851,{}
minibatch_const-n10000000-d16-k50-sep1.5-s0,minibatch_const,10000000,16,50,1.5,0,200,False,30,141115,141115,0.0141115,240423,113856,48230,34401,15500000000.0,265.73433087100057,100500000000.0,1616.8659096509982,500000000.0,4.202188856000248,6.835017809999044,0.8718822,37,gmm_plugin_soft,7055750,0,0.3485651820010389,68648,0.0068648,-3.255799280721394e-05,0.01491838285597641,0.08935174418891317,0.8732514,0.9917657242036143,0.43182479700715903,0.5320054601559996,0.17932780242346086,0.6733240401454936,0.7534637708771944,1.0,0.06530918741332789,16225,0.5970918076812881,0.9987672666735932,0.26429431144395404,0.6130552826707689,0.30342303127738535,{}
minibatch_const-n10000000-d16-k50-sep1.5-s0,minibatch_const,10000000,16,50,1.5,0,200,False,30,141115,141115,0.0141115,240423,113856,48230,34401,15500000000.0,265.73433087100057,100500000000.0,1616.8659096509982,500000000.0,4.202188856000248,6.835017809999044,0.8718822,37,full_convergence,85000000000.0,170,1351.1315787799977,0,0.0,0.0,0.0,0.0,0.8718822,1.0,0.0,1.0,0.0,nan,0.0,0.0,0.4336565507126881,16225,0.7750911416897615,1.5505701078582435,0.7752850539291217,0.5,0.16937504871912978,{}
minibatch_const-n10000000-d16-k50-sep1.5-s0,minibatch_const,10000000,16,50,1.5,0,200,False,30,141115,141115,0.0141115,240423,113856,48230,34401,15500000000.0,265.73433087100057,100500000000.0,1616.8659096509982,500000000.0,4.202188856000248,6.835017809999044,0.8718822,37,true_posterior_oracle,0,0,0.0,,,,,,,,1.148215502051983,0.4035389183504652,0.5625329468241481,0.6052975623494342,0.0787441062687777,0.8129681465471424,0.5587181984456119,16225,0.0,0.24678198385075617,0.00370053693144914,0.866146333195446,0.5822337432107217,{}
minibatch_const-n10000000-d16-k50-sep1.5-s0,minibatch_const,10000000,16,50,1.5,0,200,False,30,141115,141115,0.0141115,240423,113856,48230,34401,15500000000.0,265.73433087100057,100500000000.0,1616.8659096509982,500000000.0,4.202188856000248,6.835017809999044,0.8718822,37,model_posterior_oracle,0,0,0.0,,,,,,,,0.3891792470278856,0.566343449287312,0.17143514963502307,0.7348916708259674,0.7251854424768178,1.0,0.0,16225,0.5942651218459569,0.991554777315297,0.2601902700179087,0.6357967468818908,0.26939956436209805,{}
minibatch_const-n10000000-d16-k50-sep1.5-s0,minibatch_const,10000000,16,50,1.5,0,200,False,40,136609,136609,0.0136609,225100,121286,42197,31626,20500000000.0,348.46613743799753,100500000000.0,1616.8659096509982,500000000.0,4.202188856000248,6.835017809999044,0.8718822,37,stop,0,0,0.02607799699944735,42715,0.0042715,-1.860118446184167e-05,0.013353069303620582,0.04600360806892494,0.8719614,0.9944554835248763,0.4630148818891874,0.7684925590554063,0.23150744094459375,0.5,0.0,0.0,0.4736105398996468,15875,0.7721880795492366,1.539527559055118,0.769763779527559,0.5,0.2903239171650477,{}
minibatch_const-n10000000-d16-k50-sep1.5-s0,minibatch_const,10000000,16,50,1.5,0,200,False,40,136609,136609,0.0136609,225100,121286,42197,31626,20500000000.0,348.46613743799753,100500000000.0,1616.8659096509982,500000000.0,4.202188856000248,6.835017809999044,0.8718822,37,reassign_U,6830450,0,0.11783044799994968,34268,0.0034268,-6.74223768354354e-05,0.013353069303620582,0.04600360806892494,0.8717639,0.9957622159960217,0.3393480663792283,0.8303259668103858,0.16967403318961416,0.5,0.0,0.0,0.46737117032391484,15875,0.7660333886781138,1.5246614173228346,0.7623307086614173,0.5,0.25338418405815133,{}
minibatch_const-n10000000-d16-k50-sep1.5-s0,minibatch_const,10000000,16,50,1.5,0,200,False,40,136609,136609,0.0136609,225100,121286,42197,31626,20500000000.0,348.46613743799753,100500000000.0,1616.8659096509982,500000000.0,4.202188856000248,6.835017809999044,0.8718822,37,majority,0,0,0.08794888200100104,33002,0.0033002,-4.049618884727213e-05,0.013353069303620582,0.04600360806892494,0.8719179,0.9964449202557853,0.3208134163927706,0.8395932918036147,0.16040670819638525,0.5,0.0,0.0,0.4766629492678739,15875,0.7706806662363613,1.5341102362204724,0.7670551181102362,0.5,0.26680248007085916,{}
minibatch_const-n10000000-d16-k50-sep1.5-s0,minibatch_const,10000000,16,50,1.5,0,200,False,40,136609,136609,0.0136609,225100,121286,42197,31626,20500000000.0,348.46613743799753,100500000000.0,1616.8659096509982,500000000.0,4.202188856000248,6.835017809999044,0.8718822,37,frequency_soft,0,0,0.10837404199992307,33002,0.0033002,-4.049618884727213e-05,0.013353069303620582,0.04600360806892494,0.8719179,0.9964449202557853,0.2550258507585956,0.7121472763341161,0.06970590916743802,0.7186896195386245,0.4922582862006054,1.0,0.2573098814017605,15875,0.6782056866542876,1.2283131385436326,0.5462963493199713,0.4862043857788748,0.16371322533654445,{}
minibatch_const-n10000000-d16-k50-sep1.5-s0,minibatch_const,10000000,16,50,1.5,0,200,False,40,136609,136609,0.0136609,225100,121286,42197,31626,20500000000.0,348.46613743799753,100500000000.0,1616.8659096509982,500000000.0,4.202188856000248,6.835017809999044,0.8718822,37,markov,0,0,1.4017784890002076,33967,0.0033967,-3.463398713432486e-05,0.013353069303620582,0.04600360806892494,0.8719342,0.9960591151764465,0.3349413289021953,0.8325293355489023,0.1674706644510977,0.5,0.0,0.0,0.4734755285680455,15875,0.7710444947910802,1.5346141732283465,0.7673070866141732,0.5,0.2663534613385648,"{""markov_seconds"": 1.4017533770002046, ""mean_states"": 2.005607244032238}"
minibatch_const-n10000000-d16-k50-sep1.5-s0,minibatch_const,10000000,16,50,1.5,0,200,False,40,136609,136609,0.0136609,225100,121286,42197,31626,20500000000.0,348.46613743799753,100500000000.0,1616.8659096509982,500000000.0,4.202188856000248,6.835017809999044,0.8718822,37,markov_soft,0,0,1.1803614180007571,33967,0.0033967,-3.463398713432486e-05,0.013353069303620582,0.04600360806892494,0.8719342,0.9960591151764465,0.27457762602946195,0.725569556760872,0.07009978296504352,0.6645733021410474,0.4175547394067619,0.818664948868669,0.28175218900219673,15875,0.681994436185144,1.2392153079543775,0.55322796244477,0.4923176414293341,0.1605617708495686,"{""markov_seconds"": 1.1803304180011764, ""mean_states"": 2.005607244032238}"
minibatch_const-n10000000-d16-k50-sep1.5-s0,minibatch_const,10000000,16,50,1.5,0,200,False,40,136609,136609,0.0136609,225100,121286,42197,31626,20500000000.0,348.46613743799753,100500000000.0,1616.8659096509982,500000000.0,4.202188856000248,6.835017809999044,0.8718822,37,markov_a0.5,0,0,1.1530503929989209,32136,0.0032136,-4.3425749162717686e-05,0.013353069303620582,0.04600360806892494,0.8719259,0.9964521318291303,0.30813489594389826,0.8459325520280508,0.15406744797194916,0.5,0.0,0.0,0.47328053752277727,15875,0.7706917828631162,1.5346141732283465,0.7673070866141732,0.5,0.25756970624190206,"{""markov_seconds"": 1.1530268419992353, ""mean_states"": 2.005607244032238}"
minibatch_const-n10000000-d16-k50-sep1.5-s0,minibatch_const,10000000,16,50,1.5,0,200,False,40,136609,136609,0.0136609,225100,121286,42197,31626,20500000000.0,348.46613743799753,100500000000.0,1616.8659096509982,500000000.0,4.202188856000248,6.835017809999044,0.8718822,37,markov_a0.5_soft,0,0,1.1749706330010667,32136,0.0032136,-4.3425749162717686e-05,0.013353069303620582,0.04600360806892494,0.8719259,0.9964521318291303,0.2576615417656448,0.6938805403250269,0.1001937300379926,0.7504008678430246,0.5334634132269825,1.0,0.2251133948976538,15875,0.6623224867296696,1.1771147821058916,0.5028230685339423,0.4870492472398795,0.163532195352931,"{""markov_seconds"": 1.1749161719999393, ""mean_states"": 2.005607244032238}"
minibatch_const-n10000000-d16-k50-sep1.5-s0,minibatch_const,10000000,16,50,1.5,0,200,False,40,136609,136609,0.0136609,225100,121286,42197,31626,20500000000.0,348.46613743799753,100500000000.0,1616.8659096509982,500000000.0,4.202188856000248,6.835017809999044,0.8718822,37,markov_pooled,0,0,1.2217134869988513,33680,0.003368,-3.930303253996126e-05,0.013353069303620582,0.04600360806892494,0.8719186,0.9961350457679732,0.3307395559589778,0.8346302220205111,0.16536977797948893,0.5,0.0,0.0,0.4738300907873271,15875,0.7720641192873035,1.534992125984252,0.7674960629921259,0.5,0.26460730991369535,"{""markov_seconds"": 1.2216889449991868, ""mean_states"": 2.005607244032238}"
minibatch_const-n10000000-d16-k50-sep1.5-s0,minibatch_const,10000000,16,50,1.5,0,200,False,40,136609,136609,0.0136609,225100,121286,42197,31626,20500000000.0,348.46613743799753,100500000000.0,1616.8659096509982,500000000.0,4.202188856000248,6.835017809999044,0.8718822,37,markov_pooled_soft,0,0,1.2427959959986765,33680,0.003368,-3.930303253996126e-05,0.013353069303620582,0.04600360806892494,0.8719186,0.9961350457679732,0.27273765784362136,0.6745377275109822,0.11731879547262228,0.7569403809999444,0.5603161336381884,0.9999121580569362,0.20327339028161742,15875,0.6591059293555463,1.1634166132155987,0.486065461838534,0.49489452614325313,0.1750898942362803,"{""markov_seconds"": 1.2427720279993082, ""mean_states"": 2.005607244032238}"
minibatch_const-n10000000-d16-k50-sep1.5-s0,minibatch_const,10000000,16,50,1.5,0,200,False,40,136609,136609,0.0136609,225100,121286,42197,31626,20500000000.0,348.46613743799753,100500000000.0,1616.8659096509982,500000000.0,4.202188856000248,6.835017809999044,0.8718822,37,markov_w5,0,0,1.3022810620004748,38414,0.0038414,-2.8170028711582695e-05,0.013353069303620582,0.04600360806892494,0.8719154,0.9951723241444906,0.40004684903630067,0.7999765754818496,0.20002342451815036,0.5,0.0,0.0,0.47140194846952316,15875,0.7717718822211994,1.5363779527559056,0.7681889763779528,0.5,0.2755158152098325,"{""markov_seconds"": 1.302253310001106, ""mean_states"": 1.7109194855390202}"
minibatch_const-n10000000-d16-k50-sep1.5-s0,minibatch_const,10000000,16,50,1.5,0,200,False,40,136609,136609,0.0136609,225100,121286,42197,31626,20500000000.0,348.46613743799753,100500000000.0,1616.8659096509982,500000000.0,4.202188856000248,6.835017809999044,0.8718822,37,markov_w20,0,0,1.3057249850007793,32051,0.0032051,-3.197807017962795e-05,0.013353069303620582,0.04600360806892494,0.8719182,0.9965685397029763,0.3068904684171614,0.8465547657914193,0.1534452342085807,0.5,0.0,0.0,0.4767713268201515,15875,0.7716151060899379,1.536503937007874,0.7682519685039371,0.5,0.26792012239310736,"{""markov_seconds"": 1.305699614000332, ""mean_states"": 2.0084621071818107}"
minibatch_const-n10000000-d16-k50-sep1.5-s0,minibatch_const,10000000,16,50,1.5,0,200,False,40,136609,136609,0.0136609,225100,121286,42197,31626,20500000000.0,348.46613743799753,100500000000.0,1616.8659096509982,500000000.0,4.202188856000248,6.835017809999044,0.8718822,37,reassign_all,500000000,0,7.0381096229994,34518,0.0034518,-6.809839556298769e-05,0.013353069303620582,0.04600360806892494,0.8717451,0.9956845423866586,0.3393480663792283,0.8303259668103858,0.16967403318961416,0.5,0.0,0.0,0.46737117032391484,15875,0.7660333886781138,1.5246614173228346,0.7623307086614173,0.5,0.25338418405815133,{}
minibatch_const-n10000000-d16-k50-sep1.5-s0,minibatch_const,10000000,16,50,1.5,0,200,False,40,136609,136609,0.0136609,225100,121286,42197,31626,20500000000.0,348.46613743799753,100500000000.0,1616.8659096509982,500000000.0,4.202188856000248,6.835017809999044,0.8718822,37,fcm_soft,6830450,0,0.30875433900109783,34268,0.0034268,-6.74223768354354e-05,0.013353069303620582,0.04600360806892494,0.8717639,0.9957622159960217,0.8591052917959425,0.08692746252287663,0.7432392094859147,0.5116286106498259,3.7291325389458656,1.0,0.8133381826324091,15875,0.918570668510648,0.9505592064170697,0.18732171754490107,0.6945762678159751,0.8567881961747276,{}
minibatch_const-n10000000-d16-k50-sep1.5-s0,minibatch_const,10000000,16,50,1.5,0,200,False,40,136609,136609,0.0136609,225100,121286,42197,31626,20500000000.0,348.46613743799753,100500000000.0,1616.8659096509982,500000000.0,4.202188856000248,6.835017809999044,0.8718822,37,gmm_plugin_soft,6830450,0,0.33783048700024665,46626,0.0046626,-3.39744315175361e-05,0.013353069303620582,0.04600360806892494,0.8731604,0.9935433293314522,0.4445129948159699,0.5228287500736317,0.1928461196353876,0.6368668306850543,0.7621779865622343,1.0,0.048020418520220196,15875,0.586753715090552,0.9826321798277027,0.25247125498180867,0.6420241159984503,0.3010800938514012,{}
minibatch_const-n10000000-d16-k50-sep1.5-s0,minibatch_const,10000000,16,50,1.5,0,200,False,40,136609,136609,0.0136609,225100,121286,42197,31626,20500000000.0,348.46613743799753,100500000000.0,1616.8659096509982,500000000.0,4.202188856000248,6.835017809999044,0.8718822,37,full_convergence,80000000000.0,160,1268.3997722130007,0,0.0,0.0,0.0,0.0,0.8718822,1.0,0.0,1.0,0.0,nan,0.0,0.0,0.45942107201896504,15875,0.7707533352093011,1.5353700787401574,0.7676850393700787,0.5,0.1808062426340871,{}
minibatch_const-n10000000-d16-k50-sep1.5-s0,minibatch_const,10000000,16,50,1.5,0,200,False,40,136609,136609,0.0136609,225100,121286,42197,31626,20500000000.0,348.46613743799753,100500000000.0,1616.8659096509982,500000000.0,4.202188856000248,6.835017809999044,0.8718822,37,true_posterior_oracle,0,0,0.0,,,,,,,,1.160433300653578,0.3968102309216075,0.5684705267505757,0.6109073633259756,0.08088127160725783,0.8233864533083471,0.5610457852642333,15875,0.0,0.25114469966521275,0.006010981746602846,0.8624004156439177,0.5875414276382558,{}
minibatch_const-n10000000-d16-k50-sep1.5-s0,minibatch_const,10000000,16,50,1.5,0,200,False,40,136609,136609,0.0136609,225100,121286,42197,31626,20500000000.0,348.46613743799753,100500000000.0,1616.8659096509982,500000000.0,4.202188856000248,6.835017809999044,0.8718822,37,model_posterior_oracle,0,0,0.0,,,,,,,,0.41846587357858617,0.5405789279810349,0.18384656721665635,0.7100428119167659,0.7525930579437821,1.0,0.0,15875,0.5855718867312176,0.9810633095685096,0.2549899176585271,0.6331102591176738,0.2839205169985252,{}
minibatch_const-n10000000-d16-k50-sep1.5-s0,minibatch_const,10000000,16,50,1.5,0,200,False,50,126730,126730,0.012673,219069,120699,47651,37927,25500000000.0,424.786290201002,100500000000.0,1616.8659096509982,500000000.0,4.202188856000248,6.835017809999044,0.8718822,37,stop,0,0,0.026065174000905245,47092,0.0047092,6.334011367181702e-06,0.013744001951636236,0.04268223928429386,0.8718544,0.9939011387797133,0.5985480943738657,0.7007259528130672,0.29927404718693285,0.5,0.0,0.0,0.4928172054758395,17059,0.7866853046721378,1.5710182308458878,0.7855091154229439,0.5,0.3537937347115916,{}
minibatch_const-n10000000-d16-k50-sep1.5-s0,minibatch_const,10000000,16,50,1.5,0,200,False,50,126730,126730,0.012673,219069,120699,47651,37927,25500000000.0,424.786290201002,100500000000.0,1616.8659096509982,500000000.0,4.202188856000248,6.835017809999044,0.8718822,37,reassign_U,6336500,0,0.11945801699948788,36912,0.0036912,-6.368211361806875e-05,0.013744001951636236,0.04268223928429386,0.8719249,0.9951396464009706,0.43789158052552674,0.7810542097372366,0.2189457902627634,0.5,0.0,0.0,0.4963158888141133,17059,0.7923903046821734,1.5839146491588019,0.7919573245794009,0.5,0.2938002051605776,{}
minibatch_const-n10000000-d16-k50-sep1.5-s0,minibatch_const,10000000,16,50,1.5,0,200,False,50,126730,126730,0.012673,219069,120699,47651,37927,25500000000.0,424.786290201002,100500000000.0,1616.8659096509982,500000000.0,4.202188856000248,6.835017809999044,0.8718822,37,majority,0,0,0.08790327300084755,28861,0.0028861,-4.047071170298899e-05,0.013744001951636236,0.04268223928429386,0.8718732,0.9967097496720754,0.3108340566558826,0.8445829716720588,0.15541702832794124,0.5,0.0,0.0,0.48977425956813553,17059,0.786077797493557,1.5699630693475586,0.7849815346737792,0.5,0.2680067860806439,{}
minibatch_const-n10000000-d16-k50-sep1.5-s0,minibatch_const,10000000,16,50,1.5,0,200,False,50,126730,126730,0.012673,219069,120699,47651,37927,25500000000.0,424.786290201002,100500000000.0,1616.8659096509982,500000000.0,4.202188856000248,6.835017809999044,0.8718822,37,frequency_soft,0,0,0.07192941900029837,28861,0.0028861,-4.047071170298899e-05,0.013744001951636236,0.04268223928429386,0.8718732,0.9967097496720754,0.24853645382615341,0.7140807586637302,0.07735629792759123,0.7331555371620924,0.4954597630970058,1.0,0.26414387837715536,17059,0.7001208808793838,1.2572932346125916,0.5579459522832523,0.504751152465152,0.14859571171352123,{}
minibatch_const-n10000000-d16-k50-sep1.5-s0,minibatch_const,10000000,16,50,1.5,0,200,False,50,126730,126730,0.012673,219069,120699,47651,37927,25500000000.0,424.786290201002,100500000000.0,1616.8659096509982,500000000.0,4.202188856000248,6.835017809999044,0.8718822,37,markov,0,0,1.010640508000506,34462,0.0034462,-2.2151082188170967e-05,0.013744001951636236,0.04268223928429386,0.8718569,0.9958539755728505,0.39922670243825453,0.8003866487808727,0.19961335121912727,0.5,0.0,0.0,0.4922688932163696,17059,0.7863429922925551,1.5705492701799637,0.7852746350899819,0.5,0.3005106920224099,"{""markov_seconds"": 1.0106144380006299, ""mean_states"": 2.0065809200662827}"
minibatch_const-n10000000-d16-k50-sep1.5-s0,minibatch_const,10000000,16,50,1.5,0,200,False,50,126730,126730,0.012673,219069,120699,47651,37927,25500000000.0,424.786290201002,100500000000.0,1616.8659096509982,500000000.0,4.202188856000248,6.835017809999044,0.8718822,37,markov_soft,0,0,1.0933330400002887,34462,0.0034462,-2.2151082188170967e-05,0.013744001951636236,0.04268223928429386,0.8718569,0.9958539755728505,0.33354973345878786,0.6780475630958115,0.09300199846741569,0.5822542260736823,0.47247684219593744,0.926228990767774,0.27504980690048064,17059,0.7031852367451394,1.266433445651873,0.5631930789324486,0.5077623182360456,0.18711438785614232,"{""markov_seconds"": 1.093311074999292, ""mean_states"": 2.0065809200662827}"
minibatch_const-n10000000-d16-k50-sep1.5-s0,minibatch_const,10000000,16,50,1.5,0,200,False,50,126730,126730,0.012673,219069,120699,47651,37927,25500000000.0,424.786290201002,100500000000.0,1616.8659096509982,500000000.0,4.202188856000248,6.835017809999044,0.8718822,37,markov_a0.5,0,0,1.1171540600007575,29652,0.0029652,-3.9094132541106497e-05,0.013744001951636236,0.04268223928429386,0.8718642,0.9966075360836149,0.323317288724059,0.8383413556379705,0.16165864436202948,0.5,0.0,0.0,0.48948396526605314,17059,0.7856660160755955,1.5697285890145964,0.7848642945072982,0.5,0.27066961256214006,"{""markov_seconds"": 1.1171290800011775, ""mean_states"": 2.0065809200662827}"
minibatch_const-n10000000-d16-k50-sep1.5-s0,minibatch_const,10000000,16,50,1.5,0,200,False,50,126730,126730,0.012673,219069,120699,47651,37927,25500000000.0,424.786290201002,100500000000.0,1616.8659096509982,500000000.0,4.202188856000248,6.835017809999044,0.8718822,37,markov_a0.5_soft,0,0,1.0192932050013042,29652,0.0029652,-3.9094132541106497e-05,0.013744001951636236,0.04268223928429386,0.8718642,0.9966075360836149,0.27304872352122955,0.6745587403612142,0.11383150169083299,0.7375374740169096,0.5622947977312176,1.0,0.22072652750800897,17059,0.6844764616051955,1.2048027562475387,0.5130723067656444,0.504127396864684,0.16484326878735084,"{""markov_seconds"": 1.0192749130001175, ""mean_states"": 2.0065809200662827}"
minibatch_const-n10000000-d16-k50-sep1.5-s0,minibatch_const,10000000,16,50,1.5,0,200,False,50,126730,126730,0.012673,219069,120699,47651,37927,25500000000.0,424.786290201002,100500000000.0,1616.8659096509982,500000000.0,4.202188856000248,6.835017809999044,0.8718822,37,markov_pooled,0,0,1.2328083219999826,31164,0.0031164,-3.647416935037562e-05,0.013744001951636236,0.04268223928429386,0.8717085,0.9963035574414396,0.3471790420579184,0.8264104789710408,0.1735895210289592,0.5,0.0,0.0,0.4898793694577038,17059,0.7862700278940354,1.571487191511812,0.785743595755906,0.5,0.2784534048765091,"{""markov_seconds"": 1.232779968999239, ""mean_states"": 2.0065809200662827}"
minibatch_const-n10000000-d16-k50-sep1.5-s0,minibatch_const,10000000,16,50,1.5,0,200,False,50,126730,126730,0.012673,219069,120699,47651,37927,25500000000.0,424.786290201002,100500000000.0,1616.8659096509982,500000000.0,4.202188856000248,6.835017809999044,0.8718822,37,markov_pooled_soft,0,0,1.1202212009993673,31164,0.0031164,-3.647416935037562e-05,0.013744001951636236,0.04268223928429386,0.8717085,0.9963035574414396,0.2968832240033092,0.6497219648357787,0.13718304412340832,0.7234737036808848,0.5911972158024482,0.999936873668429,0.19556763112039902,17059,0.6814160679072275,1.1903349851161118,0.49877240163825476,0.517051936637327,0.1808538714105649,"{""markov_seconds"": 1.1201933629999985, ""mean_states"": 2.0065809200662827}"
minibatch_const-n10000000-d16-k50-sep1.5-s0,minibatch_const,10000000,16,50,1.5,0,200,False,50,126730,126730,0.012673,219069,120699,47651,37927,25500000000.0,424.786290201002,100500000000.0,1616.8659096509982,500000000.0,4.202188856000248,6.835017809999044,0.8718822,37,markov_w5,0,0,1.1122629439996672,41324,0.0041324,-7.973154180107578e-06,0.013744001951636236,0.04268223928429386,0.8718567,0.9947447047423669,0.5075199242484021,0.746240037875799,0.25375996212420104,0.5,0.0,0.0,0.49325293113787955,17059,0.7869233038403849,1.5726595931766223,0.7863297965883111,0.5,0.32768862936952575,"{""markov_seconds"": 1.1122383250003622, ""mean_states"": 1.8144401483468793}"
minibatch_const-n10000000-d16-k50-sep1.5-s0,minibatch_const,10000000,16,50,1.5,0,200,False,50,126730,126730,0.012673,219069,120699,47651,37927,25500000000.0,424.786290201002,100500000000.0,1616.8659096509982,500000000.0,4.202188856000248,6.835017809999044,0.8718822,37,markov_w20,0,0,1.235215860999233,29953,0.0029953,-3.04920467497638e-05,0.013744001951636236,0.04268223928429386,0.8718836,0.9966442503714097,0.32806754517478104,0.8359662274126095,0.1640337725873905,0.5,0.0,0.0,0.4930228047791187,17059,0.7864689176131271,1.5692596283486722,0.7846298141743362,0.5,0.28700386648780873,"{""markov_seconds"": 1.235186313999293, ""mean_states"": 2.009311133906731}"
minibatch_const-n10000000-d16-k50-sep1.5-s0,minibatch_const,10000000,16,50,1.5,0,200,False,50,126730,126730,0.012673,219069,120699,47651,37927,25500000000.0,424.786290201002,100500000000.0,1616.8659096509982,500000000.0,4.202188856000248,6.835017809999044,0.8718822,37,reassign_all,500000000,0,6.512786055000106,37740,0.003774,-6.411684295581921e-05,0.013744001951636236,0.04268223928429386,0.8719303,0.9949888975780493,0.43789158052552674,0.7810542097372366,0.2189457902627634,0.5,0.0,0.0,0.4963158888141133,17059,0.7923903046821734,1.5839146491588019,0.7919573245794009,0.5,0.2938002051605776,{}
minibatch_const-n10000000-d16-k50-sep1.5-s0,minibatch_const,10000000,16,50,1.5,0,200,False,50,126730,126730,0.012673,219069,120699,47651,37927,25500000000.0,424.786290201002,100500000000.0,1616.8659096509982,500000000.0,4.202188856000248,6.835017809999044,0.8718822,37,fcm_soft,6336500,0,0.27518296699963685,36912,0.0036912,-6.368211361806875e-05,0.013744001951636236,0.04268223928429386,0.8719249,0.9951396464009706,0.8651371367831069,0.08345846431774392,0.6974057410887429,0.5059971875628655,3.7384615760460997,1.0,0.8177970003661267,17059,0.9221017636642314,0.9531880412315409,0.1579783430500074,0.7090669925265383,0.8549812648911502,{}
minibatch_const-n10000000-d16-k50-sep1.5-s0,minibatch_const,10000000,16,50,1.5,0,200,False,50,126730,126730,0.012673,219069,120699,47651,37927,25500000000.0,424.786290201002,100500000000.0,1616.8659096509982,500000000.0,4.202188856000248,6.835017809999044,0.8718822,37,gmm_plugin_soft,6336500,0,0.2913773409982241,51406,0.0051406,-3.2210404100507795e-05,0.013744001951636236,0.04268223928429386,0.8733299,0.9924353018539783,0.46650498092671,0.5097589554577596,0.12556091037762218,0.6377059259978131,0.7711831864764542,1.0,0.054283563803886846,17059,0.615572038610631,1.0169810077947354,0.2790445582252763,0.599470325712496,0.2996218704681298,{}
minibatch_const-n10000000-d16-k50-sep1.5-s0,minibatch_const,10000000,16,50,1.5,0,200,False,50,126730,126730,0.012673,219069,120699,47651,37927,25500000000.0,424.786290201002,100500000000.0,1616.8659096509982,500000000.0,4.202188856000248,6.835017809999044,0.8718822,37,full_convergence,75000000000.0,150,1192.0796194499962,0,0.0,0.0,0.0,0.0,0.8718822,1.0,0.0,1.0,0.0,nan,0.0,0.0,0.4783243264721411,17059,0.7847841190159198,1.5665631045196085,0.7832815522598042,0.5,0.19637465477787422,{}
minibatch_const-n10000000-d16-k50-sep1.5-s0,minibatch_const,10000000,16,50,1.5,0,200,False,50,126730,126730,0.012673,219069,120699,47651,37927,25500000000.0,424.786290201002,100500000000.0,1616.8659096509982,500000000.0,4.202188856000248,6.835017809999044,0.8718822,37,true_posterior_oracle,0,0,0.0,,,,,,,,1.1771538638082055,0.3863326016535195,0.5755719053333961,0.6241245395017898,0.08842118658761842,0.8631657855282885,0.5698237803720657,17059,0.0,0.23673260073738536,0.0032430658561685075,0.8744975712560831,0.5971174473380519,{}
minibatch_const-n10000000-d16-k50-sep1.5-s0,minibatch_const,10000000,16,50,1.5,0,200,False,50,126730,126730,0.012673,219069,120699,47651,37927,25500000000.0,424.786290201002,100500000000.0,1616.8659096509982,500000000.0,4.202188856000248,6.835017809999044,0.8718822,37,model_posterior_oracle,0,0,0.0,,,,,,,,0.4445157406727781,0.5216756735278589,0.17511551624680893,0.6713272414245046,0.7715899593453578,1.0,0.0,17059,0.6134058122554636,1.0091082833950928,0.27123111865632754,0.6356813550930689,0.28766877005081404,{}
minibatch_const-n10000000-d16-k50-sep1.5-s0,minibatch_const,10000000,16,50,1.5,0,200,False,60,124404,124404,0.0124404,211780,117115,42193,30134,30500000000.0,500.14702335100264,100500000000.0,1616.8659096509982,500000000.0,4.202188856000248,6.835017809999044,0.8718822,37,stop,0,0,0.029391248999672825,33757,0.0033757,-1.3509854917659325e-05,0.012824282503679158,0.022228164359859966,0.871874,0.9952650533119162,0.4844538760811549,0.7577730619594225,0.2422269380405775,0.5,0.0,0.0,0.4947334322057909,16231,0.7750747627280468,1.5567740743022611,0.7783870371511306,0.5,0.30898926079547284,{}
minibatch_const-n10000000-d16-k50-sep1.5-s0,minibatch_const,10000000,16,50,1.5,0,200,False,60,124404,124404,0.0124404,211780,117115,42193,30134,30500000000.0,500.14702335100264,100500000000.0,1616.8659096509982,500000000.0,4.202188856000248,6.835017809999044,0.8718822,37,reassign_U,6220200,0,0.12119565800094279,27799,0.0027799,-6.312081556125726e-05,0.012824282503679158,0.022228164359859966,0.8720988,0.9959590027320869,0.38866917462461015,0.805665412687695,0.19433458731230502,0.5,0.0,0.0,0.48663501076238747,16231,0.7754022716521592,1.551475571437373,0.7757377857186865,0.5,0.275846114272853,{}
minibatch_const-n10000000-d16-k50-sep1.5-s0,minibatch_const,10000000,16,50,1.5,0,200,False,60,124404,124404,0.0124404,211780,117115,42193,30134,30500000000.0,500.14702335100264,100500000000.0,1616.8659096509982,500000000.0,4.202188856000248,6.835017809999044,0.8718822,37,majority,0,0,0.10021576300096058,23813,0.0023813,-3.3273935550415246e-05,0.012824282503679158,0.022228164359859966,0.8718974,0.9971404413757139,0.32458763383814027,0.8377061830809299,0.16229381691907008,0.5,0.0,0.0,0.4911055402392288,16231,0.774174430066417,1.5493808144907892,0.7746904072453946,0.5,0.2746487251213787,{}
minibatch_const-n10000000-d16-k50-sep1.5-s0,minibatch_const,10000000,16,50,1.5,0,200,False,60,124404,124404,0.0124404,211780,117115,42193,30134,30500000000.0,500.14702335100264,100500000000.0,1616.8659096509982,500000000.0,4.202188856000248,6.835017809999044,0.8718822,37,frequency_soft,0,0,0.0829902960012987,23813,0.0023813,-3.3273935550415246e-05,0.012824282503679158,0.022228164359859966,0.8718974,0.9971404413757139,0.2559674279028523,0.7102124748984977,0.07085419644501348,0.7266865821298781,0.495774293305312,1.0,0.2642953035544132,16231,0.6827124330265292,1.239769220311505,0.5532566749374093,0.4844903370544028,0.14888514254145585,{}
minibatch_const-n10000000-d16-k50-sep1.5-s0,minibatch_const,10000000,16,50,1.5,0,200,False,60,124404,124404,0.0124404,211780,117115,42193,30134,30500000000.0,500.14702335100264,100500000000.0,1616.8659096509982,500000000.0,4.202188856000248,6.835017809999044,0.8718822,37,markov,0,0,1.079431570999077,25290,0.002529,-2.68717738745039e-05,0.012824282503679158,0.022228164359859966,0.871892,0.9967571412093983,0.3483328510337288,0.8258335744831355,0.17416642551686445,0.5,0.0,0.0,0.49163280439830587,16231,0.7746321113339834,1.5497504774813629,0.7748752387406814,0.5,0.2799382656506222,"{""markov_seconds"": 1.07940924399918, ""mean_states"": 2.0064065464132987}"
minibatch_const-n10000000-d16-k50-sep1.5-s0,minibatch_const,10000000,16,50,1.5,0,200,False,60,124404,124404,0.0124404,211780,117115,42193,30134,30500000000.0,500.14702335100264,100500000000.0,1616.8659096509982,500000000.0,4.202188856000248,6.835017809999044,0.8718822,37,markov_soft,0,0,1.1093848910004454,25290,0.002529,-2.68717738745039e-05,0.012824282503679158,0.022228164359859966,0.871892,0.9967571412093983,0.2873988653335077,0.7043551757863603,0.07625636930531988,0.6529211475474339,0.46261455599563206,0.906787563100865,0.27773034951514775,16231,0.6862137178870253,1.2487560575396854,0.557108838582157,0.48866899102975125,0.16153632661571318,"{""markov_seconds"": 1.1093531970000186, ""mean_states"": 2.0064065464132987}"
minibatch_const-n10000000-d16-k50-sep1.5-s0,minibatch_const,10000000,16,50,1.5,0,200,False,60,124404,124404,0.0124404,211780,117115,42193,30134,30500000000.0,500.14702335100264,100500000000.0,1616.8659096509982,500000000.0,4.202188856000248,6.835017809999044,0.8718822,37,markov_a0.5,0,0,1.1921210259988584,23323,0.0023323,-3.5015362664592153e-05,0.012824282503679158,0.022228164359859966,0.8719001,0.997129092838426,0.31671007363107295,0.8416449631844635,0.15835503681553653,0.5,0.0,0.0,0.4903612792599059,16231,0.7741748533257541,1.5493808144907892,0.7746904072453946,0.5,0.2691325037780136,"{""markov_seconds"": 1.1920974829990882, ""mean_states"": 2.0064065464132987}"
minibatch_const-n10000000-d16-k50-sep1.5-s0,minibatch_const,10000000,16,50,1.5,0,200,False,60,124404,124404,0.0124404,211780,117115,42193,30134,30500000000.0,500.14702335100264,100500000000.0,1616.8659096509982,500000000.0,4.202188856000248,6.835017809999044,0.8718822,37,markov_a0.5_soft,0,0,1.0862396909997187,23323,0.0023323,-3.5015362664592153e-05,0.012824282503679158,0.022228164359859966,0.8719001,0.997129092838426,0.2646604837242512,0.6811850210792662,0.11234548331030639,0.76276575505379,0.5560888569282056,1.0,0.22397655999409324,16231,0.6666746238431782,1.1856132904087284,0.5055904622238897,0.4821736080867949,0.15407640619676913,"{""markov_seconds"": 1.0862129519991868, ""mean_states"": 2.0064065464132987}"
minibatch_const-n10000000-d16-k50-sep1.5-s0,minibatch_const,10000000,16,50,1.5,0,200,False,60,124404,124404,0.0124404,211780,117115,42193,30134,30500000000.0,500.14702335100264,100500000000.0,1616.8659096509982,500000000.0,4.202188856000248,6.835017809999044,0.8718822,37,markov_pooled,0,0,1.088951959998667,24574,0.0024574,-3.21407869441348e-05,0.012824282503679158,0.022228164359859966,0.8718279,0.9968637149055126,0.3368219671393203,0.8315890164303399,0.1684109835696601,0.5,0.0,0.0,0.4913749650873843,16231,0.7748126888793816,1.5488879305033578,0.7744439652516789,0.5,0.27549660782611496,"{""markov_seconds"": 1.0889335939991724, ""mean_states"": 2.0064065464132987}"
minibatch_const-n10000000-d16-k50-sep1.5-s0,minibatch_const,10000000,16,50,1.5,0,200,False,60,124404,124404,0.0124404,211780,117115,42193,30134,30500000000.0,500.14702335100264,100500000000.0,1616.8659096509982,500000000.0,4.202188856000248,6.835017809999044,0.8718822,37,markov_pooled_soft,0,0,1.3303757789999509,24574,0.0024574,-3.21407869441348e-05,0.012824282503679158,0.022228164359859966,0.8718279,0.9968637149055126,0.2837991814438021,0.6592117768537643,0.13224939424856838,0.7615843994272177,0.5838926002961835,0.9999437317128067,0.20055121126044503,16231,0.6638261336869586,1.1720331583026387,0.4907109375862097,0.49255964468411473,0.1668253579130266,"{""markov_seconds"": 1.3303511689991865, ""mean_states"": 2.0064065464132987}"
minibatch_const-n10000000-d16-k50-sep1.5-s0,minibatch_const,10000000,16,50,1.5,0,200,False,60,124404,124404,0.0124404,211780,117115,42193,30134,30500000000.0,500.14702335100264,100500000000.0,1616.8659096509982,500000000.0,4.202188856000248,6.835017809999044,0.8718822,37,markov_w5,0,0,0.937579782001194,30263,0.0030263,-2.0082481399286145e-05,0.012824282503679158,0.022228164359859966,0.8718876,0.9958481626133704,0.42828204880871995,0.78585897559564,0.21414102440436,0.5,0.0,0.0,0.49262529033001606,16231,0.7747812955493816,1.5517220134310887,0.7758610067155444,0.5,0.29603356805247416,"{""markov_seconds"": 0.9375595279998379, ""mean_states"": 1.7955049676859265}"
minibatch_const-n10000000-d16-k50-sep1.5-s0,minibatch_const,10000000,16,50,1.5,0,200,False,60,124404,124404,0.0124404,211780,117115,42193,30134,30500000000.0,500.14702335100264,100500000000.0,1616.8659096509982,500000000.0,4.202188856000248,6.835017809999044,0.8718822,37,markov_w20,0,0,1.2395015570000396,23223,0.0023223,-2.529708011922427e-05,0.012824282503679158,0.022228164359859966,0.8718785,0.9972573902073635,0.31510240828269187,0.8424487958586541,0.15755120414134594,0.5,0.0,0.0,0.4934950372726065,16231,0.774160911700017,1.5481486045222106,0.7740743022611053,0.5,0.2800033760972316,"{""markov_seconds"": 1.239480549998916, ""mean_states"": 2.0096540304170283}"
minibatch_const-n10000000-d16-k50-sep1.5-s0,minibatch_const,10000000,16,50,1.5,0,200,False,60,124404,124404,0.0124404,211780,117115,42193,30134,30500000000.0,500.14702335100264,100500000000.0,1616.8659096509982,500000000.0,4.202188856000248,6.835017809999044,0.8718822,37,reassign_all,500000000,0,6.103825747000883,28580,0.002858,-6.454282481915818e-05,0.012824282503679158,0.022228164359859966,0.8721215,0.9957230815679599,0.38866917462461015,0.805665412687695,0.19433458731230502,0.5,0.0,0.0,0.48663501076238747,16231,0.7754022716521592,1.551475571437373,0.7757377857186865,0.5,0.275846114272853,{}
minibatch_const-n10000000-d16-k50-sep1.5-s0,minibatch_const,10000000,16,50,1.5,0,200,False,60,124404,124404,0.0124404,211780,117115,42193,30134,30500000000.0,500.14702335100264,100500000000.0,1616.8659096509982,500000000.0,4.202188856000248,6.835017809999044,0.8718822,37,fcm_soft,6220200,0,0.27476280700102507,27799,0.0027799,-6.312081556125726e-05,0.012824282503679158,0.022228164359859966,0.8720988,0.9959590027320869,0.8644429905868234,0.0838568962886869,0.7216716361756561,0.5231456899381257,3.7374517357423254,1.0,0.8173146393297022,16231,0.9188664535700642,0.951013605037884,0.1739021834917792,0.6814614660218663,0.8520384702724436,{}
minibatch_const-n10000000-d16-k50-sep1.5-s0,minibatch_const,10000000,16,50,1.5,0,200,False,60,124404,124404,0.0124404,211780,117115,42193,30134,30500000000.0,500.14702335100264,100500000000.0,1616.8659096509982,500000000.0,4.202188856000248,6.835017809999044,0.8718822,37,gmm_plugin_soft,6220200,0,0.28985036599988234,39936,0.0039936,-3.14993295196242e-05,0.012824282503679158,0.022228164359859966,0.8733486,0.9938580753705675,0.458805876815148,0.5135715879769365,0.16618733088063103,0.6207802218683579,0.7720031388565829,1.0,0.04265898091641113,16231,0.5924550500301752,0.9904531354419917,0.2558212409930128,0.6281694498697484,0.28788675841506234,{}
minibatch_const-n10000000-d16-k50-sep1.5-s0,minibatch_const,10000000,16,50,1.5,0,200,False,60,124404,124404,0.0124404,211780,117115,42193,30134,30500000000.0,500.14702335100264,100500000000.0,1616.8659096509982,500000000.0,4.202188856000248,6.835017809999044,0.8718822,37,full_convergence,70000000000.0,140,1116.7188862999956,0,0.0,0.0,0.0,0.0,0.8718822,1.0,0.0,1.0,0.0,nan,0.0,0.0,0.4837878538718003,16231,0.7736813597360935,1.546053847575627,0.7730269237878135,0.5,0.20419922188997142,{}
minibatch_const-n10000000-d16-k50-sep1.5-s0,minibatch_const,10000000,16,50,1.5,0,200,False,60,124404,124404,0.0124404,211780,117115,42193,30134,30500000000.0,500.14702335100264,100500000000.0,1616.8659096509982,500000000.0,4.202188856000248,6.835017809999044,0.8718822,37,true_posterior_oracle,0,0,0.0,,,,,,,,1.1758031481042612,0.3867276264934531,0.5748543718195985,0.6169290846297619,0.0894166621964906,0.8578743448763705,0.5683912212673761,16231,0.0,0.24786069097707134,0.004580463144945249,0.8691141388854227,0.5963987646396113,{}
minibatch_const-n10000000-d16-k50-sep1.5-s0,minibatch_const,10000000,16,50,1.5,0,200,False,60,124404,124404,0.0124404,211780,117115,42193,30134,30500000000.0,500.14702335100264,100500000000.0,1616.8659096509982,500000000.0,4.202188856000248,6.835017809999044,0.8718822,37,model_posterior_oracle,0,0,0.0,,,,,,,,0.45350475582171906,0.5162121461281998,0.16596892794118726,0.6588595223040676,0.7733427194068608,1.0,0.0,16231,0.5906066839661103,0.9867474364408778,0.25667647000636346,0.6345720497382341,0.2854480892764385,{}
minibatch_const-n10000000-d16-k50-sep1.5-s0,minibatch_const,10000000,16,50,1.5,0,200,False,70,125468,125468,0.0125468,209195,122883,41208,30382,35500000000.0,573.0550085629966,100500000000.0,1616.8659096509982,500000000.0,4.202188856000248,6.835017809999044,0.8718822,37,stop,0,0,0.027437937998911366,30437,0.0030437,-1.10893798820344e-05,0.012925868647209262,0.025719546051198444,0.8718592,0.9954931213479551,0.48429878534765836,0.7578506073261708,0.24214939267382918,0.5,0.0,0.0,0.49718129376715303,16629,0.7833172392712237,1.5582416260749294,0.7791208130374647,0.5,0.31731533139924123,{}
minibatch_const-n10000000-d16-k50-sep1.5-s0,minibatch_const,10000000,16,50,1.5,0,200,False,70,125468,125468,0.0125468,209195,122883,41208,30382,35500000000.0,573.0550085629966,100500000000.0,1616.8659096509982,500000000.0,4.202188856000248,6.835017809999044,0.8718822,37,reassign_U,6273400,0,0.1268792160008161,23556,0.0023556,-5.669006816455546e-05,0.012925868647209262,0.025719546051198444,0.8717866,0.9962751222234223,0.37461344725348295,0.8126932763732585,0.1873067236267415,0.5,0.0,0.0,0.4891299293818966,16629,0.7936741693976158,1.5881893078357088,0.7940946539178544,0.5,0.2806967513628973,{}
minibatch_const-n10000000-d16-k50-sep1.5-s0,minibatch_const,10000000,16,50,1.5,0,200,False,70,125468,125468,0.0125468,209195,122883,41208,30382,35500000000.0,573.0550085629966,100500000000.0,1616.8659096509982,500000000.0,4.202188856000248,6.835017809999044,0.8718822,37,majority,0,0,0.09000666399879265,14459,0.0014459,-3.425986090466182e-05,0.012925868647209262,0.025719546051198444,0.8718699,0.9979614623777222,0.22960436127139988,0.8851978193643001,0.11480218063569991,0.5,0.0,0.0,0.48970803064369656,16629,0.7825778159551168,1.560767334175236,0.7803836670876181,0.5,0.24371632607517457,{}
minibatch_const-n10000000-d16-k50-sep1.5-s0,minibatch_const,10000000,16,50,1.5,0,200,False,70,125468,125468,0.0125468,209195,122883,41208,30382,35500000000.0,573.0550085629966,100500000000.0,1616.8659096509982,500000000.0,4.202188856000248,6.835017809999044,0.8718822,37,frequency_soft,0,0,0.07998183600102493,14459,0.0014459,-3.425986090466182e-05,0.012925868647209262,0.025719546051198444,0.8718699,0.9979614623777222,0.19545097534994268,0.7421334523543852,0.1149543382303927,0.8416288515011834,0.49191112173801715,1.0,0.26548424512915797,16629,0.6953868192729262,1.2565283491103116,0.5606197278576857,0.48502698894100366,0.10976682210893325,{}
minibatch_const-n10000000-d16-k50-sep1.5-s0,minibatch_const,10000000,16,50,1.5,0,200,False,70,125468,125468,0.0125468,209195,122883,41208,30382,35500000000.0,573.0550085629966,100500000000.0,1616.8659096509982,500000000.0,4.202188856000248,6.835017809999044,0.8718822,37,markov,0,0,1.1151843939987884,18572,0.0018572,-2.6085711940848633e-05,0.012925868647209262,0.025719546051198444,0.8718572,0.9973198738837258,0.2951668951445787,0.8524165524277106,0.14758344757228936,0.5,0.0,0.0,0.4925222487167536,16629,0.7830768352366553,1.5619700523182392,0.7809850261591196,0.5,0.2673747887907673,"{""markov_seconds"": 1.115163346999907, ""mean_states"": 2.006575381770651}"
minibatch_const-n10000000-d16-k50-sep1.5-s0,minibatch_const,10000000,16,50,1.5,0,200,False,70,125468,125468,0.0125468,209195,122883,41208,30382,35500000000.0,573.0550085629966,100500000000.0,1616.8659096509982,500000000.0,4.202188856000248,6.835017809999044,0.8718822,37,markov_soft,0,0,1.2617749069995625,18572,0.0018572,-2.6085711940848633e-05,0.012925868647209262,0.025719546051198444,0.8718572,0.9973198738837258,0.2581621668668755,0.7174993645602352,0.08529516903195716,0.6641525340170763,0.46855962959956116,0.9277425319603405,0.2767167339234855,16629,0.6988562043822159,1.2653427550539718,0.5644220328391314,0.48835155422414944,0.13709092026283465,"{""markov_seconds"": 1.2617541079998773, ""mean_states"": 2.006575381770651}"
minibatch_const-n10000000-d16-k50-sep1.5-s0,minibatch_const,10000000,16,50,1.5,0,200,False,70,125468,125468,0.0125468,209195,122883,41208,30382,35500000000.0,573.0550085629966,100500000000.0,1616.8659096509982,500000000.0,4.202188856000248,6.835017809999044,0.8718822,37,markov_a0.5,0,0,1.4172968689999834,14725,0.0014725,-3.3980771473429705e-05,0.012925868647209262,0.025719546051198444,0.8718724,0.9978977455024999,0.23384448624350432,0.8830777568782479,0.11692224312175215,0.5,0.0,0.0,0.48993497788138085,16629,0.7825743470792645,1.5602862469180347,0.7801431234590174,0.5,0.2444728536359869,"{""markov_seconds"": 1.4172691269995994, ""mean_states"": 2.006575381770651}"
minibatch_const-n10000000-d16-k50-sep1.5-s0,minibatch_const,10000000,16,50,1.5,0,200,False,70,125468,125468,0.0125468,209195,122883,41208,30382,35500000000.0,573.0550085629966,100500000000.0,1616.8659096509982,500000000.0,4.202188856000248,6.835017809999044,0.8718822,37,markov_a0.5_soft,0,0,1.2293822579995322,14725,0.0014725,-3.3980771473429705e-05,0.012925868647209262,0.025719546051198444,0.8718724,0.9978977455024999,0.22228716813567498,0.7020438363389258,0.1547381439476423,0.8486988502286734,0.5574323790280712,1.0,0.22289237857552124,16629,0.6801771007972749,1.2019899509272076,0.514444649633028,0.48930822857496187,0.12163532868750793,"{""markov_seconds"": 1.2293486609996762, ""mean_states"": 2.006575381770651}"
minibatch_const-n10000000-d16-k50-sep1.5-s0,minibatch_const,10000000,16,50,1.5,0,200,False,70,125468,125468,0.0125468,209195,122883,41208,30382,35500000000.0,573.0550085629966,100500000000.0,1616.8659096509982,500000000.0,4.202188856000248,6.835017809999044,0.8718822,37,markov_pooled,0,0,1.215081360000113,15894,0.0015894,-3.2481699890118954e-05,0.012925868647209262,0.025719546051198444,0.871699,0.9976222884811025,0.25247871967354224,0.8737606401632289,0.12623935983677115,0.5,0.0,0.0,0.4903026607124391,16629,0.7832287422055852,1.5625714113897409,0.7812857056948704,0.5,0.2504480823795709,"{""markov_seconds"": 1.2150495209989458, ""mean_states"": 2.006575381770651}"
minibatch_const-n10000000-d16-k50-sep1.5-s0,minibatch_const,10000000,16,50,1.5,0,200,False,70,125468,125468,0.0125468,209195,122883,41208,30382,35500000000.0,573.0550085629966,100500000000.0,1616.8659096509982,500000000.0,4.202188856000248,6.835017809999044,0.8718822,37,markov_pooled_soft,0,0,1.320055752999906,15894,0.0015894,-3.2481699890118954e-05,0.012925868647209262,0.025719546051198444,0.871699,0.9976222884811025,0.2501554962805726,0.6750869300733344,0.17480220999326293,0.8215355698543483,0.5868016809893207,0.999912328243058,0.19804651179208171,16629,0.6773332659301257,1.1871277620060787,0.49875671822624257,0.5038598338809798,0.13794410968492524,"{""markov_seconds"": 1.3200257920016156, ""mean_states"": 2.006575381770651}"
minibatch_const-n10000000-d16-k50-sep1.5-s0,minibatch_const,10000000,16,50,1.5,0,200,False,70,125468,125468,0.0125468,209195,122883,41208,30382,35500000000.0,573.0550085629966,100500000000.0,1616.8659096509982,500000000.0,4.202188856000248,6.835017809999044,0.8718822,37,markov_w5,0,0,1.050969546999113,25566,0.0025566,-1.7720273144394838e-05,0.012925868647209262,0.025719546051198444,0.8718455,0.9962590194561124,0.40665348933592627,0.7966732553320368,0.2033267446679632,0.5,0.0,0.0,0.4957214337403614,16629,0.7833697498159675,1.5620903241325395,0.7810451620662697,0.5,0.29637963464787836,"{""markov_seconds"": 1.0509503569992376, ""mean_states"": 1.8029537411929735}"
minibatch_const-n10000000-d16-k50-sep1.5-s0,minibatch_const,10000000,16,50,1.5,0,200,False,70,125468,125468,0.0125468,209195,122883,41208,30382,35500000000.0,573.0550085629966,100500000000.0,1616.8659096509982,500000000.0,4.202188856000248,6.835017809999044,0.8718822,37,markov_w20,0,0,1.1442549350012996,16219,0.0016219,-3.151820957814078e-05,0.012925868647209262,0.025719546051198444,0.8718621,0.997824407498223,0.2576593234928428,0.8711703382535786,0.1288296617464214,0.5,0.0,0.0,0.4905247265012331,16629,0.7824056025820505,1.5622105959468398,0.7811052979734199,0.5,0.25847578665476456,"{""markov_seconds"": 1.1442315430012968, ""mean_states"": 2.009779385978895}"
minibatch_const-n10000000-d16-k50-sep1.5-s0,minibatch_const,10000000,16,50,1.5,0,200,False,70,125468,125468,0.0125468,209195,122883,41208,30382,35500000000.0,573.0550085629966,100500000000.0,1616.8659096509982,500000000.0,4.202188856000248,6.835017809999044,0.8718822,37,reassign_all,500000000,0,6.146514688000025,25303,0.0025303,-5.7877170611342343e-05,0.012925868647209262,0.025719546051198444,0.8717378,0.9958942334826917,0.37461344725348295,0.8126932763732585,0.1873067236267415,0.5,0.0,0.0,0.4891299293818966,16629,0.7936741693976158,1.5881893078357088,0.7940946539178544,0.5,0.2806967513628973,{}
minibatch_const-n10000000-d16-k50-sep1.5-s0,minibatch_const,10000000,16,50,1.5,0,200,False,70,125468,125468,0.0125468,209195,122883,41208,30382,35500000000.0,573.0550085629966,100500000000.0,1616.8659096509982,500000000.0,4.202188856000248,6.835017809999044,0.8718822,37,fcm_soft,6273400,0,0.26669019399923855,23556,0.0023556,-5.669006816455546e-05,0.012925868647209262,0.025719546051198444,0.8717866,0.9962751222234223,0.8649104687860683,0.08358735143551034,0.7289896947455311,0.5459178584451199,3.7381857148863067,1.0,0.8175621918272556,16629,0.9214100764582902,0.9529205590269457,0.1559039244936732,0.7177964219868571,0.846705432362101,{}
minibatch_const-n10000000-d16-k50-sep1.5-s0,minibatch_const,10000000,16,50,1.5,0,200,False,70,125468,125468,0.0125468,209195,122883,41208,30382,35500000000.0,573.0550085629966,100500000000.0,1616.8659096509982,500000000.0,4.202188856000248,6.835017809999044,0.8718822,37,gmm_plugin_soft,6273400,0,0.33668468600080814,35403,0.0035403,-2.6662207212035938e-05,0.012925868647209262,0.025719546051198444,0.8732478,0.994258501071281,0.4613981778392258,0.5120194997286186,0.17892043613134273,0.6298611658371991,0.7723857857797983,1.0,0.041511154292105924,16629,0.6113224389735291,1.01426262486413,0.2731266220054222,0.5974920310338606,0.27556375413858764,{}
minibatch_const-n10000000-d16-k50-sep1.5-s0,minibatch_const,10000000,16,50,1.5,0,200,False,70,125468,125468,0.0125468,209195,122883,41208,30382,35500000000.0,573.0550085629966,100500000000.0,1616.8659096509982,500000000.0,4.202188856000248,6.835017809999044,0.8718822,37,full_convergence,65000000000.0,130,1043.8109010880016,0,0.0,0.0,0.0,0.0,0.8718822,1.0,0.0,1.0,0.0,nan,0.0,0.0,0.4867693757305675,16629,0.7817948366479546,1.55848216970353,0.779241084851765,0.5,0.217996301845889,{}
minibatch_const-n10000000-d16-k50-sep1.5-s0,minibatch_const,10000000,16,50,1.5,0,200,False,70,125468,125468,0.0125468,209195,122883,41208,30382,35500000000.0,573.0550085629966,100500000000.0,1616.8659096509982,500000000.0,4.202188856000248,6.835017809999044,0.8718822,37,true_posterior_oracle,0,0,0.0,,,,,,,,1.1825773341368082,0.3837476487006053,0.5785756633670106,0.6267466615104802,0.0880903470831421,0.8608569515733095,0.5715383236809448,16629,0.0,0.24067803480771258,0.0022143887709526974,0.8718680692419568,0.5994561366600477,{}
minibatch_const-n10000000-d16-k50-sep1.5-s0,minibatch_const,10000000,16,50,1.5,0,200,False,70,125468,125468,0.0125468,209195,122883,41208,30382,35500000000.0,573.0550085629966,100500000000.0,1616.8659096509982,500000000.0,4.202188856000248,6.835017809999044,0.8718822,37,model_posterior_oracle,0,0,0.0,,,,,,,,0.458215250879487,0.5132306242694324,0.166519770094202,0.6445703532384387,0.7752660242929716,1.0,0.0,16629,0.6085410103975831,1.0056295245672873,0.2655668878483392,0.6268257085860893,0.27465706230348913,{}
minibatch_const-n10000000-d16-k50-sep1.5-s0,minibatch_const,10000000,16,50,1.5,0,200,False,80,123197,123197,0.0123197,207357,121359,41465,30273,40500000000.0,651.5936000509919,100500000000.0,1616.8659096509982,500000000.0,4.202188856000248,6.835017809999044,0.8718822,37,stop,0,0,0.032015939001212246,30313,0.0030313,-1.9241152085069935e-05,0.012800790148387895,0.029096866738584463,0.871815,0.9955651195223777,0.491456772486343,0.7542716137568285,0.2457283862431715,0.5,0.0,0.0,0.4979241359185754,16873,0.7833010969781752,1.5697267824334735,0.7848633912167368,0.5,0.32192943009975894,{}
minibatch_const-n10000000-d16-k50-sep1.5-s0,minibatch_const,10000000,16,50,1.5,0,200,False,80,123197,123197,0.0123197,207357,121359,41465,30273,40500000000.0,651.5936000509919,100500000000.0,1616.8659096509982,500000000.0,4.202188856000248,6.835017809999044,0.8718822,37,reassign_U,6159850,0,0.1562805660014419,23619,0.0023619,-6.588261032991483e-05,0.012800790148387895,0.029096866738584463,0.8721411,0.9963996362324863,0.3827852950964715,0.8086073524517643,0.1913926475482357,0.5,0.0,0.0,0.4981798977383856,16873,0.7724772938446708,1.5440052154329402,0.7720026077164701,0.5,0.28557351234202133,{}
minibatch_const-n10000000-d16-k50-sep1.5-s0,minibatch_const,10000000,16,50,1.5,0,200,False,80,123197,123197,0.0123197,207357,121359,41465,30273,40500000000.0,651.5936000509919,100500000000.0,1616.8659096509982,500000000.0,4.202188856000248,6.835017809999044,0.8718822,37,majority,0,0,0.09796103000007861,14234,0.0014234,-4.34610850018613e-05,0.012800790148387895,0.029096866738584463,0.8718649,0.9979432992250509,0.2304276889859331,0.8847861555070334,0.11521384449296657,0.5,0.0,0.0,0.4913700285001833,16873,0.7828553487983313,1.5675931962306644,0.7837965981153322,0.5,0.24716592124808237,{}
minibatch_const-n10000000-d16-k50-sep1.5-s0,minibatch_const,10000000,16,50,1.5,0,200,False,80,123197,123197,0.0123197,207357,121359,41465,30273,40500000000.0,651.5936000509919,100500000000.0,1616.8659096509982,500000000.0,4.202188856000248,6.835017809999044,0.8718822,37,frequency_soft,0,0,0.2749288230006641,14234,0.0014234,-4.34610850018613e-05,0.012800790148387895,0.029096866738584463,0.8718649,0.9979432992250509,0.19564673578975872,0.7408459621581694,0.11676494483705699,0.8477497814987496,0.49473039579689393,1.0,0.2650208008297902,16873,0.6951905462798512,1.2516245574008649,0.5585901089960831,0.49532358927801545,0.10733872651857666,{}
minibatch_const-n10000000-d16-k50-sep1.5-s0,minibatch_const,10000000,16,50,1.5,0,200,False,80,123197,123197,0.0123197,207357,121359,41465,30273,40500000000.0,651.5936000509919,100500000000.0,1616.8659096509982,500000000.0,4.202188856000248,6.835017809999044,0.8718822,37,markov,0,0,1.5797667000006186,18245,0.0018245,-3.5306345008812023e-05,0.012800790148387895,0.029096866738584463,0.871833,0.9973755572275879,0.29554291094750684,0.8522285445262466,0.14777145547375337,0.5,0.0,0.0,0.49368311362186784,16873,0.7833051152907174,1.5730456943045101,0.7865228471522551,0.5,0.2702276841156846,"{""markov_seconds"": 1.5797438049994525, ""mean_states"": 2.006729059960876}"
minibatch_const-n10000000-d16-k50-sep1.5-s0,minibatch_const,10000000,16,50,1.5,0,200,False,80,123197,123197,0.0123197,207357,121359,41465,30273,40500000000.0,651.5936000509919,100500000000.0,1616.8659096509982,500000000.0,4.202188856000248,6.835017809999044,0.8718822,37,markov_soft,0,0,1.6856117739989713,18245,0.0018245,-3.5306345008812023e-05,0.012800790148387895,0.029096866738584463,0.871833,0.9973755572275879,0.2571928958566767,0.7152647267620068,0.08383950723219234,0.6799974152917049,0.4760174765338327,0.9369952190394246,0.27379049289334556,16873,0.6983610497501069,1.2635195371039043,0.5645659023076413,0.497391216086123,0.13615694345668808,"{""markov_seconds"": 1.6855766609987768, ""mean_states"": 2.006729059960876}"
minibatch_const-n10000000-d16-k50-sep1.5-s0,minibatch_const,10000000,16,50,1.5,0,200,False,80,123197,123197,0.0123197,207357,121359,41465,30273,40500000000.0,651.5936000509919,100500000000.0,1616.8659096509982,500000000.0,4.202188856000248,6.835017809999044,0.8718822,37,markov_a0.5,0,0,1.5458977919988683,14839,0.0014839,-4.2731531237016895e-05,0.012800790148387895,0.029096866738584463,0.8718564,0.9978585259941447,0.24024935672134873,0.8798753216393256,0.12012467836067442,0.5,0.0,0.0,0.4915613507303104,16873,0.7828689477966737,1.5697267824334735,0.7848633912167368,0.5,0.24946841238017162,"{""markov_seconds"": 1.545869325998865, ""mean_states"": 2.006729059960876}"
minibatch_const-n10000000-d16-k50-sep1.5-s0,minibatch_const,10000000,16,50,1.5,0,200,False,80,123197,123197,0.0123197,207357,121359,41465,30273,40500000000.0,651.5936000509919,100500000000.0,1616.8659096509982,500000000.0,4.202188856000248,6.835017809999044,0.8718822,37,markov_a0.5_soft,0,0,1.3998544179994497,14839,0.0014839,-4.2731531237016895e-05,0.012800790148387895,0.029096866738584463,0.8718564,0.9978585259941447,0.22665020194624982,0.6985173190103162,0.15324591173978006,0.848687624608273,0.5604823124960506,1.0,0.22201503034873596,16873,0.6802421355797506,1.199221640678084,0.5140265223941132,0.5018246098873765,0.12200281287588846,"{""markov_seconds"": 1.3998131059997831, ""mean_states"": 2.006729059960876}"
minibatch_const-n10000000-d16-k50-sep1.5-s0,minibatch_const,10000000,16,50,1.5,0,200,False,80,123197,123197,0.0123197,207357,121359,41465,30273,40500000000.0,651.5936000509919,100500000000.0,1616.8659096509982,500000000.0,4.202188856000248,6.835017809999044,0.8718822,37,markov_pooled,0,0,1.3865989430014452,16111,0.0016111,-4.04525069682693e-05,0.012800790148387895,0.029096866738584463,0.8716938,0.9975839300719288,0.2608992102080408,0.8695503948959796,0.13044960510402037,0.5,0.0,0.0,0.4921560469861485,16873,0.7833889163082185,1.5724530314703964,0.7862265157351982,0.5,0.2556744076560306,"{""markov_seconds"": 1.3865675840006588, ""mean_states"": 2.006729059960876}"
minibatch_const-n10000000-d16-k50-sep1.5-s0,minibatch_const,10000000,16,50,1.5,0,200,False,80,123197,123197,0.0123197,207357,121359,41465,30273,40500000000.0,651.5936000509919,100500000000.0,1616.8659096509982,500000000.0,4.202188856000248,6.835017809999044,0.8718822,37,markov_pooled_soft,0,0,1.0826436180013843,16111,0.0016111,-4.04525069682693e-05,0.012800790148387895,0.029096866738584463,0.8716938,0.9975839300719288,0.25363523144200506,0.6726725913324234,0.1725296886185074,0.8204663696823019,0.5881388709387078,0.9999269462730423,0.19828099340340388,16873,0.6774146388565389,1.186096220724773,0.497465330554182,0.5077140216535422,0.1371597369796808,"{""markov_seconds"": 1.0826205080011277, ""mean_states"": 2.006729059960876}"
minibatch_const-n10000000-d16-k50-sep1.5-s0,minibatch_const,10000000,16,50,1.5,0,200,False,80,123197,123197,0.0123197,207357,121359,41465,30273,40500000000.0,651.5936000509919,100500000000.0,1616.8659096509982,500000000.0,4.202188856000248,6.835017809999044,0.8718822,37,markov_w5,0,0,1.0061854509986006,25233,0.0025233,-2.702925085096286e-05,0.012800790148387895,0.029096866738584463,0.871803,0.9963078350690272,0.40898723183194396,0.7955063840840281,0.20449361591597193,0.5,0.0,0.0,0.49673801974985604,16873,0.7838490185252475,1.574468085106383,0.7872340425531915,0.5,0.299610867147739,"{""markov_seconds"": 1.0061190699998406, ""mean_states"": 1.7968294682500385}"
minibatch_const-n10000000-d16-k50-sep1.5-s0,minibatch_const,10000000,16,50,1.5,0,200,False,80,123197,123197,0.0123197,207357,121359,41465,30273,40500000000.0,651.5936000509919,100500000000.0,1616.8659096509982,500000000.0,4.202188856000248,6.835017809999044,0.8718822,37,markov_w20,0,0,1.19533231800051,13231,0.0013231,-4.1903609107052375e-05,0.012800790148387895,0.029096866738584463,0.8718539,0.9981115043275818,0.21414482495515313,0.8929275875224234,0.1070724124775766,0.5,0.0,0.0,0.4917688076301049,16873,0.7823299770253274,1.5662893379956142,0.7831446689978072,0.5,0.2489878811984058,"{""markov_seconds"": 1.1952978720000829, ""mean_states"": 2.010292458420254}"
minibatch_const-n10000000-d16-k50-sep1.5-s0,minibatch_const,10000000,16,50,1.5,0,200,False,80,123197,123197,0.0123197,207357,121359,41465,30273,40500000000.0,651.5936000509919,100500000000.0,1616.8659096509982,500000000.0,4.202188856000248,6.835017809999044,0.8718822,37,reassign_all,500000000,0,6.3003300210002635,24942,0.0024942,-6.655000649480325e-05,0.012800790148387895,0.029096866738584463,0.8721655,0.9961809211538712,0.3827852950964715,0.8086073524517643,0.1913926475482357,0.5,0.0,0.0,0.4981798977383856,16873,0.7724772938446708,1.5440052154329402,0.7720026077164701,0.5,0.28557351234202133,{}
minibatch_const-n10000000-d16-k50-sep1.5-s0,minibatch_const,10000000,16,50,1.5,0,200,False,80,123197,123197,0.0123197,207357,121359,41465,30273,40500000000.0,651.5936000509919,100500000000.0,1616.8659096509982,500000000.0,4.202188856000248,6.835017809999044,0.8718822,37,fcm_soft,6159850,0,0.29801977700117277,23619,0.0023619,-6.588261032991483e-05,0.012800790148387895,0.029096866738584463,0.8721411,0.9963996362324863,0.8667084257508503,0.08256099362907865,0.725920308987677,0.5132018250085997,3.74094081176517,1.0,0.8187935153324619,16873,0.9213055333099204,0.9525555741818494,0.1779670281940758,0.7081256694385518,0.8465974218595052,{}
minibatch_const-n10000000-d16-k50-sep1.5-s0,minibatch_const,10000000,16,50,1.5,0,200,False,80,123197,123197,0.0123197,207357,121359,41465,30273,40500000000.0,651.5936000509919,100500000000.0,1616.8659096509982,500000000.0,4.202188856000248,6.835017809999044,0.8718822,37,gmm_plugin_soft,6159850,0,0.30328789800114464,37410,0.003741,-3.239069634775049e-05,0.012800790148387895,0.029096866738584463,0.8732368,0.9937803154507201,0.4609670006259787,0.5115980570638519,0.15705794159540332,0.6368330769024104,0.7771868394133226,1.0,0.04464219409203997,16873,0.609857912153064,1.003253867978334,0.2641919338243874,0.6532638520645455,0.27159226245431534,{}
minibatch_const-n10000000-d16-k50-sep1.5-s0,minibatch_const,10000000,16,50,1.5,0,200,False,80,123197,123197,0.0123197,207357,121359,41465,30273,40500000000.0,651.5936000509919,100500000000.0,1616.8659096509982,500000000.0,4.202188856000248,6.835017809999044,0.8718822,37,full_convergence,60000000000.0,120,965.2723096000063,0,0.0,0.0,0.0,0.0,0.8718822,1.0,0.0,1.0,0.0,nan,0.0,0.0,0.4888276236071698,16873,0.7816806686188207,1.5614295027558822,0.7807147513779411,0.5,0.22249665170418112,{}
minibatch_const-n10000000-d16-k50-sep1.5-s0,minibatch_const,10000000,16,50,1.5,0,200,False,80,123197,123197,0.0123197,207357,121359,41465,30273,40500000000.0,651.5936000509919,100500000000.0,1616.8659096509982,500000000.0,4.202188856000248,6.835017809999044,0.8718822,37,true_posterior_oracle,0,0,0.0,,,,,,,,1.1915754432197136,0.37859686858683445,0.582142730647397,0.6248286384554347,0.09049303165666453,0.8699562489346332,0.576787284800741,16873,0.0,0.23751568850350457,0.004478800866905544,0.8731247817954289,0.6044327653810438,{}
minibatch_const-n10000000-d16-k50-sep1.5-s0,minibatch_const,10000000,16,50,1.5,0,200,False,80,123197,123197,0.0123197,207357,121359,41465,30273,40500000000.0,651.5936000509919,100500000000.0,1616.8659096509982,500000000.0,4.202188856000248,6.835017809999044,0.8718822,37,model_posterior_oracle,0,0,0.0,,,,,,,,0.4608421841563435,0.5111723763928302,0.1614446423351479,0.6353584464364948,0.7799697317807589,1.0,0.0,16873,0.6093414559153718,1.0024713800421716,0.265025731668107,0.6378789346753688,0.27232371065693445,{}
minibatch_const-n10000000-d16-k50-sep1.5-s0,minibatch_const,10000000,16,50,1.5,0,200,False,90,122680,122680,0.012268,205195,120518,43123,31991,45500000000.0,733.5523196279883,100500000000.0,1616.8659096509982,500000000.0,4.202188856000248,6.835017809999044,0.8718822,37,stop,0,0,0.03160177700010536,32033,0.0032033,4.798663784999491e-06,0.012746067652895978,0.019686602770386797,0.8719061,0.995298589096742,0.5215357026410172,0.7392321486794914,0.2607678513205086,0.5,0.0,0.0,0.49940406247383046,16938,0.7843677368532829,1.5693706458849923,0.7846853229424962,0.5,0.3331247147049234,{}
minibatch_const-n10000000-d16-k50-sep1.5-s0,minibatch_const,10000000,16,50,1.5,0,200,False,90,122680,122680,0.012268,205195,120518,43123,31991,45500000000.0,733.5523196279883,100500000000.0,1616.8659096509982,500000000.0,4.202188856000248,6.835017809999044,0.8718822,37,reassign_U,6134000,0,0.10861101000045892,26460,0.002646,-5.36851563538443e-05,0.012746067652895978,0.019686602770386797,0.8716072,0.9956738194963527,0.4306814476687317,0.7846592761656341,0.21534072383436587,0.5,0.0,0.0,0.4859086548656587,16938,0.7940181522937024,1.587672688629118,0.793836344314559,0.5,0.29789354417998043,{}
minibatch_const-n10000000-d16-k50-sep1.5-s0,minibatch_const,10000000,16,50,1.5,0,200,False,90,122680,122680,0.012268,205195,120518,43123,31991,45500000000.0,733.5523196279883,100500000000.0,1616.8659096509982,500000000.0,4.202188856000248,6.835017809999044,0.8718822,37,majority,0,0,0.07511981099924014,14252,0.0014252,-2.2263515665810196e-05,0.012746067652895978,0.019686602770386797,0.8718851,0.9979595386026696,0.23165960221715032,0.8841701988914249,0.1158298011085751,0.5,0.0,0.0,0.49100643227386703,16938,0.7834130096040048,1.565946392726414,0.782973196363207,0.5,0.2475826540593414,{}
minibatch_const-n10000000-d16-k50-sep1.5-s0,minibatch_const,10000000,16,50,1.5,0,200,False,90,122680,122680,0.012268,205195,120518,43123,31991,45500000000.0,733.5523196279883,100500000000.0,1616.8659096509982,500000000.0,4.202188856000248,6.835017809999044,0.8718822,37,frequency_soft,0,0,0.07387494800059358,14252,0.0014252,-2.2263515665810196e-05,0.012746067652895978,0.019686602770386797,0.8718851,0.9979595386026696,0.19789898870137182,0.7396915849067788,0.11625737321042187,0.8398413250926602,0.4947658020931946,1.0,0.26461009354737475,16938,0.6964189283950665,1.2590117189672787,0.5624416320484333,0.4851700680272109,0.10887589293653853,{}
minibatch_const-n10000000-d16-k50-sep1.5-s0,minibatch_const,10000000,16,50,1.5,0,200,False,90,122680,122680,0.012268,205195,120518,43123,31991,45500000000.0,733.5523196279883,100500000000.0,1616.8659096509982,500000000.0,4.202188856000248,6.835017809999044,0.8718822,37,markov,0,0,1.0494280170005368,19374,0.0019374,-1.0734064524231535e-05,0.012746067652895978,0.019686602770386797,0.8718874,0.9972097729015377,0.31516139550048905,0.8424193022497555,0.15758069775024452,0.5,0.0,0.0,0.49466936935627537,16938,0.7838097080627691,1.5684260243240051,0.7842130121620026,0.5,0.27774144114770133,"{""markov_seconds"": 1.0493984160002583, ""mean_states"": 2.0066432996413432}"
minibatch_const-n10000000-d16-k50-sep1.5-s0,minibatch_const,10000000,16,50,1.5,0,200,False,90,122680,122680,0.012268,205195,120518,43123,31991,45500000000.0,733.5523196279883,100500000000.0,1616.8659096509982,500000000.0,4.202188856000248,6.835017809999044,0.8718822,37,markov_soft,0,0,1.0908824050002295,19374,0.0019374,-1.0734064524231535e-05,0.012746067652895978,0.019686602770386797,0.8718874,0.9972097729015377,0.27656028043940845,0.7058337674209775,0.09321919107562784,0.6398855625666005,0.4748352895092089,0.932238343658298,0.2747114154872958,16938,0.6994991626613082,1.2685742400603919,0.5671676714826197,0.4861306176553071,0.14467346061171465,"{""markov_seconds"": 1.0908560999996553, ""mean_states"": 2.0066432996413432}"
minibatch_const-n10000000-d16-k50-sep1.5-s0,minibatch_const,10000000,16,50,1.5,0,200,False,90,122680,122680,0.012268,205195,120518,43123,31991,45500000000.0,733.5523196279883,100500000000.0,1616.8659096509982,500000000.0,4.202188856000248,6.835017809999044,0.8718822,37,markov_a0.5,0,0,1.0711034960004326,14851,0.0014851,-2.1730020943855344e-05,0.012746067652895978,0.019686602770386797,0.87189,0.9978558981294214,0.24142484512552984,0.8792875774372351,0.12071242256276493,0.5,0.0,0.0,0.49126673724195324,16938,0.7834622753164369,1.565946392726414,0.782973196363207,0.5,0.24951923703945222,"{""markov_seconds"": 1.0710762250000698, ""mean_states"": 2.0066432996413432}"
minibatch_const-n10000000-d16-k50-sep1.5-s0,minibatch_const,10000000,16,50,1.5,0,200,False,90,122680,122680,0.012268,205195,120518,43123,31991,45500000000.0,733.5523196279883,100500000000.0,1616.8659096509982,500000000.0,4.202188856000248,6.835017809999044,0.8718822,37,markov_a0.5_soft,0,0,1.0530519950007147,14851,0.0014851,-2.1730020943855344e-05,0.012746067652895978,0.019686602770386797,0.87189,0.9978558981294214,0.22863029365250281,0.6967839337011396,0.15388811292620444,0.8448717924642996,0.5622721598491686,1.0,0.22038408741640375,16938,0.6812770165589369,1.204180242745441,0.5142789396436427,0.48428292760415087,0.12365463695627035,"{""markov_seconds"": 1.0530260010000347, ""mean_states"": 2.0066432996413432}"
minibatch_const-n10000000-d16-k50-sep1.5-s0,minibatch_const,10000000,16,50,1.5,0,200,False,90,122680,122680,0.012268,205195,120518,43123,31991,45500000000.0,733.5523196279883,100500000000.0,1616.8659096509982,500000000.0,4.202188856000248,6.835017809999044,0.8718822,37,markov_pooled,0,0,1.1482401119992574,16318,0.0016318,-1.8793570379926905e-05,0.012746067652895978,0.019686602770386797,0.8717796,0.9975433194174143,0.26534072383436585,0.867329638082817,0.13267036191718296,0.5,0.0,0.0,0.49142859668448363,16938,0.7832243895723727,1.5670090919825246,0.7835045459912623,0.5,0.2565626018910988,"{""markov_seconds"": 1.1482115559992963, ""mean_states"": 2.0066432996413432}"
minibatch_const-n10000000-d16-k50-sep1.5-s0,minibatch_const,10000000,16,50,1.5,0,200,False,90,122680,122680,0.012268,205195,120518,43123,31991,45500000000.0,733.5523196279883,100500000000.0,1616.8659096509982,500000000.0,4.202188856000248,6.835017809999044,0.8718822,37,markov_pooled_soft,0,0,1.1730851430002076,16318,0.0016318,-1.8793570379926905e-05,0.012746067652895978,0.019686602770386797,0.8717796,0.9975433194174143,0.2573373122503582,0.6697373750931885,0.17398059281231215,0.8160750059897282,0.590700696791241,0.9999592435604826,0.19588971903762448,16938,0.6785932496384757,1.1911009646664437,0.4999634105808117,0.4963784161092184,0.13994168742625657,"{""markov_seconds"": 1.1730511320001824, ""mean_states"": 2.0066432996413432}"
minibatch_const-n10000000-d16-k50-sep1.5-s0,minibatch_const,10000000,16,50,1.5,0,200,False,90,122680,122680,0.012268,205195,120518,43123,31991,45500000000.0,733.5523196279883,100500000000.0,1616.8659096509982,500000000.0,4.202188856000248,6.835017809999044,0.8718822,37,markov_w5,0,0,1.1245409719995223,27163,0.0027163,6.84300585973574e-07,0.012746067652895978,0.019686602770386797,0.8718884,0.9960520279357229,0.4421421584610368,0.7789289207694816,0.22107107923051839,0.5,0.0,0.0,0.4984461192325703,16938,0.7850081212684564,1.5700791120557327,0.7850395560278663,0.5,0.31121992174763613,"{""markov_seconds"": 1.1245111120006186, ""mean_states"": 1.8075399413107271}"
minibatch_const-n10000000-d16-k50-sep1.5-s0,minibatch_const,10000000,16,50,1.5,0,200,False,90,122680,122680,0.012268,205195,120518,43123,31991,45500000000.0,733.5523196279883,100500000000.0,1616.8659096509982,500000000.0,4.202188856000248,6.835017809999044,0.8718822,37,markov_w20,0,0,1.1234578190014872,13916,0.0013916,-1.8663350413228308e-05,0.012746067652895978,0.019686602770386797,0.8718753,0.9980182561447033,0.22618193674600587,0.8869090316269971,0.11309096837300292,0.5,0.0,0.0,0.4924474502220406,16938,0.7833748167200876,1.5703152674459795,0.7851576337229897,0.5,0.25411085751548745,"{""markov_seconds"": 1.1234274320013355, ""mean_states"": 2.010107597000326}"
minibatch_const-n10000000-d16-k50-sep1.5-s0,minibatch_const,10000000,16,50,1.5,0,200,False,90,122680,122680,0.012268,205195,120518,43123,31991,45500000000.0,733.5523196279883,100500000000.0,1616.8659096509982,500000000.0,4.202188856000248,6.835017809999044,0.8718822,37,reassign_all,500000000,0,6.245188028000484,28625,0.0028625,-5.4891209113061556e-05,0.012746067652895978,0.019686602770386797,0.8715723,0.9952800717850505,0.4306814476687317,0.7846592761656341,0.21534072383436587,0.5,0.0,0.0,0.4859086548656587,16938,0.7940181522937024,1.587672688629118,0.793836344314559,0.5,0.29789354417998043,{}
minibatch_const-n10000000-d16-k50-sep1.5-s0,minibatch_const,10000000,16,50,1.5,0,200,False,90,122680,122680,0.012268,205195,120518,43123,31991,45500000000.0,733.5523196279883,100500000000.0,1616.8659096509982,500000000.0,4.202188856000248,6.835017809999044,0.8718822,37,fcm_soft,6134000,0,0.26371172899962403,26460,0.002646,-5.36851563538443e-05,0.012746067652895978,0.019686602770386797,0.8716072,0.9956738194963527,0.8661626593614452,0.08286694701979852,0.7016501573895556,0.5672882202738831,3.740134842084381,1.0,0.8185609981684309,16938,0.9215613719048797,0.9528296878762532,0.15604706423844222,0.7128583273742375,0.8465798426877588,{}
minibatch_const-n10000000-d16-k50-sep1.5-s0,minibatch_const,10000000,16,50,1.5,0,200,False,90,122680,122680,0.012268,205195,120518,43123,31991,45500000000.0,733.5523196279883,100500000000.0,1616.8659096509982,500000000.0,4.202188856000248,6.835017809999044,0.8718822,37,gmm_plugin_soft,6134000,0,0.3119721679995564,34362,0.0034362,-2.2920265259518402e-05,0.012746067652895978,0.019686602770386797,0.8730423,0.9943887723724985,0.4621375842048417,0.511183220452644,0.18165678857619044,0.6088279653140732,0.7761798900865345,1.0,0.03383394880696974,16938,0.6124386882262317,1.0145977332649618,0.2795422248239525,0.5918095663905335,0.27236726883133944,{}
minibatch_const-n10000000-d16-k50-sep1.5-s0,minibatch_const,10000000,16,50,1.5,0,200,False,90,122680,122680,0.012268,205195,120518,43123,31991,45500000000.0,733.5523196279883,100500000000.0,1616.8659096509982,500000000.0,4.202188856000248,6.835017809999044,0.8718822,37,full_convergence,55000000000.0,110,883.31359002301,0,0.0,0.0,0.0,0.0,0.8718822,1.0,0.0,1.0,0.0,nan,0.0,0.0,0.488995102934686,16938,0.7826405360954527,1.5628763726532058,0.7814381863266029,0.5,0.2223534398434953,{}
minibatch_const-n10000000-d16-k50-sep1.5-s0,minibatch_const,10000000,16,50,1.5,0,200,False,90,122680,122680,0.012268,205195,120518,43123,31991,45500000000.0,733.5523196279883,100500000000.0,1616.8659096509982,500000000.0,4.202188856000248,6.835017809999044,0.8718822,37,true_posterior_oracle,0,0,0.0,,,,,,,,1.1855196339116465,0.3814951790882697,0.5794867837070703,0.6240318883485616,0.09068676611837745,0.8688376263449625,0.5727092550313967,16938,0.0,0.23806055908691778,0.0027772237504232007,0.8747412883433415,0.6011818119741568,{}
minibatch_const-n10000000-d16-k50-sep1.5-s0,minibatch_const,10000000,16,50,1.5,0,200,False,90,122680,122680,0.012268,205195,120518,43123,31991,45500000000.0,733.5523196279883,100500000000.0,1616.8659096509982,500000000.0,4.202188856000248,6.835017809999044,0.8718822,37,model_posterior_oracle,0,0,0.0,,,,,,,,0.4618950318771609,0.511004897065314,0.1547602874178062,0.6366431634616321,0.7777317311021048,1.0,0.0,16938,0.6095712969136902,1.0056621746018823,0.2697398727429529,0.6293271173771383,0.2726699053299434,{}
