instance,regime,n,d,k,sep,seed,T_conv,converged,T0,n_U,n_U_eval,frac_U,n_V,n_U_and_V,changes_at_T0,U_disagree_at_T0,prefix_base_dist,prefix_base_sec,full_base_dist,full_base_sec,lloyd_dist_iter,lloyd_gemm_sec_iter,lloyd_scalar_sec_iter,ref_acc_truth,n_matched_clusters,method,extra_dist,extra_center_passes,extra_seconds,n_disagree,disagree_rate,rel_sse,center_err,center_err_max,acc_truth,ari_ref,brier_ref,p_ref_label,ece_ref,auroc_err_ref,entropy,frac_fractional,tv_model_post,n_U_matched,tv_true_post,brier_truth,ece_truth,auroc_err_truth,extra
exact-n10000000-d16-k50-sep1.5-s0,exact,10000000,16,50,1.5,0,389,True,10,3071569,200000,0.3071569,727977,352063,47366,280629,3283417688.0,50.040124103999005,7469402896.0,204.79058686599728,500000000.0,3.524355144000083,6.343484555000031,0.8723733,37,stop,0,1,0.1958363339999778,617426,0.0617426,0.011910890604255542,0.06798168795971003,1.269580490008034,0.8419583,0.9374718029375397,0.17913,0.910435,0.089565,0.5,0.0,0.0,0.12882258793757978,147731,0.1121595224143098,0.22466510075745783,0.11233255037872891,0.5,{}
exact-n10000000-d16-k50-sep1.5-s0,exact,10000000,16,50,1.5,0,389,True,10,3071569,200000,0.3071569,727977,352063,47366,280629,3283417688.0,50.040124103999005,7469402896.0,204.79058686599728,500000000.0,3.524355144000083,6.343484555000031,0.8723733,37,reassign_U,153578450,2,2.233347904999846,605744,0.0605744,0.011822379913493108,0.06706209573574295,1.268661382706365,0.842042,0.9410677842667198,0.17167,0.914165,0.085835,0.5,0.0,0.0,0.12678764713971863,147731,0.11230804852215412,0.224962939396606,0.11248146969830297,0.5,{}
exact-n10000000-d16-k50-sep1.5-s0,exact,10000000,16,50,1.5,0,389,True,10,3071569,200000,0.3071569,727977,352063,47366,280629,3283417688.0,50.040124103999005,7469402896.0,204.79058686599728,500000000.0,3.524355144000083,6.343484555000031,0.8723733,37,majority,0,1,6.046168924000085,803282,0.0803282,0.021455923363342233,0.08469216921202465,1.282022361579465,0.8355682,0.9043551273545565,0.29968,0.85016,0.14983999999999997,0.5,0.0,0.0,0.17774856763832805,147731,0.1503539493367034,0.3007357968198956,0.1503678984099478,0.5,{}
exact-n10000000-d16-k50-sep1.5-s0,exact,10000000,16,50,1.5,0,389,True,10,3071569,200000,0.3071569,727977,352063,47366,280629,3283417688.0,50.040124103999005,7469402896.0,204.79058686599728,500000000.0,3.524355144000083,6.343484555000031,0.8723733,37,frequency_soft,0,1,3.6447261980001713,803282,0.0803282,0.02712182290387144,0.11354256857506527,1.278478210605531,0.8355682,0.9043551273545565,0.2586493388429752,0.7238077272727272,0.04909545454545455,0.7678179592842767,0.4865595123768823,1.0,0.25293682539998097,147731,0.2624960293173801,0.27312866120133134,0.0371959845936195,0.7638120475962168,{}
exact-n10000000-d16-k50-sep1.5-s0,exact,10000000,16,50,1.5,0,389,True,10,3071569,200000,0.3071569,727977,352063,47366,280629,3283417688.0,50.040124103999005,7469402896.0,204.79058686599728,500000000.0,3.524355144000083,6.343484555000031,0.8723733,37,markov,0,1,31.18763765299991,638656,0.0638656,0.012726189890863937,0.06929211828729065,1.271360719100493,0.840937,0.9328289056386478,0.19353,0.903235,0.09676499999999999,0.5,0.0,0.0,0.13393085073413516,147731,0.1160802046384485,0.23238182913538796,0.11619091456769404,0.5,"{""markov_seconds"": 30.987549734999902, ""mean_states"": 2.1903043688746697}"
exact-n10000000-d16-k50-sep1.5-s0,exact,10000000,16,50,1.5,0,389,True,10,3071569,200000,0.3071569,727977,352063,47366,280629,3283417688.0,50.040124103999005,7469402896.0,204.79058686599728,500000000.0,3.524355144000083,6.343484555000031,0.8723733,37,markov_soft,0,1,29.071531482999944,638656,0.0638656,0.012797053678804682,0.07133113153494854,1.2718174320666797,0.840937,0.9328289056386478,0.1890414278540858,0.8921522601124365,0.08501383460820232,0.5517145368868113,0.041334954323157015,0.075525,0.13733234870971117,147731,0.12440801595784326,0.23061053916233187,0.10765442767412171,0.5354082075816924,"{""markov_seconds"": 28.676357025000016, ""mean_states"": 2.1903043688746697}"
exact-n10000000-d16-k50-sep1.5-s0,exact,10000000,16,50,1.5,0,389,True,10,3071569,200000,0.3071569,727977,352063,47366,280629,3283417688.0,50.040124103999005,7469402896.0,204.79058686599728,500000000.0,3.524355144000083,6.343484555000031,0.8723733,37,markov_a0.5,0,1,30.1092718660002,690928,0.0690928,0.013961672351803456,0.07373197090930167,1.2761803914131595,0.8410523,0.920127901997956,0.22776,0.88612,0.11387999999999998,0.5,0.0,0.0,0.146397602046296,147731,0.11804742328680755,0.2360641977648564,0.11803209888242816,0.5,"{""markov_seconds"": 29.926922199999808, ""mean_states"": 2.1903043688746697}"
exact-n10000000-d16-k50-sep1.5-s0,exact,10000000,16,50,1.5,0,389,True,10,3071569,200000,0.3071569,727977,352063,47366,280629,3283417688.0,50.040124103999005,7469402896.0,204.79058686599728,500000000.0,3.524355144000083,6.343484555000031,0.8723733,37,markov_a0.5_soft,0,1,27.43777900899977,690928,0.0690928,0.02037916440039167,0.1013252834169714,1.2763775339542969,0.8410523,0.920127901997956,0.21443752291898974,0.7702743195314656,0.04665761579078047,0.7721181375837723,0.42366019910057773,1.0,0.21491113951640856,147731,0.21967627236334422,0.23500471219501107,0.032405486104717815,0.7453507797887283,"{""markov_seconds"": 27.03736511599982, ""mean_states"": 2.1903043688746697}"
exact-n10000000-d16-k50-sep1.5-s0,exact,10000000,16,50,1.5,0,389,True,10,3071569,200000,0.3071569,727977,352063,47366,280629,3283417688.0,50.040124103999005,7469402896.0,204.79058686599728,500000000.0,3.524355144000083,6.343484555000031,0.8723733,37,markov_pooled,0,1,32.71622489499987,643218,0.0643218,0.012908478430732284,0.06961724026336234,1.2725320137381653,0.840451,0.932045508297457,0.19666,0.90167,0.09833000000000003,0.5,0.0,0.0,0.13513003530252007,147731,0.11730880307579254,0.23465623328888316,0.11732811664444154,0.5,"{""markov_seconds"": 32.512210632000006, ""mean_states"": 2.1903043688746697}"
exact-n10000000-d16-k50-sep1.5-s0,exact,10000000,16,50,1.5,0,389,True,10,3071569,200000,0.3071569,727977,352063,47366,280629,3283417688.0,50.040124103999005,7469402896.0,204.79058686599728,500000000.0,3.524355144000083,6.343484555000031,0.8723733,37,markov_pooled_soft,0,1,31.0070489310001,643218,0.0643218,0.013082121069810881,0.07321819983338627,1.2726022797426546,0.840451,0.932045508297457,0.18818289031103355,0.8815097765775223,0.07952301468516157,0.6366112192663247,0.08731374120555246,0.995805,0.13901923299470334,147731,0.1294971042668687,0.22993417810536354,0.10359957641168452,0.6336271923588124,"{""markov_seconds"": 30.585565122999924, ""mean_states"": 2.1903043688746697}"
exact-n10000000-d16-k50-sep1.5-s0,exact,10000000,16,50,1.5,0,389,True,10,3071569,200000,0.3071569,727977,352063,47366,280629,3283417688.0,50.040124103999005,7469402896.0,204.79058686599728,500000000.0,3.524355144000083,6.343484555000031,0.8723733,37,markov_w5,0,1,25.785803262999707,618407,0.0618407,0.011914006694176082,0.06807375991976874,1.2699066578343783,0.8419485,0.9372399491740152,0.17971,0.910145,0.08985500000000002,0.5,0.0,0.0,0.12890017875237195,147731,0.11206700402985993,0.2244484908380773,0.11222424541903864,0.5,"{""markov_seconds"": 25.56050745599987, ""mean_states"": 1.156450335317227}"
exact-n10000000-d16-k50-sep1.5-s0,exact,10000000,16,50,1.5,0,389,True,10,3071569,200000,0.3071569,727977,352063,47366,280629,3283417688.0,50.040124103999005,7469402896.0,204.79058686599728,500000000.0,3.524355144000083,6.343484555000031,0.8723733,37,markov_w20,0,1,31.19174906599983,638656,0.0638656,0.012726189890863937,0.06929211828729065,1.271360719100493,0.840937,0.9328289056386478,0.19353,0.903235,0.09676499999999999,0.5,0.0,0.0,0.13393085073413516,147731,0.1160802046384485,0.23238182913538796,0.11619091456769404,0.5,"{""markov_seconds"": 30.97431063699969, ""mean_states"": 2.1903043688746697}"
exact-n10000000-d16-k50-sep1.5-s0,exact,10000000,16,50,1.5,0,389,True,10,3071569,200000,0.3071569,727977,352063,47366,280629,3283417688.0,50.040124103999005,7469402896.0,204.79058686599728,500000000.0,3.524355144000083,6.343484555000031,0.8723733,37,active_set_U,16586472600,2,213.287108903,597602,0.0597602,0.01178047373764235,0.06611759249328314,1.2652441264852496,0.8421908,0.9432072679937028,0.1668,0.9166,0.08340000000000003,0.5,0.0,0.0,0.1250581338223827,147731,0.11317173424821189,0.22665520439176612,0.113327602195883,0.5,"{""iters"": 108}"
exact-n10000000-d16-k50-sep1.5-s0,exact,10000000,16,50,1.5,0,389,True,10,3071569,200000,0.3071569,727977,352063,47366,280629,3283417688.0,50.040124103999005,7469402896.0,204.79058686599728,500000000.0,3.524355144000083,6.343484555000031,0.8723733,37,hartigan_U,9521863900,2,129.55776652700024,597657,0.0597657,0.011780473173164774,0.06612020695744518,1.2652233339320378,0.8421925,0.9432005540348796,0.16685,0.916575,0.08342499999999997,0.5,0.0,0.0,0.12508243670159547,147731,0.11318527236758916,0.2266822806316887,0.1133411403158443,0.5,"{""moves"": 64657, ""sweeps"": 62}"
exact-n10000000-d16-k50-sep1.5-s0,exact,10000000,16,50,1.5,0,389,True,10,3071569,200000,0.3071569,727977,352063,47366,280629,3283417688.0,50.040124103999005,7469402896.0,204.79058686599728,500000000.0,3.524355144000083,6.343484555000031,0.8723733,37,fcm_soft,153578450,1,5.015503897000144,605744,0.0605744,0.011850378355463542,0.06798168795971003,1.269580490008034,0.842042,0.9410677842667198,0.8653020445475753,0.08115668800537652,0.83103486402987,0.6455365653183908,3.793866438356759,1.0,0.8943218541023157,147731,0.9067635018373229,0.8609171700608521,0.8009658430851578,0.8770760907653073,{}
exact-n10000000-d16-k50-sep1.5-s0,exact,10000000,16,50,1.5,0,389,True,10,3071569,200000,0.3071569,727977,352063,47366,280629,3283417688.0,50.040124103999005,7469402896.0,204.79058686599728,500000000.0,3.524355144000083,6.343484555000031,0.8723733,37,gmm_plugin_soft,153578450,1,6.719586330000311,620239,0.0620239,0.011949933666246748,0.06798168795971003,1.269580490008034,0.8426301,0.9373984598406809,0.1599798339726635,0.862230663410022,0.04596728380755629,0.8061296324393388,0.19856400160273094,0.99518,0.08149412220261383,147731,0.10874816766184926,0.19732428942049884,0.06428058135101597,0.8542675812281353,{}
exact-n10000000-d16-k50-sep1.5-s0,exact,10000000,16,50,1.5,0,389,True,10,3071569,200000,0.3071569,727977,352063,47366,280629,3283417688.0,50.040124103999005,7469402896.0,204.79058686599728,500000000.0,3.524355144000083,6.343484555000031,0.8723733,37,full_convergence,4185985208.0,379,154.75046276199828,0,0.0,0.0,0.0,0.0,0.8723733,1.0,0.0,1.0,0.0,nan,0.0,0.0,0.07004591882620193,147731,0.0600601333797808,0.11985297601722049,0.059926488008610224,0.5,{}
exact-n10000000-d16-k50-sep1.5-s0,exact,10000000,16,50,1.5,0,389,True,10,3071569,200000,0.3071569,727977,352063,47366,280629,3283417688.0,50.040124103999005,7469402896.0,204.79058686599728,500000000.0,3.524355144000083,6.343484555000031,0.8723733,37,true_posterior_oracle,0,0,0.0,,,,,,,,0.42354455455573387,0.7690387970155868,0.19604844521519277,0.5452207016362294,0.07308781322234342,0.96853,0.21388150469305597,147731,0.0,0.039261014205832896,0.000742993967508391,0.961254055729371,{}
exact-n10000000-d16-k50-sep1.5-s0,exact,10000000,16,50,1.5,0,389,True,10,3071569,200000,0.3071569,727977,352063,47366,280629,3283417688.0,50.040124103999005,7469402896.0,204.79058686599728,500000000.0,3.524355144000083,6.343484555000031,0.8723733,37,model_posterior_oracle,0,0,0.0,,,,,,,,0.04277180893610358,0.9299540811737981,0.05805865995167956,0.9799348949931643,0.17255732777453464,0.990665,0.0,147731,0.04575953358011866,0.09336699763538982,0.022047359975799787,0.9540753182483401,{}
exact-n10000000-d16-k50-sep1.5-s0,exact,10000000,16,50,1.5,0,389,True,20,177325,177325,0.0177325,649579,98927,7680,95860,3801475127.0,60.55104859599851,7469402896.0,204.79058686599728,500000000.0,3.524355144000083,6.343484555000031,0.8723733,37,stop,0,1,0.19960335000041596,566654,0.0566654,0.010939000629917262,0.06172856578286004,1.2258570428605415,0.8415808,0.9495661908193797,1.08117862681517,0.4594106865924151,0.540589313407585,0.5,0.0,0.0,0.6219696508065317,88619,0.864068539978981,1.7290874417449982,0.8645437208724991,0.5,{}
exact-n10000000-d16-k50-sep1.5-s0,exact,10000000,16,50,1.5,0,389,True,20,177325,177325,0.0177325,649579,98927,7680,95860,3801475127.0,60.55104859599851,7469402896.0,204.79058686599728,500000000.0,3.524355144000083,6.343484555000031,0.8723733,37,reassign_U,8866250,2,0.4479402250003659,566623,0.0566623,0.010938902374818094,0.061725228015445825,1.2254286179705278,0.8415875,0.9495467790439943,1.0808289863245453,0.45958550683772736,0.5404144931622726,0.5,0.0,0.0,0.6216846662730473,88619,0.8635249226152416,1.7280267211320373,0.8640133605660185,0.5,{}
exact-n10000000-d16-k50-sep1.5-s0,exact,10000000,16,50,1.5,0,389,True,20,177325,177325,0.0177325,649579,98927,7680,95860,3801475127.0,60.55104859599851,7469402896.0,204.79058686599728,500000000.0,3.524355144000083,6.343484555000031,0.8723733,37,majority,0,1,0.2509459580001021,573345,0.0573345,0.010969860398833076,0.06293365033504986,1.2494882451523952,0.841599,0.9498487336745548,1.1566445791625546,0.4216777104187227,0.5783222895812773,0.5,0.0,0.0,0.6465135582006334,88619,0.8663249053223745,1.7343459077624437,0.8671729538812218,0.5,{}
exact-n10000000-d16-k50-sep1.5-s0,exact,10000000,16,50,1.5,0,389,True,20,177325,177325,0.0177325,649579,98927,7680,95860,3801475127.0,60.55104859599851,7469402896.0,204.79058686599728,500000000.0,3.524355144000083,6.343484555000031,0.8723733,37,frequency_soft,0,1,0.27938230600011593,573345,0.0573345,0.011023981892979151,0.06354965745824442,1.24897448894848,0.841599,0.9498487336745548,0.8961336109515492,0.3827045871089294,0.33394511874703614,0.5212200740368582,0.5169051152428238,1.0,0.5308073283650193,88619,0.8513373982886151,1.3950678822956366,0.6312395556462855,0.4202285230699828,{}
exact-n10000000-d16-k50-sep1.5-s0,exact,10000000,16,50,1.5,0,389,True,20,177325,177325,0.0177325,649579,98927,7680,95860,3801475127.0,60.55104859599851,7469402896.0,204.79058686599728,500000000.0,3.524355144000083,6.343484555000031,0.8723733,37,markov,0,1,1.8221541240000079,566696,0.0566696,0.01093915335567619,0.0617353246281181,1.2261341229497575,0.8415739,0.9495716426734666,1.0816523332863386,0.45917383335683065,0.5408261666431693,0.5,0.0,0.0,0.6222297762193619,88619,0.8643936430404603,1.7296742233606788,0.8648371116803395,0.5,"{""markov_seconds"": 1.6074169459998302, ""mean_states"": 2.0268602847878188}"
exact-n10000000-d16-k50-sep1.5-s0,exact,10000000,16,50,1.5,0,389,True,20,177325,177325,0.0177325,649579,98927,7680,95860,3801475127.0,60.55104859599851,7469402896.0,204.79058686599728,500000000.0,3.524355144000083,6.343484555000031,0.8723733,37,markov_soft,0,1,1.8343836630001533,566696,0.0566696,0.010939154132550977,0.06173695180288377,1.2262159509932793,0.8415739,0.9495716426734666,1.080142378328149,0.45910068566173584,0.5397213201319488,0.5007304054111498,0.00243330418498568,0.004240800789510785,0.6216161580382742,88619,0.8643163454603997,1.7287513791536893,0.8641207972262992,0.4960333303193759,"{""markov_seconds"": 1.5836635159998877, ""mean_states"": 2.0268602847878188}"
exact-n10000000-d16-k50-sep1.5-s0,exact,10000000,16,50,1.5,0,389,True,20,177325,177325,0.0177325,649579,98927,7680,95860,3801475127.0,60.55104859599851,7469402896.0,204.79058686599728,500000000.0,3.524355144000083,6.343484555000031,0.8723733,37,markov_a0.5,0,1,1.7724215719999847,568751,0.0568751,0.010948684427991351,0.06214406169926178,1.2356084062181525,0.8415693,0.9499530649795431,1.1048301141970958,0.4475849429014521,0.5524150570985479,0.5,0.0,0.0,0.6309999160453169,88619,0.8671265447435189,1.7352937857570048,0.8676468928785024,0.5,"{""markov_seconds"": 1.5510951399996884, ""mean_states"": 2.0268602847878188}"
exact-n10000000-d16-k50-sep1.5-s0,exact,10000000,16,50,1.5,0,389,True,20,177325,177325,0.0177325,649579,98927,7680,95860,3801475127.0,60.55104859599851,7469402896.0,204.79058686599728,500000000.0,3.524355144000083,6.343484555000031,0.8723733,37,markov_a0.5_soft,0,1,2.401113290000012,568751,0.0568751,0.010983506323374748,0.06283928345240547,1.2417314966974355,0.8415693,0.9499530649795431,0.8984984475667713,0.4124449829844673,0.363066190954612,0.49235948592728196,0.44151346888361076,1.0,0.5370362126408271,88619,0.8553257421611682,1.4737104944737751,0.6989264120219945,0.3190132620178891,"{""markov_seconds"": 2.1897691490003126, ""mean_states"": 2.0268602847878188}"
exact-n10000000-d16-k50-sep1.5-s0,exact,10000000,16,50,1.5,0,389,True,20,177325,177325,0.0177325,649579,98927,7680,95860,3801475127.0,60.55104859599851,7469402896.0,204.79058686599728,500000000.0,3.524355144000083,6.343484555000031,0.8723733,37,markov_pooled,0,1,1.6869595869998193,566970,0.056697,0.010940614312856978,0.06184992894658231,1.2278712916260996,0.8415588,0.9495150328629536,1.0847427040744395,0.4576286479627802,0.5423713520372198,0.5,0.0,0.0,0.6207763536820698,88619,0.8553552565377656,1.7115065617982599,0.8557532808991299,0.5,"{""markov_seconds"": 1.513333694999801, ""mean_states"": 2.0268602847878188}"
exact-n10000000-d16-k50-sep1.5-s0,exact,10000000,16,50,1.5,0,389,True,20,177325,177325,0.0177325,649579,98927,7680,95860,3801475127.0,60.55104859599851,7469402896.0,204.79058686599728,500000000.0,3.524355144000083,6.343484555000031,0.8723733,37,markov_pooled_soft,0,1,2.0126614870000594,566970,0.056697,0.01094325511455918,0.06230911242418943,1.2346789505768812,0.8415588,0.9495150328629536,1.0523550455025252,0.4325577735605617,0.49998568509668,0.2944342025376796,0.1312950543281775,0.529953475257296,0.600820121125627,88619,0.8634070967653704,1.6684154772188446,0.8317282226192559,0.0870462841011552,"{""markov_seconds"": 1.8001141449999523, ""mean_states"": 2.0268602847878188}"
exact-n10000000-d16-k50-sep1.5-s0,exact,10000000,16,50,1.5,0,389,True,20,177325,177325,0.0177325,649579,98927,7680,95860,3801475127.0,60.55104859599851,7469402896.0,204.79058686599728,500000000.0,3.524355144000083,6.343484555000031,0.8723733,37,markov_w5,0,1,1.6163780149995546,566652,0.0566652,0.010939023270917447,0.061728401395970724,1.2258570428605415,0.8415804,0.9495702173627343,1.0811560693641618,0.45942196531791907,0.540578034682081,0.5,0.0,0.0,0.6219763590270169,88619,0.8640756358100755,1.7290874417449982,0.8645437208724991,0.5,"{""markov_seconds"": 1.4244108389998473, ""mean_states"": 1.2542450303115749}"
exact-n10000000-d16-k50-sep1.5-s0,exact,10000000,16,50,1.5,0,389,True,20,177325,177325,0.0177325,649579,98927,7680,95860,3801475127.0,60.55104859599851,7469402896.0,204.79058686599728,500000000.0,3.524355144000083,6.343484555000031,0.8723733,37,markov_w20,0,1,2.2095581449998463,567683,0.0567683,0.010982218908722974,0.062250757097805726,1.2364734450915704,0.8415764,0.9489186804311098,1.0927844353588045,0.4536077823205978,0.5463922176794023,0.5,0.0,0.0,0.6123995639203982,88619,0.8085137908483818,1.6180728737629628,0.8090364368814814,0.5,"{""markov_seconds"": 2.043262408999908, ""mean_states"": 2.4486395037360777}"
exact-n10000000-d16-k50-sep1.5-s0,exact,10000000,16,50,1.5,0,389,True,20,177325,177325,0.0177325,649579,98927,7680,95860,3801475127.0,60.55104859599851,7469402896.0,204.79058686599728,500000000.0,3.524355144000083,6.343484555000031,0.8723733,37,active_set_U,62063750,2,1.2986352170000828,566609,0.0566609,0.010938898321522839,0.06172519516994684,1.2253735499632097,0.8415888,0.9495393321781809,1.0806710841674891,0.4596644579162555,0.5403355420837446,0.5,0.0,0.0,0.6216034176171028,88619,0.8634165792365658,1.727801035895237,0.8639005179476185,0.5,"{""iters"": 7}"
exact-n10000000-d16-k50-sep1.5-s0,exact,10000000,16,50,1.5,0,389,True,20,177325,177325,0.0177325,649579,98927,7680,95860,3801475127.0,60.55104859599851,7469402896.0,204.79058686599728,500000000.0,3.524355144000083,6.343484555000031,0.8723733,37,hartigan_U,44331250,2,1.070969525000237,566605,0.0566605,0.010938898317540913,0.061725147376050817,1.2253735499632097,0.8415892,0.949539793012269,1.080625969265473,0.4596870153672635,0.5403129846327366,0.5,0.0,0.0,0.6216005396843285,88619,0.8634156813270016,1.727801035895237,0.8639005179476185,0.5,"{""moves"": 416, ""sweeps"": 5}"
exact-n10000000-d16-k50-sep1.5-s0,exact,10000000,16,50,1.5,0,389,True,20,177325,177325,0.0177325,649579,98927,7680,95860,3801475127.0,60.55104859599851,7469402896.0,204.79058686599728,500000000.0,3.524355144000083,6.343484555000031,0.8723733,37,fcm_soft,8866250,1,0.45541865900031553,566623,0.0566623,0.010938913546702622,0.06172856578286004,1.2258570428605415,0.8415875,0.9495467790439943,0.917939133894563,0.054490539481921466,0.39527645040601306,0.667947786093362,3.7991326977377016,1.0,0.8913328823881546,88619,0.9482567182853548,0.9423010167554942,0.07480455405948708,0.8598025497562984,{}
exact-n10000000-d16-k50-sep1.5-s0,exact,10000000,16,50,1.5,0,389,True,20,177325,177325,0.0177325,649579,98927,7680,95860,3801475127.0,60.55104859599851,7469402896.0,204.79058686599728,500000000.0,3.524355144000083,6.343484555000031,0.8723733,37,gmm_plugin_soft,8866250,1,0.5368605740000021,573957,0.0573957,0.010975981407141955,0.06172856578286004,1.2258570428605415,0.8419599,0.9478738896850175,0.9198011716502833,0.3382567949980087,0.3066935071447787,0.34019704815225216,0.6633532575385315,1.0,0.4788944457251813,88619,0.8352344533164582,1.3686578356782848,0.5758736852038786,0.2357955657518585,{}
exact-n10000000-d16-k50-sep1.5-s0,exact,10000000,16,50,1.5,0,389,True,20,177325,177325,0.0177325,649579,98927,7680,95860,3801475127.0,60.55104859599851,7469402896.0,204.79058686599728,500000000.0,3.524355144000083,6.343484555000031,0.8723733,37,full_convergence,3667927769.0,369,144.23953826999877,0,0.0,0.0,0.0,0.0,0.8723733,1.0,0.0,1.0,0.0,nan,0.0,0.0,0.2085062506166082,88619,0.16865712975687128,0.3373317234453108,0.1686658617226554,0.5,{}
exact-n10000000-d16-k50-sep1.5-s0,exact,10000000,16,50,1.5,0,389,True,20,177325,177325,0.0177325,649579,98927,7680,95860,3801475127.0,60.55104859599851,7469402896.0,204.79058686599728,500000000.0,3.524355144000083,6.343484555000031,0.8723733,37,true_posterior_oracle,0,0,0.0,,,,,,,,0.8585194266961701,0.5503934386901399,0.41543486020861997,0.6193613945342064,0.07883470606270435,0.931859579867475,0.421730022588211,88619,0.0,0.042865806470370256,0.0009454014999719556,0.9651790026572094,{}
exact-n10000000-d16-k50-sep1.5-s0,exact,10000000,16,50,1.5,0,389,True,20,177325,177325,0.0177325,649579,98927,7680,95860,3801475127.0,60.55104859599851,7469402896.0,204.79058686599728,500000000.0,3.524355144000083,6.343484555000031,0.8723733,37,model_posterior_oracle,0,0,0.0,,,,,,,,0.1567334689141145,0.7914937493833918,0.13442262483830336,0.9082984618056593,0.4403096964695681,0.9674044832933878,0.0,88619,0.13006525733108995,0.20310409835485171,0.054473551032349264,0.9703217867958536,{}
exact-n10000000-d16-k50-sep1.5-s0,exact,10000000,16,50,1.5,0,389,True,30,67544,67544,0.0067544,610880,28845,6146,28215,4037585392.0,66.69921127999896,7469402896.0,204.79058686599728,500000000.0,3.524355144000083,6.343484555000031,0.8723733,37,stop,0,1,0.192298189000212,553397,0.0553397,0.01089908630303471,0.05943993499947251,1.1667214426352253,0.8420418,0.9480842791688658,0.8354554068459078,0.582272296577046,0.41772770342295396,0.5,0.0,0.0,0.4631718407457335,24839,0.4316152464277584,0.8629171866822336,0.4314585933411168,0.5,{}
exact-n10000000-d16-k50-sep1.5-s0,exact,10000000,16,50,1.5,0,389,True,30,67544,67544,0.0067544,610880,28845,6146,28215,4037585392.0,66.69921127999896,7469402896.0,204.79058686599728,500000000.0,3.524355144000083,6.343484555000031,0.8723733,37,reassign_U,3377200,2,0.4514816979999523,553380,0.055338,0.010899082716804287,0.05943980198146066,1.1667026151754567,0.8420432,0.9480846431469356,0.8349520312685065,0.5825239843657468,0.4174760156342532,0.5,0.0,0.0,0.46300453409437586,24839,0.43120177686782235,0.8621120012882967,0.4310560006441483,0.5,{}
exact-n10000000-d16-k50-sep1.5-s0,exact,10000000,16,50,1.5,0,389,True,30,67544,67544,0.0067544,610880,28845,6146,28215,4037585392.0,66.69921127999896,7469402896.0,204.79058686599728,500000000.0,3.524355144000083,6.343484555000031,0.8723733,37,majority,0,1,0.22099657500029934,561021,0.0561021,0.010918276010181138,0.06066832638285595,1.198517436491013,0.8417634,0.948560484507134,1.0612045481463934,0.4693977259268033,0.5306022740731967,0.5,0.0,0.0,0.5303505262127532,24839,0.5402210644729472,1.080639317202786,0.540319658601393,0.5,{}
exact-n10000000-d16-k50-sep1.5-s0,exact,10000000,16,50,1.5,0,389,True,30,67544,67544,0.0067544,610880,28845,6146,28215,4037585392.0,66.69921127999896,7469402896.0,204.79058686599728,500000000.0,3.524355144000083,6.343484555000031,0.8723733,37,frequency_soft,0,1,0.19512380600008328,561021,0.0561021,0.010918503015420411,0.06059903168016444,1.1976540177750616,0.8417634,0.948560484507134,0.6845584830898107,0.4754341950836088,0.2569167034552561,0.4923543532900003,0.5432812255484516,1.0,0.3958098280755577,24839,0.5283666640694183,0.699628916004191,0.2652536882980943,0.4833257524628955,{}
exact-n10000000-d16-k50-sep1.5-s0,exact,10000000,16,50,1.5,0,389,True,30,67544,67544,0.0067544,610880,28845,6146,28215,4037585392.0,66.69921127999896,7469402896.0,204.79058686599728,500000000.0,3.524355144000083,6.343484555000031,0.8723733,37,markov,0,1,0.8560807199996816,553396,0.0553396,0.010899093512824365,0.05943995781527575,1.1667371948012293,0.8420406,0.9480857854395707,0.8354257965178254,0.5822871017410873,0.41771289825891267,0.5,0.0,0.0,0.4632857732757836,24839,0.43205817528005047,0.8638028906155643,0.4319014453077821,0.5,"{""markov_seconds"": 0.6846493389998614, ""mean_states"": 2.0022651900983064}"
exact-n10000000-d16-k50-sep1.5-s0,exact,10000000,16,50,1.5,0,389,True,30,67544,67544,0.0067544,610880,28845,6146,28215,4037585392.0,66.69921127999896,7469402896.0,204.79058686599728,500000000.0,3.524355144000083,6.343484555000031,0.8723733,37,markov_soft,0,1,0.7466053749999446,553396,0.0553396,0.010899093546574923,0.05943986291715726,1.1667325681043386,0.8420406,0.9480857854395707,0.8346466397378933,0.5823147434704345,0.4172233379635437,0.5006655278807031,0.001075554858095919,0.00195428165344072,0.4629596266976,24839,0.43193432099944645,0.8629244338072334,0.4314448860183391,0.5007851882361701,"{""markov_seconds"": 0.5618348480002169, ""mean_states"": 2.0022651900983064}"
exact-n10000000-d16-k50-sep1.5-s0,exact,10000000,16,50,1.5,0,389,True,30,67544,67544,0.0067544,610880,28845,6146,28215,4037585392.0,66.69921127999896,7469402896.0,204.79058686599728,500000000.0,3.524355144000083,6.343484555000031,0.8723733,37,markov_a0.5,0,1,0.8879610649996721,556637,0.0556637,0.010906428869752682,0.05993920973857466,1.1794593654095145,0.8419146,0.9482180147465953,0.9313928698329977,0.5343035650835011,0.4656964349164989,0.5,0.0,0.0,0.4919030769212072,24839,0.4812510721310024,0.96219654575466,0.48109827287733,0.5,"{""markov_seconds"": 0.7375992229999611, ""mean_states"": 2.0022651900983064}"
exact-n10000000-d16-k50-sep1.5-s0,exact,10000000,16,50,1.5,0,389,True,30,67544,67544,0.0067544,610880,28845,6146,28215,4037585392.0,66.69921127999896,7469402896.0,204.79058686599728,500000000.0,3.524355144000083,6.343484555000031,0.8723733,37,markov_a0.5_soft,0,1,0.7738248900000144,556637,0.0556637,0.010910311395806227,0.060219541357361,1.187792501740276,0.8419146,0.9482180147465953,0.6433359364200196,0.508609494508142,0.23481817348328943,0.501302655114315,0.5135042734328723,1.0,0.3837972001982375,24839,0.4984474361403315,0.6506995465681359,0.23296919331970778,0.4942921423379736,"{""markov_seconds"": 0.601724767000178, ""mean_states"": 2.0022651900983064}"
exact-n10000000-d16-k50-sep1.5-s0,exact,10000000,16,50,1.5,0,389,True,30,67544,67544,0.0067544,610880,28845,6146,28215,4037585392.0,66.69921127999896,7469402896.0,204.79058686599728,500000000.0,3.524355144000083,6.343484555000031,0.8723733,37,markov_pooled,0,1,0.9841629190000276,553260,0.055326,0.01090049760495826,0.059501794242457134,1.167619231631236,0.8421671,0.9480433420657604,0.8313987918986142,0.5843006040506928,0.41569939594930716,0.5,0.0,0.0,0.4542657133606408,24839,0.3938431334954232,0.7873907967309473,0.3936953983654736,0.5,"{""markov_seconds"": 0.7558813179998651, ""mean_states"": 2.0022651900983064}"
exact-n10000000-d16-k50-sep1.5-s0,exact,10000000,16,50,1.5,0,389,True,30,67544,67544,0.0067544,610880,28845,6146,28215,4037585392.0,66.69921127999896,7469402896.0,204.79058686599728,500000000.0,3.524355144000083,6.343484555000031,0.8723733,37,markov_pooled_soft,0,1,0.9122404429999733,553260,0.055326,0.010904189833821576,0.059972852388705526,1.177006101526285,0.8421671,0.9480433420657604,0.7426128855708098,0.5221616974039279,0.30224917246121297,0.30397423191673806,0.33494829870640985,0.8194658296813929,0.4139498811423523,24839,0.45109354239723853,0.636181554011925,0.24825916607525764,0.43237207966715135,"{""markov_seconds"": 0.7362040889997843, ""mean_states"": 2.0022651900983064}"
exact-n10000000-d16-k50-sep1.5-s0,exact,10000000,16,50,1.5,0,389,True,30,67544,67544,0.0067544,610880,28845,6146,28215,4037585392.0,66.69921127999896,7469402896.0,204.79058686599728,500000000.0,3.524355144000083,6.343484555000031,0.8723733,37,markov_w5,0,1,0.9042094390001694,553396,0.0553396,0.010899086593137985,0.0594399858818858,1.1667201848336064,0.8420419,0.9480843400984338,0.8354257965178254,0.5822871017410873,0.41771289825891267,0.5,0.0,0.0,0.4631733792550944,24839,0.43157498715832454,0.8628366681428399,0.43141833407141994,0.5,"{""markov_seconds"": 0.7094190840002739, ""mean_states"": 1.4753049863792491}"
exact-n10000000-d16-k50-sep1.5-s0,exact,10000000,16,50,1.5,0,389,True,30,67544,67544,0.0067544,610880,28845,6146,28215,4037585392.0,66.69921127999896,7469402896.0,204.79058686599728,500000000.0,3.524355144000083,6.343484555000031,0.8723733,37,markov_w20,0,1,0.9024160610001672,553603,0.0553603,0.010900710812576486,0.05947042453490832,1.16815275428663,0.842013,0.9481258895411585,0.8415551344308895,0.5792224327845552,0.4207775672154448,0.5,0.0,0.0,0.466174732222418,24839,0.4397509582774982,0.8792624501791537,0.43963122508957686,0.5,"{""markov_seconds"": 0.721286586000133, ""mean_states"": 2.0252724150183585}"
exact-n10000000-d16-k50-sep1.5-s0,exact,10000000,16,50,1.5,0,389,True,30,67544,67544,0.0067544,610880,28845,6146,28215,4037585392.0,66.69921127999896,7469402896.0,204.79058686599728,500000000.0,3.524355144000083,6.343484555000031,0.8723733,37,active_set_U,10131600,2,0.5223145479999403,553378,0.0553378,0.01089908270130846,0.05943965070538991,1.1667026151754567,0.8420432,0.9480846514711074,0.8348928106123416,0.5825535946938292,0.41744640530617083,0.5,0.0,0.0,0.46297958903154707,24839,0.43120177686782235,0.8621120012882967,0.4310560006441483,0.5,"{""iters"": 3}"
exact-n10000000-d16-k50-sep1.5-s0,exact,10000000,16,50,1.5,0,389,True,30,67544,67544,0.0067544,610880,28845,6146,28215,4037585392.0,66.69921127999896,7469402896.0,204.79058686599728,500000000.0,3.524355144000083,6.343484555000031,0.8723733,37,hartigan_U,10131600,2,0.4684331700000257,553376,0.0553376,0.010899082699892704,0.05943960238734967,1.1667026151754567,0.8420432,0.9480849193980243,0.8348335899561767,0.5825832050219116,0.41741679497808837,0.5,0.0,0.0,0.46297751374499413,24839,0.43120177686782235,0.8621120012882967,0.4310560006441483,0.5,"{""moves"": 56, ""sweeps"": 3}"
exact-n10000000-d16-k50-sep1.5-s0,exact,10000000,16,50,1.5,0,389,True,30,67544,67544,0.0067544,610880,28845,6146,28215,4037585392.0,66.69921127999896,7469402896.0,204.79058686599728,500000000.0,3.524355144000083,6.343484555000031,0.8723733,37,fcm_soft,3377200,1,0.23640292500022042,553380,0.055338,0.01089908288805641,0.05943993499947251,1.1667214426352253,0.8420432,0.9480846431469356,0.8581575670432683,0.0874926446787808,0.49350392322756714,0.7712279190900739,3.7263534566549756,1.0,0.8486482923578882,24839,0.8996389912536668,0.8408342703847931,0.4688139006885745,0.701108470903341,{}
exact-n10000000-d16-k50-sep1.5-s0,exact,10000000,16,50,1.5,0,389,True,30,67544,67544,0.0067544,610880,28845,6146,28215,4037585392.0,66.69921127999896,7469402896.0,204.79058686599728,500000000.0,3.524355144000083,6.343484555000031,0.8723733,37,gmm_plugin_soft,3377200,1,0.1419903000000886,553865,0.0553865,0.010911904006250195,0.05943993499947251,1.1667214426352253,0.8422624,0.9482055252468126,0.5415225308224368,0.4790611858541163,0.11149511206823477,0.5235739613464678,0.7468513329369173,1.0,0.3230277616510093,24839,0.4812353309858986,0.49846441718697526,0.036064066888320444,0.6594013924063693,{}
exact-n10000000-d16-k50-sep1.5-s0,exact,10000000,16,50,1.5,0,389,True,30,67544,67544,0.0067544,610880,28845,6146,28215,4037585392.0,66.69921127999896,7469402896.0,204.79058686599728,500000000.0,3.524355144000083,6.343484555000031,0.8723733,37,full_convergence,3431817504.0,359,138.09137558599832,0,0.0,0.0,0.0,0.0,0.8723733,1.0,0.0,1.0,0.0,nan,0.0,0.0,0.21017146911150034,24839,0.03808292684467484,0.07592898264825476,0.03796449132412738,0.5,{}
exact-n10000000-d16-k50-sep1.5-s0,exact,10000000,16,50,1.5,0,389,True,30,67544,67544,0.0067544,610880,28845,6146,28215,4037585392.0,66.69921127999896,7469402896.0,204.79058686599728,500000000.0,3.524355144000083,6.343484555000031,0.8723733,37,true_posterior_oracle,0,0,0.0,,,,,,,,0.7882244780718479,0.5968754708481159,0.3899774557629808,0.8194852430810059,0.03499082568035783,0.7987682103517707,0.3929965642928713,24839,0.0,0.01333245521498727,0.0005175857466314663,0.9920243562268258,{}
exact-n10000000-d16-k50-sep1.5-s0,exact,10000000,16,50,1.5,0,389,True,30,67544,67544,0.0067544,610880,28845,6146,28215,4037585392.0,66.69921127999896,7469402896.0,204.79058686599728,500000000.0,3.524355144000083,6.343484555000031,0.8723733,37,model_posterior_oracle,0,0,0.0,,,,,,,,0.14697027565339452,0.7898285308884998,0.16785710066728257,0.9244296024423713,0.4429900029904856,0.8914189269217103,0.0,24839,0.029766387857184298,0.05076194568853136,0.013548325260983525,0.9943750922039721,{}
exact-n10000000-d16-k50-sep1.5-s0,exact,10000000,16,50,1.5,0,389,True,40,56985,56985,0.0056985,572090,18195,5331,17774,4314837738.0,73.6669849309992,7469402896.0,204.79058686599728,500000000.0,3.524355144000083,6.343484555000031,0.8723733,37,stop,0,1,0.19143089499993948,530838,0.0530838,0.010861830150600937,0.056535537755247285,1.099916643252229,0.8431123,0.9482890002559435,0.6238132841975959,0.6880933579012021,0.3119066420987979,0.5,0.0,0.0,0.3861028562598588,28880,0.33897355904004917,0.6776315789473685,0.3388157894736842,0.5,{}
exact-n10000000-d16-k50-sep1.5-s0,exact,10000000,16,50,1.5,0,389,True,40,56985,56985,0.0056985,572090,18195,5331,17774,4314837738.0,73.6669849309992,7469402896.0,204.79058686599728,500000000.0,3.524355144000083,6.343484555000031,0.8723733,37,reassign_U,2849250,2,0.4558671089998825,530802,0.0530802,0.010861826833275634,0.05653291339343108,1.0998836944887815,0.8431151,0.9482906443992467,0.6225497938053873,0.6887251030973063,0.3112748969026937,0.5,0.0,0.0,0.3856561435162794,28880,0.33838092447892815,0.6763850415512466,0.33819252077562323,0.5,{}
exact-n10000000-d16-k50-sep1.5-s0,exact,10000000,16,50,1.5,0,389,True,40,56985,56985,0.0056985,572090,18195,5331,17774,4314837738.0,73.6669849309992,7469402896.0,204.79058686599728,500000000.0,3.524355144000083,6.343484555000031,0.8723733,37,majority,0,1,0.18982313400010753,543133,0.0543133,0.010879849265305053,0.058030960176490586,1.1323615432907388,0.8425211,0.9480427582965687,1.0553303500921296,0.47233482495393525,0.5276651750460648,0.5,0.0,0.0,0.5274631593908705,28880,0.5298690084152754,1.060180055401662,0.530090027700831,0.5,{}
exact-n10000000-d16-k50-sep1.5-s0,exact,10000000,16,50,1.5,0,389,True,40,56985,56985,0.0056985,572090,18195,5331,17774,4314837738.0,73.6669849309992,7469402896.0,204.79058686599728,500000000.0,3.524355144000083,6.343484555000031,0.8723733,37,frequency_soft,0,1,0.2746835520001696,543133,0.0543133,0.010879948390480454,0.05799075631403106,1.1332496519377686,0.8425211,0.9480427582965687,0.6785793274582191,0.47853422351974595,0.25422639131509883,0.4856055518731728,0.5427242479533169,1.0,0.41943680588599414,28880,0.5215139920404757,0.6826057095762459,0.2542715940569125,0.4827432352820094,{}
exact-n10000000-d16-k50-sep1.5-s0,exact,10000000,16,50,1.5,0,389,True,40,56985,56985,0.0056985,572090,18195,5331,17774,4314837738.0,73.6669849309992,7469402896.0,204.79058686599728,500000000.0,3.524355144000083,6.343484555000031,0.8723733,37,markov,0,1,0.8684551950000241,530884,0.0530884,0.010861845141097115,0.05653845439267209,1.099953126888377,0.8431105,0.9482870146169828,0.6254277441431956,0.6872861279284022,0.31271387207159784,0.5,0.0,0.0,0.38659929605767107,28880,0.33973533162447533,0.6791551246537396,0.33957756232686975,0.5,"{""markov_seconds"": 0.6825905069999862, ""mean_states"": 2.0002983241203824}"
exact-n10000000-d16-k50-sep1.5-s0,exact,10000000,16,50,1.5,0,389,True,40,56985,56985,0.0056985,572090,18195,5331,17774,4314837738.0,73.6669849309992,7469402896.0,204.79058686599728,500000000.0,3.524355144000083,6.343484555000031,0.8723733,37,markov_soft,0,1,0.855824954000127,530884,0.0530884,0.010861845172021711,0.056538814662769055,1.0999553575777097,0.8431105,0.9482870146169828,0.6245592350195809,0.6871174639102732,0.31193890668907326,0.5011713615808157,0.0017823965113978686,0.0031587259805211897,0.38615533600194235,28880,0.33977516781062134,0.6785127197693481,0.339059161060546,0.5005901638208415,"{""markov_seconds"": 0.6586560850000751, ""mean_states"": 2.0002983241203824}"
exact-n10000000-d16-k50-sep1.5-s0,exact,10000000,16,50,1.5,0,389,True,40,56985,56985,0.0056985,572090,18195,5331,17774,4314837738.0,73.6669849309992,7469402896.0,204.79058686599728,500000000.0,3.524355144000083,6.343484555000031,0.8723733,37,markov_a0.5,0,1,0.6270525350000753,536000,0.0536,0.010868812150785168,0.05713912953937993,1.1127284920750895,0.8428473,0.9481695220993879,0.8049837676581556,0.5975081161709221,0.40249188382907786,0.5,0.0,0.0,0.44635308016968767,28880,0.4215589339697543,0.8429362880886426,0.4214681440443213,0.5,"{""markov_seconds"": 0.4593743710001945, ""mean_states"": 2.0002983241203824}"
exact-n10000000-d16-k50-sep1.5-s0,exact,10000000,16,50,1.5,0,389,True,40,56985,56985,0.0056985,572090,18195,5331,17774,4314837738.0,73.6669849309992,7469402896.0,204.79058686599728,500000000.0,3.524355144000083,6.343484555000031,0.8723733,37,markov_a0.5_soft,0,1,0.7520166459999018,536000,0.0536,0.010872524773281267,0.05751409850740957,1.1224289953808602,0.8428473,0.9481695220993879,0.5701549395329194,0.5447033432328514,0.1930160180588727,0.5113880330412199,0.5143995358582429,1.0,0.3783691806300585,28880,0.4634643676497026,0.5868302991305508,0.2012620451915234,0.5142185508430712,"{""markov_seconds"": 0.5474226459996316, ""mean_states"": 2.0002983241203824}"
exact-n10000000-d16-k50-sep1.5-s0,exact,10000000,16,50,1.5,0,389,True,40,56985,56985,0.0056985,572090,18195,5331,17774,4314837738.0,73.6669849309992,7469402896.0,204.79058686599728,500000000.0,3.524355144000083,6.343484555000031,0.8723733,37,markov_pooled,0,1,0.626511950999884,530832,0.0530832,0.01086280552739538,0.056575130777731616,1.099637517738641,0.8432376,0.9482554476073554,0.6236027024655612,0.6881986487672195,0.3118013512327805,0.5,0.0,0.0,0.37786867533291957,28880,0.31437167580886316,0.6283240997229916,0.3141620498614959,0.5,"{""markov_seconds"": 0.48059480200026883, ""mean_states"": 2.0002983241203824}"
exact-n10000000-d16-k50-sep1.5-s0,exact,10000000,16,50,1.5,0,389,True,40,56985,56985,0.0056985,572090,18195,5331,17774,4314837738.0,73.6669849309992,7469402896.0,204.79058686599728,500000000.0,3.524355144000083,6.343484555000031,0.8723733,37,markov_pooled_soft,0,1,0.7721916939999574,530832,0.0530832,0.01086633809638582,0.056990679095618176,1.10783980574426,0.8432376,0.9482554476073554,0.5287076595427451,0.6192455769114391,0.17719419992217317,0.428528491942976,0.3688609827149771,0.9053435114503817,0.34511029656630826,28880,0.3664730568761048,0.4955779715993091,0.19380719241376237,0.5452976035228436,"{""markov_seconds"": 0.571071227000175, ""mean_states"": 2.0002983241203824}"
exact-n10000000-d16-k50-sep1.5-s0,exact,10000000,16,50,1.5,0,389,True,40,56985,56985,0.0056985,572090,18195,5331,17774,4314837738.0,73.6669849309992,7469402896.0,204.79058686599728,500000000.0,3.524355144000083,6.343484555000031,0.8723733,37,markov_w5,0,1,0.644272692999948,530844,0.0530844,0.010861831460936555,0.0565359054572752,1.0999215987831785,0.8431119,0.9482887361181215,0.6240238659296306,0.6879880670351847,0.31201193296481533,0.5,0.0,0.0,0.3861663200973243,28880,0.33907743713377214,0.6778393351800553,0.3389196675900277,0.5,"{""markov_seconds"": 0.48611446999984764, ""mean_states"": 1.480126349039221}"
exact-n10000000-d16-k50-sep1.5-s0,exact,10000000,16,50,1.5,0,389,True,40,56985,56985,0.0056985,572090,18195,5331,17774,4314837738.0,73.6669849309992,7469402896.0,204.79058686599728,500000000.0,3.524355144000083,6.343484555000031,0.8723733,37,markov_w20,0,1,0.6897581339999306,530970,0.053097,0.01086197291653379,0.05654481344790228,1.1000611724324258,0.8431021,0.9482845022463482,0.6284460823023603,0.6857769588488198,0.31422304115118016,0.5,0.0,0.0,0.3880413327704946,28880,0.34213612340047306,0.6839335180055401,0.34196675900277007,0.5,"{""markov_seconds"": 0.49971214400011377, ""mean_states"": 2.0025094323067476}"
exact-n10000000-d16-k50-sep1.5-s0,exact,10000000,16,50,1.5,0,389,True,40,56985,56985,0.0056985,572090,18195,5331,17774,4314837738.0,73.6669849309992,7469402896.0,204.79058686599728,500000000.0,3.524355144000083,6.343484555000031,0.8723733,37,active_set_U,11397000,2,0.5433647370000472,530798,0.0530798,0.010861826812846864,0.05653261296417619,1.0998836944887815,0.8431155,0.948290811569423,0.6224094059840309,0.6887952970079846,0.3112047029920154,0.5,0.0,0.0,0.3856175447854907,28880,0.33838092447892815,0.6763850415512466,0.33819252077562323,0.5,"{""iters"": 4}"
exact-n10000000-d16-k50-sep1.5-s0,exact,10000000,16,50,1.5,0,389,True,40,56985,56985,0.0056985,572090,18195,5331,17774,4314837738.0,73.6669849309992,7469402896.0,204.79058686599728,500000000.0,3.524355144000083,6.343484555000031,0.8723733,37,hartigan_U,8547750,2,0.544920712000021,530799,0.0530799,0.01086182680946246,0.056532621808875874,1.0998836944887815,0.8431153,0.9482907544856373,0.62244450293937,0.688777748530315,0.31122225146968496,0.5,0.0,0.0,0.38562639308905,28880,0.33838123146219506,0.6764542936288088,0.33822714681440447,0.5,"{""moves"": 55, ""sweeps"": 3}"
exact-n10000000-d16-k50-sep1.5-s0,exact,10000000,16,50,1.5,0,389,True,40,56985,56985,0.0056985,572090,18195,5331,17774,4314837738.0,73.6669849309992,7469402896.0,204.79058686599728,500000000.0,3.524355144000083,6.343484555000031,0.8723733,37,fcm_soft,2849250,1,0.08691594899983102,530802,0.0530802,0.010861826990191892,0.056535537755247285,1.099916643252229,0.8431151,0.9482906443992467,0.8460832741999699,0.09417966603472211,0.5932890704124676,0.6813918193324549,3.7117041560074377,1.0,0.8564840611807485,28880,0.8996838900305434,0.8389590426237703,0.5614904551716439,0.6463002224846831,{}
exact-n10000000-d16-k50-sep1.5-s0,exact,10000000,16,50,1.5,0,389,True,40,56985,56985,0.0056985,572090,18195,5331,17774,4314837738.0,73.6669849309992,7469402896.0,204.79058686599728,500000000.0,3.524355144000083,6.343484555000031,0.8723733,37,gmm_plugin_soft,2849250,1,0.11792030900005557,530038,0.0530038,0.01088299823351302,0.056535537755247285,1.099916643252229,0.8434953,0.9484144977009898,0.45244344526038527,0.532768107307506,0.13611038668086478,0.6514273585957453,0.7047699302612532,1.0,0.31323276327888233,28880,0.4229017489030472,0.4003351196911364,0.1112173455602838,0.7362895278666586,{}
exact-n10000000-d16-k50-sep1.5-s0,exact,10000000,16,50,1.5,0,389,True,40,56985,56985,0.0056985,572090,18195,5331,17774,4314837738.0,73.6669849309992,7469402896.0,204.79058686599728,500000000.0,3.524355144000083,6.343484555000031,0.8723733,37,full_convergence,3154565158.0,349,131.12360193499808,0,0.0,0.0,0.0,0.0,0.8723733,1.0,0.0,1.0,0.0,nan,0.0,0.0,0.159810838452554,28880,0.020516092909433372,0.04051246537396122,0.020256232686980624,0.5,{}
exact-n10000000-d16-k50-sep1.5-s0,exact,10000000,16,50,1.5,0,389,True,40,56985,56985,0.0056985,572090,18195,5331,17774,4314837738.0,73.6669849309992,7469402896.0,204.79058686599728,500000000.0,3.524355144000083,6.343484555000031,0.8723733,37,true_posterior_oracle,0,0,0.0,,,,,,,,0.5371681317062605,0.7255729081636325,0.26489240993719265,0.7864206365509298,0.022480248653966403,0.7759059401596912,0.26604499672722864,28880,0.0,0.009122892193535822,0.0005270245737625282,0.9933362419908637,{}
exact-n10000000-d16-k50-sep1.5-s0,exact,10000000,16,50,1.5,0,389,True,40,56985,56985,0.0056985,572090,18195,5331,17774,4314837738.0,73.6669849309992,7469402896.0,204.79058686599728,500000000.0,3.524355144000083,6.343484555000031,0.8723733,37,model_posterior_oracle,0,0,0.0,,,,,,,,0.11384929970702971,0.840189161547446,0.13289251672329302,0.9456109159134506,0.31996325471981024,0.8942704220408879,0.0,28880,0.016211772196699014,0.030030983827212556,0.008760473170318916,0.9950582770928249,{}
exact-n10000000-d16-k50-sep1.5-s0,exact,10000000,16,50,1.5,0,389,True,50,44971,44971,0.0044971,535916,8797,4144,8264,4586856957.0,80.79310063899948,7469402896.0,204.79058686599728,500000000.0,3.524355144000083,6.343484555000031,0.8723733,37,stop,0,1,0.14940799500027424,501807,0.0501807,0.010836556019987675,0.05350318714734467,1.0377223211700626,0.8447734,0.9493095774732049,0.367525738809455,0.8162371305952725,0.18376286940472752,0.5,0.0,0.0,0.28311355072637034,23168,0.1815130169198928,0.3639502762430939,0.18197513812154698,0.5,{}
exact-n10000000-d16-k50-sep1.5-s0,exact,10000000,16,50,1.5,0,389,True,50,44971,44971,0.0044971,535916,8797,4144,8264,4586856957.0,80.79310063899948,7469402896.0,204.79058686599728,500000000.0,3.524355144000083,6.343484555000031,0.8723733,37,reassign_U,2248550,2,0.3322137909999583,501687,0.0501687,0.01083653390248851,0.05349446973371414,1.0374780603639264,0.8447847,0.9493133730257958,0.3621889662226768,0.8189055168886615,0.18109448311133847,0.5,0.0,0.0,0.28050387332997273,23168,0.17667893592169262,0.35428176795580113,0.1771408839779005,0.5,{}
exact-n10000000-d16-k50-sep1.5-s0,exact,10000000,16,50,1.5,0,389,True,50,44971,44971,0.0044971,535916,8797,4144,8264,4586856957.0,80.79310063899948,7469402896.0,204.79058686599728,500000000.0,3.524355144000083,6.343484555000031,0.8723733,37,majority,0,1,0.1683655190004174,516986,0.0516986,0.010847517215651248,0.05503926207126024,1.0694411999645153,0.8438563,0.9487431109392745,1.0425829979320007,0.4787085010339997,0.5212914989660002,0.5,0.0,0.0,0.5255678263028295,23168,0.5493817148319746,1.0990158839779005,0.5495079419889503,0.5,{}
exact-n10000000-d16-k50-sep1.5-s0,exact,10000000,16,50,1.5,0,389,True,50,44971,44971,0.0044971,535916,8797,4144,8264,4586856957.0,80.79310063899948,7469402896.0,204.79058686599728,500000000.0,3.524355144000083,6.343484555000031,0.8723733,37,frequency_soft,0,1,0.18243126500010476,516986,0.0516986,0.010847663659858453,0.05502857564320256,1.0699762938165782,0.8438563,0.9487431109392745,0.6706077433556354,0.48329125234241854,0.24936474212674434,0.4917276729376708,0.540934285597618,1.0,0.4121418121570655,23168,0.5344015571598549,0.7127478482717685,0.27738495102963345,0.4807808478092693,{}
exact-n10000000-d16-k50-sep1.5-s0,exact,10000000,16,50,1.5,0,389,True,50,44971,44971,0.0044971,535916,8797,4144,8264,4586856957.0,80.79310063899948,7469402896.0,204.79058686599728,500000000.0,3.524355144000083,6.343484555000031,0.8723733,37,markov,0,1,0.519455423999716,501913,0.0501913,0.010836630783328527,0.0535106328396913,1.037937943194078,0.844764,0.9493062158365442,0.3722398879277757,0.8138800560361121,0.18611994396388787,0.5,0.0,0.0,0.28531872547323256,23168,0.18573980790639702,0.3724102209944751,0.18620511049723754,0.5,"{""markov_seconds"": 0.34659916599957796, ""mean_states"": 2.000222365524449}"
exact-n10000000-d16-k50-sep1.5-s0,exact,10000000,16,50,1.5,0,389,True,50,44971,44971,0.0044971,535916,8797,4144,8264,4586856957.0,80.79310063899948,7469402896.0,204.79058686599728,500000000.0,3.524355144000083,6.343484555000031,0.8723733,37,markov_soft,0,1,0.5694175869998617,501913,0.0501913,0.010836631056431623,0.05351313607318794,1.0379963088773008,0.844764,0.9493062158365442,0.3703381454123436,0.8131791609331527,0.18448225647772437,0.5052376993819627,0.0048307927598283725,0.008316470614395943,0.28537486417947666,23168,0.18693894087594082,0.37024430248618784,0.1843620511049724,0.5069766205818725,"{""markov_seconds"": 0.39129851000006965, ""mean_states"": 2.000222365524449}"
exact-n10000000-d16-k50-sep1.5-s0,exact,10000000,16,50,1.5,0,389,True,50,44971,44971,0.0044971,535916,8797,4144,8264,4586856957.0,80.79310063899948,7469402896.0,204.79058686599728,500000000.0,3.524355144000083,6.343484555000031,0.8723733,37,markov_a0.5,0,1,0.5522585109997635,508042,0.0508042,0.010840819682862657,0.05413513686979035,1.05119159349577,0.8443842,0.9490705414496087,0.6448155477974695,0.6775922261012652,0.32240777389873476,0.5,0.0,0.0,0.3843868824305935,23168,0.33844947855700636,0.6774861878453039,0.3387430939226519,0.5,"{""markov_seconds"": 0.3936137279997638, ""mean_states"": 2.000222365524449}"
exact-n10000000-d16-k50-sep1.5-s0,exact,10000000,16,50,1.5,0,389,True,50,44971,44971,0.0044971,535916,8797,4144,8264,4586856957.0,80.79310063899948,7469402896.0,204.79058686599728,500000000.0,3.524355144000083,6.343484555000031,0.8723733,37,markov_a0.5_soft,0,1,0.4971718469996631,508042,0.0508042,0.010843332194652167,0.05453898705046065,1.0599984723030869,0.8443842,0.9490705414496087,0.48410325386212644,0.5891391918694721,0.14009585646443368,0.5335077912358952,0.5109276640319538,1.0,0.3374506636591345,23168,0.42397792219508496,0.5192406678389827,0.1610226660670956,0.5189083322354501,"{""markov_seconds"": 0.3484919309998986, ""mean_states"": 2.000222365524449}"
exact-n10000000-d16-k50-sep1.5-s0,exact,10000000,16,50,1.5,0,389,True,50,44971,44971,0.0044971,535916,8797,4144,8264,4586856957.0,80.79310063899948,7469402896.0,204.79058686599728,500000000.0,3.524355144000083,6.343484555000031,0.8723733,37,markov_pooled,0,1,0.5911189779999404,502412,0.0502412,0.010836802325060457,0.05355826071455883,1.037874523465648,0.8448485,0.9492734590594787,0.3944319672677948,0.8027840163661026,0.19721598363389736,0.5,0.0,0.0,0.28846896623592005,23168,0.18432981679811591,0.3696477900552486,0.1848238950276243,0.5,"{""markov_seconds"": 0.4190579030000663, ""mean_states"": 2.000222365524449}"
exact-n10000000-d16-k50-sep1.5-s0,exact,10000000,16,50,1.5,0,389,True,50,44971,44971,0.0044971,535916,8797,4144,8264,4586856957.0,80.79310063899948,7469402896.0,204.79058686599728,500000000.0,3.524355144000083,6.343484555000031,0.8723733,37,markov_pooled_soft,0,1,0.5798377460000665,502412,0.0502412,0.010837906474056025,0.05384725951586782,1.0413149264780317,0.8448485,0.9492734590594787,0.3384450912389543,0.7326890538689382,0.09318963512375851,0.5237927212145486,0.3205986674499625,0.8915078606212893,0.2451607010007728,23168,0.2271822031331913,0.30839281946165514,0.09473492971455763,0.5869225283112921,"{""markov_seconds"": 0.3688025540000126, ""mean_states"": 2.000222365524449}"
exact-n10000000-d16-k50-sep1.5-s0,exact,10000000,16,50,1.5,0,389,True,50,44971,44971,0.0044971,535916,8797,4144,8264,4586856957.0,80.79310063899948,7469402896.0,204.79058686599728,500000000.0,3.524355144000083,6.343484555000031,0.8723733,37,markov_w5,0,1,0.5177651700000752,501840,0.050184,0.010836566645103796,0.05350535918025038,1.0377813971465728,0.8447711,0.9493083873124442,0.36899335127081895,0.8155033243645905,0.1844966756354095,0.5,0.0,0.0,0.2837296358906753,23168,0.18263501231573,0.3661947513812155,0.1830973756906077,0.5,"{""markov_seconds"": 0.3379734209997878, ""mean_states"": 1.4716150408040738}"
exact-n10000000-d16-k50-sep1.5-s0,exact,10000000,16,50,1.5,0,389,True,50,44971,44971,0.0044971,535916,8797,4144,8264,4586856957.0,80.79310063899948,7469402896.0,204.79058686599728,500000000.0,3.524355144000083,6.343484555000031,0.8723733,37,markov_w20,0,1,0.596722643999783,502184,0.0502184,0.010836946356830968,0.05353055844701468,1.0384085548925606,0.8447426,0.9492961436454657,0.3842920993529163,0.8078539503235418,0.1921460496764582,0.5,0.0,0.0,0.29062419017759933,23168,0.19495329463755656,0.3907113259668508,0.19535566298342544,0.5,"{""markov_seconds"": 0.39517741800000294, ""mean_states"": 2.000756042783127}"
exact-n10000000-d16-k50-sep1.5-s0,exact,10000000,16,50,1.5,0,389,True,50,44971,44971,0.0044971,535916,8797,4144,8264,4586856957.0,80.79310063899948,7469402896.0,204.79058686599728,500000000.0,3.524355144000083,6.343484555000031,0.8723733,37,active_set_U,20236950,2,0.6697978560000593,501608,0.0501608,0.010836532196779602,0.05348894905736092,1.0373224383486388,0.8447926,0.9493156301435707,0.35867559093638124,0.8206622045318094,0.17933779546819062,0.5,0.0,0.0,0.2787308655418146,23168,0.1733138788207535,0.34754834254143646,0.17377417127071826,0.5,"{""iters"": 9}"
exact-n10000000-d16-k50-sep1.5-s0,exact,10000000,16,50,1.5,0,389,True,50,44971,44971,0.0044971,535916,8797,4144,8264,4586856957.0,80.79310063899948,7469402896.0,204.79058686599728,500000000.0,3.524355144000083,6.343484555000031,0.8723733,37,hartigan_U,15739850,2,0.6899097390000861,501603,0.0501603,0.010836532193948978,0.053488636110838844,1.0373150502416029,0.8447929,0.9493157337900083,0.35845322541193214,0.8207733872940339,0.17922661270596607,0.5,0.0,0.0,0.2786428021893488,23168,0.17318442208527565,0.347289364640884,0.17364468232044195,0.5,"{""moves"": 228, ""sweeps"": 7}"
exact-n10000000-d16-k50-sep1.5-s0,exact,10000000,16,50,1.5,0,389,True,50,44971,44971,0.0044971,535916,8797,4144,8264,4586856957.0,80.79310063899948,7469402896.0,204.79058686599728,500000000.0,3.524355144000083,6.343484555000031,0.8723733,37,fcm_soft,2248550,1,0.0726353290001498,501687,0.0501687,0.01083653714455024,0.05350318714734467,1.0377223211700626,0.8447847,0.9493133730257958,0.8454467212537982,0.09444625146324837,0.7239086242551463,0.6544697781956447,3.7125843467188444,1.0,0.8565729712511307,23168,0.9034636864939228,0.8463931232074582,0.7278628161072457,0.6869015106803471,{}
exact-n10000000-d16-k50-sep1.5-s0,exact,10000000,16,50,1.5,0,389,True,50,44971,44971,0.0044971,535916,8797,4144,8264,4586856957.0,80.79310063899948,7469402896.0,204.79058686599728,500000000.0,3.524355144000083,6.343484555000031,0.8723733,37,gmm_plugin_soft,2248550,1,0.09556276100011019,502615,0.0502615,0.010865388735660675,0.05350318714734467,1.0377223211700626,0.8450484,0.9493526830180989,0.39767556970418005,0.5661102913688377,0.21136714572749013,0.7513693713152613,0.6899732115334266,1.0,0.27275183074305664,23168,0.37669637956896757,0.3254714887916536,0.2081525803973543,0.8058886561526294,{}
exact-n10000000-d16-k50-sep1.5-s0,exact,10000000,16,50,1.5,0,389,True,50,44971,44971,0.0044971,535916,8797,4144,8264,4586856957.0,80.79310063899948,7469402896.0,204.79058686599728,500000000.0,3.524355144000083,6.343484555000031,0.8723733,37,full_convergence,2882545939.0,339,123.99748622699781,0,0.0,0.0,0.0,0.0,0.8723733,1.0,0.0,1.0,0.0,nan,0.0,0.0,0.16431035160699936,23168,0.030174213241548967,0.06077348066298342,0.03038674033149169,0.5,{}
exact-n10000000-d16-k50-sep1.5-s0,exact,10000000,16,50,1.5,0,389,True,50,44971,44971,0.0044971,535916,8797,4144,8264,4586856957.0,80.79310063899948,7469402896.0,204.79058686599728,500000000.0,3.524355144000083,6.343484555000031,0.8723733,37,true_posterior_oracle,0,0,0.0,,,,,,,,0.49944124225553393,0.7450011751524044,0.2454867549496996,0.7178077317816266,0.020381094182878222,0.8575748815903582,0.2500921743346622,23168,0.0,0.01112785100501368,0.0017408181338882077,0.9925888817939464,{}
exact-n10000000-d16-k50-sep1.5-s0,exact,10000000,16,50,1.5,0,389,True,50,44971,44971,0.0044971,535916,8797,4144,8264,4586856957.0,80.79310063899948,7469402896.0,204.79058686599728,500000000.0,3.524355144000083,6.343484555000031,0.8723733,37,model_posterior_oracle,0,0,0.0,,,,,,,,0.1221195656103462,0.8356896483930008,0.13659689540242817,0.9357180164026419,0.3120261839051493,0.9756732116252697,0.0,23168,0.02598543173141277,0.04601348501840298,0.015096206341789766,0.9940198142586192,{}
exact-n10000000-d16-k50-sep1.5-s0,exact,10000000,16,50,1.5,0,389,True,60,148654,148654,0.0148654,401028,13766,63269,13006,5389807916.0,95.35569380200013,7469402896.0,204.79058686599728,500000000.0,3.524355144000083,6.343484555000031,0.8723733,37,stop,0,1,0.18294609800022954,376565,0.0376565,0.007807423887721043,0.03447223830312604,0.3487196545534541,0.8563287,0.9557233378191623,0.1749835187751423,0.9125082406124289,0.08749175938757114,0.5,0.0,0.0,0.1223350177055303,124585,0.06605832119927266,0.13210258056748406,0.06605129028374201,0.5,{}
exact-n10000000-d16-k50-sep1.5-s0,exact,10000000,16,50,1.5,0,389,True,60,148654,148654,0.0148654,401028,13766,63269,13006,5389807916.0,95.35569380200013,7469402896.0,204.79058686599728,500000000.0,3.524355144000083,6.343484555000031,0.8723733,37,reassign_U,7432700,2,0.47551972500014017,373023,0.0373023,0.007722260659048352,0.0340114467061876,0.33209724765755533,0.8565623,0.9562660979729654,0.1273292343293823,0.9363353828353088,0.06366461716469118,0.5,0.0,0.0,0.1010906560000225,124585,0.056234729773523784,0.11253361159048039,0.05626680579524024,0.5,{}
exact-n10000000-d16-k50-sep1.5-s0,exact,10000000,16,50,1.5,0,389,True,60,148654,148654,0.0148654,401028,13766,63269,13006,5389807916.0,95.35569380200013,7469402896.0,204.79058686599728,500000000.0,3.524355144000083,6.343484555000031,0.8723733,37,majority,0,1,0.27552446499976213,481534,0.0481534,0.010814433318371952,0.05125315342650047,0.9766867129327759,0.8462625,0.9500676432722545,1.5872428592570667,0.20637857037146662,0.7936214296285333,0.5,0.0,0.0,0.798098809999352,124585,0.8718315695007088,1.743580687883774,0.871790343941887,0.5,{}
exact-n10000000-d16-k50-sep1.5-s0,exact,10000000,16,50,1.5,0,389,True,60,148654,148654,0.0148654,401028,13766,63269,13006,5389807916.0,95.35569380200013,7469402896.0,204.79058686599728,500000000.0,3.524355144000083,6.343484555000031,0.8723733,37,frequency_soft,0,1,0.26916769499985094,481534,0.0481534,0.010925605061245403,0.048756479301214926,0.8808242100042709,0.8462625,0.9500676432722545,1.1248019834621792,0.29316582619554615,0.5947997607623314,0.3406406301707551,0.4551738093269637,1.0,0.6748841142230149,124585,0.7623520233992854,1.253313927860331,0.6809837752246548,0.26158058492802105,{}
exact-n10000000-d16-k50-sep1.5-s0,exact,10000000,16,50,1.5,0,389,True,60,148654,148654,0.0148654,401028,13766,63269,13006,5389807916.0,95.35569380200013,7469402896.0,204.79058686599728,500000000.0,3.524355144000083,6.343484555000031,0.8723733,37,markov,0,1,1.5006552780000675,376597,0.0376597,0.007807790416978655,0.034475869556627584,0.3487627545639535,0.8563285,0.9557182870914966,0.17541404873060934,0.9122929756346954,0.08770702436530464,0.5,0.0,0.0,0.12246326561998319,124585,0.06609179785700743,0.1321667937552675,0.06608339687763376,0.5,"{""markov_seconds"": 1.3202895499998704, ""mean_states"": 2.0088594992398456}"
exact-n10000000-d16-k50-sep1.5-s0,exact,10000000,16,50,1.5,0,389,True,60,148654,148654,0.0148654,401028,13766,63269,13006,5389807916.0,95.35569380200013,7469402896.0,204.79058686599728,500000000.0,3.524355144000083,6.343484555000031,0.8723733,37,markov_soft,0,1,1.6370623640000304,376597,0.0376597,0.007807791049805557,0.03448032063919555,0.3489282570907262,0.8563285,0.9557182870914966,0.17525317980935648,0.9120651275129222,0.08738821860132372,0.5019092422267719,0.0009162233450440334,0.0016548495163265032,0.12238490427637998,124585,0.06619758855448636,0.1320805875506682,0.065840189428904,0.5028568158851152,"{""markov_seconds"": 1.45889736800018, ""mean_states"": 2.0088594992398456}"
exact-n10000000-d16-k50-sep1.5-s0,exact,10000000,16,50,1.5,0,389,True,60,148654,148654,0.0148654,401028,13766,63269,13006,5389807916.0,95.35569380200013,7469402896.0,204.79058686599728,500000000.0,3.524355144000083,6.343484555000031,0.8723733,37,markov_a0.5,0,1,1.5188387180000973,452874,0.0452874,0.010652445157432577,0.047004862408606296,0.8247661202224869,0.8488029,0.9512890959980956,1.2016494678918832,0.3991752660540584,0.6008247339459416,0.5,0.0,0.0,0.6220706374033262,124585,0.6694048800644722,1.3391018180358791,0.6695509090179396,0.5,"{""markov_seconds"": 1.3034275110003364, ""mean_states"": 2.0088594992398456}"
exact-n10000000-d16-k50-sep1.5-s0,exact,10000000,16,50,1.5,0,389,True,60,148654,148654,0.0148654,401028,13766,63269,13006,5389807916.0,95.35569380200013,7469402896.0,204.79058686599728,500000000.0,3.524355144000083,6.343484555000031,0.8723733,37,markov_a0.5_soft,0,1,1.7717928500001108,452874,0.0452874,0.010710267271170526,0.045323164814730754,0.7525384248177361,0.8488029,0.9512890959980956,0.7581025034196776,0.4297923405196694,0.4094203804382061,0.4107067233285092,0.56771942920545,1.0,0.5420993923815387,124585,0.6108459773672861,0.8475955071021004,0.4810010684056558,0.3480316378378355,"{""markov_seconds"": 1.5339478300002156, ""mean_states"": 2.0088594992398456}"
exact-n10000000-d16-k50-sep1.5-s0,exact,10000000,16,50,1.5,0,389,True,60,148654,148654,0.0148654,401028,13766,63269,13006,5389807916.0,95.35569380200013,7469402896.0,204.79058686599728,500000000.0,3.524355144000083,6.343484555000031,0.8723733,37,markov_pooled,0,1,2.2033258349997595,377188,0.0377188,0.007812242485494281,0.03453782373653457,0.3492877239328213,0.8563938,0.9556769128746706,0.18336539884564157,0.9083173005771792,0.09168269942282081,0.5,0.0,0.0,0.12401512328216564,124585,0.06649183802465196,0.13296945860256051,0.06648472930128024,0.5,"{""markov_seconds"": 2.0243510959999185, ""mean_states"": 2.0088594992398456}"
exact-n10000000-d16-k50-sep1.5-s0,exact,10000000,16,50,1.5,0,389,True,60,148654,148654,0.0148654,401028,13766,63269,13006,5389807916.0,95.35569380200013,7469402896.0,204.79058686599728,500000000.0,3.524355144000083,6.343484555000031,0.8723733,37,markov_pooled_soft,0,1,1.7829455569999482,377188,0.0377188,0.007812532392811766,0.03470782562662471,0.34984280014636754,0.8563938,0.9556769128746706,0.1758573265395012,0.896122533998222,0.07936045373088488,0.5613295546193722,0.05272559044122752,0.9423358940896309,0.10825539916974851,124585,0.06687471736941096,0.1318914911547681,0.06494953722384979,0.4199787251187435,"{""markov_seconds"": 1.6116927630000646, ""mean_states"": 2.0088594992398456}"
exact-n10000000-d16-k50-sep1.5-s0,exact,10000000,16,50,1.5,0,389,True,60,148654,148654,0.0148654,401028,13766,63269,13006,5389807916.0,95.35569380200013,7469402896.0,204.79058686599728,500000000.0,3.524355144000083,6.343484555000031,0.8723733,37,markov_w5,0,1,1.5218904670000484,376596,0.0376596,0.007808202216994298,0.034476452075267734,0.3488390318304003,0.8563274,0.955717666943627,0.17540059466950098,0.9122997026652495,0.08770029733475049,0.5,0.0,0.0,0.12249348399583593,124585,0.06612393227812073,0.13223100694305093,0.0661155034715255,0.5,"{""markov_seconds"": 1.3710320019999926, ""mean_states"": 1.8419685982213732}"
exact-n10000000-d16-k50-sep1.5-s0,exact,10000000,16,50,1.5,0,389,True,60,148654,148654,0.0148654,401028,13766,63269,13006,5389807916.0,95.35569380200013,7469402896.0,204.79058686599728,500000000.0,3.524355144000083,6.343484555000031,0.8723733,37,markov_w20,0,1,1.6405408650002755,378713,0.0378713,0.008016980937859852,0.034841739423904124,0.36492458858055515,0.8561202,0.9554749283414922,0.20388284203586854,0.8980585789820658,0.10194142101793424,0.5,0.0,0.0,0.1365381133840397,124585,0.08271263005027411,0.1653650118393065,0.0826825059196532,0.5,"{""markov_seconds"": 1.454422354000144, ""mean_states"": 2.0120010225086444}"
exact-n10000000-d16-k50-sep1.5-s0,exact,10000000,16,50,1.5,0,389,True,60,148654,148654,0.0148654,401028,13766,63269,13006,5389807916.0,95.35569380200013,7469402896.0,204.79058686599728,500000000.0,3.524355144000083,6.343484555000031,0.8723733,37,active_set_U,52028900,2,1.488133112000014,372556,0.0372556,0.007721589838233678,0.03394904741703633,0.32995524095337503,0.8565698,0.9563528361242735,0.12104618779178496,0.9394769061041075,0.0605230938958925,0.5,0.0,0.0,0.09856597276783836,124585,0.05585127792794539,0.1117630533370791,0.055881526668539516,0.5,"{""iters"": 7}"
exact-n10000000-d16-k50-sep1.5-s0,exact,10000000,16,50,1.5,0,389,True,60,148654,148654,0.0148654,401028,13766,63269,13006,5389807916.0,95.35569380200013,7469402896.0,204.79058686599728,500000000.0,3.524355144000083,6.343484555000031,0.8723733,37,hartigan_U,37163500,2,1.0762798430000657,372555,0.0372555,0.007721589834721154,0.033948870910850505,0.32995524095337503,0.8565699,0.9563528254658376,0.1210327337306766,0.9394836331346617,0.060516366865338345,0.5,0.0,0.0,0.09855704154509061,124585,0.05585127792794539,0.1117630533370791,0.055881526668539516,0.5,"{""moves"": 4254, ""sweeps"": 5}"
exact-n10000000-d16-k50-sep1.5-s0,exact,10000000,16,50,1.5,0,389,True,60,148654,148654,0.0148654,401028,13766,63269,13006,5389807916.0,95.35569380200013,7469402896.0,204.79058686599728,500000000.0,3.524355144000083,6.343484555000031,0.8723733,37,fcm_soft,7432700,1,0.5491045670000858,373023,0.0373023,0.007726892369260163,0.03447223830312604,0.3487196545534541,0.8565623,0.9562660979729654,0.850929009889628,0.08898048004251374,0.8470704042856642,0.8182225684504667,3.775663232681063,1.0,0.8891704882173614,124585,0.9053958023805855,0.8506864628973121,0.8533031212825009,0.9336435558933913,{}
exact-n10000000-d16-k50-sep1.5-s0,exact,10000000,16,50,1.5,0,389,True,60,148654,148654,0.0148654,401028,13766,63269,13006,5389807916.0,95.35569380200013,7469402896.0,204.79058686599728,500000000.0,3.524355144000083,6.343484555000031,0.8723733,37,gmm_plugin_soft,7432700,1,0.5625005409997357,373526,0.0373526,0.007756131925168663,0.03447223830312604,0.3487196545534541,0.8567499,0.9563282281446217,0.10645817609755484,0.8794609033139376,0.04064315829534111,0.9315077060608457,0.23230330075093963,1.0,0.06421850635653731,124585,0.06847058694452077,0.09408074587764899,0.014057298115424333,0.9302724935857178,{}
exact-n10000000-d16-k50-sep1.5-s0,exact,10000000,16,50,1.5,0,389,True,60,148654,148654,0.0148654,401028,13766,63269,13006,5389807916.0,95.35569380200013,7469402896.0,204.79058686599728,500000000.0,3.524355144000083,6.343484555000031,0.8723733,37,full_convergence,2079594980.0,329,109.43489306399715,0,0.0,0.0,0.0,0.0,0.8723733,1.0,0.0,1.0,0.0,nan,0.0,0.0,0.07078452654597131,124585,0.05194160670331634,0.10367219167636553,0.051836095838182716,0.5,{}
exact-n10000000-d16-k50-sep1.5-s0,exact,10000000,16,50,1.5,0,389,True,60,148654,148654,0.0148654,401028,13766,63269,13006,5389807916.0,95.35569380200013,7469402896.0,204.79058686599728,500000000.0,3.524355144000083,6.343484555000031,0.8723733,37,true_posterior_oracle,0,0,0.0,,,,,,,,0.25514308802862584,0.8620972696970025,0.11952258768512063,0.6103611567050697,0.0413640699030254,0.9783053264627928,0.13030206792534893,124585,0.0,0.0218312952298137,0.0007387508312420799,0.9768311382619382,{}
exact-n10000000-d16-k50-sep1.5-s0,exact,10000000,16,50,1.5,0,389,True,60,148654,148654,0.0148654,401028,13766,63269,13006,5389807916.0,95.35569380200013,7469402896.0,204.79058686599728,500000000.0,3.524355144000083,6.343484555000031,0.8723733,37,model_posterior_oracle,0,0,0.0,,,,,,,,0.05092730606610899,0.9292154734540287,0.05176945227906913,0.9722531870480354,0.15374100972222754,0.9998721864194707,0.0,124585,0.044789102301872184,0.08133458837991786,0.0271427493207428,0.9824257188736374,{}
exact-n10000000-d16-k50-sep1.5-s0,exact,10000000,16,50,1.5,0,389,True,70,203092,200000,0.0203092,202121,4185,2361,3754,6170723633.0,109.59542292299966,7469402896.0,204.79058686599728,500000000.0,3.524355144000083,6.343484555000031,0.8723733,37,stop,0,1,0.194159891000254,190779,0.0190779,4.9850540423390655e-05,0.018102388007535265,0.24591405945473996,0.8705334,0.9820956092087225,0.03703,0.981485,0.018514999999999948,0.5,0.0,0.0,0.1230725749082932,165891,0.12652777338728854,0.2529733379146548,0.1264866689573274,0.5,{}
exact-n10000000-d16-k50-sep1.5-s0,exact,10000000,16,50,1.5,0,389,True,70,203092,200000,0.0203092,202121,4185,2361,3754,6170723633.0,109.59542292299966,7469402896.0,204.79058686599728,500000000.0,3.524355144000083,6.343484555000031,0.8723733,37,reassign_U,10154600,2,0.5819916390000799,190621,0.0190621,4.9835156492150645e-05,0.0180912102724512,0.2459023650985114,0.8705341,0.9821386248159214,0.03547,0.982265,0.017734999999999945,0.5,0.0,0.0,0.12295902830906053,165891,0.12652694892876315,0.2529612818055229,0.12648064090276145,0.5,{}
exact-n10000000-d16-k50-sep1.5-s0,exact,10000000,16,50,1.5,0,389,True,70,203092,200000,0.0203092,202121,4185,2361,3754,6170723633.0,109.59542292299966,7469402896.0,204.79058686599728,500000000.0,3.524355144000083,6.343484555000031,0.8723733,37,majority,0,1,0.34479005200000756,201353,0.0201353,5.321321514806243e-05,0.019075133084524347,0.24936170655178316,0.8704794,0.9804529950935492,0.14085,0.929575,0.07042499999999996,0.5,0.0,0.0,0.14397243962682615,165891,0.12624687077105365,0.2522981958032684,0.1261490979016342,0.5,{}
exact-n10000000-d16-k50-sep1.5-s0,exact,10000000,16,50,1.5,0,389,True,70,203092,200000,0.0203092,202121,4185,2361,3754,6170723633.0,109.59542292299966,7469402896.0,204.79058686599728,500000000.0,3.524355144000083,6.343484555000031,0.8723733,37,frequency_soft,0,1,0.3158693109999149,201353,0.0201353,0.00016038772609427987,0.020816803317795993,0.24918191055457575,0.8704794,0.9804529950935492,0.13059099173553718,0.8114063636363635,0.08673227272727277,0.7933416522092231,0.4060887629532874,1.0,0.15510801045518469,165891,0.18984213794427637,0.23227140433893387,0.04607187304259522,0.7251024252992266,{}
exact-n10000000-d16-k50-sep1.5-s0,exact,10000000,16,50,1.5,0,389,True,70,203092,200000,0.0203092,202121,4185,2361,3754,6170723633.0,109.59542292299966,7469402896.0,204.79058686599728,500000000.0,3.524355144000083,6.343484555000031,0.8723733,37,markov,0,1,2.349938510999891,191851,0.0191851,5.0262671807743686e-05,0.01818337467481558,0.24591191161724374,0.8705358,0.9817664254795584,0.04758,0.97621,0.023789999999999978,0.5,0.0,0.0,0.1236714298671916,165891,0.12615097464013672,0.2522499713667408,0.12612498568337038,0.5,"{""markov_seconds"": 2.1660962470000413, ""mean_states"": 2.0084690682055424}"
exact-n10000000-d16-k50-sep1.5-s0,exact,10000000,16,50,1.5,0,389,True,70,203092,200000,0.0203092,202121,4185,2361,3754,6170723633.0,109.59542292299966,7469402896.0,204.79058686599728,500000000.0,3.524355144000083,6.343484555000031,0.8723733,37,markov_soft,0,1,2.2952854019999904,191851,0.0191851,5.1086764440988475e-05,0.018240119804921583,0.2459181035544619,0.8705358,0.9817664254795584,0.04610220307396882,0.9674645863923658,0.018018051926015067,0.6665353968122356,0.029485322600624423,0.06034,0.11370712890775209,165891,0.12426916764960044,0.24685463238038965,0.12200000988003,0.5488768901703033,"{""markov_seconds"": 2.0709938969998802, ""mean_states"": 2.0084690682055424}"
exact-n10000000-d16-k50-sep1.5-s0,exact,10000000,16,50,1.5,0,389,True,70,203092,200000,0.0203092,202121,4185,2361,3754,6170723633.0,109.59542292299966,7469402896.0,204.79058686599728,500000000.0,3.524355144000083,6.343484555000031,0.8723733,37,markov_a0.5,0,1,2.5522254939996856,195488,0.0195488,5.113602058859357e-05,0.018526716356280788,0.24741244180996222,0.8705279,0.9812860010053093,0.08327,0.958365,0.04163499999999998,0.5,0.0,0.0,0.13136646667233667,165891,0.1261348541638266,0.2520691297297623,0.12603456486488118,0.5,"{""markov_seconds"": 2.365861613999641, ""mean_states"": 2.0084690682055424}"
exact-n10000000-d16-k50-sep1.5-s0,exact,10000000,16,50,1.5,0,389,True,70,203092,200000,0.0203092,202121,4185,2361,3754,6170723633.0,109.59542292299966,7469402896.0,204.79058686599728,500000000.0,3.524355144000083,6.343484555000031,0.8723733,37,markov_a0.5_soft,0,1,2.0805333179996524,195488,0.0195488,9.728143609288864e-05,0.019884630997667817,0.24816602723865958,0.8705279,0.9812860010053093,0.08228971733378775,0.8664021223905238,0.07436901689455651,0.8905070405553721,0.3241766191356757,1.0,0.12288797161600375,165891,0.15839756013322182,0.22531599393280233,0.03810173070811312,0.7671641557595211,"{""markov_seconds"": 1.8486151889997018, ""mean_states"": 2.0084690682055424}"
exact-n10000000-d16-k50-sep1.5-s0,exact,10000000,16,50,1.5,0,389,True,70,203092,200000,0.0203092,202121,4185,2361,3754,6170723633.0,109.59542292299966,7469402896.0,204.79058686599728,500000000.0,3.524355144000083,6.343484555000031,0.8723733,37,markov_pooled,0,1,2.1706280960002005,192439,0.0192439,5.0576504652566356e-05,0.018227606130772733,0.24643454413173185,0.8705578,0.9817087998722107,0.05331,0.973345,0.026654999999999984,0.5,0.0,0.0,0.1246748226720015,165891,0.12586833804432448,0.25179183921972864,0.12589591960986435,0.5,"{""markov_seconds"": 1.9447075470002346, ""mean_states"": 2.0084690682055424}"
exact-n10000000-d16-k50-sep1.5-s0,exact,10000000,16,50,1.5,0,389,True,70,203092,200000,0.0203092,202121,4185,2361,3754,6170723633.0,109.59542292299966,7469402896.0,204.79058686599728,500000000.0,3.524355144000083,6.343484555000031,0.8723733,37,markov_pooled_soft,0,1,2.3344070100001773,192439,0.0192439,5.4017948123430415e-05,0.018564055922126003,0.2472335593940187,0.8705578,0.9817087998722107,0.05225194978799662,0.9482585737623359,0.023658683965800027,0.885114383043406,0.0808741117511715,0.934445,0.1023319532304192,165891,0.12297269593817269,0.24272112689391576,0.11710302094909442,0.8573758722163085,"{""markov_seconds"": 2.1266906030000428, ""mean_states"": 2.0084690682055424}"
exact-n10000000-d16-k50-sep1.5-s0,exact,10000000,16,50,1.5,0,389,True,70,203092,200000,0.0203092,202121,4185,2361,3754,6170723633.0,109.59542292299966,7469402896.0,204.79058686599728,500000000.0,3.524355144000083,6.343484555000031,0.8723733,37,markov_w5,0,1,1.8166009480000866,190785,0.0190785,4.985180075811613e-05,0.018102887174986565,0.24591095545157368,0.8705331,0.9820948097715677,0.03708,0.98146,0.01854,0.5,0.0,0.0,0.12308062174047123,165891,0.12652781469223093,0.2529733379146548,0.1264866689573274,0.5,"{""markov_seconds"": 1.6379681839998739, ""mean_states"": 1.0688751895692592}"
exact-n10000000-d16-k50-sep1.5-s0,exact,10000000,16,50,1.5,0,389,True,70,203092,200000,0.0203092,202121,4185,2361,3754,6170723633.0,109.59542292299966,7469402896.0,204.79058686599728,500000000.0,3.524355144000083,6.343484555000031,0.8723733,37,markov_w20,0,1,1.9351703540000926,191109,0.0191109,5.254343836291753e-05,0.018120539208931575,0.24597449000301716,0.8705299,0.9820323628025763,0.0403,0.97985,0.02015,0.5,0.0,0.0,0.12373115486967777,165891,0.1266020742533571,0.253190347879029,0.12659517393951447,0.5,"{""markov_seconds"": 1.7364262220003184, ""mean_states"": 2.0221229787485475}"
exact-n10000000-d16-k50-sep1.5-s0,exact,10000000,16,50,1.5,0,389,True,70,203092,200000,0.0203092,202121,4185,2361,3754,6170723633.0,109.59542292299966,7469402896.0,204.79058686599728,500000000.0,3.524355144000083,6.343484555000031,0.8723733,37,active_set_U,60927600,2,1.2265743080001812,190540,0.019054,4.983192716134788e-05,0.018085324889523142,0.24590835712572842,0.8705346,0.982163205289941,0.03468,0.98266,0.017340000000000022,0.5,0.0,0.0,0.1228998917023381,165891,0.12652735099115847,0.2529853940237867,0.12649269701189336,0.5,"{""iters"": 6}"
exact-n10000000-d16-k50-sep1.5-s0,exact,10000000,16,50,1.5,0,389,True,70,203092,200000,0.0203092,202121,4185,2361,3754,6170723633.0,109.59542292299966,7469402896.0,204.79058686599728,500000000.0,3.524355144000083,6.343484555000031,0.8723733,37,hartigan_U,50773000,2,1.2772691319996738,190535,0.0190535,4.983191594321035e-05,0.018084940783121502,0.24590624692067878,0.8705343,0.9821642542926902,0.03463,0.982685,0.01731499999999997,0.5,0.0,0.0,0.12289613077525716,165891,0.12652929619856157,0.2529853940237867,0.12649269701189336,0.5,"{""moves"": 326, ""sweeps"": 5}"
exact-n10000000-d16-k50-sep1.5-s0,exact,10000000,16,50,1.5,0,389,True,70,203092,200000,0.0203092,202121,4185,2361,3754,6170723633.0,109.59542292299966,7469402896.0,204.79058686599728,500000000.0,3.524355144000083,6.343484555000031,0.8723733,37,fcm_soft,10154600,1,0.37464427099985187,190621,0.0190621,4.9838825249448604e-05,0.018102388007535265,0.24591405945473996,0.8705341,0.9821386248159214,0.8722610811984343,0.07731216897418208,0.9049305668229052,0.6541744121822914,3.7981353551891934,1.0,0.8845298844689751,165891,0.904965711480099,0.8728313670821536,0.7941182437035581,0.9133530315215906,{}
exact-n10000000-d16-k50-sep1.5-s0,exact,10000000,16,50,1.5,0,389,True,70,203092,200000,0.0203092,202121,4185,2361,3754,6170723633.0,109.59542292299966,7469402896.0,204.79058686599728,500000000.0,3.524355144000083,6.343484555000031,0.8723733,37,gmm_plugin_soft,10154600,1,0.42349154799967437,198914,0.0198914,6.682863310336629e-05,0.018102388007535265,0.24591405945473996,0.8707046,0.98023458064,0.11550213696049727,0.8536839819020088,0.0822098137759783,0.9396144650062866,0.3089456855039775,1.0,0.030793054575481812,165891,0.09646139892431203,0.18605226911078324,0.04072121487854808,0.9580812189028722,{}
exact-n10000000-d16-k50-sep1.5-s0,exact,10000000,16,50,1.5,0,389,True,70,203092,200000,0.0203092,202121,4185,2361,3754,6170723633.0,109.59542292299966,7469402896.0,204.79058686599728,500000000.0,3.524355144000083,6.343484555000031,0.8723733,37,full_convergence,1298679263.0,319,95.19516394299762,0,0.0,0.0,0.0,0.0,0.8723733,1.0,0.0,1.0,0.0,nan,0.0,0.0,0.1206382704107386,165891,0.1265559363398001,0.252949225696391,0.1264746128481955,0.5,{}
exact-n10000000-d16-k50-sep1.5-s0,exact,10000000,16,50,1.5,0,389,True,70,203092,200000,0.0203092,202121,4185,2361,3754,6170723633.0,109.59542292299966,7469402896.0,204.79058686599728,500000000.0,3.524355144000083,6.343484555000031,0.8723733,37,true_posterior_oracle,0,0,0.0,,,,,,,,0.40314739454233006,0.7653877168618495,0.1818828232691198,0.47510711567850417,0.12336308504598667,0.985155,0.20648952434103668,165891,0.0,0.07288775416123264,0.0007570271144439472,0.936005066728631,{}
exact-n10000000-d16-k50-sep1.5-s0,exact,10000000,16,50,1.5,0,389,True,70,203092,200000,0.0203092,202121,4185,2361,3754,6170723633.0,109.59542292299966,7469402896.0,204.79058686599728,500000000.0,3.524355144000083,6.343484555000031,0.8723733,37,model_posterior_oracle,0,0,0.0,,,,,,,,0.07960246218359227,0.8793617295892614,0.09637591080206713,0.9571375589306106,0.29008284977125054,1.0,0.0,165891,0.09525158975672812,0.18704627881746325,0.04513743522326325,0.9510765824356398,{}
exact-n10000000-d16-k50-sep1.5-s0,exact,10000000,16,50,1.5,0,389,True,80,19377,19377,0.0019377,184609,1865,1827,1579,6232110689.0,113.10061823499973,7469402896.0,204.79058686599728,500000000.0,3.524355144000083,6.343484555000031,0.8723733,37,stop,0,1,0.21817719499995292,174256,0.0174256,4.645657172197559e-05,0.016593164355563586,0.23561118655947857,0.8705916,0.9839408225176037,0.16297672498322754,0.9185116375083863,0.08148836249161373,0.5,0.0,0.0,0.3397129879722376,2144,0.940839143619882,1.8759328358208955,0.9379664179104478,0.5,{}
exact-n10000000-d16-k50-sep1.5-s0,exact,10000000,16,50,1.5,0,389,True,80,19377,19377,0.0019377,184609,1865,1827,1579,6232110689.0,113.10061823499973,7469402896.0,204.79058686599728,500000000.0,3.524355144000083,6.343484555000031,0.8723733,37,reassign_U,968850,2,0.3847624739996718,174250,0.017425,4.645603154784794e-05,0.016593025565948848,0.23560651626254547,0.870591,0.9839414173998172,0.16235743407132167,0.9188212829643392,0.08117871703566082,0.5,0.0,0.0,0.3397180968574165,2144,0.9408391588967961,1.8759328358208955,0.9379664179104478,0.5,{}
exact-n10000000-d16-k50-sep1.5-s0,exact,10000000,16,50,1.5,0,389,True,80,19377,19377,0.0019377,184609,1865,1827,1579,6232110689.0,113.10061823499973,7469402896.0,204.79058686599728,500000000.0,3.524355144000083,6.343484555000031,0.8723733,37,majority,0,1,0.19127627999978358,182024,0.0182024,4.799524373333419e-05,0.017296519209994973,0.24129341125301285,0.8705636,0.9831735126144037,0.9647520255973577,0.5176239872013212,0.4823760127986788,0.5,0.0,0.0,0.5180172812293488,2144,0.9526847834570633,1.9039179104477613,0.9519589552238806,0.5,{}
exact-n10000000-d16-k50-sep1.5-s0,exact,10000000,16,50,1.5,0,389,True,80,19377,19377,0.0019377,184609,1865,1827,1579,6232110689.0,113.10061823499973,7469402896.0,204.79058686599728,500000000.0,3.524355144000083,6.343484555000031,0.8723733,37,frequency_soft,0,1,0.22007017099986115,182024,0.0182024,4.8015117538602325e-05,0.01731364710906109,0.24108766432785214,0.8705636,0.9831735126144037,0.6271719432214301,0.505571272408244,0.21169896831763985,0.508641652873838,0.5396335663576601,1.0,0.3146543032438786,2144,0.9315591472086397,1.5481605402738374,0.6833446404341926,0.4644306284279075,{}
exact-n10000000-d16-k50-sep1.5-s0,exact,10000000,16,50,1.5,0,389,True,80,19377,19377,0.0019377,184609,1865,1827,1579,6232110689.0,113.10061823499973,7469402896.0,204.79058686599728,500000000.0,3.524355144000083,6.343484555000031,0.8723733,37,markov,0,1,0.32244416399998954,174259,0.0174259,4.645781706846819e-05,0.016593328241133333,0.23561828018011366,0.8705925,0.9839407758493197,0.16328637043918048,0.9183568147804098,0.08164318521959024,0.5,0.0,0.0,0.33976105899158443,2144,0.940839143619882,1.8759328358208955,0.9379664179104478,0.5,"{""markov_seconds"": 0.1529142219997084, ""mean_states"": 2.000309645455953}"
exact-n10000000-d16-k50-sep1.5-s0,exact,10000000,16,50,1.5,0,389,True,80,19377,19377,0.0019377,184609,1865,1827,1579,6232110689.0,113.10061823499973,7469402896.0,204.79058686599728,500000000.0,3.524355144000083,6.343484555000031,0.8723733,37,markov_soft,0,1,0.35515609999993103,174259,0.0174259,4.6457839698366143e-05,0.016593429314197744,0.23561965950219294,0.8705925,0.9839407758493197,0.16208318296095287,0.9181970807686862,0.0805817567713874,0.5104813600888615,0.002266627606220913,0.004128606079372452,0.33875487178139274,2144,0.9405829457411167,1.8745563847429518,0.9368781094527363,0.4977361354654662,"{""markov_seconds"": 0.17508031800025492, ""mean_states"": 2.000309645455953}"
exact-n10000000-d16-k50-sep1.5-s0,exact,10000000,16,50,1.5,0,389,True,80,19377,19377,0.0019377,184609,1865,1827,1579,6232110689.0,113.10061823499973,7469402896.0,204.79058686599728,500000000.0,3.524355144000083,6.343484555000031,0.8723733,37,markov_a0.5,0,1,0.33119365399988965,177390,0.017739,4.70806954020464e-05,0.01687438544795508,0.2380608841760526,0.8705824,0.9836426545885393,0.48645301130205915,0.7567734943489705,0.24322650565102955,0.5,0.0,0.0,0.41167211348866184,2144,0.9467255698504157,1.8936567164179106,0.9468283582089552,0.5,"{""markov_seconds"": 0.15830995300029826, ""mean_states"": 2.000309645455953}"
exact-n10000000-d16-k50-sep1.5-s0,exact,10000000,16,50,1.5,0,389,True,80,19377,19377,0.0019377,184609,1865,1827,1579,6232110689.0,113.10061823499973,7469402896.0,204.79058686599728,500000000.0,3.524355144000083,6.343484555000031,0.8723733,37,markov_a0.5_soft,0,1,0.3719979739998962,177390,0.017739,4.738798130388133e-05,0.01707463609523033,0.23935922555045874,0.8705824,0.9836426545885393,0.38094198229347354,0.640787226390194,0.10921762440818715,0.6071861598816243,0.5108213690151355,1.0,0.25349891322848567,2144,0.9310203845074032,1.5790798723487818,0.718153134798424,0.5232845043643591,"{""markov_seconds"": 0.18394871400005286, ""mean_states"": 2.000309645455953}"
exact-n10000000-d16-k50-sep1.5-s0,exact,10000000,16,50,1.5,0,389,True,80,19377,19377,0.0019377,184609,1865,1827,1579,6232110689.0,113.10061823499973,7469402896.0,204.79058686599728,500000000.0,3.524355144000083,6.343484555000031,0.8723733,37,markov_pooled,0,1,0.31878600299978643,174736,0.0174736,4.658906374355176e-05,0.016635093081644542,0.23637092109448618,0.8706288,0.9839193483787441,0.21251999793569695,0.8937400010321516,0.10625999896784843,0.5,0.0,0.0,0.350365604242528,2144,0.9432509770763614,1.8805970149253732,0.9402985074626866,0.5,"{""markov_seconds"": 0.15730331599979763, ""mean_states"": 2.000309645455953}"
exact-n10000000-d16-k50-sep1.5-s0,exact,10000000,16,50,1.5,0,389,True,80,19377,19377,0.0019377,184609,1865,1827,1579,6232110689.0,113.10061823499973,7469402896.0,204.79058686599728,500000000.0,3.524355144000083,6.343484555000031,0.8723733,37,markov_pooled_soft,0,1,0.3252890720000323,174736,0.0174736,4.6855035876980367e-05,0.016800723976312413,0.23777828030962925,0.8706288,0.9839193483787441,0.20142342546361358,0.7989233074863128,0.0884029616506023,0.6385800797032635,0.31473222132595136,0.7679723383392683,0.26522561102069286,2144,0.9408753629640683,1.8682970853333742,0.9325078030173051,0.3792705233134921,"{""markov_seconds"": 0.1787462530000994, ""mean_states"": 2.000309645455953}"
exact-n10000000-d16-k50-sep1.5-s0,exact,10000000,16,50,1.5,0,389,True,80,19377,19377,0.0019377,184609,1865,1827,1579,6232110689.0,113.10061823499973,7469402896.0,204.79058686599728,500000000.0,3.524355144000083,6.343484555000031,0.8723733,37,markov_w5,0,1,0.29710891900003844,174254,0.0174254,4.645677906611745e-05,0.016593032600825647,0.23561118655947857,0.8705914,0.9839409548129963,0.1627702946792589,0.9186148526603706,0.08138514733962943,0.5,0.0,0.0,0.3396829244268538,2144,0.940839143619882,1.8759328358208955,0.9379664179104478,0.5,"{""markov_seconds"": 0.15279753300001175, ""mean_states"": 1.4746348763998556}"
exact-n10000000-d16-k50-sep1.5-s0,exact,10000000,16,50,1.5,0,389,True,80,19377,19377,0.0019377,184609,1865,1827,1579,6232110689.0,113.10061823499973,7469402896.0,204.79058686599728,500000000.0,3.524355144000083,6.343484555000031,0.8723733,37,markov_w20,0,1,0.3266428020001513,174477,0.0174477,4.651621360185487e-05,0.0166022390516576,0.2356172653181939,0.8705894,0.9838898646039181,0.18578727357176034,0.9071063632141199,0.09289363678588014,0.5,0.0,0.0,0.3415961183593062,2144,0.9444754726599583,1.882462686567164,0.941231343283582,0.5,"{""markov_seconds"": 0.18080247400030203, ""mean_states"": 2.0124890333901018}"
exact-n10000000-d16-k50-sep1.5-s0,exact,10000000,16,50,1.5,0,389,True,80,19377,19377,0.0019377,184609,1865,1827,1579,6232110689.0,113.10061823499973,7469402896.0,204.79058686599728,500000000.0,3.524355144000083,6.343484555000031,0.8723733,37,active_set_U,2906550,2,0.3450175049997597,174248,0.0174248,4.645602125541437e-05,0.01659298095698472,0.23560392534565566,0.8705912,0.9839415246557794,0.16215100376735306,0.9189244981163235,0.08107550188367652,0.5,0.0,0.0,0.3396923038304178,2144,0.9408391588967961,1.8759328358208955,0.9379664179104478,0.5,"{""iters"": 3}"
exact-n10000000-d16-k50-sep1.5-s0,exact,10000000,16,50,1.5,0,389,True,80,19377,19377,0.0019377,184609,1865,1827,1579,6232110689.0,113.10061823499973,7469402896.0,204.79058686599728,500000000.0,3.524355144000083,6.343484555000031,0.8723733,37,hartigan_U,2906550,2,0.3828384159996858,174248,0.0174248,4.645602125541437e-05,0.01659298095698472,0.23560392534565566,0.8705912,0.9839415246557794,0.16215100376735306,0.9189244981163235,0.08107550188367652,0.5,0.0,0.0,0.3396923038304178,2144,0.9408391588967961,1.8759328358208955,0.9379664179104478,0.5,"{""moves"": 34, ""sweeps"": 3}"
exact-n10000000-d16-k50-sep1.5-s0,exact,10000000,16,50,1.5,0,389,True,80,19377,19377,0.0019377,184609,1865,1827,1579,6232110689.0,113.10061823499973,7469402896.0,204.79058686599728,500000000.0,3.524355144000083,6.343484555000031,0.8723733,37,fcm_soft,968850,1,0.035125567999784835,174250,0.017425,4.6456110398551687e-05,0.016593164355563586,0.23561118655947857,0.870591,0.9839414173998172,0.8665350051069435,0.08265196569632774,0.8361018211870218,0.49410894756680174,3.740779410963197,1.0,0.8220060653707862,2144,0.957459861777054,0.9721213833919784,0.01661660027709216,0.8348668787832336,{}
exact-n10000000-d16-k50-sep1.5-s0,exact,10000000,16,50,1.5,0,389,True,80,19377,19377,0.0019377,184609,1865,1827,1579,6232110689.0,113.10061823499973,7469402896.0,204.79058686599728,500000000.0,3.524355144000083,6.343484555000031,0.8723733,37,gmm_plugin_soft,968850,1,0.05940284500002235,178697,0.0178697,5.109100341349482e-05,0.016593164355563586,0.23561118655947857,0.8707304,0.9830168505029452,0.5025697604423688,0.4856390542382168,0.1958435270089955,0.6542948102665941,0.7937274306394794,1.0,0.19615199867843913,2144,0.9162832302178178,1.3074528873697375,0.42969099774439,0.8032407407407407,{}
exact-n10000000-d16-k50-sep1.5-s0,exact,10000000,16,50,1.5,0,389,True,80,19377,19377,0.0019377,184609,1865,1827,1579,6232110689.0,113.10061823499973,7469402896.0,204.79058686599728,500000000.0,3.524355144000083,6.343484555000031,0.8723733,37,full_convergence,1237292207.0,309,91.68996863099756,0,0.0,0.0,0.0,0.0,0.8723733,1.0,0.0,1.0,0.0,nan,0.0,0.0,0.32764775778999033,2144,0.9402401906392229,1.8759328358208955,0.9379664179104478,0.5,{}
exact-n10000000-d16-k50-sep1.5-s0,exact,10000000,16,50,1.5,0,389,True,80,19377,19377,0.0019377,184609,1865,1827,1579,6232110689.0,113.10061823499973,7469402896.0,204.79058686599728,500000000.0,3.524355144000083,6.343484555000031,0.8723733,37,true_posterior_oracle,0,0,0.0,,,,,,,,1.2069355489017914,0.38617249356158134,0.600216605202137,0.8055017001636098,0.03998731204719235,0.8537957372142231,0.5938395099175633,2144,0.0,0.06443691915585782,0.004593693998604121,0.9574522733446938,{}
exact-n10000000-d16-k50-sep1.5-s0,exact,10000000,16,50,1.5,0,389,True,80,19377,19377,0.0019377,184609,1865,1827,1579,6232110689.0,113.10061823499973,7469402896.0,204.79058686599728,500000000.0,3.524355144000083,6.343484555000031,0.8723733,37,model_posterior_oracle,0,0,0.0,,,,,,,,0.24059935307792957,0.6723522422100097,0.2505455625988494,0.8836375831980575,0.6650131865577998,1.0,0.0,2144,0.9123691592251115,1.2951294843302188,0.44556718712591264,0.614102982444691,{}
exact-n10000000-d16-k50-sep1.5-s0,exact,10000000,16,50,1.5,0,389,True,90,18403,18403,0.0018403,167843,1637,1862,1369,6315153556.0,116.8943842610006,7469402896.0,204.79058686599728,500000000.0,3.524355144000083,6.343484555000031,0.8723733,37,stop,0,1,0.2160805420003271,158427,0.0158427,4.2946059146009574e-05,0.015160369177797702,0.21979921002855946,0.870641,0.9851887269165208,0.14878009020268435,0.9256099548986578,0.07439004510134217,0.5,0.0,0.0,0.31533427594820285,1142,0.9202171219713319,1.8458844133099825,0.9229422066549913,0.5,{}
exact-n10000000-d16-k50-sep1.5-s0,exact,10000000,16,50,1.5,0,389,True,90,18403,18403,0.0018403,167843,1637,1862,1369,6315153556.0,116.8943842610006,7469402896.0,204.79058686599728,500000000.0,3.524355144000083,6.343484555000031,0.8723733,37,reassign_U,920150,2,0.4295360050000454,158422,0.0158422,4.2945000038319137e-05,0.015159822086171832,0.2197874403665332,0.8706408,0.98518986983735,0.14823670053795576,0.9258816497310222,0.07411835026897784,0.5,0.0,0.0,0.3152464945264293,1142,0.9202171219713319,1.8458844133099825,0.9229422066549913,0.5,{}
exact-n10000000-d16-k50-sep1.5-s0,exact,10000000,16,50,1.5,0,389,True,90,18403,18403,0.0018403,167843,1637,1862,1369,6315153556.0,116.8943842610006,7469402896.0,204.79058686599728,500000000.0,3.524355144000083,6.343484555000031,0.8723733,37,majority,0,1,0.2384045890003108,166322,0.0166322,4.4772623295941116e-05,0.01587524448218699,0.22821957344768512,0.8706244,0.9846064361471101,1.006792370809107,0.4966038145954464,0.5033961854045537,0.5,0.0,0.0,0.513647987309986,1142,0.9411020594732025,1.884413309982487,0.9422066549912435,0.5,{}
exact-n10000000-d16-k50-sep1.5-s0,exact,10000000,16,50,1.5,0,389,True,90,18403,18403,0.0018403,167843,1637,1862,1369,6315153556.0,116.8943842610006,7469402896.0,204.79058686599728,500000000.0,3.524355144000083,6.343484555000031,0.8723733,37,frequency_soft,0,1,0.195112558999881,166322,0.0166322,4.4784014495480307e-05,0.015874766972989274,0.22803745873596817,0.8706244,0.9846064361471101,0.6471465530907421,0.4939313254261903,0.22915236152208376,0.49187198253192244,0.5434302010178433,1.0,0.31637874416464706,1142,0.9186633998471228,1.5256256241768102,0.6708326699570132,0.5095753069730764,{}
exact-n10000000-d16-k50-sep1.5-s0,exact,10000000,16,50,1.5,0,389,True,90,18403,18403,0.0018403,167843,1637,1862,1369,6315153556.0,116.8943842610006,7469402896.0,204.79058686599728,500000000.0,3.524355144000083,6.343484555000031,0.8723733,37,markov,0,1,0.3154891620001763,158437,0.0158437,4.294847474484165e-05,0.015160895133524463,0.21980056818014812,0.8706412,0.985188128432281,0.1498668695321415,0.9250665652339293,0.07493343476607073,0.5,0.0,0.0,0.31537912720881994,1142,0.9202171219713319,1.8458844133099825,0.9229422066549913,0.5,"{""markov_seconds"": 0.1738799019999533, ""mean_states"": 2.0002716948323642}"
exact-n10000000-d16-k50-sep1.5-s0,exact,10000000,16,50,1.5,0,389,True,90,18403,18403,0.0018403,167843,1637,1862,1369,6315153556.0,116.8943842610006,7469402896.0,204.79058686599728,500000000.0,3.524355144000083,6.343484555000031,0.8723733,37,markov_soft,0,1,0.3549580369999603,158437,0.0158437,4.294850057018351e-05,0.015161090641479018,0.21980217822541542,0.8706412,0.985188128432281,0.14808179692371423,0.9249624985008602,0.07346515356766233,0.5160357214918946,0.002924696567287723,0.0051078628484486225,0.31395479387068626,1142,0.9201976016750218,1.845290966494767,0.922658905944164,0.4952777298602726,"{""markov_seconds"": 0.17323562599995057, ""mean_states"": 2.0002716948323642}"
exact-n10000000-d16-k50-sep1.5-s0,exact,10000000,16,50,1.5,0,389,True,90,18403,18403,0.0018403,167843,1637,1862,1369,6315153556.0,116.8943842610006,7469402896.0,204.79058686599728,500000000.0,3.524355144000083,6.343484555000031,0.8723733,37,markov_a0.5,0,1,0.4134905800001434,161622,0.0161622,4.3702052298755234e-05,0.015451223555427803,0.22322825581769917,0.8706266,0.984959268215668,0.49600608596424495,0.7519969570178775,0.2480030429821225,0.5,0.0,0.0,0.3958275463249595,1142,0.9286480946954587,1.8651488616462346,0.9325744308231173,0.5,"{""markov_seconds"": 0.21062541099990995, ""mean_states"": 2.0002716948323642}"
exact-n10000000-d16-k50-sep1.5-s0,exact,10000000,16,50,1.5,0,389,True,90,18403,18403,0.0018403,167843,1637,1862,1369,6315153556.0,116.8943842610006,7469402896.0,204.79058686599728,500000000.0,3.524355144000083,6.343484555000031,0.8723733,37,markov_a0.5_soft,0,1,0.440839880999647,161622,0.0161622,4.4027291053350126e-05,0.015641841601179096,0.22538569849763096,0.8706266,0.984959268215668,0.3866097114133005,0.6338481161008488,0.11787109662293566,0.5919689848753698,0.5206892684126981,1.0,0.24404249171081113,1142,0.9138662026565146,1.5513000303290858,0.6983477191226753,0.5351015182001098,"{""markov_seconds"": 0.2314494699999159, ""mean_states"": 2.0002716948323642}"
exact-n10000000-d16-k50-sep1.5-s0,exact,10000000,16,50,1.5,0,389,True,90,18403,18403,0.0018403,167843,1637,1862,1369,6315153556.0,116.8943842610006,7469402896.0,204.79058686599728,500000000.0,3.524355144000083,6.343484555000031,0.8723733,37,markov_pooled,0,1,0.4052822300000116,159071,0.0159071,4.314198958721427e-05,0.015219040086648703,0.2208188348452157,0.8706785,0.9851570229358878,0.21876867901972505,0.8906156604901375,0.10938433950986248,0.5,0.0,0.0,0.3292012223775405,1142,0.9210232748198064,1.8476357267950962,0.9238178633975481,0.5,"{""markov_seconds"": 0.20009680800012575, ""mean_states"": 2.0002716948323642}"
exact-n10000000-d16-k50-sep1.5-s0,exact,10000000,16,50,1.5,0,389,True,90,18403,18403,0.0018403,167843,1637,1862,1369,6315153556.0,116.8943842610006,7469402896.0,204.79058686599728,500000000.0,3.524355144000083,6.343484555000031,0.8723733,37,markov_pooled_soft,0,1,0.42686859200011895,159071,0.0159071,4.3523134386713735e-05,0.015402458722379886,0.22299079981155392,0.8706785,0.9851570229358878,0.20294746939270186,0.7780119430458209,0.09414007378489218,0.6690586538324563,0.37624788345588706,0.85871868717057,0.23128304138259237,1142,0.9206142129703597,1.8374022178926817,0.9169074729428153,0.3281908808628861,"{""markov_seconds"": 0.22046704300009878, ""mean_states"": 2.0002716948323642}"
exact-n10000000-d16-k50-sep1.5-s0,exact,10000000,16,50,1.5,0,389,True,90,18403,18403,0.0018403,167843,1637,1862,1369,6315153556.0,116.8943842610006,7469402896.0,204.79058686599728,500000000.0,3.524355144000083,6.343484555000031,0.8723733,37,markov_w5,0,1,0.45935186499991687,158430,0.015843,4.2946362420526185e-05,0.015160548175717152,0.2197966557298122,0.8706413,0.9851884004023709,0.14910612400152148,0.9254469379992393,0.07455306200076073,0.5,0.0,0.0,0.3153254954476061,1142,0.9202171219713319,1.8458844133099825,0.9229422066549913,0.5,"{""markov_seconds"": 0.2823747459997321, ""mean_states"": 1.499429440852035}"
exact-n10000000-d16-k50-sep1.5-s0,exact,10000000,16,50,1.5,0,389,True,90,18403,18403,0.0018403,167843,1637,1862,1369,6315153556.0,116.8943842610006,7469402896.0,204.79058686599728,500000000.0,3.524355144000083,6.343484555000031,0.8723733,37,markov_w20,0,1,0.35920761199986373,158483,0.0158483,4.2960749490728034e-05,0.01516321845452862,0.21982770183691963,0.8706415,0.9851846763643148,0.1548660544476444,0.9225669727761778,0.07743302722382217,0.5,0.0,0.0,0.31595328310075466,1142,0.920295402290372,1.8493870402802102,0.9246935201401051,0.5,"{""markov_seconds"": 0.17417039200017825, ""mean_states"": 2.0020648807259684}"
exact-n10000000-d16-k50-sep1.5-s0,exact,10000000,16,50,1.5,0,389,True,90,18403,18403,0.0018403,167843,1637,1862,1369,6315153556.0,116.8943842610006,7469402896.0,204.79058686599728,500000000.0,3.524355144000083,6.343484555000031,0.8723733,37,active_set_U,2760450,2,0.5204594540000471,158423,0.0158423,4.294498096069077e-05,0.01515987902810475,0.2197874403665332,0.8706407,0.9851897778454326,0.14834537847090148,0.9258273107645493,0.07417268923545073,0.5,0.0,0.0,0.31526014730137886,1142,0.9202171219713319,1.8458844133099825,0.9229422066549913,0.5,"{""iters"": 3}"
exact-n10000000-d16-k50-sep1.5-s0,exact,10000000,16,50,1.5,0,389,True,90,18403,18403,0.0018403,167843,1637,1862,1369,6315153556.0,116.8943842610006,7469402896.0,204.79058686599728,500000000.0,3.524355144000083,6.343484555000031,0.8723733,37,hartigan_U,2760450,2,0.4489339540000401,158423,0.0158423,4.294497087919957e-05,0.01515995902406518,0.2197874403665332,0.8706407,0.9851897157674231,0.14834537847090148,0.9258273107645493,0.07417268923545073,0.5,0.0,0.0,0.3152830352552948,1142,0.9202170776079511,1.8458844133099825,0.9229422066549913,0.5,"{""moves"": 40, ""sweeps"": 3}"
exact-n10000000-d16-k50-sep1.5-s0,exact,10000000,16,50,1.5,0,389,True,90,18403,18403,0.0018403,167843,1637,1862,1369,6315153556.0,116.8943842610006,7469402896.0,204.79058686599728,500000000.0,3.524355144000083,6.343484555000031,0.8723733,37,fcm_soft,920150,1,0.08673555799987298,158422,0.0158422,4.294510246816152e-05,0.015160369177797702,0.21979921002855946,0.8706408,0.98518986983735,0.8550020030764025,0.08911621997876658,0.8367088743180429,0.4899112334838534,3.7248199646254947,1.0,0.8185818401320926,1142,0.9535472720254831,0.9705367471048079,0.03152763897118741,0.7795627048473349,{}
exact-n10000000-d16-k50-sep1.5-s0,exact,10000000,16,50,1.5,0,389,True,90,18403,18403,0.0018403,167843,1637,1862,1369,6315153556.0,116.8943842610006,7469402896.0,204.79058686599728,500000000.0,3.524355144000083,6.343484555000031,0.8723733,37,gmm_plugin_soft,920150,1,0.06903992000025028,161731,0.0161731,4.570670933889964e-05,0.015160369177797702,0.21979921002855946,0.8707915,0.9845903794180436,0.48685239010156445,0.4989556663171338,0.2461140803921157,0.6905247311070446,0.7562989248177847,1.0,0.20210352512847443,1142,0.8991123960893964,1.29760266314571,0.43507234744660395,0.7667460839084237,{}
exact-n10000000-d16-k50-sep1.5-s0,exact,10000000,16,50,1.5,0,389,True,90,18403,18403,0.0018403,167843,1637,1862,1369,6315153556.0,116.8943842610006,7469402896.0,204.79058686599728,500000000.0,3.524355144000083,6.343484555000031,0.8723733,37,full_convergence,1154249340.0,299,87.89620260499669,0,0.0,0.0,0.0,0.0,0.8723733,1.0,0.0,1.0,0.0,nan,0.0,0.0,0.30447947559806965,1142,0.9198656236965151,1.8476357267950962,0.9238178633975481,0.5,{}
exact-n10000000-d16-k50-sep1.5-s0,exact,10000000,16,50,1.5,0,389,True,90,18403,18403,0.0018403,167843,1637,1862,1369,6315153556.0,116.8943842610006,7469402896.0,204.79058686599728,500000000.0,3.524355144000083,6.343484555000031,0.8723733,37,true_posterior_oracle,0,0,0.0,,,,,,,,1.0823265389366845,0.45062218832113565,0.5381692483068731,0.8072352978293414,0.03176853220648301,0.8232353420637939,0.5246439041636972,1142,0.0,0.07970583562915133,0.009843363595447695,0.942189366786141,{}
exact-n10000000-d16-k50-sep1.5-s0,exact,10000000,16,50,1.5,0,389,True,90,18403,18403,0.0018403,167843,1637,1862,1369,6315153556.0,116.8943842610006,7469402896.0,204.79058686599728,500000000.0,3.524355144000083,6.343484555000031,0.8723733,37,model_posterior_oracle,0,0,0.0,,,,,,,,0.2226254586720538,0.6955205244019304,0.24465106031965408,0.8966948144132286,0.6036854678617514,1.0,0.0,1142,0.895687681280663,1.275660160820528,0.43767148919413623,0.696045197740113,{}
exact-n10000000-d16-k50-sep1.5-s1,exact,10000000,16,50,1.5,1,383,True,10,2796224,200000,0.2796224,314867,109819,5894,101729,2757120678.0,44.797021718999986,4508890377.0,160.9644621180073,500000000.0,3.676782501499929,6.669645834999756,0.8682017,38,stop,0,1,0.20802246300081606,297213,0.0297213,0.0001238254426376706,0.029307651547737127,0.25256330292172924,0.8656241,0.9805844540110255,0.07359,0.963205,0.03679500000000002,0.5,0.0,0.0,0.09142243127109435,131558,0.07008942971426786,0.13879809665698778,0.06939904832849386,0.5,{}
exact-n10000000-d16-k50-sep1.5-s1,exact,10000000,16,50,1.5,1,383,True,10,2796224,200000,0.2796224,314867,109819,5894,101729,2757120678.0,44.797021718999986,4508890377.0,160.9644621180073,500000000.0,3.676782501499929,6.669645834999756,0.8682017,38,reassign_U,139811200,2,2.158565217000614,295766,0.0295766,0.00012326829358100255,0.029169716453969655,0.2517826344938395,0.8655555,0.9806712038173883,0.07252,0.96374,0.03625999999999996,0.5,0.0,0.0,0.0911203671765481,131558,0.07008835187904273,0.1388285014974384,0.06941425074871921,0.5,{}
exact-n10000000-d16-k50-sep1.5-s1,exact,10000000,16,50,1.5,1,383,True,10,2796224,200000,0.2796224,314867,109819,5894,101729,2757120678.0,44.797021718999986,4508890377.0,160.9644621180073,500000000.0,3.676782501499929,6.669645834999756,0.8682017,38,majority,0,1,5.07546917199943,402883,0.0402883,0.0031509919594863156,0.03851187100112336,0.25543328207757987,0.8611722,0.962247132624386,0.15006,0.92497,0.07503000000000004,0.5,0.0,0.0,0.1152791813781235,131558,0.09889138689455695,0.19678012739628148,0.09839006369814074,0.5,{}
exact-n10000000-d16-k50-sep1.5-s1,exact,10000000,16,50,1.5,1,383,True,10,2796224,200000,0.2796224,314867,109819,5894,101729,2757120678.0,44.797021718999986,4508890377.0,160.9644621180073,500000000.0,3.676782501499929,6.669645834999756,0.8682017,38,frequency_soft,0,1,3.77259806299935,402883,0.0402883,0.008891842869491962,0.07364935325506952,0.3544764702593798,0.8611722,0.962247132624386,0.1669881818181818,0.76781,0.1253795454545455,0.7609711687821602,0.48624625817730655,1.0,0.2071229589001481,131558,0.22468380521661263,0.21252204507982464,0.10986374485363537,0.7508945411994633,{}
exact-n10000000-d16-k50-sep1.5-s1,exact,10000000,16,50,1.5,1,383,True,10,2796224,200000,0.2796224,314867,109819,5894,101729,2757120678.0,44.797021718999986,4508890377.0,160.9644621180073,500000000.0,3.676782501499929,6.669645834999756,0.8682017,38,markov,0,1,28.87931944400043,302176,0.0302176,0.00014501788473175736,0.02965617775889032,0.2535754746387017,0.8661504,0.9798303863505162,0.07731,0.961345,0.038654999999999995,0.5,0.0,0.0,0.09195792742525595,131558,0.0703373123855848,0.1393757886255492,0.06968789431277456,0.5,"{""markov_seconds"": 28.668620354000268, ""mean_states"": 2.164323387539768}"
exact-n10000000-d16-k50-sep1.5-s1,exact,10000000,16,50,1.5,1,383,True,10,2796224,200000,0.2796224,314867,109819,5894,101729,2757120678.0,44.797021718999986,4508890377.0,160.9644621180073,500000000.0,3.676782501499929,6.669645834999756,0.8682017,38,markov_soft,0,1,28.113612887999807,302176,0.0302176,0.00029224505740388373,0.03303985630018812,0.25392089458813094,0.8661504,0.9798303863505162,0.080033510233558,0.9478486416993954,0.04065222793709573,0.5719787895256706,0.036876569582712806,0.07044,0.09640229688955293,131558,0.08162164018584693,0.14308077013198178,0.06848873986935652,0.5498019595430195,"{""markov_seconds"": 27.779724422000072, ""mean_states"": 2.164323387539768}"
exact-n10000000-d16-k50-sep1.5-s1,exact,10000000,16,50,1.5,1,383,True,10,2796224,200000,0.2796224,314867,109819,5894,101729,2757120678.0,44.797021718999986,4508890377.0,160.9644621180073,500000000.0,3.676782501499929,6.669645834999756,0.8682017,38,markov_a0.5,0,1,27.690980272999695,311091,0.0311091,0.0001566862463497909,0.03035031764991463,0.2537739744320366,0.8663063,0.9785330342432111,0.08386,0.95807,0.04193000000000002,0.5,0.0,0.0,0.09294120240187345,131558,0.07053241673473734,0.1394213958862251,0.06971069794311258,0.5,"{""markov_seconds"": 27.482268779999686, ""mean_states"": 2.164323387539768}"
exact-n10000000-d16-k50-sep1.5-s1,exact,10000000,16,50,1.5,1,383,True,10,2796224,200000,0.2796224,314867,109819,5894,101729,2757120678.0,44.797021718999986,4508890377.0,160.9644621180073,500000000.0,3.676782501499929,6.669645834999756,0.8682017,38,markov_a0.5_soft,0,1,26.56428105299983,311091,0.0311091,0.00483145294570364,0.060681950049034025,0.2576487201904688,0.8663063,0.9785330342432111,0.11678586818918296,0.8226529168875489,0.10765693635950568,0.6352869624382592,0.4107630335123644,1.0,0.16202262759928093,131558,0.17074602171403935,0.16342719657909965,0.08429965813490876,0.6792228959007108,"{""markov_seconds"": 26.12742380799955, ""mean_states"": 2.164323387539768}"
exact-n10000000-d16-k50-sep1.5-s1,exact,10000000,16,50,1.5,1,383,True,10,2796224,200000,0.2796224,314867,109819,5894,101729,2757120678.0,44.797021718999986,4508890377.0,160.9644621180073,500000000.0,3.676782501499929,6.669645834999756,0.8682017,38,markov_pooled,0,1,31.71906199100067,305504,0.0305504,0.00016520293369204353,0.029929572267824764,0.2543458172091866,0.8666344,0.9794407425262232,0.07952,0.96024,0.03976000000000002,0.5,0.0,0.0,0.09233916464950907,131558,0.07046191221934868,0.1395582176682528,0.06977910883412641,0.5,"{""markov_seconds"": 31.510312596000404, ""mean_states"": 2.164323387539768}"
exact-n10000000-d16-k50-sep1.5-s1,exact,10000000,16,50,1.5,1,383,True,10,2796224,200000,0.2796224,314867,109819,5894,101729,2757120678.0,44.797021718999986,4508890377.0,160.9644621180073,500000000.0,3.676782501499929,6.669645834999756,0.8682017,38,markov_pooled_soft,0,1,29.012389800000165,305504,0.0305504,0.0004727571591809365,0.03526768047032567,0.25419795546451224,0.8666344,0.9794407425262232,0.08104019997653535,0.9361155405014896,0.03648669244173386,0.6483586575401966,0.08361617714224716,0.976665,0.0974383179964587,131558,0.0875024773492044,0.14210301999209163,0.05901732017019373,0.6440081360117449,"{""markov_seconds"": 28.613248755000313, ""mean_states"": 2.164323387539768}"
exact-n10000000-d16-k50-sep1.5-s1,exact,10000000,16,50,1.5,1,383,True,10,2796224,200000,0.2796224,314867,109819,5894,101729,2757120678.0,44.797021718999986,4508890377.0,160.9644621180073,500000000.0,3.676782501499929,6.669645834999756,0.8682017,38,markov_w5,0,1,23.015210313999887,297607,0.0297607,0.00012407423224236602,0.02934282972372685,0.2527244361261271,0.8656217,0.9805594866367394,0.07396,0.96302,0.03698000000000001,0.5,0.0,0.0,0.09154456582258368,131558,0.07009422963728631,0.1388285014974384,0.06941425074871921,0.5,"{""markov_seconds"": 22.794105590000072, ""mean_states"": 1.0690913889588245}"
exact-n10000000-d16-k50-sep1.5-s1,exact,10000000,16,50,1.5,1,383,True,10,2796224,200000,0.2796224,314867,109819,5894,101729,2757120678.0,44.797021718999986,4508890377.0,160.9644621180073,500000000.0,3.676782501499929,6.669645834999756,0.8682017,38,markov_w20,0,1,27.301415453000118,302176,0.0302176,0.00014501788473175736,0.02965617775889032,0.2535754746387017,0.8661504,0.9798303863505162,0.07731,0.961345,0.038654999999999995,0.5,0.0,0.0,0.09195792742525595,131558,0.0703373123855848,0.1393757886255492,0.06968789431277456,0.5,"{""markov_seconds"": 27.109216537000066, ""mean_states"": 2.164323387539768}"
exact-n10000000-d16-k50-sep1.5-s1,exact,10000000,16,50,1.5,1,383,True,10,2796224,200000,0.2796224,314867,109819,5894,101729,2757120678.0,44.797021718999986,4508890377.0,160.9644621180073,500000000.0,3.676782501499929,6.669645834999756,0.8682017,38,active_set_U,6571126400,2,88.13788740099972,291361,0.0291361,0.00012260352655180107,0.02877703669093786,0.24975516283917656,0.8655037,0.9808334568192246,0.06926,0.96537,0.03463000000000005,0.5,0.0,0.0,0.09019455298788912,131558,0.07011319024485253,0.1388741087581143,0.06943705437905712,0.5,"{""iters"": 47}"
exact-n10000000-d16-k50-sep1.5-s1,exact,10000000,16,50,1.5,1,383,True,10,2796224,200000,0.2796224,314867,109819,5894,101729,2757120678.0,44.797021718999986,4508890377.0,160.9644621180073,500000000.0,3.676782501499929,6.669645834999756,0.8682017,38,hartigan_U,5732259200,2,79.02949461000026,291306,0.0291306,0.00012260280447717875,0.028771467557925316,0.24974089362367216,0.8655024,0.9808364335099977,0.06924,0.96538,0.034619999999999984,0.5,0.0,0.0,0.0901899500932745,131558,0.07011319024485253,0.1388741087581143,0.06943705437905712,0.5,"{""moves"": 9661, ""sweeps"": 41}"
exact-n10000000-d16-k50-sep1.5-s1,exact,10000000,16,50,1.5,1,383,True,10,2796224,200000,0.2796224,314867,109819,5894,101729,2757120678.0,44.797021718999986,4508890377.0,160.9644621180073,500000000.0,3.676782501499929,6.669645834999756,0.8682017,38,fcm_soft,139811200,1,4.7896658710005795,295766,0.0295766,0.00012347255660505319,0.029307651547737127,0.25256330292172924,0.8655555,0.9806712038173883,0.87026786450387,0.07835321002587688,0.8851406219658144,0.3493910320316153,3.796885941390548,1.0,0.8930879396961368,131558,0.9015464985274784,0.8679442603207772,0.85007462293054,0.8590570250813245,{}
exact-n10000000-d16-k50-sep1.5-s1,exact,10000000,16,50,1.5,1,383,True,10,2796224,200000,0.2796224,314867,109819,5894,101729,2757120678.0,44.797021718999986,4508890377.0,160.9644621180073,500000000.0,3.676782501499929,6.669645834999756,0.8682017,38,gmm_plugin_soft,139811200,1,5.96241128299971,317010,0.031701,0.00022594305484324728,0.029307651547737127,0.25256330292172924,0.866335,0.9750325818880554,0.07342182283909182,0.9057617175385956,0.03975424445237553,0.9440146029877187,0.20229991510927636,0.998625,0.02301794152696472,131558,0.03320772678819434,0.10432923123020685,0.011856953552920928,0.9448490465292889,{}
exact-n10000000-d16-k50-sep1.5-s1,exact,10000000,16,50,1.5,1,383,True,10,2796224,200000,0.2796224,314867,109819,5894,101729,2757120678.0,44.797021718999986,4508890377.0,160.9644621180073,500000000.0,3.676782501499929,6.669645834999756,0.8682017,38,full_convergence,1751769699.0,373,116.16744039900732,0,0.0,0.0,0.0,0.0,0.8682017,1.0,0.0,1.0,0.0,nan,0.0,0.0,0.07799741412575806,131558,0.0700910968419141,0.1387524893963119,0.06937624469815595,0.5,{}
exact-n10000000-d16-k50-sep1.5-s1,exact,10000000,16,50,1.5,1,383,True,10,2796224,200000,0.2796224,314867,109819,5894,101729,2757120678.0,44.797021718999986,4508890377.0,160.9644621180073,500000000.0,3.676782501499929,6.669645834999756,0.8682017,38,true_posterior_oracle,0,0,0.0,,,,,,,,0.29012401782403424,0.8223366363955242,0.12306979216065754,0.587243126869307,0.1250330646557363,0.978165,0.15020905944708274,131558,0.0,0.07244028132605124,0.0012054401713735075,0.9423254378081016,{}
exact-n10000000-d16-k50-sep1.5-s1,exact,10000000,16,50,1.5,1,383,True,10,2796224,200000,0.2796224,314867,109819,5894,101729,2757120678.0,44.797021718999986,4508890377.0,160.9644621180073,500000000.0,3.676782501499929,6.669645834999756,0.8682017,38,model_posterior_oracle,0,0,0.0,,,,,,,,0.04729659514771999,0.9220025858742419,0.06336637975169135,0.9747895424786267,0.19562176534129921,0.998625,0.0,131558,0.034609724422921734,0.10457813228287374,0.010610707104612562,0.9436277425552796,{}
exact-n10000000-d16-k50-sep1.5-s1,exact,10000000,16,50,1.5,1,383,True,20,39126,39126,0.0039126,280676,4935,3923,4456,2877818893.0,49.25239624899996,4508890377.0,160.9644621180073,500000000.0,3.676782501499929,6.669645834999756,0.8682017,38,stop,0,1,0.24211364399980084,266976,0.0266976,0.0001096165460954257,0.026519446780069757,0.2408302863345908,0.8654653,0.9818041918402322,0.22777692582937178,0.8861115370853141,0.1138884629146859,0.5,0.0,0.0,0.28131436113857733,592,0.6844091991993695,1.320945945945946,0.660472972972973,0.5,{}
exact-n10000000-d16-k50-sep1.5-s1,exact,10000000,16,50,1.5,1,383,True,20,39126,39126,0.0039126,280676,4935,3923,4456,2877818893.0,49.25239624899996,4508890377.0,160.9644621180073,500000000.0,3.676782501499929,6.669645834999756,0.8682017,38,reassign_U,1956300,2,0.4432947699997385,266940,0.026694,0.00010961260908115555,0.026517127190625236,0.24080860497550785,0.8654673,0.981806143815821,0.22593671727240197,0.887031641363799,0.11296835863620103,0.5,0.0,0.0,0.28094378026902983,592,0.6861686815732551,1.3277027027027026,0.6638513513513513,0.5,{}
exact-n10000000-d16-k50-sep1.5-s1,exact,10000000,16,50,1.5,1,383,True,20,39126,39126,0.0039126,280676,4935,3923,4456,2877818893.0,49.25239624899996,4508890377.0,160.9644621180073,500000000.0,3.676782501499929,6.669645834999756,0.8682017,38,majority,0,1,0.2129465389998586,282535,0.0282535,0.00011662880195029146,0.02796442146112954,0.2476504258411818,0.8654102,0.9812100415541851,1.023104840770843,0.4884475796145785,0.5115524203854215,0.5,0.0,0.0,0.5161724946601037,592,0.7337998818332123,1.4324324324324325,0.7162162162162162,0.5,{}
exact-n10000000-d16-k50-sep1.5-s1,exact,10000000,16,50,1.5,1,383,True,20,39126,39126,0.0039126,280676,4935,3923,4456,2877818893.0,49.25239624899996,4508890377.0,160.9644621180073,500000000.0,3.676782501499929,6.669645834999756,0.8682017,38,frequency_soft,0,1,0.21913931600010983,282535,0.0282535,0.0001166830868919444,0.02792972843938254,0.2471743207267956,0.8654102,0.9812100415541851,0.654588713809971,0.49329671504184613,0.24352093237233546,0.5013075071078668,0.5362504994708345,1.0,0.34041146168737574,592,0.6539636419882272,1.1686117936117935,0.5347051597051597,0.49481974393531003,{}
exact-n10000000-d16-k50-sep1.5-s1,exact,10000000,16,50,1.5,1,383,True,20,39126,39126,0.0039126,280676,4935,3923,4456,2877818893.0,49.25239624899996,4508890377.0,160.9644621180073,500000000.0,3.676782501499929,6.669645834999756,0.8682017,38,markov,0,1,0.5431520689999161,267058,0.0267058,0.0001096434328355933,0.026523384081533954,0.2408771971863521,0.8654606,0.9818000055794406,0.23196851198691407,0.8840157440065429,0.11598425599345707,0.5,0.0,0.0,0.2821599981037946,592,0.6841827182226244,1.3277027027027026,0.6638513513513513,0.5,"{""markov_seconds"": 0.37029116499979864, ""mean_states"": 2.000408935234882}"
exact-n10000000-d16-k50-sep1.5-s1,exact,10000000,16,50,1.5,1,383,True,20,39126,39126,0.0039126,280676,4935,3923,4456,2877818893.0,49.25239624899996,4508890377.0,160.9644621180073,500000000.0,3.676782501499929,6.669645834999756,0.8682017,38,markov_soft,0,1,0.5273609460000444,267058,0.0267058,0.00010964354689080302,0.026524535661434173,0.24087537228016834,0.8654606,0.9818000055794406,0.22957814568148352,0.8835491789953394,0.1138340749680133,0.5147514568957188,0.004899259834222646,0.008664315289066095,0.2803434396248868,592,0.678426933841342,1.3162500000000001,0.6576013513513512,0.5001339285714286,"{""markov_seconds"": 0.3332695640001475, ""mean_states"": 2.000408935234882}"
exact-n10000000-d16-k50-sep1.5-s1,exact,10000000,16,50,1.5,1,383,True,20,39126,39126,0.0039126,280676,4935,3923,4456,2877818893.0,49.25239624899996,4508890377.0,160.9644621180073,500000000.0,3.676782501499929,6.669645834999756,0.8682017,38,markov_a0.5,0,1,0.5793442799995319,273414,0.0273414,0.00011253470004302102,0.02712118071846491,0.24373729611080838,0.8654421,0.9815538472679779,0.5568675561008025,0.7215662219495987,0.27843377805040126,0.5,0.0,0.0,0.37814478661167045,592,0.7013378672994549,1.3682432432432432,0.6841216216216216,0.5,"{""markov_seconds"": 0.38782963499943435, ""mean_states"": 2.000408935234882}"
exact-n10000000-d16-k50-sep1.5-s1,exact,10000000,16,50,1.5,1,383,True,20,39126,39126,0.0039126,280676,4935,3923,4456,2877818893.0,49.25239624899996,4508890377.0,160.9644621180073,500000000.0,3.676782501499929,6.669645834999756,0.8682017,38,markov_a0.5_soft,0,1,0.4996843449998778,273414,0.0273414,0.00011379506813935514,0.027477658472944998,0.24520012432939875,0.8654421,0.9815538472679779,0.42416652168086516,0.6181109414350028,0.12165025729857827,0.5634037727195121,0.5131212851818564,1.0,0.25846843564235744,592,0.6521576019925546,1.1904116094345787,0.5451682326682327,0.45232515272803875,"{""markov_seconds"": 0.3322157350003181, ""mean_states"": 2.000408935234882}"
exact-n10000000-d16-k50-sep1.5-s1,exact,10000000,16,50,1.5,1,383,True,20,39126,39126,0.0039126,280676,4935,3923,4456,2877818893.0,49.25239624899996,4508890377.0,160.9644621180073,500000000.0,3.676782501499929,6.669645834999756,0.8682017,38,markov_pooled,0,1,0.5514051480004127,268587,0.0268587,0.00011049966054721416,0.02667202856246363,0.2419977704951326,0.8654149,0.981743980584246,0.31012625875376987,0.8449368706231151,0.15506312937688493,0.5,0.0,0.0,0.30771402987875834,592,0.6856039668538091,1.3277027027027026,0.6638513513513513,0.5,"{""markov_seconds"": 0.38016687800063664, ""mean_states"": 2.000408935234882}"
exact-n10000000-d16-k50-sep1.5-s1,exact,10000000,16,50,1.5,1,383,True,20,39126,39126,0.0039126,280676,4935,3923,4456,2877818893.0,49.25239624899996,4508890377.0,160.9644621180073,500000000.0,3.676782501499929,6.669645834999756,0.8682017,38,markov_pooled_soft,0,1,0.5407909389996348,268587,0.0268587,0.00011196052610107365,0.02706072275601564,0.24344991749109293,0.8654149,0.981743980584246,0.27636871260574036,0.73214052261925,0.09876641651467277,0.5719992216342675,0.406631913013937,0.9559883453458059,0.2229218502840556,592,0.6791248784409397,1.3134831978731956,0.6431132331949563,0.3711112815988339,"{""markov_seconds"": 0.3391311380000843, ""mean_states"": 2.000408935234882}"
exact-n10000000-d16-k50-sep1.5-s1,exact,10000000,16,50,1.5,1,383,True,20,39126,39126,0.0039126,280676,4935,3923,4456,2877818893.0,49.25239624899996,4508890377.0,160.9644621180073,500000000.0,3.676782501499929,6.669645834999756,0.8682017,38,markov_w5,0,1,0.46003615700010414,266980,0.026698,0.0001096174887718071,0.026519778690261998,0.2408350280973918,0.8654655,0.9818040752580176,0.22798139344681287,0.8860093032765936,0.11399069672340645,0.5,0.0,0.0,0.2813668722848182,592,0.6844091991993695,1.320945945945946,0.660472972972973,0.5,"{""markov_seconds"": 0.3135174459994232, ""mean_states"": 1.4901344374584675}"
exact-n10000000-d16-k50-sep1.5-s1,exact,10000000,16,50,1.5,1,383,True,20,39126,39126,0.0039126,280676,4935,3923,4456,2877818893.0,49.25239624899996,4508890377.0,160.9644621180073,500000000.0,3.676782501499929,6.669645834999756,0.8682017,38,markov_w20,0,1,0.5555638720006755,274038,0.0274038,0.00011823956052570139,0.02716288125043738,0.24614568520103838,0.8657345,0.9815187332417216,0.5887645044216122,0.7056177477891938,0.29438225221080616,0.5,0.0,0.0,0.38557038572982005,592,0.7006628161726303,1.3547297297297298,0.6773648648648649,0.5,"{""markov_seconds"": 0.4074469700008194, ""mean_states"": 2.10711547308695}"
exact-n10000000-d16-k50-sep1.5-s1,exact,10000000,16,50,1.5,1,383,True,20,39126,39126,0.0039126,280676,4935,3923,4456,2877818893.0,49.25239624899996,4508890377.0,160.9644621180073,500000000.0,3.676782501499929,6.669645834999756,0.8682017,38,active_set_U,7825200,2,0.5059624920004353,266933,0.0266933,0.00010961252290364598,0.026516710528659636,0.24080388118578783,0.8654676,0.98180648943196,0.22557889894188007,0.88721055052906,0.11278944947094005,0.5,0.0,0.0,0.2808763560874651,592,0.6861686815732551,1.3277027027027026,0.6638513513513513,0.5,"{""iters"": 4}"
exact-n10000000-d16-k50-sep1.5-s1,exact,10000000,16,50,1.5,1,383,True,20,39126,39126,0.0039126,280676,4935,3923,4456,2877818893.0,49.25239624899996,4508890377.0,160.9644621180073,500000000.0,3.676782501499929,6.669645834999756,0.8682017,38,hartigan_U,5868900,2,0.4876165989999208,266930,0.026693,0.00010961251828089935,0.026516658233886953,0.24080388118578783,0.8654672,0.9818072965170872,0.22542554822879926,0.8872872258856004,0.11271277411439962,0.5,0.0,0.0,0.28089919438023686,592,0.6861651723124129,1.3344594594594594,0.6672297297297297,0.5,"{""moves"": 76, ""sweeps"": 3}"
exact-n10000000-d16-k50-sep1.5-s1,exact,10000000,16,50,1.5,1,383,True,20,39126,39126,0.0039126,280676,4935,3923,4456,2877818893.0,49.25239624899996,4508890377.0,160.9644621180073,500000000.0,3.676782501499929,6.669645834999756,0.8682017,38,fcm_soft,1956300,1,0.08430683200003841,266940,0.026694,0.00010961288752930898,0.026519446780069757,0.2408302863345908,0.8654673,0.981806143815821,0.8442022188103006,0.09521082773532553,0.7916733752687956,0.4983590277268943,3.7081091852705845,1.0,0.812634705488163,592,0.8999040531358955,0.9466228725496103,0.28669847234891815,0.7171480813737902,{}
exact-n10000000-d16-k50-sep1.5-s1,exact,10000000,16,50,1.5,1,383,True,20,39126,39126,0.0039126,280676,4935,3923,4456,2877818893.0,49.25239624899996,4508890377.0,160.9644621180073,500000000.0,3.676782501499929,6.669645834999756,0.8682017,38,gmm_plugin_soft,1956300,1,0.08927316999961477,269126,0.0269126,0.00011416063302549517,0.026519446780069757,0.2408302863345908,0.8656637,0.9815669700097881,0.45431828997270773,0.5202277627784939,0.2992017002714215,0.6760641719723283,0.7287070505074227,1.0,0.23089107982082785,592,0.48815468417104946,0.9044504755215586,0.23119774293160547,0.5349919093851133,{}
exact-n10000000-d16-k50-sep1.5-s1,exact,10000000,16,50,1.5,1,383,True,20,39126,39126,0.0039126,280676,4935,3923,4456,2877818893.0,49.25239624899996,4508890377.0,160.9644621180073,500000000.0,3.676782501499929,6.669645834999756,0.8682017,38,full_convergence,1631071484.0,363,111.71206586900735,0,0.0,0.0,0.0,0.0,0.8682017,1.0,0.0,1.0,0.0,nan,0.0,0.0,0.2511803191308581,592,0.689561083150444,1.3243243243243243,0.6621621621621622,0.5,{}
exact-n10000000-d16-k50-sep1.5-s1,exact,10000000,16,50,1.5,1,383,True,20,39126,39126,0.0039126,280676,4935,3923,4456,2877818893.0,49.25239624899996,4508890377.0,160.9644621180073,500000000.0,3.676782501499929,6.669645834999756,0.8682017,38,true_posterior_oracle,0,0,0.0,,,,,,,,0.9876306410797927,0.4883354477374592,0.4842368304990845,0.6879172756238635,0.0647006962693786,0.8115575320758575,0.46355580720567374,592,0.0,0.31775752348979136,0.01754723789074234,0.8195130557515878,{}
exact-n10000000-d16-k50-sep1.5-s1,exact,10000000,16,50,1.5,1,383,True,20,39126,39126,0.0039126,280676,4935,3923,4456,2877818893.0,49.25239624899996,4508890377.0,160.9644621180073,500000000.0,3.676782501499929,6.669645834999756,0.8682017,38,model_posterior_oracle,0,0,0.0,,,,,,,,0.16625940006627038,0.748819680869142,0.20587885426195918,0.9354434247088546,0.5249927485880512,1.0,0.0,592,0.4715425299503589,0.8846003244592164,0.2777000755092525,0.5774045163088932,{}
exact-n10000000-d16-k50-sep1.5-s1,exact,10000000,16,50,1.5,1,383,True,30,42169,42169,0.0042169,241922,3415,4506,3032,3030857951.0,54.72749669200084,4508890377.0,160.9644621180073,500000000.0,3.676782501499929,6.669645834999756,0.8682017,38,stop,0,1,0.1598605299996052,230781,0.0230781,9.195679072293572e-05,0.02310679938403114,0.22029676075223822,0.8656768,0.983366596655962,0.14380231923925157,0.9280988403803742,0.07190115961962584,0.5,0.0,0.0,0.26094203822257883,279,0.5011263387506711,1.060931899641577,0.5304659498207885,0.5,{}
exact-n10000000-d16-k50-sep1.5-s1,exact,10000000,16,50,1.5,1,383,True,30,42169,42169,0.0042169,241922,3415,4506,3032,3030857951.0,54.72749669200084,4508890377.0,160.9644621180073,500000000.0,3.676782501499929,6.669645834999756,0.8682017,38,reassign_U,2108450,2,0.34674722900035704,230772,0.0230772,9.19550944729064e-05,0.02310608057017333,0.22028866204893047,0.8656769,0.9833669149238845,0.143375465389267,0.9283122673053665,0.07168773269463347,0.5,0.0,0.0,0.2608407483400471,279,0.5011263387506711,1.060931899641577,0.5304659498207885,0.5,{}
exact-n10000000-d16-k50-sep1.5-s1,exact,10000000,16,50,1.5,1,383,True,30,42169,42169,0.0042169,241922,3415,4506,3032,3030857951.0,54.72749669200084,4508890377.0,160.9644621180073,500000000.0,3.676782501499929,6.669645834999756,0.8682017,38,majority,0,1,0.20131743700039806,249750,0.024975,0.00010146378666653355,0.02489465524875648,0.23158114843410676,0.8655664,0.9825123252230283,1.043467950390097,0.4782660248049515,0.5217339751950485,0.5,0.0,0.0,0.5130895579021661,279,0.693096592257984,1.3978494623655915,0.6989247311827957,0.5,{}
exact-n10000000-d16-k50-sep1.5-s1,exact,10000000,16,50,1.5,1,383,True,30,42169,42169,0.0042169,241922,3415,4506,3032,3030857951.0,54.72749669200084,4508890377.0,160.9644621180073,500000000.0,3.676782501499929,6.669645834999756,0.8682017,38,frequency_soft,0,1,0.21999320199938666,249750,0.024975,0.00010151522503765165,0.024844170926994185,0.23113386671061908,0.8655664,0.9825123252230283,0.6615286110650004,0.4871006060031173,0.2482845002468421,0.4906491545342948,0.5426567536882866,1.0,0.336558365502948,279,0.5267694757517,0.9929204064101426,0.41609644835451287,0.45415140415140415,{}
exact-n10000000-d16-k50-sep1.5-s1,exact,10000000,16,50,1.5,1,383,True,30,42169,42169,0.0042169,241922,3415,4506,3032,3030857951.0,54.72749669200084,4508890377.0,160.9644621180073,500000000.0,3.676782501499929,6.669645834999756,0.8682017,38,markov,0,1,0.563867157000459,230788,0.0230788,9.196162620095372e-05,0.023106934973810014,0.22030386392142248,0.8656762,0.9833662382414566,0.14413431667812848,0.9279328416609357,0.0720671583390643,0.5,0.0,0.0,0.2610071142246734,279,0.5076094111026923,1.075268817204301,0.5376344086021505,0.5,"{""markov_seconds"": 0.34690097800012154, ""mean_states"": 2.000663994877754}"
exact-n10000000-d16-k50-sep1.5-s1,exact,10000000,16,50,1.5,1,383,True,30,42169,42169,0.0042169,241922,3415,4506,3032,3030857951.0,54.72749669200084,4508890377.0,160.9644621180073,500000000.0,3.676782501499929,6.669645834999756,0.8682017,38,markov_soft,0,1,0.690937197000494,230788,0.0230788,9.196166943037376e-05,0.023107357335997544,0.22031264379914353,0.8656762,0.9833662382414566,0.14338554721823593,0.9277236853276123,0.07127678063910843,0.5074027226621574,0.0017179656567272588,0.0030354051554459436,0.26032463843472825,279,0.5015058577742559,1.0554121863799284,0.5301075268817205,0.5057305110996386,"{""markov_seconds"": 0.4896997730002113, ""mean_states"": 2.000663994877754}"
exact-n10000000-d16-k50-sep1.5-s1,exact,10000000,16,50,1.5,1,383,True,30,42169,42169,0.0042169,241922,3415,4506,3032,3030857951.0,54.72749669200084,4508890377.0,160.9644621180073,500000000.0,3.676782501499929,6.669645834999756,0.8682017,38,markov_a0.5,0,1,0.5689288110006601,238519,0.0238519,9.588122881210026e-05,0.023836799582635928,0.22501043595980397,0.8656457,0.9830098401204826,0.5108017738148877,0.7445991130925561,0.2554008869074439,0.5,0.0,0.0,0.36237266285052444,279,0.5809288084214794,1.1827956989247312,0.5913978494623655,0.5,"{""markov_seconds"": 0.3924343389999194, ""mean_states"": 2.000663994877754}"
exact-n10000000-d16-k50-sep1.5-s1,exact,10000000,16,50,1.5,1,383,True,30,42169,42169,0.0042169,241922,3415,4506,3032,3030857951.0,54.72749669200084,4508890377.0,160.9644621180073,500000000.0,3.676782501499929,6.669645834999756,0.8682017,38,markov_a0.5_soft,0,1,0.5354475379999712,238519,0.0238519,9.751657828327431e-05,0.02428295328807991,0.22768776752859926,0.8656457,0.9830098401204826,0.3942500676766058,0.628214355115403,0.12431387577751228,0.5787089512237009,0.5249829720493716,1.0,0.23985647408276228,279,0.47686485704955117,0.8970987795344554,0.308858166922683,0.49925768822905625,"{""markov_seconds"": 0.3542910860005577, ""mean_states"": 2.000663994877754}"
exact-n10000000-d16-k50-sep1.5-s1,exact,10000000,16,50,1.5,1,383,True,30,42169,42169,0.0042169,241922,3415,4506,3032,3030857951.0,54.72749669200084,4508890377.0,160.9644621180073,500000000.0,3.676782501499929,6.669645834999756,0.8682017,38,markov_pooled,0,1,0.5144163279992426,232493,0.0232493,9.29701010463635e-05,0.0232598878260332,0.22184497223202496,0.8658745,0.9832938533458758,0.22499940714743058,0.8875002964262847,0.1124997035737153,0.5,0.0,0.0,0.28013489873604946,279,0.5273770064536506,1.103942652329749,0.5519713261648745,0.5,"{""markov_seconds"": 0.34818485399955534, ""mean_states"": 2.000663994877754}"
exact-n10000000-d16-k50-sep1.5-s1,exact,10000000,16,50,1.5,1,383,True,30,42169,42169,0.0042169,241922,3415,4506,3032,3030857951.0,54.72749669200084,4508890377.0,160.9644621180073,500000000.0,3.676782501499929,6.669645834999756,0.8682017,38,markov_pooled_soft,0,1,0.5514648570006102,232493,0.0232493,9.496798380781435e-05,0.023753679400937103,0.2245471217824871,0.8658745,0.9832938533458758,0.20931684310052817,0.7596749640416661,0.0970900613771093,0.6690369271426495,0.42384336938899925,0.9797481562285091,0.19002318835063772,279,0.5197444660725171,1.0251295468233568,0.463596749475803,0.5048831168831168,"{""markov_seconds"": 0.3699843720005447, ""mean_states"": 2.000663994877754}"
exact-n10000000-d16-k50-sep1.5-s1,exact,10000000,16,50,1.5,1,383,True,30,42169,42169,0.0042169,241922,3415,4506,3032,3030857951.0,54.72749669200084,4508890377.0,160.9644621180073,500000000.0,3.676782501499929,6.669645834999756,0.8682017,38,markov_w5,0,1,0.5040927219997684,230785,0.0230785,9.195769216185923e-05,0.02310699152434997,0.22029637549071265,0.8656764,0.983366098648481,0.14399203206146696,0.9280039839692665,0.07199601603073347,0.5,0.0,0.0,0.2609721342469823,279,0.5011263387506711,1.060931899641577,0.5304659498207885,0.5,"{""markov_seconds"": 0.330040411000482, ""mean_states"": 1.5193388508145795}"
exact-n10000000-d16-k50-sep1.5-s1,exact,10000000,16,50,1.5,1,383,True,30,42169,42169,0.0042169,241922,3415,4506,3032,3030857951.0,54.72749669200084,4508890377.0,160.9644621180073,500000000.0,3.676782501499929,6.669645834999756,0.8682017,38,markov_w20,0,1,0.5544256410003072,231002,0.0231002,9.211348434567945e-05,0.023120529397695013,0.2204756998638814,0.8656685,0.9833510440412426,0.15428395266665085,0.9228580236666746,0.07714197633332542,0.5,0.0,0.0,0.2630592358696817,279,0.5052088030539017,1.053763440860215,0.5268817204301075,0.5,"{""markov_seconds"": 0.37286617000063416, ""mean_states"": 2.0023476961749154}"
exact-n10000000-d16-k50-sep1.5-s1,exact,10000000,16,50,1.5,1,383,True,30,42169,42169,0.0042169,241922,3415,4506,3032,3030857951.0,54.72749669200084,4508890377.0,160.9644621180073,500000000.0,3.676782501499929,6.669645834999756,0.8682017,38,active_set_U,6325350,2,0.41232929800025886,230771,0.0230771,9.195509256776369e-05,0.023106060745707768,0.22028866204893047,0.8656768,0.9833669788680919,0.14332803718371315,0.9283359814081434,0.07166401859185656,0.5,0.0,0.0,0.26083966649972123,279,0.5011263387506711,1.060931899641577,0.5304659498207885,0.5,"{""iters"": 3}"
exact-n10000000-d16-k50-sep1.5-s1,exact,10000000,16,50,1.5,1,383,True,30,42169,42169,0.0042169,241922,3415,4506,3032,3030857951.0,54.72749669200084,4508890377.0,160.9644621180073,500000000.0,3.676782501499929,6.669645834999756,0.8682017,38,hartigan_U,6325350,2,0.475914004000515,230768,0.0230768,9.195508514947548e-05,0.023105980154086082,0.22028764413206167,0.8656767,0.9833670910881898,0.14318575256705163,0.9284071237164742,0.07159287628352584,0.5,0.0,0.0,0.2608295672492442,279,0.5011263387506711,1.060931899641577,0.5304659498207885,0.5,"{""moves"": 37, ""sweeps"": 3}"
exact-n10000000-d16-k50-sep1.5-s1,exact,10000000,16,50,1.5,1,383,True,30,42169,42169,0.0042169,241922,3415,4506,3032,3030857951.0,54.72749669200084,4508890377.0,160.9644621180073,500000000.0,3.676782501499929,6.669645834999756,0.8682017,38,fcm_soft,2108450,1,0.08950580499913485,230772,0.0230772,9.195521532490147e-05,0.02310679938403114,0.22029676075223822,0.8656769,0.9833669149238845,0.8453978345970614,0.09443172181468788,0.8337981378447338,0.4693997021658861,3.7111789940002047,1.0,0.815001423620117,279,0.887516593738034,0.9318492818601404,0.4175484149900745,0.6091396740251702,{}
exact-n10000000-d16-k50-sep1.5-s1,exact,10000000,16,50,1.5,1,383,True,30,42169,42169,0.0042169,241922,3415,4506,3032,3030857951.0,54.72749669200084,4508890377.0,160.9644621180073,500000000.0,3.676782501499929,6.669645834999756,0.8682017,38,gmm_plugin_soft,2108450,1,0.09506454200072767,233746,0.0233746,9.885094486672408e-05,0.02310679938403114,0.22029676075223822,0.8659232,0.9830765387510035,0.43636978330053494,0.5306184637288526,0.31661269479386694,0.7273902395925007,0.7248383341607687,1.0,0.2270048131183939,279,0.3372843844509028,0.711553353995909,0.14114907254287357,0.7092269065801862,{}
exact-n10000000-d16-k50-sep1.5-s1,exact,10000000,16,50,1.5,1,383,True,30,42169,42169,0.0042169,241922,3415,4506,3032,3030857951.0,54.72749669200084,4508890377.0,160.9644621180073,500000000.0,3.676782501499929,6.669645834999756,0.8682017,38,full_convergence,1478032426.0,353,106.23696542600646,0,0.0,0.0,0.0,0.0,0.8682017,1.0,0.0,1.0,0.0,nan,0.0,0.0,0.2443407474138949,279,0.50100389307158,1.0681003584229392,0.5340501792114696,0.5,{}
exact-n10000000-d16-k50-sep1.5-s1,exact,10000000,16,50,1.5,1,383,True,30,42169,42169,0.0042169,241922,3415,4506,3032,3030857951.0,54.72749669200084,4508890377.0,160.9644621180073,500000000.0,3.676782501499929,6.669645834999756,0.8682017,38,true_posterior_oracle,0,0,0.0,,,,,,,,0.9152166720206182,0.5246493652086665,0.4481802883255379,0.6727892906662902,0.06503302836967594,0.8212193791647893,0.43736821631917355,279,0.0,0.3948894617335216,0.06203858229199602,0.754150105213935,{}
exact-n10000000-d16-k50-sep1.5-s1,exact,10000000,16,50,1.5,1,383,True,30,42169,42169,0.0042169,241922,3415,4506,3032,3030857951.0,54.72749669200084,4508890377.0,160.9644621180073,500000000.0,3.676782501499929,6.669645834999756,0.8682017,38,model_posterior_oracle,0,0,0.0,,,,,,,,0.15723778440851074,0.7556592525861052,0.20516194597198853,0.9435614929874383,0.519137120349273,1.0,0.0,279,0.2802903564424253,0.6700407876907198,0.19499112079766923,0.7504201680672269,{}
exact-n10000000-d16-k50-sep1.5-s1,exact,10000000,16,50,1.5,1,383,True,40,46262,46262,0.0046262,198569,2909,4815,2580,3217361573.0,60.47863575100064,4508890377.0,160.9644621180073,500000000.0,3.676782501499929,6.669645834999756,0.8682017,38,stop,0,1,0.19210690399995656,189670,0.018967,6.892672121283638e-05,0.01914164977769973,0.1914330508958698,0.8660466,0.9855194946456235,0.11153862781548571,0.9442306860922571,0.05576931390774287,0.5,0.0,0.0,0.2696254782615051,484,0.5450616728142809,1.103305785123967,0.5516528925619835,0.5,{}
exact-n10000000-d16-k50-sep1.5-s1,exact,10000000,16,50,1.5,1,383,True,40,46262,46262,0.0046262,198569,2909,4815,2580,3217361573.0,60.47863575100064,4508890377.0,160.9644621180073,500000000.0,3.676782501499929,6.669645834999756,0.8682017,38,reassign_U,2313100,2,0.36724543000036647,189650,0.018965,6.892410087444567e-05,0.019140415270140876,0.19141988358080592,0.8660473,0.9855209356140242,0.11067398728978427,0.9446630063551079,0.055336993644892085,0.5,0.0,0.0,0.26946105373714374,484,0.5450616728142809,1.103305785123967,0.5516528925619835,0.5,{}
exact-n10000000-d16-k50-sep1.5-s1,exact,10000000,16,50,1.5,1,383,True,40,46262,46262,0.0046262,198569,2909,4815,2580,3217361573.0,60.47863575100064,4508890377.0,160.9644621180073,500000000.0,3.676782501499929,6.669645834999756,0.8682017,38,majority,0,1,0.21198716800063266,210754,0.0210754,8.111846201597217e-05,0.02119020256497011,0.20674053561589265,0.8658248,0.9843554208431413,1.0230426700099433,0.48847866499502834,0.5115213350049717,0.5,0.0,0.0,0.5068133561988942,484,0.7173312691644655,1.487603305785124,0.743801652892562,0.5,{}
exact-n10000000-d16-k50-sep1.5-s1,exact,10000000,16,50,1.5,1,383,True,40,46262,46262,0.0046262,198569,2909,4815,2580,3217361573.0,60.47863575100064,4508890377.0,160.9644621180073,500000000.0,3.676782501499929,6.669645834999756,0.8682017,38,frequency_soft,0,1,0.19582253099997615,210754,0.0210754,8.117166766363759e-05,0.02114752177213071,0.20629395297067668,0.8658248,0.9843554208431413,0.6505244473535747,0.49299837683392217,0.23900825731702047,0.49431889556641484,0.5417432675273484,1.0,0.3265258651566892,484,0.5810038479041478,1.083088586845161,0.4740796393688955,0.4773073476702509,{}
exact-n10000000-d16-k50-sep1.5-s1,exact,10000000,16,50,1.5,1,383,True,40,46262,46262,0.0046262,198569,2909,4815,2580,3217361573.0,60.47863575100064,4508890377.0,160.9644621180073,500000000.0,3.676782501499929,6.669645834999756,0.8682017,38,markov,0,1,0.5149977220007713,189691,0.0189691,6.893539376373603e-05,0.019142329824922016,0.19143721631370486,0.8660451,0.9855181322501045,0.11244650036747222,0.9437767498162639,0.056223250183736084,0.5,0.0,0.0,0.2697538390328343,484,0.5465422386725363,1.1074380165289257,0.5537190082644627,0.5,"{""markov_seconds"": 0.3678259470007106, ""mean_states"": 2.0005836323548483}"
exact-n10000000-d16-k50-sep1.5-s1,exact,10000000,16,50,1.5,1,383,True,40,46262,46262,0.0046262,198569,2909,4815,2580,3217361573.0,60.47863575100064,4508890377.0,160.9644621180073,500000000.0,3.676782501499929,6.669645834999756,0.8682017,38,markov_soft,0,1,0.6065927800000281,189691,0.0189691,6.893542223629368e-05,0.0191425622344984,0.19144011327237828,0.8660451,0.9855181322501045,0.11153944288354846,0.9436185341226832,0.05548967252951207,0.5111343808788252,0.0018013766290292774,0.0031775539319527906,0.2689541686081551,484,0.5453025692510487,1.103305785123967,0.5524793388429753,0.503731343283582,"{""markov_seconds"": 0.42518689000007726, ""mean_states"": 2.0005836323548483}"
exact-n10000000-d16-k50-sep1.5-s1,exact,10000000,16,50,1.5,1,383,True,40,46262,46262,0.0046262,198569,2909,4815,2580,3217361573.0,60.47863575100064,4508890377.0,160.9644621180073,500000000.0,3.676782501499929,6.669645834999756,0.8682017,38,markov_a0.5,0,1,0.605472185000508,198204,0.0198204,7.393448718495677e-05,0.019977784346375822,0.19774011004570832,0.8659417,0.9850284692004153,0.48048074013229,0.759759629933855,0.24024037006614496,0.5,0.0,0.0,0.36413823443678955,484,0.628891734411589,1.2685950413223142,0.634297520661157,0.5,"{""markov_seconds"": 0.4439536660001977, ""mean_states"": 2.0005836323548483}"
exact-n10000000-d16-k50-sep1.5-s1,exact,10000000,16,50,1.5,1,383,True,40,46262,46262,0.0046262,198569,2909,4815,2580,3217361573.0,60.47863575100064,4508890377.0,160.9644621180073,500000000.0,3.676782501499929,6.669645834999756,0.8682017,38,markov_a0.5_soft,0,1,0.543867271999261,198204,0.0198204,7.607247003926787e-05,0.020498254871667496,0.20151736699070613,0.8659417,0.9850284692004153,0.37691795352048785,0.6380494712775301,0.13141845670879124,0.5895216388226181,0.5221400158719752,1.0,0.2337935065403164,484,0.5256128601727735,0.976841920677849,0.36167820643543785,0.49521522295220743,"{""markov_seconds"": 0.37077383899941196, ""mean_states"": 2.0005836323548483}"
exact-n10000000-d16-k50-sep1.5-s1,exact,10000000,16,50,1.5,1,383,True,40,46262,46262,0.0046262,198569,2909,4815,2580,3217361573.0,60.47863575100064,4508890377.0,160.9644621180073,500000000.0,3.676782501499929,6.669645834999756,0.8682017,38,markov_pooled,0,1,0.5618064059999597,190963,0.0190963,6.987875491537565e-05,0.01925831884785003,0.19306320313701564,0.8661948,0.9854582669064289,0.1674376378020838,0.9162811810989581,0.08371881890104194,0.5,0.0,0.0,0.2823193092740737,484,0.5499685721690292,1.115702479338843,0.5578512396694215,0.5,"{""markov_seconds"": 0.3980758600000627, ""mean_states"": 2.0005836323548483}"
exact-n10000000-d16-k50-sep1.5-s1,exact,10000000,16,50,1.5,1,383,True,40,46262,46262,0.0046262,198569,2909,4815,2580,3217361573.0,60.47863575100064,4508890377.0,160.9644621180073,500000000.0,3.676782501499929,6.669645834999756,0.8682017,38,markov_pooled_soft,0,1,0.5550917649998155,190963,0.0190963,7.265673048983956e-05,0.019868997568435732,0.1971396550146794,0.8661948,0.9854582669064289,0.18377841976248188,0.776714925493739,0.10800414428993206,0.6508953988222528,0.4119421800061061,0.96846223682504,0.19131975709269863,484,0.5630114095753368,1.106773598867389,0.5031374006509087,0.3141398407753548,"{""markov_seconds"": 0.38229087199943024, ""mean_states"": 2.0005836323548483}"
exact-n10000000-d16-k50-sep1.5-s1,exact,10000000,16,50,1.5,1,383,True,40,46262,46262,0.0046262,198569,2909,4815,2580,3217361573.0,60.47863575100064,4508890377.0,160.9644621180073,500000000.0,3.676782501499929,6.669645834999756,0.8682017,38,markov_w5,0,1,0.5790910940004323,189679,0.0189679,6.892813819669996e-05,0.01914196976877758,0.19143460920757538,0.8660463,0.9855189146301072,0.11192771605205136,0.9440361419739743,0.05596385802602566,0.5,0.0,0.0,0.26966300451738917,484,0.5450616728142809,1.103305785123967,0.5516528925619835,0.5,"{""markov_seconds"": 0.3849395480001476, ""mean_states"": 1.510202758203277}"
exact-n10000000-d16-k50-sep1.5-s1,exact,10000000,16,50,1.5,1,383,True,40,46262,46262,0.0046262,198569,2909,4815,2580,3217361573.0,60.47863575100064,4508890377.0,160.9644621180073,500000000.0,3.676782501499929,6.669645834999756,0.8682017,38,markov_w20,0,1,0.6087220130002606,189795,0.0189795,6.90149188198319e-05,0.01914734534135846,0.19150109190413714,0.8660415,0.9855125527567997,0.11694263110111972,0.9415286844494402,0.058471315550559844,0.5,0.0,0.0,0.2705894853908741,484,0.5568366548405315,1.1239669421487604,0.5619834710743802,0.5,"{""markov_seconds"": 0.41430502599996544, ""mean_states"": 2.0015563529462628}"
exact-n10000000-d16-k50-sep1.5-s1,exact,10000000,16,50,1.5,1,383,True,40,46262,46262,0.0046262,198569,2909,4815,2580,3217361573.0,60.47863575100064,4508890377.0,160.9644621180073,500000000.0,3.676782501499929,6.669645834999756,0.8682017,38,active_set_U,6939300,2,0.5123489090001385,189648,0.0189648,6.892408410785755e-05,0.019140416705870234,0.19141988358080592,0.8660477,0.9855210886240723,0.11058752323721413,0.9447062383813929,0.05529376161860711,0.5,0.0,0.0,0.2694602284639149,484,0.5450616728142809,1.103305785123967,0.5516528925619835,0.5,"{""iters"": 3}"
exact-n10000000-d16-k50-sep1.5-s1,exact,10000000,16,50,1.5,1,383,True,40,46262,46262,0.0046262,198569,2909,4815,2580,3217361573.0,60.47863575100064,4508890377.0,160.9644621180073,500000000.0,3.676782501499929,6.669645834999756,0.8682017,38,hartigan_U,6939300,2,0.5218098209998061,189648,0.0189648,6.892408410785755e-05,0.019140416705870234,0.19141988358080592,0.8660477,0.9855210886240723,0.11058752323721413,0.9447062383813929,0.05529376161860711,0.5,0.0,0.0,0.2694602284639149,484,0.5450616728142809,1.103305785123967,0.5516528925619835,0.5,"{""moves"": 38, ""sweeps"": 3}"
exact-n10000000-d16-k50-sep1.5-s1,exact,10000000,16,50,1.5,1,383,True,40,46262,46262,0.0046262,198569,2909,4815,2580,3217361573.0,60.47863575100064,4508890377.0,160.9644621180073,500000000.0,3.676782501499929,6.669645834999756,0.8682017,38,fcm_soft,2313100,1,0.09875748899958126,189650,0.018965,6.892422846238588e-05,0.01914164977769973,0.1914330508958698,0.8660473,0.9855209356140242,0.8476227356916327,0.09311781363883335,0.8514904956148657,0.4555305410078486,3.7151620570734663,1.0,0.8162497638591557,484,0.88867548687007,0.935878617725405,0.3958633306277233,0.6062928252127238,{}
exact-n10000000-d16-k50-sep1.5-s1,exact,10000000,16,50,1.5,1,383,True,40,46262,46262,0.0046262,198569,2909,4815,2580,3217361573.0,60.47863575100064,4508890377.0,160.9644621180073,500000000.0,3.676782501499929,6.669645834999756,0.8682017,38,gmm_plugin_soft,2313100,1,0.10269622000032541,193945,0.0193945,7.917769972887179e-05,0.01914164977769973,0.1914330508958698,0.8664063,0.9850752603327619,0.42169265324018373,0.5401097932442346,0.2984900868218424,0.7465339448720424,0.7204965005161884,1.0,0.20444916885942455,484,0.3885555267248096,0.7869988940763009,0.13396206614515577,0.6313949463482174,{}
exact-n10000000-d16-k50-sep1.5-s1,exact,10000000,16,50,1.5,1,383,True,40,46262,46262,0.0046262,198569,2909,4815,2580,3217361573.0,60.47863575100064,4508890377.0,160.9644621180073,500000000.0,3.676782501499929,6.669645834999756,0.8682017,38,full_convergence,1291528804.0,343,100.48582636700667,0,0.0,0.0,0.0,0.0,0.8682017,1.0,0.0,1.0,0.0,nan,0.0,0.0,0.2572805180403898,484,0.5451033221162986,1.1074380165289257,0.5537190082644627,0.5,{}
exact-n10000000-d16-k50-sep1.5-s1,exact,10000000,16,50,1.5,1,383,True,40,46262,46262,0.0046262,198569,2909,4815,2580,3217361573.0,60.47863575100064,4508890377.0,160.9644621180073,500000000.0,3.676782501499929,6.669645834999756,0.8682017,38,true_posterior_oracle,0,0,0.0,,,,,,,,0.8896890372920169,0.536423025512244,0.434797224775094,0.6688055877061966,0.06919221826854663,0.8174960010375686,0.42364467458075766,484,0.0,0.38767722316610154,0.05246621193409466,0.7735916118713347,{}
exact-n10000000-d16-k50-sep1.5-s1,exact,10000000,16,50,1.5,1,383,True,40,46262,46262,0.0046262,198569,2909,4815,2580,3217361573.0,60.47863575100064,4508890377.0,160.9644621180073,500000000.0,3.676782501499929,6.669645834999756,0.8682017,38,model_posterior_oracle,0,0,0.0,,,,,,,,0.16999743403210704,0.7427194819596102,0.20848031513740375,0.9355046457116368,0.5383446745823142,1.0,0.0,484,0.3372899492649385,0.7495767902545589,0.16832964604700565,0.6464958267227702,{}
exact-n10000000-d16-k50-sep1.5-s1,exact,10000000,16,50,1.5,1,383,True,50,47611,47611,0.0047611,153155,2197,4499,1849,3419841349.0,66.48475503300006,4508890377.0,160.9644621180073,500000000.0,3.676782501499929,6.669645834999756,0.8682017,38,stop,0,1,0.19938671700037958,145758,0.0145758,4.3779618275063825e-05,0.014837944663911235,0.15598906446749536,0.866662,0.9883371050003916,0.07767112642036504,0.9611644367898174,0.038835563210182555,0.5,0.0,0.0,0.2959278496468352,753,0.5322751205296199,1.046480743691899,0.5232403718459495,0.5,{}
exact-n10000000-d16-k50-sep1.5-s1,exact,10000000,16,50,1.5,1,383,True,50,47611,47611,0.0047611,153155,2197,4499,1849,3419841349.0,66.48475503300006,4508890377.0,160.9644621180073,500000000.0,3.676782501499929,6.669645834999756,0.8682017,38,reassign_U,2380550,2,0.4898224129992741,145748,0.0145748,4.3778238323799457e-05,0.01483746555913676,0.15598373315600772,0.8666626,0.9883377332776212,0.0772510554283674,0.9613744722858163,0.038625527714183705,0.5,0.0,0.0,0.29586984210259065,753,0.5322751205296199,1.046480743691899,0.5232403718459495,0.5,{}
exact-n10000000-d16-k50-sep1.5-s1,exact,10000000,16,50,1.5,1,383,True,50,47611,47611,0.0047611,153155,2197,4499,1849,3419841349.0,66.48475503300006,4508890377.0,160.9644621180073,500000000.0,3.676782501499929,6.669645834999756,0.8682017,38,majority,0,1,0.2657366469993576,167503,0.0167503,5.627209433067826e-05,0.01698454583037178,0.17472635182933258,0.8663449,0.9868785619908689,0.9911154985192497,0.5044422507403751,0.4955577492596249,0.5,0.0,0.0,0.4950151931506441,753,0.7024164569851047,1.399734395750332,0.699867197875166,0.5,{}
exact-n10000000-d16-k50-sep1.5-s1,exact,10000000,16,50,1.5,1,383,True,50,47611,47611,0.0047611,153155,2197,4499,1849,3419841349.0,66.48475503300006,4508890377.0,160.9644621180073,500000000.0,3.676782501499929,6.669645834999756,0.8682017,38,frequency_soft,0,1,0.20741891099987697,167503,0.0167503,5.632439876301909e-05,0.016962875398272455,0.17424351976742117,0.8663449,0.9868785619908689,0.6268830506735803,0.5038045065979786,0.2208714181787632,0.5092060780998106,0.5440666886385075,1.0,0.29855067641723837,753,0.5715851573839907,1.0285030676193299,0.42279367378968974,0.47175110409564913,{}
exact-n10000000-d16-k50-sep1.5-s1,exact,10000000,16,50,1.5,1,383,True,50,47611,47611,0.0047611,153155,2197,4499,1849,3419841349.0,66.48475503300006,4508890377.0,160.9644621180073,500000000.0,3.676782501499929,6.669645834999756,0.8682017,38,markov,0,1,0.6394732840008146,145768,0.0145768,4.378403918781082e-05,0.014838534665303176,0.15599217727274,0.8666607,0.9883363684676223,0.07809119741236269,0.9609544012938187,0.039045598706181295,0.5,0.0,0.0,0.29603160219036573,753,0.5341629192461809,1.049136786188579,0.5245683930942895,0.5,"{""markov_seconds"": 0.48294288300076005, ""mean_states"": 2.000357060343198}"
exact-n10000000-d16-k50-sep1.5-s1,exact,10000000,16,50,1.5,1,383,True,50,47611,47611,0.0047611,153155,2197,4499,1849,3419841349.0,66.48475503300006,4508890377.0,160.9644621180073,500000000.0,3.676782501499929,6.669645834999756,0.8682017,38,markov_soft,0,1,0.6886293950001345,145768,0.0145768,4.378407487237723e-05,0.014838661130325807,0.15599529579180624,0.8666607,0.9883363684676223,0.0776095773524002,0.9607764270985326,0.038546758519836924,0.5119625757540079,0.001236252287356441,0.00220537270798765,0.29548000241669603,753,0.5330024022241593,1.0453652058432934,0.5221779548472774,0.49963227494519485,"{""markov_seconds"": 0.5020558070000334, ""mean_states"": 2.000357060343198}"
exact-n10000000-d16-k50-sep1.5-s1,exact,10000000,16,50,1.5,1,383,True,50,47611,47611,0.0047611,153155,2197,4499,1849,3419841349.0,66.48475503300006,4508890377.0,160.9644621180073,500000000.0,3.676782501499929,6.669645834999756,0.8682017,38,markov_a0.5,0,1,0.6739502640002684,154170,0.015417,4.847109333194766e-05,0.015669858498550536,0.16366683493988501,0.8665433,0.9877610564420354,0.4310348448887862,0.7844825775556069,0.2155174224443931,0.5,0.0,0.0,0.37038837227933874,753,0.6157838583059462,1.203187250996016,0.601593625498008,0.5,"{""markov_seconds"": 0.4578313360007087, ""mean_states"": 2.000357060343198}"
exact-n10000000-d16-k50-sep1.5-s1,exact,10000000,16,50,1.5,1,383,True,50,47611,47611,0.0047611,153155,2197,4499,1849,3419841349.0,66.48475503300006,4508890377.0,160.9644621180073,500000000.0,3.676782501499929,6.669645834999756,0.8682017,38,markov_a0.5_soft,0,1,0.6014941530002034,154170,0.015417,5.0999365465154156e-05,0.016262374489863906,0.16838337804219833,0.8665433,0.9877610564420354,0.3489335572257775,0.6535156311567065,0.13820389266697583,0.607586181277155,0.5185945347220722,1.0,0.21708709194144626,753,0.5245147691008583,0.9337357343792095,0.3385209412101842,0.5265268579838117,"{""markov_seconds"": 0.41908579300070414, ""mean_states"": 2.000357060343198}"
exact-n10000000-d16-k50-sep1.5-s1,exact,10000000,16,50,1.5,1,383,True,50,47611,47611,0.0047611,153155,2197,4499,1849,3419841349.0,66.48475503300006,4508890377.0,160.9644621180073,500000000.0,3.676782501499929,6.669645834999756,0.8682017,38,markov_pooled,0,1,0.7592526180005734,147364,0.0147364,4.4732752472853576e-05,0.01499352509522387,0.1579496657020022,0.8668306,0.9882372552927879,0.14513452773518726,0.9274327361324064,0.0725672638675936,0.5,0.0,0.0,0.3078449011062361,753,0.5445594897883933,1.0650730411686586,0.5325365205843293,0.5,"{""markov_seconds"": 0.5832604890001676, ""mean_states"": 2.000357060343198}"
exact-n10000000-d16-k50-sep1.5-s1,exact,10000000,16,50,1.5,1,383,True,50,47611,47611,0.0047611,153155,2197,4499,1849,3419841349.0,66.48475503300006,4508890377.0,160.9644621180073,500000000.0,3.676782501499929,6.669645834999756,0.8682017,38,markov_pooled_soft,0,1,0.6723205789994608,147364,0.0147364,4.72705784939631e-05,0.01558256156470072,0.16289476159695568,0.8668306,0.9882372552927879,0.15364118863698778,0.7976647539599674,0.1021944215483355,0.7248699781553337,0.3966790279431566,0.9827560857784966,0.19308551831651646,753,0.5367015176917578,1.0314253413117587,0.4842963877792877,0.3511533665835411,"{""markov_seconds"": 0.48628164199999446, ""mean_states"": 2.000357060343198}"
exact-n10000000-d16-k50-sep1.5-s1,exact,10000000,16,50,1.5,1,383,True,50,47611,47611,0.0047611,153155,2197,4499,1849,3419841349.0,66.48475503300006,4508890377.0,160.9644621180073,500000000.0,3.676782501499929,6.669645834999756,0.8682017,38,markov_w5,0,1,0.5591233390005073,145758,0.0145758,4.378079882427777e-05,0.014837917851218707,0.1559910193465305,0.8666622,0.9883370981349041,0.07767112642036504,0.9611644367898174,0.038835563210182555,0.5,0.0,0.0,0.29592704048537866,753,0.5322751205296199,1.046480743691899,0.5232403718459495,0.5,"{""markov_seconds"": 0.38544467799965787, ""mean_states"": 1.4944235575812312}"
exact-n10000000-d16-k50-sep1.5-s1,exact,10000000,16,50,1.5,1,383,True,50,47611,47611,0.0047611,153155,2197,4499,1849,3419841349.0,66.48475503300006,4508890377.0,160.9644621180073,500000000.0,3.676782501499929,6.669645834999756,0.8682017,38,markov_w20,0,1,0.6521110799994858,145880,0.014588,4.3855055638752916e-05,0.014843759436112252,0.15603429772553673,0.8666574,0.9883289001357578,0.08279599252273634,0.9586020037386318,0.0413979962613682,0.5,0.0,0.0,0.29675257909569336,753,0.5445537420631387,1.0677290836653386,0.5338645418326693,0.5,"{""markov_seconds"": 0.45454842100025417, ""mean_states"": 2.001071181029594}"
exact-n10000000-d16-k50-sep1.5-s1,exact,10000000,16,50,1.5,1,383,True,50,47611,47611,0.0047611,153155,2197,4499,1849,3419841349.0,66.48475503300006,4508890377.0,160.9644621180073,500000000.0,3.676782501499929,6.669645834999756,0.8682017,38,active_set_U,7141650,2,0.49212453800009825,145745,0.0145745,4.377821302981033e-05,0.014837397019809745,0.15598373315600772,0.8666625,0.988337960945369,0.0771250341307681,0.961437482934616,0.03856251706538405,0.5,0.0,0.0,0.29586830688080545,753,0.5322751205296199,1.046480743691899,0.5232403718459495,0.5,"{""iters"": 3}"
exact-n10000000-d16-k50-sep1.5-s1,exact,10000000,16,50,1.5,1,383,True,50,47611,47611,0.0047611,153155,2197,4499,1849,3419841349.0,66.48475503300006,4508890377.0,160.9644621180073,500000000.0,3.676782501499929,6.669645834999756,0.8682017,38,hartigan_U,4761100,2,0.4649755800001003,145744,0.0145744,4.377821192358411e-05,0.014837360028849887,0.15598373315600772,0.8666626,0.9883381504809396,0.07708302703156833,0.9614584864842158,0.038541513515784165,0.5,0.0,0.0,0.2958678283873343,753,0.5324377067873997,1.043824701195219,0.5219123505976095,0.5,"{""moves"": 40, ""sweeps"": 2}"
exact-n10000000-d16-k50-sep1.5-s1,exact,10000000,16,50,1.5,1,383,True,50,47611,47611,0.0047611,153155,2197,4499,1849,3419841349.0,66.48475503300006,4508890377.0,160.9644621180073,500000000.0,3.676782501499929,6.669645834999756,0.8682017,38,fcm_soft,2380550,1,0.10237525599950459,145748,0.0145748,4.3778378130632234e-05,0.014837944663911235,0.15598906446749536,0.8666626,0.9883377332776212,0.8485523003706139,0.0925605920736966,0.8687873405218755,0.46581907952683366,3.717003916590522,1.0,0.8154753659369557,753,0.8874555385244397,0.9345962802220611,0.42436207639531076,0.5905151082391866,{}
exact-n10000000-d16-k50-sep1.5-s1,exact,10000000,16,50,1.5,1,383,True,50,47611,47611,0.0047611,153155,2197,4499,1849,3419841349.0,66.48475503300006,4508890377.0,160.9644621180073,500000000.0,3.676782501499929,6.669645834999756,0.8682017,38,gmm_plugin_soft,2380550,1,0.09117546699962986,151919,0.0151919,5.7063370716869954e-05,0.014837944663911235,0.15598906446749536,0.8671926,0.9876830346439555,0.4130953362254435,0.5468800422121578,0.27426089451334185,0.7532697048817257,0.7127238850153592,1.0,0.16525418250934648,753,0.3835959989809619,0.7586344272005495,0.12799158745031824,0.6059812686249468,{}
exact-n10000000-d16-k50-sep1.5-s1,exact,10000000,16,50,1.5,1,383,True,50,47611,47611,0.0047611,153155,2197,4499,1849,3419841349.0,66.48475503300006,4508890377.0,160.9644621180073,500000000.0,3.676782501499929,6.669645834999756,0.8682017,38,full_convergence,1089049028.0,333,94.47970708500725,0,0.0,0.0,0.0,0.0,0.8682017,1.0,0.0,1.0,0.0,nan,0.0,0.0,0.28924646292668654,753,0.5325432637506244,1.051792828685259,0.5258964143426295,0.5,{}
exact-n10000000-d16-k50-sep1.5-s1,exact,10000000,16,50,1.5,1,383,True,50,47611,47611,0.0047611,153155,2197,4499,1849,3419841349.0,66.48475503300006,4508890377.0,160.9644621180073,500000000.0,3.676782501499929,6.669645834999756,0.8682017,38,true_posterior_oracle,0,0,0.0,,,,,,,,0.8531185945161514,0.5560590033013447,0.4163781902807561,0.6413180309040214,0.06443371788202765,0.8058221839490874,0.4146565656042652,753,0.0,0.3707518165904949,0.04201182537043561,0.7389108129439621,{}
exact-n10000000-d16-k50-sep1.5-s1,exact,10000000,16,50,1.5,1,383,True,50,47611,47611,0.0047611,153155,2197,4499,1849,3419841349.0,66.48475503300006,4508890377.0,160.9644621180073,500000000.0,3.676782501499929,6.669645834999756,0.8682017,38,model_posterior_oracle,0,0,0.0,,,,,,,,0.2028967396905547,0.7107535370733135,0.21825326877626944,0.921584025818214,0.5768724515202597,1.0,0.0,753,0.3448484149189495,0.7296073445704675,0.14964861881495414,0.6604504120488774,{}
exact-n10000000-d16-k50-sep1.5-s1,exact,10000000,16,50,1.5,1,383,True,60,38954,38954,0.0038954,116015,1814,3425,1521,3584038990.0,72.15554465600007,4508890377.0,160.9644621180073,500000000.0,3.676782501499929,6.669645834999756,0.8682017,38,stop,0,1,0.47518022500025836,109883,0.0109883,2.6332520817407e-05,0.011267098814372066,0.11656700665187532,0.8672074,0.9909556854782734,0.07809210864096114,0.9609539456795194,0.03904605432048058,0.5,0.0,0.0,0.3311046898095392,743,0.5205114862419846,1.0363391655450875,0.5181695827725438,0.5,{}
exact-n10000000-d16-k50-sep1.5-s1,exact,10000000,16,50,1.5,1,383,True,60,38954,38954,0.0038954,116015,1814,3425,1521,3584038990.0,72.15554465600007,4508890377.0,160.9644621180073,500000000.0,3.676782501499929,6.669645834999756,0.8682017,38,reassign_U,1947700,2,0.394150169000568,109870,0.010987,2.633143434627172e-05,0.011266793111316082,0.11656243141110628,0.8672077,0.990956533337165,0.07742465472095292,0.9612876726395235,0.03871232736047647,0.5,0.0,0.0,0.3310347566930805,743,0.521766995682157,1.0390309555854644,0.5195154777927322,0.5,{}
exact-n10000000-d16-k50-sep1.5-s1,exact,10000000,16,50,1.5,1,383,True,60,38954,38954,0.0038954,116015,1814,3425,1521,3584038990.0,72.15554465600007,4508890377.0,160.9644621180073,500000000.0,3.676782501499929,6.669645834999756,0.8682017,38,majority,0,1,0.2102134959995965,126378,0.0126378,3.385507918718389e-05,0.012922262710955581,0.13624130288169548,0.8669369,0.9897280839546069,0.9249884479129229,0.5375057760435386,0.46249422395646145,0.5,0.0,0.0,0.48626662269368387,743,0.6956871076139107,1.4212651413189772,0.7106325706594885,0.5,{}
exact-n10000000-d16-k50-sep1.5-s1,exact,10000000,16,50,1.5,1,383,True,60,38954,38954,0.0038954,116015,1814,3425,1521,3584038990.0,72.15554465600007,4508890377.0,160.9644621180073,500000000.0,3.676782501499929,6.669645834999756,0.8682017,38,frequency_soft,0,1,0.2319706389998828,126378,0.0126378,3.3926865626643377e-05,0.012964944256632114,0.1362763639124361,0.8669369,0.9897280839546069,0.5924652811517038,0.5219606342212493,0.18988363897744187,0.5223810951223328,0.5418868066117799,1.0,0.2737803163549258,743,0.577824729138449,1.044548012858303,0.423956931359354,0.4775634249471459,{}
exact-n10000000-d16-k50-sep1.5-s1,exact,10000000,16,50,1.5,1,383,True,60,38954,38954,0.0038954,116015,1814,3425,1521,3584038990.0,72.15554465600007,4508890377.0,160.9644621180073,500000000.0,3.676782501499929,6.669645834999756,0.8682017,38,markov,0,1,0.5596330389998911,109896,0.0109896,2.6336602745091753e-05,0.011267352947974475,0.1165678372809873,0.8672073,0.9909546088801232,0.07875956256096935,0.9606202187195153,0.039379781280484694,0.5,0.0,0.0,0.33112563182771443,743,0.5221741452116971,1.0390309555854644,0.5195154777927322,0.5,"{""markov_seconds"": 0.34862019100000907, ""mean_states"": 2.000256713046157}"
exact-n10000000-d16-k50-sep1.5-s1,exact,10000000,16,50,1.5,1,383,True,60,38954,38954,0.0038954,116015,1814,3425,1521,3584038990.0,72.15554465600007,4508890377.0,160.9644621180073,500000000.0,3.676782501499929,6.669645834999756,0.8682017,38,markov_soft,0,1,0.606074321000051,109896,0.0109896,2.633664664353219e-05,0.01126775580599756,0.11656988423845178,0.8672073,0.9909546088801232,0.0780509202748208,0.9603594214596937,0.03867400035897423,0.5139480170250058,0.001806775064919553,0.00315757046773117,0.33025543545836933,743,0.5215001383733773,1.0365545087483177,0.5157469717362045,0.49822208676216606,"{""markov_seconds"": 0.42438483700061624, ""mean_states"": 2.000256713046157}"
exact-n10000000-d16-k50-sep1.5-s1,exact,10000000,16,50,1.5,1,383,True,60,38954,38954,0.0038954,116015,1814,3425,1521,3584038990.0,72.15554465600007,4508890377.0,160.9644621180073,500000000.0,3.676782501499929,6.669645834999756,0.8682017,38,markov_a0.5,0,1,0.5634737880000102,116199,0.0116199,2.9162195499088384e-05,0.01190783903810524,0.12464211288857328,0.8670986,0.9904801720838938,0.40237202854649073,0.7988139857267547,0.20118601427324534,0.5,0.0,0.0,0.3898589909716323,743,0.5854892361277958,1.1924629878869448,0.5962314939434724,0.5,"{""markov_seconds"": 0.370876115000101, ""mean_states"": 2.000256713046157}"
exact-n10000000-d16-k50-sep1.5-s1,exact,10000000,16,50,1.5,1,383,True,60,38954,38954,0.0038954,116015,1814,3425,1521,3584038990.0,72.15554465600007,4508890377.0,160.9644621180073,500000000.0,3.676782501499929,6.669645834999756,0.8682017,38,markov_a0.5_soft,0,1,0.7799778050002715,116199,0.0116199,3.085819523085398e-05,0.012398510442714122,0.12989334995218665,0.8670986,0.9904801720838938,0.3280364107985499,0.66768478178445,0.13305240761700843,0.6342707653588568,0.5097749639222535,1.0,0.216789248970221,743,0.5291952460177938,0.9527487493449135,0.3423505442516209,0.5111211437170805,"{""markov_seconds"": 0.5890340350006227, ""mean_states"": 2.000256713046157}"
exact-n10000000-d16-k50-sep1.5-s1,exact,10000000,16,50,1.5,1,383,True,60,38954,38954,0.0038954,116015,1814,3425,1521,3584038990.0,72.15554465600007,4508890377.0,160.9644621180073,500000000.0,3.676782501499929,6.669645834999756,0.8682017,38,markov_pooled,0,1,0.5358204849999311,111071,0.0111071,2.6916553334199733e-05,0.011385686695939333,0.11822634559821994,0.8672959,0.9908708807377427,0.1390871284078657,0.9304564357960672,0.06954356420393282,0.5,0.0,0.0,0.3396451723472024,743,0.5517181007549712,1.100942126514132,0.550471063257066,0.5,"{""markov_seconds"": 0.3317590519991427, ""mean_states"": 2.000256713046157}"
exact-n10000000-d16-k50-sep1.5-s1,exact,10000000,16,50,1.5,1,383,True,60,38954,38954,0.0038954,116015,1814,3425,1521,3584038990.0,72.15554465600007,4508890377.0,160.9644621180073,500000000.0,3.676782501499929,6.669645834999756,0.8682017,38,markov_pooled_soft,0,1,0.708232926999699,111071,0.0111071,2.862162818106917e-05,0.011869103185091474,0.12393809036324982,0.8672959,0.9908708807377427,0.14665968782233343,0.8040605479564278,0.1006228289437511,0.746416234089594,0.38947565147329705,0.9874467320429224,0.21525528213133624,743,0.5455203074944529,1.0576991875983277,0.49659296339580977,0.3336749483917251,"{""markov_seconds"": 0.49316921399986313, ""mean_states"": 2.000256713046157}"
exact-n10000000-d16-k50-sep1.5-s1,exact,10000000,16,50,1.5,1,383,True,60,38954,38954,0.0038954,116015,1814,3425,1521,3584038990.0,72.15554465600007,4508890377.0,160.9644621180073,500000000.0,3.676782501499929,6.669645834999756,0.8682017,38,markov_w5,0,1,0.47225605599942355,109883,0.0109883,2.6332720674870913e-05,0.011267113093548024,0.11656746564579896,0.8672074,0.9909557110988393,0.07809210864096114,0.9609539456795194,0.03904605432048058,0.5,0.0,0.0,0.3311128734602592,743,0.5205114862419846,1.0363391655450875,0.5181695827725438,0.5,"{""markov_seconds"": 0.30755961099930573, ""mean_states"": 1.4647276274580274}"
exact-n10000000-d16-k50-sep1.5-s1,exact,10000000,16,50,1.5,1,383,True,60,38954,38954,0.0038954,116015,1814,3425,1521,3584038990.0,72.15554465600007,4508890377.0,160.9644621180073,500000000.0,3.676782501499929,6.669645834999756,0.8682017,38,markov_w20,0,1,0.5589034750000792,109983,0.0109983,2.639791835101768e-05,0.01127055001294431,0.11660628835789728,0.8672027,0.9909470965039131,0.08322636956410125,0.9583868152179493,0.04161318478205067,0.5,0.0,0.0,0.33171203912683783,743,0.5375327441772677,1.0794078061911172,0.5397039030955586,0.5,"{""markov_seconds"": 0.38038658000004943, ""mean_states"": 2.000847153052318}"
exact-n10000000-d16-k50-sep1.5-s1,exact,10000000,16,50,1.5,1,383,True,60,38954,38954,0.0038954,116015,1814,3425,1521,3584038990.0,72.15554465600007,4508890377.0,160.9644621180073,500000000.0,3.676782501499929,6.669645834999756,0.8682017,38,active_set_U,7790800,2,0.49705022900070617,109868,0.0109868,2.6331412954050393e-05,0.011266755546429655,0.1165626114363418,0.8672077,0.9909566441732015,0.07732196950249012,0.961339015248755,0.03866098475124502,0.5,0.0,0.0,0.33102591574931584,743,0.521766995682157,1.0390309555854644,0.5195154777927322,0.5,"{""iters"": 4}"
exact-n10000000-d16-k50-sep1.5-s1,exact,10000000,16,50,1.5,1,383,True,60,38954,38954,0.0038954,116015,1814,3425,1521,3584038990.0,72.15554465600007,4508890377.0,160.9644621180073,500000000.0,3.676782501499929,6.669645834999756,0.8682017,38,hartigan_U,7790800,2,0.534686517999944,109865,0.0109865,2.633140621965957e-05,0.01126668860039419,0.1165626114363418,0.8672075,0.9909570949997561,0.07716794167479592,0.961416029162602,0.03858397083739795,0.5,0.0,0.0,0.3310222375379853,743,0.5218465288380176,1.0390309555854644,0.5195154777927322,0.5,"{""moves"": 46, ""sweeps"": 4}"
exact-n10000000-d16-k50-sep1.5-s1,exact,10000000,16,50,1.5,1,383,True,60,38954,38954,0.0038954,116015,1814,3425,1521,3584038990.0,72.15554465600007,4508890377.0,160.9644621180073,500000000.0,3.676782501499929,6.669645834999756,0.8682017,38,fcm_soft,1947700,1,0.09232495200012636,109870,0.010987,2.6331555062597545e-05,0.011267098814372066,0.11656700665187532,0.8672077,0.990956533337165,0.8461451556231967,0.09400289972507277,0.8672608994548624,0.46946859003047503,3.7128237819649117,1.0,0.8113769192993928,743,0.8842277343449058,0.9358581301879073,0.4288636293911754,0.6496930378368964,{}
exact-n10000000-d16-k50-sep1.5-s1,exact,10000000,16,50,1.5,1,383,True,60,38954,38954,0.0038954,116015,1814,3425,1521,3584038990.0,72.15554465600007,4508890377.0,160.9644621180073,500000000.0,3.676782501499929,6.669645834999756,0.8682017,38,gmm_plugin_soft,1947700,1,0.09093900399966515,116662,0.0116662,3.679474966333807e-05,0.011267098814372066,0.11656700665187532,0.8677896,0.9902468794436624,0.4262146855462878,0.5401266805961623,0.22975118723523366,0.7361058994246706,0.7091722568374148,1.0,0.1362668445768608,743,0.3983227780782936,0.7506467882128545,0.0990189961836412,0.6486200345172659,{}
exact-n10000000-d16-k50-sep1.5-s1,exact,10000000,16,50,1.5,1,383,True,60,38954,38954,0.0038954,116015,1814,3425,1521,3584038990.0,72.15554465600007,4508890377.0,160.9644621180073,500000000.0,3.676782501499929,6.669645834999756,0.8682017,38,full_convergence,924851387.0,323,88.80891746200723,0,0.0,0.0,0.0,0.0,0.8682017,1.0,0.0,1.0,0.0,nan,0.0,0.0,0.3245008535562995,743,0.5199873892333983,1.0363391655450875,0.5181695827725438,0.5,{}
exact-n10000000-d16-k50-sep1.5-s1,exact,10000000,16,50,1.5,1,383,True,60,38954,38954,0.0038954,116015,1814,3425,1521,3584038990.0,72.15554465600007,4508890377.0,160.9644621180073,500000000.0,3.676782501499929,6.669645834999756,0.8682017,38,true_posterior_oracle,0,0,0.0,,,,,,,,0.8523993278259603,0.5597530789750943,0.4166751576741051,0.6045180537916177,0.052400389628299536,0.7649792062432613,0.42347768655128437,743,0.0,0.33843834995019456,0.031144097926308456,0.7886128481024544,{}
exact-n10000000-d16-k50-sep1.5-s1,exact,10000000,16,50,1.5,1,383,True,60,38954,38954,0.0038954,116015,1814,3425,1521,3584038990.0,72.15554465600007,4508890377.0,160.9644621180073,500000000.0,3.676782501499929,6.669645834999756,0.8682017,38,model_posterior_oracle,0,0,0.0,,,,,,,,0.24449610358609897,0.6754991464437006,0.23212036767830288,0.893534275398944,0.6086356955648763,1.0,0.0,743,0.36993007536784656,0.7256245090227282,0.1628047361328141,0.6938360836562605,{}
exact-n10000000-d16-k50-sep1.5-s1,exact,10000000,16,50,1.5,1,383,True,70,30586,30586,0.0030586,87033,1604,2720,1226,3734361838.0,76.90273447000118,4508890377.0,160.9644621180073,500000000.0,3.676782501499929,6.669645834999756,0.8682017,38,stop,0,1,0.20953829499921994,81795,0.0081795,1.5054793455870907e-05,0.008440715896562792,0.10257271354597874,0.8676973,0.9931700783644427,0.08016739684823122,0.9599163015758844,0.04008369842411563,0.5,0.0,0.0,0.3563447874125954,581,0.5010486968117512,1.0223752151462995,0.5111876075731497,0.5,{}
exact-n10000000-d16-k50-sep1.5-s1,exact,10000000,16,50,1.5,1,383,True,70,30586,30586,0.0030586,87033,1604,2720,1226,3734361838.0,76.90273447000118,4508890377.0,160.9644621180073,500000000.0,3.676782501499929,6.669645834999756,0.8682017,38,reassign_U,1529300,2,0.42821684699993057,81788,0.0081788,1.5054244583589949e-05,0.008440389830452873,0.10256815232556821,0.8676972,0.9931707738263237,0.07970967109134898,0.9601451644543255,0.03985483554567448,0.5,0.0,0.0,0.3563038236206412,581,0.5009640885451364,1.0258175559380378,0.5129087779690189,0.5,{}
exact-n10000000-d16-k50-sep1.5-s1,exact,10000000,16,50,1.5,1,383,True,70,30586,30586,0.0030586,87033,1604,2720,1226,3734361838.0,76.90273447000118,4508890377.0,160.9644621180073,500000000.0,3.676782501499929,6.669645834999756,0.8682017,38,majority,0,1,0.22647791700001108,94816,0.0094816,2.003611363510238e-05,0.009756803484148478,0.10651038375464604,0.8674727,0.9921288282751675,0.9316026940430262,0.5341986529784869,0.4658013470215131,0.5,0.0,0.0,0.4888315807888531,581,0.6998539615052769,1.4182444061962134,0.7091222030981067,0.5,{}
exact-n10000000-d16-k50-sep1.5-s1,exact,10000000,16,50,1.5,1,383,True,70,30586,30586,0.0030586,87033,1604,2720,1226,3734361838.0,76.90273447000118,4508890377.0,160.9644621180073,500000000.0,3.676782501499929,6.669645834999756,0.8682017,38,frequency_soft,0,1,0.22779452199938532,94816,0.0094816,2.0073844344548064e-05,0.009788831450351348,0.1063842682541891,0.8674727,0.9921288282751675,0.5965528440873668,0.5196019569262229,0.1925123199562485,0.518523932030354,0.5425758186001299,1.0,0.2639181925981299,581,0.5953086184215503,1.0455896786674443,0.4270067282115475,0.537743436548515,{}
exact-n10000000-d16-k50-sep1.5-s1,exact,10000000,16,50,1.5,1,383,True,70,30586,30586,0.0030586,87033,1604,2720,1226,3734361838.0,76.90273447000118,4508890377.0,160.9644621180073,500000000.0,3.676782501499929,6.669645834999756,0.8682017,38,markov,0,1,0.4446667060001346,81822,0.0081822,1.5057603460322255e-05,0.008442055097754357,0.10258791939740504,0.8676964,0.9931679355728206,0.08193291048191984,0.9590335447590401,0.040966455240959876,0.5,0.0,0.0,0.3565513131341286,581,0.5077418027124224,1.0395869191049913,0.5197934595524957,0.5,"{""markov_seconds"": 0.27772695099974953, ""mean_states"": 2.0000653893938405}"
exact-n10000000-d16-k50-sep1.5-s1,exact,10000000,16,50,1.5,1,383,True,70,30586,30586,0.0030586,87033,1604,2720,1226,3734361838.0,76.90273447000118,4508890377.0,160.9644621180073,500000000.0,3.676782501499929,6.669645834999756,0.8682017,38,markov_soft,0,1,0.5472937389995423,81822,0.0081822,1.5057638744320201e-05,0.008442356395257837,0.1025956937937473,0.8676964,0.9931679355728206,0.08057668117590037,0.9589858611767904,0.039972295758872525,0.5208946807282018,0.002141189193137775,0.0037925848427385078,0.3555929648771845,581,0.5049633073153386,1.031290877796902,0.5161790017211704,0.504509957511453,"{""markov_seconds"": 0.39602346399988164, ""mean_states"": 2.0000653893938405}"
exact-n10000000-d16-k50-sep1.5-s1,exact,10000000,16,50,1.5,1,383,True,70,30586,30586,0.0030586,87033,1604,2720,1226,3734361838.0,76.90273447000118,4508890377.0,160.9644621180073,500000000.0,3.676782501499929,6.669645834999756,0.8682017,38,markov_a0.5,0,1,0.41527950199997576,86843,0.0086843,1.694731743162592e-05,0.00895404820180701,0.10415069578896118,0.8676137,0.9927620370500112,0.41025305695416203,0.794873471522919,0.20512652847708102,0.5,0.0,0.0,0.40583363781162485,581,0.5730347549571599,1.1566265060240963,0.5783132530120482,0.5,"{""markov_seconds"": 0.2613474280005903, ""mean_states"": 2.0000653893938405}"
exact-n10000000-d16-k50-sep1.5-s1,exact,10000000,16,50,1.5,1,383,True,70,30586,30586,0.0030586,87033,1604,2720,1226,3734361838.0,76.90273447000118,4508890377.0,160.9644621180073,500000000.0,3.676782501499929,6.669645834999756,0.8682017,38,markov_a0.5_soft,0,1,0.4942618639997818,86843,0.0086843,1.8040478342973287e-05,0.009340282993399993,0.10515839786205425,0.8676137,0.9927620370500112,0.33264187628109376,0.6653184530045525,0.13267677769600084,0.6302003831164587,0.5099850585294654,1.0,0.21809750959526392,581,0.5329453969711268,0.9457534865042374,0.34011056356151026,0.5415208940719145,"{""markov_seconds"": 0.3452205080002386, ""mean_states"": 2.0000653893938405}"
exact-n10000000-d16-k50-sep1.5-s1,exact,10000000,16,50,1.5,1,383,True,70,30586,30586,0.0030586,87033,1604,2720,1226,3734361838.0,76.90273447000118,4508890377.0,160.9644621180073,500000000.0,3.676782501499929,6.669645834999756,0.8682017,38,markov_pooled,0,1,0.59233011500055,82780,0.008278,1.5433275862175577e-05,0.008540914340927776,0.10285791505342125,0.8677638,0.9930956188554115,0.14457594978094554,0.9277120251095272,0.07228797489047278,0.5,0.0,0.0,0.36347364966224865,581,0.5219011358307183,1.0602409638554218,0.5301204819277108,0.5,"{""markov_seconds"": 0.40759135100051935, ""mean_states"": 2.0000653893938405}"
exact-n10000000-d16-k50-sep1.5-s1,exact,10000000,16,50,1.5,1,383,True,70,30586,30586,0.0030586,87033,1604,2720,1226,3734361838.0,76.90273447000118,4508890377.0,160.9644621180073,500000000.0,3.676782501499929,6.669645834999756,0.8682017,38,markov_pooled_soft,0,1,0.4479500619991086,82780,0.008278,1.6570990909459127e-05,0.008925625891715264,0.10412053730478926,0.8677638,0.9930956188554115,0.1512055767626343,0.8003580138995847,0.09942708544655769,0.7342545900852168,0.3941534701089376,0.9820179166939123,0.2228064814508222,581,0.5272573436746787,1.033663407355232,0.45743045283302447,0.31359117073402787,"{""markov_seconds"": 0.26484498099944176, ""mean_states"": 2.0000653893938405}"
exact-n10000000-d16-k50-sep1.5-s1,exact,10000000,16,50,1.5,1,383,True,70,30586,30586,0.0030586,87033,1604,2720,1226,3734361838.0,76.90273447000118,4508890377.0,160.9644621180073,500000000.0,3.676782501499929,6.669645834999756,0.8682017,38,markov_w5,0,1,0.5571857439999803,81794,0.0081794,1.505504510435074e-05,0.008440696465465348,0.10257469300012131,0.8676972,0.9931702524804116,0.0801020074543909,0.9599489962728045,0.0400510037271955,0.5,0.0,0.0,0.3563582071209903,581,0.5012134560707923,1.0258175559380378,0.5129087779690189,0.5,"{""markov_seconds"": 0.3928100869998161, ""mean_states"": 1.4639704439939842}"
exact-n10000000-d16-k50-sep1.5-s1,exact,10000000,16,50,1.5,1,383,True,70,30586,30586,0.0030586,87033,1604,2720,1226,3734361838.0,76.90273447000118,4508890377.0,160.9644621180073,500000000.0,3.676782501499929,6.669645834999756,0.8682017,38,markov_w20,0,1,0.662323810000089,81878,0.0081878,1.5085355879129736e-05,0.008444739337501393,0.10261254104219504,0.8676943,0.9931631617327595,0.0855947165369777,0.9572026417315112,0.04279735826848885,0.5,0.0,0.0,0.3570033115704462,581,0.5195958187515038,1.0567986230636832,0.5283993115318417,0.5,"{""markov_seconds"": 0.48449994800012064, ""mean_states"": 2.000196168181521}"
exact-n10000000-d16-k50-sep1.5-s1,exact,10000000,16,50,1.5,1,383,True,70,30586,30586,0.0030586,87033,1604,2720,1226,3734361838.0,76.90273447000118,4508890377.0,160.9644621180073,500000000.0,3.676782501499929,6.669645834999756,0.8682017,38,active_set_U,4587900,2,0.4463071480004146,81790,0.008179,1.5054225807054067e-05,0.00844052300720725,0.10257087946632036,0.8676968,0.9931706738827393,0.07984044987902962,0.9600797750604851,0.03992022493951486,0.5,0.0,0.0,0.3563336114186393,581,0.5009640885451364,1.0258175559380378,0.5129087779690189,0.5,"{""iters"": 3}"
exact-n10000000-d16-k50-sep1.5-s1,exact,10000000,16,50,1.5,1,383,True,70,30586,30586,0.0030586,87033,1604,2720,1226,3734361838.0,76.90273447000118,4508890377.0,160.9644621180073,500000000.0,3.676782501499929,6.669645834999756,0.8682017,38,hartigan_U,3058600,2,0.42718180199972267,81786,0.0081786,1.5054222417321128e-05,0.00844032845033536,0.10256929307009603,0.867697,0.9931712857172165,0.07957889230366834,0.9602105538481658,0.03978944615183422,0.5,0.0,0.0,0.3563254944814658,581,0.5011288478041774,1.0292598967297764,0.5146299483648882,0.5,"{""moves"": 31, ""sweeps"": 2}"
exact-n10000000-d16-k50-sep1.5-s1,exact,10000000,16,50,1.5,1,383,True,70,30586,30586,0.0030586,87033,1604,2720,1226,3734361838.0,76.90273447000118,4508890377.0,160.9644621180073,500000000.0,3.676782501499929,6.669645834999756,0.8682017,38,fcm_soft,1529300,1,0.06607670599987614,81788,0.0081788,1.5054315947837793e-05,0.008440715896562792,0.10257271354597874,0.8676972,0.9931707738263237,0.8420309929374452,0.09643953604235037,0.863684424286462,0.47078728969051187,3.7057859124399894,1.0,0.8052625832353214,581,0.8800021025938284,0.9352949085229387,0.4353636331087414,0.6940498494083052,{}
exact-n10000000-d16-k50-sep1.5-s1,exact,10000000,16,50,1.5,1,383,True,70,30586,30586,0.0030586,87033,1604,2720,1226,3734361838.0,76.90273447000118,4508890377.0,160.9644621180073,500000000.0,3.676782501499929,6.669645834999756,0.8682017,38,gmm_plugin_soft,1529300,1,0.07215673199971206,88339,0.0088339,2.345061517283753e-05,0.008440715896562792,0.10257271354597874,0.8682526,0.9925055920376914,0.4373238423814432,0.5347423615339184,0.19347189855869953,0.7205167274066292,0.7050107958200592,1.0,0.11441706308820024,581,0.4122118727422483,0.758948655604545,0.07700470497867787,0.6705448421452121,{}
exact-n10000000-d16-k50-sep1.5-s1,exact,10000000,16,50,1.5,1,383,True,70,30586,30586,0.0030586,87033,1604,2720,1226,3734361838.0,76.90273447000118,4508890377.0,160.9644621180073,500000000.0,3.676782501499929,6.669645834999756,0.8682017,38,full_convergence,774528539.0,313,84.06172764800613,0,0.0,0.0,0.0,0.0,0.8682017,1.0,0.0,1.0,0.0,nan,0.0,0.0,0.35132857188549155,581,0.5012679607521653,1.036144578313253,0.5180722891566265,0.5,{}
exact-n10000000-d16-k50-sep1.5-s1,exact,10000000,16,50,1.5,1,383,True,70,30586,30586,0.0030586,87033,1604,2720,1226,3734361838.0,76.90273447000118,4508890377.0,160.9644621180073,500000000.0,3.676782501499929,6.669645834999756,0.8682017,38,true_posterior_oracle,0,0,0.0,,,,,,,,0.844560305192407,0.5675496804971881,0.4140679717612387,0.5778723783970511,0.03813633308770895,0.7323285163146538,0.43348911580526356,581,0.0,0.35913523251798385,0.024779094421752502,0.7948894824903867,{}
exact-n10000000-d16-k50-sep1.5-s1,exact,10000000,16,50,1.5,1,383,True,70,30586,30586,0.0030586,87033,1604,2720,1226,3734361838.0,76.90273447000118,4508890377.0,160.9644621180073,500000000.0,3.676782501499929,6.669645834999756,0.8682017,38,model_posterior_oracle,0,0,0.0,,,,,,,,0.27741586907184246,0.6486714281145084,0.23605293387012063,0.8485891644301877,0.6301959528097149,1.0,0.0,581,0.39553710418021487,0.7444604266116142,0.10761632165843885,0.7038205980066444,{}
exact-n10000000-d16-k50-sep1.5-s1,exact,10000000,16,50,1.5,1,383,True,80,21732,21732,0.0021732,66472,1171,1740,893,3855690576.0,81.67015920500262,4508890377.0,160.9644621180073,500000000.0,3.676782501499929,6.669645834999756,0.8682017,38,stop,0,1,0.17072734599969408,61872,0.0061872,8.506979134903503e-06,0.006403107485084427,0.09647201473956757,0.8680276,0.9948482585896379,0.08218295600957114,0.9589085219952145,0.04109147800478552,0.5,0.0,0.0,0.38727109345026994,480,0.49834585565924133,0.9791666666666666,0.48958333333333337,0.5,{}
exact-n10000000-d16-k50-sep1.5-s1,exact,10000000,16,50,1.5,1,383,True,80,21732,21732,0.0021732,66472,1171,1740,893,3855690576.0,81.67015920500262,4508890377.0,160.9644621180073,500000000.0,3.676782501499929,6.669645834999756,0.8682017,38,reassign_U,1086600,2,0.38748591900002793,61874,0.0061874,8.50653293982262e-06,0.006403062163072411,0.09646809713570967,0.8680273,0.9948481397596995,0.08236701638137309,0.9588164918093135,0.0411835081906865,0.5,0.0,0.0,0.3872368221813114,480,0.49834585565924133,0.9791666666666666,0.48958333333333337,0.5,{}
exact-n10000000-d16-k50-sep1.5-s1,exact,10000000,16,50,1.5,1,383,True,80,21732,21732,0.0021732,66472,1171,1740,893,3855690576.0,81.67015920500262,4508890377.0,160.9644621180073,500000000.0,3.676782501499929,6.669645834999756,0.8682017,38,majority,0,1,0.23084786300023552,70771,0.0070771,1.119125846704705e-05,0.007314450265445507,0.09924233225450098,0.8678817,0.9940823920124874,0.9011595803423523,0.5494202098288239,0.4505797901711761,0.5,0.0,0.0,0.4835612654192868,480,0.7030835766649517,1.4166666666666667,0.7083333333333333,0.5,{}
exact-n10000000-d16-k50-sep1.5-s1,exact,10000000,16,50,1.5,1,383,True,80,21732,21732,0.0021732,66472,1171,1740,893,3855690576.0,81.67015920500262,4508890377.0,160.9644621180073,500000000.0,3.676782501499929,6.669645834999756,0.8682017,38,frequency_soft,0,1,0.20343242600029043,70771,0.0070771,1.1218084370101522e-05,0.007348815199316194,0.0993112860597861,0.8678817,0.9940823920124874,0.5776362084780338,0.5290731723641718,0.17748439670029945,0.5299484726190867,0.5425495864745201,1.0,0.24474676223156258,480,0.6047908573567279,1.0386707988980717,0.43314393939393925,0.5453886554621848,{}
exact-n10000000-d16-k50-sep1.5-s1,exact,10000000,16,50,1.5,1,383,True,80,21732,21732,0.0021732,66472,1171,1740,893,3855690576.0,81.67015920500262,4508890377.0,160.9644621180073,500000000.0,3.676782501499929,6.669645834999756,0.8682017,38,markov,0,1,0.3661286110000219,61874,0.0061874,8.510323922683583e-06,0.006403230762420293,0.09647093785541179,0.868027,0.9948483118045471,0.08236701638137309,0.9588164918093135,0.0411835081906865,0.5,0.0,0.0,0.3873465408164845,480,0.49834585565924133,0.9791666666666666,0.48958333333333337,0.5,"{""markov_seconds"": 0.19986463399982313, ""mean_states"": 2.0}"
exact-n10000000-d16-k50-sep1.5-s1,exact,10000000,16,50,1.5,1,383,True,80,21732,21732,0.0021732,66472,1171,1740,893,3855690576.0,81.67015920500262,4508890377.0,160.9644621180073,500000000.0,3.676782501499929,6.669645834999756,0.8682017,38,markov_soft,0,1,0.44208923499991215,61874,0.0061874,8.510342831558049e-06,0.006403597550530684,0.09647301730090717,0.868027,0.9948483118045471,0.08166987705407092,0.9583509258522251,0.0402937526792562,0.5152883555268756,0.002385853922486766,0.0041413583655438985,0.3861343352615636,480,0.4977225014017845,0.9765,0.48874999999999996,0.502127659574468,"{""markov_seconds"": 0.2159379570002784, ""mean_states"": 2.0}"
exact-n10000000-d16-k50-sep1.5-s1,exact,10000000,16,50,1.5,1,383,True,80,21732,21732,0.0021732,66472,1171,1740,893,3855690576.0,81.67015920500262,4508890377.0,160.9644621180073,500000000.0,3.676782501499929,6.669645834999756,0.8682017,38,markov_a0.5,0,1,0.4023028310002701,65146,0.0065146,9.43284226173624e-06,0.006734836971963904,0.09743765194424324,0.8679794,0.9945646021057467,0.383489784649365,0.8082551076753175,0.1917448923246825,0.5,0.0,0.0,0.4200161546661428,480,0.5612515827395729,1.1083333333333334,0.5541666666666667,0.5,"{""markov_seconds"": 0.19263366500035772, ""mean_states"": 2.0}"
exact-n10000000-d16-k50-sep1.5-s1,exact,10000000,16,50,1.5,1,383,True,80,21732,21732,0.0021732,66472,1171,1740,893,3855690576.0,81.67015920500262,4508890377.0,160.9644621180073,500000000.0,3.676782501499929,6.669645834999756,0.8682017,38,markov_a0.5_soft,0,1,0.3662639639996996,65146,0.0065146,1.0105227951529017e-05,0.007026811499230714,0.09834646052335874,0.8679794,0.9945646021057467,0.31828918947320145,0.6735493804905072,0.12709243792636654,0.6372147379465748,0.5072168409252319,1.0,0.21357629732455827,480,0.5352302121324659,0.9192970052303667,0.3072085293179043,0.5277650902958331,"{""markov_seconds"": 0.18234077699980844, ""mean_states"": 2.0}"
exact-n10000000-d16-k50-sep1.5-s1,exact,10000000,16,50,1.5,1,383,True,80,21732,21732,0.0021732,66472,1171,1740,893,3855690576.0,81.67015920500262,4508890377.0,160.9644621180073,500000000.0,3.676782501499929,6.669645834999756,0.8682017,38,markov_pooled,0,1,0.38274947900026746,62431,0.0062431,8.687583787470032e-06,0.006459863092780758,0.09664345990340921,0.8680616,0.9948051190770785,0.13362782992821645,0.9331860850358917,0.06681391496410827,0.5,0.0,0.0,0.39172487115605564,480,0.49950945382734463,0.9833333333333333,0.4916666666666667,0.5,"{""markov_seconds"": 0.19843609200052015, ""mean_states"": 2.0}"
exact-n10000000-d16-k50-sep1.5-s1,exact,10000000,16,50,1.5,1,383,True,80,21732,21732,0.0021732,66472,1171,1740,893,3855690576.0,81.67015920500262,4508890377.0,160.9644621180073,500000000.0,3.676782501499929,6.669645834999756,0.8682017,38,markov_pooled_soft,0,1,0.3640243410000039,62431,0.0062431,9.327784875390321e-06,0.006741668708467589,0.09758345149874127,0.8680616,0.9948051190770785,0.14664242954301152,0.8034827592101434,0.10272134040773687,0.7288650864481283,0.39265610943827545,0.9790171176145775,0.23820297548061545,480,0.5074687477493109,0.9719120135978093,0.4500201693249507,0.3145578632953598,"{""markov_seconds"": 0.18885794900052133, ""mean_states"": 2.0}"
exact-n10000000-d16-k50-sep1.5-s1,exact,10000000,16,50,1.5,1,383,True,80,21732,21732,0.0021732,66472,1171,1740,893,3855690576.0,81.67015920500262,4508890377.0,160.9644621180073,500000000.0,3.676782501499929,6.669645834999756,0.8682017,38,markov_w5,0,1,0.3759663049995652,61879,0.0061879,8.507160592419183e-06,0.006403470800198381,0.09647641277145391,0.8680281,0.9948475503159505,0.08282716731087797,0.958586416344561,0.04141358365543901,0.5,0.0,0.0,0.3872912586351935,480,0.4984942857894297,0.975,0.48750000000000004,0.5,"{""markov_seconds"": 0.2118094409997866, ""mean_states"": 1.4539388919565617}"
exact-n10000000-d16-k50-sep1.5-s1,exact,10000000,16,50,1.5,1,383,True,80,21732,21732,0.0021732,66472,1171,1740,893,3855690576.0,81.67015920500262,4508890377.0,160.9644621180073,500000000.0,3.676782501499929,6.669645834999756,0.8682017,38,markov_w20,0,1,0.4096562510003423,61947,0.0061947,8.535334839798736e-06,0.0064068445327709524,0.09652197477933849,0.8680289,0.9948417159555843,0.0890852199521443,0.9554573900239278,0.04454260997607218,0.5,0.0,0.0,0.38794931688558587,480,0.5087077657766597,1.0,0.5,0.5,"{""markov_seconds"": 0.20240545999968163, ""mean_states"": 2.0001380452788515}"
exact-n10000000-d16-k50-sep1.5-s1,exact,10000000,16,50,1.5,1,383,True,80,21732,21732,0.0021732,66472,1171,1740,893,3855690576.0,81.67015920500262,4508890377.0,160.9644621180073,500000000.0,3.676782501499929,6.669645834999756,0.8682017,38,active_set_U,3259800,2,0.4028699489999781,61872,0.0061872,8.506524823426176e-06,0.0064029745759421304,0.09646651788026554,0.8680274,0.9948483455445037,0.08218295600957114,0.9589085219952145,0.04109147800478552,0.5,0.0,0.0,0.3872408459792829,480,0.49834585565924133,0.9791666666666666,0.48958333333333337,0.5,"{""iters"": 3}"
exact-n10000000-d16-k50-sep1.5-s1,exact,10000000,16,50,1.5,1,383,True,80,21732,21732,0.0021732,66472,1171,1740,893,3855690576.0,81.67015920500262,4508890377.0,160.9644621180073,500000000.0,3.676782501499929,6.669645834999756,0.8682017,38,hartigan_U,3259800,2,0.46086014399952546,61870,0.006187,8.506521387285915e-06,0.006402944051080149,0.09646631376733765,0.8680275,0.9948485815863255,0.08199889563776919,0.9590005521811154,0.04099944781888465,0.5,0.0,0.0,0.38723518417897457,480,0.49835745449801067,0.9791666666666666,0.48958333333333337,0.5,"{""moves"": 30, ""sweeps"": 3}"
exact-n10000000-d16-k50-sep1.5-s1,exact,10000000,16,50,1.5,1,383,True,80,21732,21732,0.0021732,66472,1171,1740,893,3855690576.0,81.67015920500262,4508890377.0,160.9644621180073,500000000.0,3.676782501499929,6.669645834999756,0.8682017,38,fcm_soft,1086600,1,0.0600581440003225,61874,0.0061874,8.506604813218743e-06,0.006403107485084427,0.09647201473956757,0.8680273,0.9948481397596995,0.8408635259998268,0.09709815145180634,0.8617035122258756,0.5033343405303683,3.7044387881348695,1.0,0.8035305962267952,480,0.8816788197427592,0.9351327176869714,0.4580068950175514,0.644880590534086,{}
exact-n10000000-d16-k50-sep1.5-s1,exact,10000000,16,50,1.5,1,383,True,80,21732,21732,0.0021732,66472,1171,1740,893,3855690576.0,81.67015920500262,4508890377.0,160.9644621180073,500000000.0,3.676782501499929,6.669645834999756,0.8682017,38,gmm_plugin_soft,1086600,1,0.045311111999581044,67507,0.0067507,1.4732069206990772e-05,0.006403107485084427,0.09647201473956757,0.8685296,0.9942795644484284,0.4490567409039203,0.5288540744771321,0.1553630810424288,0.6966582702371925,0.7028825135029783,1.0,0.08797456261550199,480,0.4350439648219409,0.7684854140093894,0.0699494450209659,0.6254970394679724,{}
exact-n10000000-d16-k50-sep1.5-s1,exact,10000000,16,50,1.5,1,383,True,80,21732,21732,0.0021732,66472,1171,1740,893,3855690576.0,81.67015920500262,4508890377.0,160.9644621180073,500000000.0,3.676782501499929,6.669645834999756,0.8682017,38,full_convergence,653199801.0,303,79.29430291300469,0,0.0,0.0,0.0,0.0,0.8682017,1.0,0.0,1.0,0.0,nan,0.0,0.0,0.3835138719655813,480,0.49815330814631886,0.9791666666666666,0.48958333333333337,0.5,{}
exact-n10000000-d16-k50-sep1.5-s1,exact,10000000,16,50,1.5,1,383,True,80,21732,21732,0.0021732,66472,1171,1740,893,3855690576.0,81.67015920500262,4508890377.0,160.9644621180073,500000000.0,3.676782501499929,6.669645834999756,0.8682017,38,true_posterior_oracle,0,0,0.0,,,,,,,,0.8601311139753266,0.5614673335828937,0.4226073875095566,0.5644283674068048,0.03169313943695161,0.7280047855696669,0.44530446102911736,480,0.0,0.33515072521699557,0.029106730699373456,0.7763192376414533,{}
exact-n10000000-d16-k50-sep1.5-s1,exact,10000000,16,50,1.5,1,383,True,80,21732,21732,0.0021732,66472,1171,1740,893,3855690576.0,81.67015920500262,4508890377.0,160.9644621180073,500000000.0,3.676782501499929,6.669645834999756,0.8682017,38,model_posterior_oracle,0,0,0.0,,,,,,,,0.3177881810710302,0.6164861280344187,0.22873003727966615,0.823779687847779,0.6557476004070865,1.0,0.0,480,0.42614250150901695,0.7594835642674634,0.0756517604615777,0.6417669427514716,{}
exact-n10000000-d16-k50-sep1.5-s1,exact,10000000,16,50,1.5,1,383,True,90,13168,13168,0.0013168,54324,1020,960,828,3934639725.0,85.32700766900462,4508890377.0,160.9644621180073,500000000.0,3.676782501499929,6.669645834999756,0.8682017,38,stop,0,1,0.18873301900021033,50386,0.0050386,6.027517284845629e-06,0.0052382937881520104,0.09227829801328362,0.868188,0.9958563663798007,0.12575941676792224,0.9371202916160389,0.06287970838396106,0.5,0.0,0.0,0.42037249092977247,253,0.5510775877328277,1.098814229249012,0.5494071146245059,0.5,{}
exact-n10000000-d16-k50-sep1.5-s1,exact,10000000,16,50,1.5,1,383,True,90,13168,13168,0.0013168,54324,1020,960,828,3934639725.0,85.32700766900462,4508890377.0,160.9644621180073,500000000.0,3.676782501499929,6.669645834999756,0.8682017,38,reassign_U,658400,2,0.367414345000725,50378,0.0050378,6.027242626771567e-06,0.005237634662271248,0.09227537601800581,0.8681884,0.9958571171076555,0.12454434993924667,0.9377278250303767,0.06227217496962334,0.5,0.0,0.0,0.4202869222278234,253,0.5510775877328277,1.098814229249012,0.5494071146245059,0.5,{}
exact-n10000000-d16-k50-sep1.5-s1,exact,10000000,16,50,1.5,1,383,True,90,13168,13168,0.0013168,54324,1020,960,828,3934639725.0,85.32700766900462,4508890377.0,160.9644621180073,500000000.0,3.676782501499929,6.669645834999756,0.8682017,38,majority,0,1,0.22816104800040193,55160,0.005516,6.8809312676609835e-06,0.005727764246505316,0.09423743818701874,0.8681231,0.9954348475220898,0.8508505467800729,0.5745747266099636,0.42542527339003644,0.5,0.0,0.0,0.4863481380526792,253,0.7127660156148538,1.4466403162055337,0.7233201581027668,0.5,{}
exact-n10000000-d16-k50-sep1.5-s1,exact,10000000,16,50,1.5,1,383,True,90,13168,13168,0.0013168,54324,1020,960,828,3934639725.0,85.32700766900462,4508890377.0,160.9644621180073,500000000.0,3.676782501499929,6.669645834999756,0.8682017,38,frequency_soft,0,1,0.20250511499943968,55160,0.005516,6.9029004590159815e-06,0.005757315475332121,0.09427294925133667,0.8681231,0.9954348475220898,0.545937810670496,0.545654755329725,0.15365072351706618,0.5524017469309467,0.5408136537988109,1.0,0.2356027306502734,253,0.6454856949486149,1.1117499101688824,0.4545454545454545,0.5231850117096019,{}
exact-n10000000-d16-k50-sep1.5-s1,exact,10000000,16,50,1.5,1,383,True,90,13168,13168,0.0013168,54324,1020,960,828,3934639725.0,85.32700766900462,4508890377.0,160.9644621180073,500000000.0,3.676782501499929,6.669645834999756,0.8682017,38,markov,0,1,0.2690285640001093,50397,0.0050397,6.028206638530875e-06,0.005238998415417535,0.09227978275140974,0.8681873,0.9958553718737647,0.12743013365735115,0.9362849331713244,0.06371506682867556,0.5,0.0,0.0,0.4204666260976887,253,0.5510775877328277,1.098814229249012,0.5494071146245059,0.5,"{""markov_seconds"": 0.12043812299998535, ""mean_states"": 2.0}"
exact-n10000000-d16-k50-sep1.5-s1,exact,10000000,16,50,1.5,1,383,True,90,13168,13168,0.0013168,54324,1020,960,828,3934639725.0,85.32700766900462,4508890377.0,160.9644621180073,500000000.0,3.676782501499929,6.669645834999756,0.8682017,38,markov_soft,0,1,0.3668374259996199,50397,0.0050397,6.028229365018234e-06,0.005239407814775392,0.0922797170218537,0.8681873,0.9958553718737647,0.12599685925937593,0.9359510530180515,0.06239621326485206,0.5179148137934121,0.0031252496061575357,0.005695625759416768,0.4190016925032401,253,0.5510775877328277,1.098814229249012,0.5494071146245059,0.5,"{""markov_seconds"": 0.15889051999965886, ""mean_states"": 2.0}"
exact-n10000000-d16-k50-sep1.5-s1,exact,10000000,16,50,1.5,1,383,True,90,13168,13168,0.0013168,54324,1020,960,828,3934639725.0,85.32700766900462,4508890377.0,160.9644621180073,500000000.0,3.676782501499929,6.669645834999756,0.8682017,38,markov_a0.5,0,1,0.3091996980001568,52096,0.0052096,6.2841889696407804e-06,0.0054121719044959325,0.0929952628639962,0.868169,0.995704379610072,0.3854799513973268,0.8072600243013366,0.1927399756986634,0.5,0.0,0.0,0.4420014989227172,253,0.619345545187992,1.2885375494071147,0.6442687747035574,0.5,"{""markov_seconds"": 0.12542571799986035, ""mean_states"": 2.0}"
exact-n10000000-d16-k50-sep1.5-s1,exact,10000000,16,50,1.5,1,383,True,90,13168,13168,0.0013168,54324,1020,960,828,3934639725.0,85.32700766900462,4508890377.0,160.9644621180073,500000000.0,3.676782501499929,6.669645834999756,0.8682017,38,markov_a0.5_soft,0,1,0.3048816109994732,52096,0.0052096,6.549967228153264e-06,0.005578302565089087,0.09359967519574489,0.868169,0.995704379610072,0.31619800415401483,0.6789438270371132,0.11395149781826633,0.6427299823079134,0.4969023791613416,1.0,0.23015846014293012,253,0.5877679538239177,1.022934723432394,0.40058868996616026,0.5979890933878663,"{""markov_seconds"": 0.13360037700022076, ""mean_states"": 2.0}"
exact-n10000000-d16-k50-sep1.5-s1,exact,10000000,16,50,1.5,1,383,True,90,13168,13168,0.0013168,54324,1020,960,828,3934639725.0,85.32700766900462,4508890377.0,160.9644621180073,500000000.0,3.676782501499929,6.669645834999756,0.8682017,38,markov_pooled,0,1,0.30170849799924326,50698,0.0050698,6.078365788919626e-06,0.005270818203358389,0.09247526030149408,0.8682087,0.9958307847807456,0.17314702308626975,0.9134264884568651,0.08657351154313486,0.5,0.0,0.0,0.4235214485122965,253,0.55360068946581,1.098814229249012,0.5494071146245059,0.5,"{""markov_seconds"": 0.12629266099975212, ""mean_states"": 2.0}"
exact-n10000000-d16-k50-sep1.5-s1,exact,10000000,16,50,1.5,1,383,True,90,13168,13168,0.0013168,54324,1020,960,828,3934639725.0,85.32700766900462,4508890377.0,160.9644621180073,500000000.0,3.676782501499929,6.669645834999756,0.8682017,38,markov_pooled_soft,0,1,0.31902225200065004,50698,0.0050698,6.302756023535139e-06,0.0054277594571241474,0.09306660092755116,0.8682087,0.9958307847807456,0.17231872563661427,0.7933185905486275,0.07778412620382477,0.6714735427277873,0.3869910307387956,0.9845078979343864,0.2702271109197739,253,0.5618997205364955,1.084331756889977,0.510007323002101,0.31105641802347594,"{""markov_seconds"": 0.13670891400033724, ""mean_states"": 2.0}"
exact-n10000000-d16-k50-sep1.5-s1,exact,10000000,16,50,1.5,1,383,True,90,13168,13168,0.0013168,54324,1020,960,828,3934639725.0,85.32700766900462,4508890377.0,160.9644621180073,500000000.0,3.676782501499929,6.669645834999756,0.8682017,38,markov_w5,0,1,0.30791235900051106,50388,0.0050388,6.027594869673081e-06,0.005238604211311947,0.09227913937595998,0.8681878,0.9958562163062339,0.12606318347509113,0.9369684082624544,0.06303159173754558,0.5,0.0,0.0,0.4204067292883717,253,0.5510775877328277,1.098814229249012,0.5494071146245059,0.5,"{""markov_seconds"": 0.12990730900037306, ""mean_states"": 1.4232229647630619}"
exact-n10000000-d16-k50-sep1.5-s1,exact,10000000,16,50,1.5,1,383,True,90,13168,13168,0.0013168,54324,1020,960,828,3934639725.0,85.32700766900462,4508890377.0,160.9644621180073,500000000.0,3.676782501499929,6.669645834999756,0.8682017,38,markov_w20,0,1,0.27686472099958337,50424,0.0050424,6.039029643689631e-06,0.005240484190309794,0.09228760518750367,0.8681884,0.9958527488807469,0.13153098420413123,0.9342345078979344,0.06576549210206561,0.5,0.0,0.0,0.4207414686515835,253,0.5570429678990081,1.1067193675889329,0.5533596837944664,0.5,"{""markov_seconds"": 0.12793196599977819, ""mean_states"": 2.0001518833535843}"
exact-n10000000-d16-k50-sep1.5-s1,exact,10000000,16,50,1.5,1,383,True,90,13168,13168,0.0013168,54324,1020,960,828,3934639725.0,85.32700766900462,4508890377.0,160.9644621180073,500000000.0,3.676782501499929,6.669645834999756,0.8682017,38,active_set_U,3292000,2,0.5318258309998782,50374,0.0050374,6.027226453930723e-06,0.005237328399776291,0.09227431980268683,0.8681884,0.9958574466185338,0.12393681652490887,0.9380315917375456,0.06196840826245442,0.5,0.0,0.0,0.4202562500079247,253,0.5510775877328277,1.098814229249012,0.5494071146245059,0.5,"{""iters"": 5}"
exact-n10000000-d16-k50-sep1.5-s1,exact,10000000,16,50,1.5,1,383,True,90,13168,13168,0.0013168,54324,1020,960,828,3934639725.0,85.32700766900462,4508890377.0,160.9644621180073,500000000.0,3.676782501499929,6.669645834999756,0.8682017,38,hartigan_U,1975200,2,0.4487494449995211,50373,0.0050373,6.027224403570841e-06,0.005237251201765025,0.09227431980268683,0.8681885,0.9958575399759694,0.12378493317132443,0.9381075334143378,0.061892466585662165,0.5,0.0,0.0,0.4202420064153204,253,0.550937243771785,1.098814229249012,0.5494071146245059,0.5,"{""moves"": 25, ""sweeps"": 3}"
exact-n10000000-d16-k50-sep1.5-s1,exact,10000000,16,50,1.5,1,383,True,90,13168,13168,0.0013168,54324,1020,960,828,3934639725.0,85.32700766900462,4508890377.0,160.9644621180073,500000000.0,3.676782501499929,6.669645834999756,0.8682017,38,fcm_soft,658400,1,0.05196941099984542,50378,0.0050378,6.027285612608679e-06,0.0052382937881520104,0.09227829801328362,0.8681884,0.9958571171076555,0.8388220956482773,0.09834147488471699,0.8393660061231385,0.48530363364858137,3.699949819256993,1.0,0.8009624272737926,253,0.8891583780430208,0.9400104504778113,0.3999146643532266,0.6913416635112962,{}
exact-n10000000-d16-k50-sep1.5-s1,exact,10000000,16,50,1.5,1,383,True,90,13168,13168,0.0013168,54324,1020,960,828,3934639725.0,85.32700766900462,4508890377.0,160.9644621180073,500000000.0,3.676782501499929,6.669645834999756,0.8682017,38,gmm_plugin_soft,658400,1,0.033106666000094265,54493,0.0054493,9.694119569747528e-06,0.0052382937881520104,0.09227829801328362,0.8685898,0.9954541306392675,0.4704949982711151,0.516898076171967,0.08891520474523103,0.6728987588067937,0.7029084752153614,1.0,0.06794800166502794,253,0.4929792438568369,0.8370844790246534,0.13397044818722378,0.6561544342507646,{}
exact-n10000000-d16-k50-sep1.5-s1,exact,10000000,16,50,1.5,1,383,True,90,13168,13168,0.0013168,54324,1020,960,828,3934639725.0,85.32700766900462,4508890377.0,160.9644621180073,500000000.0,3.676782501499929,6.669645834999756,0.8682017,38,full_convergence,574250652.0,293,75.63745444900269,0,0.0,0.0,0.0,0.0,0.8682017,1.0,0.0,1.0,0.0,nan,0.0,0.0,0.4154683262835651,253,0.550767182106305,1.1146245059288538,0.5573122529644269,0.5,{}
exact-n10000000-d16-k50-sep1.5-s1,exact,10000000,16,50,1.5,1,383,True,90,13168,13168,0.0013168,54324,1020,960,828,3934639725.0,85.32700766900462,4508890377.0,160.9644621180073,500000000.0,3.676782501499929,6.669645834999756,0.8682017,38,true_posterior_oracle,0,0,0.0,,,,,,,,0.9009643252923516,0.5427983384643219,0.4450202620356343,0.5506459692391036,0.025281472740442148,0.7252430133657352,0.4561274755822419,253,0.0,0.3204225163948397,0.05030816348335123,0.8101946721311475,{}
exact-n10000000-d16-k50-sep1.5-s1,exact,10000000,16,50,1.5,1,383,True,90,13168,13168,0.0013168,54324,1020,960,828,3934639725.0,85.32700766900462,4508890377.0,160.9644621180073,500000000.0,3.676782501499929,6.669645834999756,0.8682017,38,model_posterior_oracle,0,0,0.0,,,,,,,,0.3628095097692737,0.5845316737164349,0.2221809785201947,0.7948294659178603,0.6735849244303215,1.0,0.0,253,0.4895260923959999,0.8343046203245503,0.14353673820352172,0.6711366538952745,{}
exact-n10000000-d16-k50-sep2.0-s0,exact,10000000,16,50,2.0,0,768,True,10,943586,200000,0.0943586,238219,85899,2687,74865,1365032891.0,24.641243703998043,2136630485.0,211.35243625000658,500000000.0,3.546673912499955,6.460362839998197,0.9086709,41,stop,0,1,0.18036843499976385,211936,0.0211936,3.6420667920422645e-05,0.014872037040621844,0.1499809261591653,0.9089596,0.9872357578843338,0.15829,0.920855,0.07914500000000002,0.5,0.0,0.0,0.10190973839619641,106693,0.037821008957430555,0.07541263250635,0.037706316253175,0.5,{}
exact-n10000000-d16-k50-sep2.0-s0,exact,10000000,16,50,2.0,0,768,True,10,943586,200000,0.0943586,238219,85899,2687,74865,1365032891.0,24.641243703998043,2136630485.0,211.35243625000658,500000000.0,3.546673912499955,6.460362839998197,0.9086709,41,reassign_U,47179300,2,1.0597542149998844,211546,0.0211546,3.6332624047119566e-05,0.014845587362437329,0.14991253749167358,0.9089729,0.9872488711908733,0.1574,0.9213,0.07869999999999999,0.5,0.0,0.0,0.10162326104117642,106693,0.037821008957430555,0.07541263250635,0.037706316253175,0.5,{}
exact-n10000000-d16-k50-sep2.0-s0,exact,10000000,16,50,2.0,0,768,True,10,943586,200000,0.0943586,238219,85899,2687,74865,1365032891.0,24.641243703998043,2136630485.0,211.35243625000658,500000000.0,3.546673912499955,6.460362839998197,0.9086709,41,majority,0,1,0.7396246850003081,222116,0.0222116,6.207251279066739e-05,0.015632533657914945,0.1639999744672351,0.9109504,0.986246798227201,0.17928,0.91036,0.08964000000000005,0.5,0.0,0.0,0.10632143702155972,106693,0.037859115401138725,0.07545012325082245,0.03772506162541123,0.5,{}
exact-n10000000-d16-k50-sep2.0-s0,exact,10000000,16,50,2.0,0,768,True,10,943586,200000,0.0943586,238219,85899,2687,74865,1365032891.0,24.641243703998043,2136630485.0,211.35243625000658,500000000.0,3.546673912499955,6.460362839998197,0.9086709,41,frequency_soft,0,1,1.1993869190000623,222116,0.0222116,0.0013513312844999348,0.023452211773334092,0.1749268533494734,0.9109504,0.986246798227201,0.14948793388429749,0.8039995454545454,0.06473045454545465,0.7874324504753618,0.405149459871328,1.0,0.1536136054582575,106693,0.130603440632683,0.08128163814103846,0.09519922496406426,0.8702481725453111,{}
exact-n10000000-d16-k50-sep2.0-s0,exact,10000000,16,50,2.0,0,768,True,10,943586,200000,0.0943586,238219,85899,2687,74865,1365032891.0,24.641243703998043,2136630485.0,211.35243625000658,500000000.0,3.546673912499955,6.460362839998197,0.9086709,41,markov,0,1,9.292268586000318,211607,0.0211607,3.680431641006621e-05,0.014854589245357033,0.1498088521557719,0.9090218,0.9872325076122684,0.15782,0.92109,0.07891000000000004,0.5,0.0,0.0,0.10170297123125889,106693,0.03781229448953586,0.07539388713411377,0.037696943567056884,0.5,"{""markov_seconds"": 9.078810476999934, ""mean_states"": 2.051879743870723}"
exact-n10000000-d16-k50-sep2.0-s0,exact,10000000,16,50,2.0,0,768,True,10,943586,200000,0.0943586,238219,85899,2687,74865,1365032891.0,24.641243703998043,2136630485.0,211.35243625000658,500000000.0,3.546673912499955,6.460362839998197,0.9086709,41,markov_soft,0,1,8.522600258999773,211607,0.0211607,4.139810482062245e-05,0.015025094475080759,0.14864461923239555,0.9090218,0.9872325076122684,0.15174054729328243,0.9194127991681521,0.07313925855190545,0.5493230768892753,0.015228429146180934,0.03531,0.10020147268210645,106693,0.03812549086286837,0.07488343704193832,0.03655415174261711,0.5172338848259072,"{""markov_seconds"": 8.28152917999978, ""mean_states"": 2.051879743870723}"
exact-n10000000-d16-k50-sep2.0-s0,exact,10000000,16,50,2.0,0,768,True,10,943586,200000,0.0943586,238219,85899,2687,74865,1365032891.0,24.641243703998043,2136630485.0,211.35243625000658,500000000.0,3.546673912499955,6.460362839998197,0.9086709,41,markov_a0.5,0,1,8.761156879999362,213998,0.0213998,3.870778372117023e-05,0.015012283250670128,0.15266254181068056,0.9093582,0.9871032077911028,0.1629,0.91855,0.08145000000000002,0.5,0.0,0.0,0.10313198365906104,106693,0.03781152603887291,0.07539388713411377,0.037696943567056884,0.5,"{""markov_seconds"": 8.575539468999523, ""mean_states"": 2.051879743870723}"
exact-n10000000-d16-k50-sep2.0-s0,exact,10000000,16,50,2.0,0,768,True,10,943586,200000,0.0943586,238219,85899,2687,74865,1365032891.0,24.641243703998043,2136630485.0,211.35243625000658,500000000.0,3.546673912499955,6.460362839998197,0.9086709,41,markov_a0.5_soft,0,1,8.883855574000336,213998,0.0213998,0.0007061427232708528,0.0206384031068391,0.16308523723767662,0.9093582,0.9871032077911028,0.1351954122685125,0.8418989796450614,0.029205327901258814,0.7884574253424852,0.32399386298871446,1.0,0.13059453225460274,106693,0.09995481272449351,0.07302592071919622,0.06507741473487103,0.8761866662770081,"{""markov_seconds"": 8.632319305999772, ""mean_states"": 2.051879743870723}"
exact-n10000000-d16-k50-sep2.0-s0,exact,10000000,16,50,2.0,0,768,True,10,943586,200000,0.0943586,238219,85899,2687,74865,1365032891.0,24.641243703998043,2136630485.0,211.35243625000658,500000000.0,3.546673912499955,6.460362839998197,0.9086709,41,markov_pooled,0,1,9.188573350999832,212013,0.0212013,3.671520233372583e-05,0.01488237037474496,0.14991119108983045,0.9089959,0.9872147916125892,0.15866,0.92067,0.07933000000000001,0.5,0.0,0.0,0.10197527243480627,106693,0.03780664974749933,0.07539388713411377,0.037696943567056884,0.5,"{""markov_seconds"": 9.011104383999736, ""mean_states"": 2.051879743870723}"
exact-n10000000-d16-k50-sep2.0-s0,exact,10000000,16,50,2.0,0,768,True,10,943586,200000,0.0943586,238219,85899,2687,74865,1365032891.0,24.641243703998043,2136630485.0,211.35243625000658,500000000.0,3.546673912499955,6.460362839998197,0.9086709,41,markov_pooled_soft,0,1,10.00111021199973,212013,0.0212013,5.165541966101195e-05,0.015390218854971835,0.1503900113218967,0.9089959,0.9872147916125892,0.1495180266179398,0.9137460910345795,0.06585019664492278,0.6650489156958134,0.044364219102562344,0.9491,0.10034150459946903,106693,0.04078028758136033,0.07465478950443268,0.03681714957557485,0.8253843325627778,"{""markov_seconds"": 9.7272616249993, ""mean_states"": 2.051879743870723}"
exact-n10000000-d16-k50-sep2.0-s0,exact,10000000,16,50,2.0,0,768,True,10,943586,200000,0.0943586,238219,85899,2687,74865,1365032891.0,24.641243703998043,2136630485.0,211.35243625000658,500000000.0,3.546673912499955,6.460362839998197,0.9086709,41,markov_w5,0,1,7.795469192999917,212109,0.0212109,3.650139920319262e-05,0.01488368839654834,0.14998764473687162,0.9089563,0.9872299492679646,0.15871,0.920645,0.07935499999999995,0.5,0.0,0.0,0.10203056215127373,106693,0.037821008957430555,0.07541263250635,0.037706316253175,0.5,"{""markov_seconds"": 7.601348558000609, ""mean_states"": 1.035273944293366}"
exact-n10000000-d16-k50-sep2.0-s0,exact,10000000,16,50,2.0,0,768,True,10,943586,200000,0.0943586,238219,85899,2687,74865,1365032891.0,24.641243703998043,2136630485.0,211.35243625000658,500000000.0,3.546673912499955,6.460362839998197,0.9086709,41,markov_w20,0,1,8.202784506000171,211607,0.0211607,3.680431641006621e-05,0.014854589245357033,0.1498088521557719,0.9090218,0.9872325076122684,0.15782,0.92109,0.07891000000000004,0.5,0.0,0.0,0.10170297123125889,106693,0.03781229448953586,0.07539388713411377,0.037696943567056884,0.5,"{""markov_seconds"": 8.022331259000566, ""mean_states"": 2.051879743870723}"
exact-n10000000-d16-k50-sep2.0-s0,exact,10000000,16,50,2.0,0,768,True,10,943586,200000,0.0943586,238219,85899,2687,74865,1365032891.0,24.641243703998043,2136630485.0,211.35243625000658,500000000.0,3.546673912499955,6.460362839998197,0.9086709,41,active_set_U,1037944600,2,15.159497881999414,210657,0.0210657,3.6259963114071425e-05,0.014789554680315427,0.149855217186559,0.9089966,0.987277790951696,0.15569,0.922155,0.07784500000000005,0.5,0.0,0.0,0.10109156542028269,106693,0.037821008957430555,0.07541263250635,0.037706316253175,0.5,"{""iters"": 22}"
exact-n10000000-d16-k50-sep2.0-s0,exact,10000000,16,50,2.0,0,768,True,10,943586,200000,0.0943586,238219,85899,2687,74865,1365032891.0,24.641243703998043,2136630485.0,211.35243625000658,500000000.0,3.546673912499955,6.460362839998197,0.9086709,41,hartigan_U,613330900,2,10.48627985300027,210657,0.0210657,3.6259947742811605e-05,0.014789536287517651,0.149855217186559,0.9089968,0.9872780295660502,0.15569,0.922155,0.07784500000000005,0.5,0.0,0.0,0.1010904768342477,106693,0.037821008957430555,0.07541263250635,0.037706316253175,0.5,"{""moves"": 2049, ""sweeps"": 13}"
exact-n10000000-d16-k50-sep2.0-s0,exact,10000000,16,50,2.0,0,768,True,10,943586,200000,0.0943586,238219,85899,2687,74865,1365032891.0,24.641243703998043,2136630485.0,211.35243625000658,500000000.0,3.546673912499955,6.460362839998197,0.9086709,41,fcm_soft,47179300,1,2.3882937909993416,211546,0.0211546,3.6365315442266066e-05,0.014872037040621844,0.1499809261591653,0.9089729,0.9872488711908733,0.8135287280226718,0.11144714590591578,0.8086663616109403,0.20731818134173427,3.705091233159037,1.0,0.8557892069224597,106693,0.883958355155485,0.8057143866716683,0.8478769149439801,0.9606286304319945,{}
exact-n10000000-d16-k50-sep2.0-s0,exact,10000000,16,50,2.0,0,768,True,10,943586,200000,0.0943586,238219,85899,2687,74865,1365032891.0,24.641243703998043,2136630485.0,211.35243625000658,500000000.0,3.546673912499955,6.460362839998197,0.9086709,41,gmm_plugin_soft,47179300,1,2.045577928000057,215486,0.0215486,5.591926446535389e-05,0.014872037040621844,0.1499809261591653,0.9093403,0.9860136180594935,0.10489458797174553,0.8944693818453912,0.006042825799802983,0.9347025969907534,0.15925259975719838,0.95417,0.046012443481267803,106693,0.03222722602838275,0.05601789425175059,0.020344989857980257,0.9844589138810798,{}
exact-n10000000-d16-k50-sep2.0-s0,exact,10000000,16,50,2.0,0,768,True,10,943586,200000,0.0943586,238219,85899,2687,74865,1365032891.0,24.641243703998043,2136630485.0,211.35243625000658,500000000.0,3.546673912499955,6.460362839998197,0.9086709,41,full_convergence,771597594.0,758,186.71119254600853,0,0.0,0.0,0.0,0.0,0.9086709,1.0,0.0,1.0,0.0,nan,0.0,0.0,0.07075736593729151,106693,0.037821008957430555,0.07541263250635,0.037706316253175,0.5,{}
exact-n10000000-d16-k50-sep2.0-s0,exact,10000000,16,50,2.0,0,768,True,10,943586,200000,0.0943586,238219,85899,2687,74865,1365032891.0,24.641243703998043,2136630485.0,211.35243625000658,500000000.0,3.546673912499955,6.460362839998197,0.9086709,41,true_posterior_oracle,0,0,0.0,,,,,,,,0.29261347724150566,0.8509624124343408,0.14473140503424398,0.2902759357322513,0.01000336275358933,0.70492,0.14239750142787613,106693,0.0,0.00898093450481706,0.0004799997028067916,0.9891981239781205,{}
exact-n10000000-d16-k50-sep2.0-s0,exact,10000000,16,50,2.0,0,768,True,10,943586,200000,0.0943586,238219,85899,2687,74865,1365032891.0,24.641243703998043,2136630485.0,211.35243625000658,500000000.0,3.546673912499955,6.460362839998197,0.9086709,41,model_posterior_oracle,0,0,0.0,,,,,,,,0.04737194024824241,0.9292426340627086,0.06490380948843892,0.9627897596621514,0.1448287805695908,0.953885,0.0,106693,0.03220264883293723,0.055986683784540955,0.020350006533497333,0.9844614933457337,{}
exact-n10000000-d16-k50-sep2.0-s0,exact,10000000,16,50,2.0,0,768,True,20,19015,19015,0.0019015,223335,4131,1863,3332,1405220295.0,28.102845961999265,2136630485.0,211.35243625000658,500000000.0,3.546673912499955,6.460362839998197,0.9086709,41,stop,0,1,0.23775321700031782,199652,0.0199652,3.1756298813911954e-05,0.014087581037433447,0.14378980186777235,0.908723,0.9876277147690684,0.3504601630291875,0.8247699184854063,0.17523008151459374,0.5,0.0,0.0,0.3023324455042506,49,0.9823042344614531,1.9591836734693877,0.9795918367346939,0.5,{}
exact-n10000000-d16-k50-sep2.0-s0,exact,10000000,16,50,2.0,0,768,True,20,19015,19015,0.0019015,223335,4131,1863,3332,1405220295.0,28.102845961999265,2136630485.0,211.35243625000658,500000000.0,3.546673912499955,6.460362839998197,0.9086709,41,reassign_U,950750,2,0.38218687799962936,199638,0.0199638,3.175582869485716e-05,0.014087343526533767,0.14379425300160145,0.9087244,0.9876281426483134,0.3489876413357875,0.8255061793321062,0.17449382066789376,0.5,0.0,0.0,0.30217950371617636,49,0.9823042344614531,1.9591836734693877,0.9795918367346939,0.5,{}
exact-n10000000-d16-k50-sep2.0-s0,exact,10000000,16,50,2.0,0,768,True,20,19015,19015,0.0019015,223335,4131,1863,3332,1405220295.0,28.102845961999265,2136630485.0,211.35243625000658,500000000.0,3.546673912499955,6.460362839998197,0.9086709,41,majority,0,1,0.2047435320000659,205803,0.0205803,3.398945444343937e-05,0.014480349509126174,0.14624824989838497,0.9087388,0.9874298396155701,0.9974230870365501,0.5012884564817249,0.49871154351827507,0.5,0.0,0.0,0.49815072988339265,49,0.9823042344614531,1.9591836734693877,0.9795918367346939,0.5,{}
exact-n10000000-d16-k50-sep2.0-s0,exact,10000000,16,50,2.0,0,768,True,20,19015,19015,0.0019015,223335,4131,1863,3332,1405220295.0,28.102845961999265,2136630485.0,211.35243625000658,500000000.0,3.546673912499955,6.460362839998197,0.9086709,41,frequency_soft,0,1,0.21262509799998952,205803,0.0205803,3.4005314926588426e-05,0.01447573743356182,0.14647160505236742,0.9087388,0.9874298396155701,0.6370525226930458,0.5016661487342529,0.23016279014175406,0.5047831468543506,0.5371733567620193,1.0,0.31441251533639264,49,0.980448946654164,1.7321639399561475,0.8404452690166977,0.7083333333333334,{}
exact-n10000000-d16-k50-sep2.0-s0,exact,10000000,16,50,2.0,0,768,True,20,19015,19015,0.0019015,223335,4131,1863,3332,1405220295.0,28.102845961999265,2136630485.0,211.35243625000658,500000000.0,3.546673912499955,6.460362839998197,0.9086709,41,markov,0,1,0.3986582589996033,199661,0.0199661,3.176502608659426e-05,0.01408828162655881,0.1437849541479693,0.9087179,0.9876276108868173,0.35140678411780174,0.8242966079410992,0.17570339205890084,0.5,0.0,0.0,0.30271189224674033,49,0.9823042344614531,1.9591836734693877,0.9795918367346939,0.5,"{""markov_seconds"": 0.20361663099993166, ""mean_states"": 2.0}"
exact-n10000000-d16-k50-sep2.0-s0,exact,10000000,16,50,2.0,0,768,True,20,19015,19015,0.0019015,223335,4131,1863,3332,1405220295.0,28.102845961999265,2136630485.0,211.35243625000658,500000000.0,3.546673912499955,6.460362839998197,0.9086709,41,markov_soft,0,1,0.3577687810002317,199661,0.0199661,3.176513618741161e-05,0.014088801115871758,0.14377557055570506,0.9087179,0.9876276108868173,0.3485306824331993,0.8234797282654238,0.1729039970047842,0.511263751358016,0.006661973445268606,0.011885353668156719,0.30019776285837874,49,0.9823042344614531,1.9591836734693877,0.9795918367346939,0.5,"{""markov_seconds"": 0.17414668899982644, ""mean_states"": 2.0}"
exact-n10000000-d16-k50-sep2.0-s0,exact,10000000,16,50,2.0,0,768,True,20,19015,19015,0.0019015,223335,4131,1863,3332,1405220295.0,28.102845961999265,2136630485.0,211.35243625000658,500000000.0,3.546673912499955,6.460362839998197,0.9086709,41,markov_a0.5,0,1,0.3868716110000605,202132,0.0202132,3.268507174825075e-05,0.014250387189500963,0.14479440847959968,0.9087234,0.9875462689133954,0.6113068630028925,0.6943465684985538,0.3056534315014462,0.5,0.0,0.0,0.38266014513090685,49,0.9823042344614531,1.9591836734693877,0.9795918367346939,0.5,"{""markov_seconds"": 0.1813685130000522, ""mean_states"": 2.0}"
exact-n10000000-d16-k50-sep2.0-s0,exact,10000000,16,50,2.0,0,768,True,20,19015,19015,0.0019015,223335,4131,1863,3332,1405220295.0,28.102845961999265,2136630485.0,211.35243625000658,500000000.0,3.546673912499955,6.460362839998197,0.9086709,41,markov_a0.5_soft,0,1,0.3688704340002005,202132,0.0202132,3.309448897770295e-05,0.014349629528583476,0.14555630252858046,0.9087234,0.9875462689133954,0.44826364782338596,0.6058574591730053,0.11892913890996071,0.557942139805484,0.5136040573217344,1.0,0.24346509691137913,49,0.9810287240196558,1.810945301544721,0.8964033415564028,0.7083333333333334,"{""markov_seconds"": 0.200869906000662, ""mean_states"": 2.0}"
exact-n10000000-d16-k50-sep2.0-s0,exact,10000000,16,50,2.0,0,768,True,20,19015,19015,0.0019015,223335,4131,1863,3332,1405220295.0,28.102845961999265,2136630485.0,211.35243625000658,500000000.0,3.546673912499955,6.460362839998197,0.9086709,41,markov_pooled,0,1,0.38520121200053836,200253,0.0200253,3.20255237509226e-05,0.01412663612414879,0.14383733624257783,0.9086709,0.9876080734074969,0.41367341572442806,0.7931632921377859,0.2068367078622141,0.5,0.0,0.0,0.3218213633716786,49,0.9823042344614531,1.9591836734693877,0.9795918367346939,0.5,"{""markov_seconds"": 0.18740164100017864, ""mean_states"": 2.0}"
exact-n10000000-d16-k50-sep2.0-s0,exact,10000000,16,50,2.0,0,768,True,20,19015,19015,0.0019015,223335,4131,1863,3332,1405220295.0,28.102845961999265,2136630485.0,211.35243625000658,500000000.0,3.546673912499955,6.460362839998197,0.9086709,41,markov_pooled_soft,0,1,0.3429422790004537,200253,0.0200253,3.254674693642379e-05,0.014243199454031122,0.14459255239661947,0.9086709,0.9876080734074969,0.340462209004224,0.6937732259854892,0.08905229029139097,0.560548929686963,0.42671514735386096,0.996213515645543,0.21270788465047488,49,0.9823042344614531,1.9591836734693877,0.9795918367346939,0.5,"{""markov_seconds"": 0.17370308299996395, ""mean_states"": 2.0}"
exact-n10000000-d16-k50-sep2.0-s0,exact,10000000,16,50,2.0,0,768,True,20,19015,19015,0.0019015,223335,4131,1863,3332,1405220295.0,28.102845961999265,2136630485.0,211.35243625000658,500000000.0,3.546673912499955,6.460362839998197,0.9086709,41,markov_w5,0,1,0.3473743699996703,199656,0.0199656,3.175636402685811e-05,0.0140877479289262,0.14378920287234323,0.9087228,0.9876275754490467,0.35088088351301605,0.824559558243492,0.17544044175650797,0.5,0.0,0.0,0.3024152898502521,49,0.9823042344614531,1.9591836734693877,0.9795918367346939,0.5,"{""markov_seconds"": 0.17224612700010766, ""mean_states"": 1.4870891401525113}"
exact-n10000000-d16-k50-sep2.0-s0,exact,10000000,16,50,2.0,0,768,True,20,19015,19015,0.0019015,223335,4131,1863,3332,1405220295.0,28.102845961999265,2136630485.0,211.35243625000658,500000000.0,3.546673912499955,6.460362839998197,0.9086709,41,markov_w20,0,1,0.43324369300080434,202297,0.0202297,3.375819148243586e-05,0.014265500740626078,0.1441968325477887,0.908617,0.9875344740766018,0.6286615829608204,0.6856692085195898,0.3143307914804102,0.5,0.0,0.0,0.38795255011571933,49,0.9823042344614531,1.9591836734693877,0.9795918367346939,0.5,"{""markov_seconds"": 0.24127151600077923, ""mean_states"": 2.0067841178017356}"
exact-n10000000-d16-k50-sep2.0-s0,exact,10000000,16,50,2.0,0,768,True,20,19015,19015,0.0019015,223335,4131,1863,3332,1405220295.0,28.102845961999265,2136630485.0,211.35243625000658,500000000.0,3.546673912499955,6.460362839998197,0.9086709,41,active_set_U,3803000,2,0.44192881399976613,199639,0.0199639,3.175581943937189e-05,0.014087372786604137,0.1437966393375348,0.9087245,0.9876281522671059,0.3490928214567447,0.8254535892716277,0.1745464107283723,0.5,0.0,0.0,0.3022045303826483,49,0.9823042344614531,1.9591836734693877,0.9795918367346939,0.5,"{""iters"": 4}"
exact-n10000000-d16-k50-sep2.0-s0,exact,10000000,16,50,2.0,0,768,True,20,19015,19015,0.0019015,223335,4131,1863,3332,1405220295.0,28.102845961999265,2136630485.0,211.35243625000658,500000000.0,3.546673912499955,6.460362839998197,0.9086709,41,hartigan_U,2852250,2,0.3970535109992852,199644,0.0199644,3.175581576275732e-05,0.014087520334761768,0.1437992894785778,0.9087246,0.9876280045759618,0.3496187220615304,0.8251906389692348,0.17480936103076516,0.5,0.0,0.0,0.30229440458810297,49,0.9823042344614531,1.9591836734693877,0.9795918367346939,0.5,"{""moves"": 32, ""sweeps"": 3}"
exact-n10000000-d16-k50-sep2.0-s0,exact,10000000,16,50,2.0,0,768,True,20,19015,19015,0.0019015,223335,4131,1863,3332,1405220295.0,28.102845961999265,2136630485.0,211.35243625000658,500000000.0,3.546673912499955,6.460362839998197,0.9086709,41,fcm_soft,950750,1,0.13432998899952509,199638,0.0199638,3.1755881698458666e-05,0.014087581037433447,0.14378980186777235,0.9087244,0.9876281426483134,0.7645040344346453,0.14621716105327925,0.6790080709611506,0.49452727497754234,3.5034249625683076,1.0,0.7228956017739756,49,0.967651089183008,0.9673430326547228,0.036103353790760656,0.9583333333333334,{}
exact-n10000000-d16-k50-sep2.0-s0,exact,10000000,16,50,2.0,0,768,True,20,19015,19015,0.0019015,223335,4131,1863,3332,1405220295.0,28.102845961999265,2136630485.0,211.35243625000658,500000000.0,3.546673912499955,6.460362839998197,0.9086709,41,gmm_plugin_soft,950750,1,0.05577612700017198,199742,0.0199742,3.185419143214574e-05,0.014087581037433447,0.14378980186777235,0.9087479,0.9876075585329265,0.46096620760197254,0.5207850330869802,0.29251276740145093,0.6574769253673488,0.6914981472299639,1.0,0.22437218039444962,49,0.9796974869254867,1.487266702764928,0.6088894674858027,1.0,{}
exact-n10000000-d16-k50-sep2.0-s0,exact,10000000,16,50,2.0,0,768,True,20,19015,19015,0.0019015,223335,4131,1863,3332,1405220295.0,28.102845961999265,2136630485.0,211.35243625000658,500000000.0,3.546673912499955,6.460362839998197,0.9086709,41,full_convergence,731410190.0,748,183.2495902880073,0,0.0,0.0,0.0,0.0,0.9086709,1.0,0.0,1.0,0.0,nan,0.0,0.0,0.25561805154427586,49,0.9823042344614531,1.9591836734693877,0.9795918367346939,0.5,{}
exact-n10000000-d16-k50-sep2.0-s0,exact,10000000,16,50,2.0,0,768,True,20,19015,19015,0.0019015,223335,4131,1863,3332,1405220295.0,28.102845961999265,2136630485.0,211.35243625000658,500000000.0,3.546673912499955,6.460362839998197,0.9086709,41,true_posterior_oracle,0,0,0.0,,,,,,,,1.0565296126013424,0.47139201875409165,0.5280684107269427,0.5798308235731549,0.0012026689218565258,0.219668682618985,0.5172268672811213,49,0.0,0.0018100438302752163,0.006147391961958058,nan,{}
exact-n10000000-d16-k50-sep2.0-s0,exact,10000000,16,50,2.0,0,768,True,20,19015,19015,0.0019015,223335,4131,1863,3332,1405220295.0,28.102845961999265,2136630485.0,211.35243625000658,500000000.0,3.546673912499955,6.460362839998197,0.9086709,41,model_posterior_oracle,0,0,0.0,,,,,,,,0.16790947793638092,0.7443819484557241,0.2500755645572057,0.8262303685436003,0.5164136284196169,1.0,0.0,49,0.9799591710049952,1.482754160048087,0.6181345575895175,1.0,{}
exact-n10000000-d16-k50-sep2.0-s0,exact,10000000,16,50,2.0,0,768,True,30,16289,16289,0.0016289,210650,3604,1438,2958,1442783855.0,31.061808501000996,2136630485.0,211.35243625000658,500000000.0,3.546673912499955,6.460362839998197,0.9086709,41,stop,0,1,0.1955752060002851,189283,0.0189283,2.8209137925783168e-05,0.01343407339958188,0.13943561916650227,0.9087414,0.9879817972633151,0.3631898827429554,0.8184050586285223,0.1815949413714777,0.5,0.0,0.0,0.3134465470265357,2,0.9999870993836096,2.0,1.0,nan,{}
exact-n10000000-d16-k50-sep2.0-s0,exact,10000000,16,50,2.0,0,768,True,30,16289,16289,0.0016289,210650,3604,1438,2958,1442783855.0,31.061808501000996,2136630485.0,211.35243625000658,500000000.0,3.546673912499955,6.460362839998197,0.9086709,41,reassign_U,814450,2,0.3785774459993263,189292,0.0189292,2.8208584466726805e-05,0.013434427949125251,0.13943442225783076,0.9087409,0.987981431728332,0.36429492295414084,0.8178525385229296,0.1821474614770704,0.5,0.0,0.0,0.31367726831929,2,0.9999870993836096,2.0,1.0,nan,{}
exact-n10000000-d16-k50-sep2.0-s0,exact,10000000,16,50,2.0,0,768,True,30,16289,16289,0.0016289,210650,3604,1438,2958,1442783855.0,31.061808501000996,2136630485.0,211.35243625000658,500000000.0,3.546673912499955,6.460362839998197,0.9086709,41,majority,0,1,0.22256289300003118,194149,0.0194149,2.9821899553805764e-05,0.01373705636599893,0.1417306896798592,0.9087318,0.9878150551494022,0.9606482902572288,0.5196758548713856,0.48032414512861443,0.5,0.0,0.0,0.4870122358086621,2,0.9999870993836096,2.0,1.0,nan,{}
exact-n10000000-d16-k50-sep2.0-s0,exact,10000000,16,50,2.0,0,768,True,30,16289,16289,0.0016289,210650,3604,1438,2958,1442783855.0,31.061808501000996,2136630485.0,211.35243625000658,500000000.0,3.546673912499955,6.460362839998197,0.9086709,41,frequency_soft,0,1,0.20391357700009394,194149,0.0194149,2.9833820778479847e-05,0.013741443129764153,0.14162103229860581,0.9087318,0.9878150551494022,0.6060409879607441,0.51423994999414,0.20601744624090979,0.5237496708448235,0.544032211965189,1.0,0.295912298604905,2,0.9999870993836055,1.5702479338842976,0.6818181818181819,nan,{}
exact-n10000000-d16-k50-sep2.0-s0,exact,10000000,16,50,2.0,0,768,True,30,16289,16289,0.0016289,210650,3604,1438,2958,1442783855.0,31.061808501000996,2136630485.0,211.35243625000658,500000000.0,3.546673912499955,6.460362839998197,0.9086709,41,markov,0,1,0.376290737999625,189288,0.0189288,2.821201880598423e-05,0.013434148062222692,0.13944277773114497,0.9087419,0.9879816977948602,0.36380379397139173,0.8180981030143041,0.18190189698569592,0.5,0.0,0.0,0.3135617241373837,2,0.9999870993836096,2.0,1.0,nan,"{""markov_seconds"": 0.20659619799971551, ""mean_states"": 2.0}"
exact-n10000000-d16-k50-sep2.0-s0,exact,10000000,16,50,2.0,0,768,True,30,16289,16289,0.0016289,210650,3604,1438,2958,1442783855.0,31.061808501000996,2136630485.0,211.35243625000658,500000000.0,3.546673912499955,6.460362839998197,0.9086709,41,markov_soft,0,1,0.33251912600007927,189288,0.0189288,2.8212050817932877e-05,0.013434001295873028,0.1394376423708557,0.9087419,0.9879816977948602,0.3614873905509694,0.8182821310753189,0.18048269302562164,0.5057606629277851,0.0028742318450065405,0.005095463196021856,0.3122838787889352,2,0.9999870993836096,2.0,1.0,nan,"{""markov_seconds"": 0.15795738699944195, ""mean_states"": 2.0}"
exact-n10000000-d16-k50-sep2.0-s0,exact,10000000,16,50,2.0,0,768,True,30,16289,16289,0.0016289,210650,3604,1438,2958,1442783855.0,31.061808501000996,2136630485.0,211.35243625000658,500000000.0,3.546673912499955,6.460362839998197,0.9086709,41,markov_a0.5,0,1,0.445722903999922,191051,0.0191051,2.8758764846426033e-05,0.013545028374440736,0.14026421195877287,0.9087347,0.9879205179317861,0.5802688931180552,0.7098655534409725,0.29013444655902754,0.5,0.0,0.0,0.3766449031256,2,0.9999870993836096,2.0,1.0,nan,"{""markov_seconds"": 0.23069725200002722, ""mean_states"": 2.0}"
exact-n10000000-d16-k50-sep2.0-s0,exact,10000000,16,50,2.0,0,768,True,30,16289,16289,0.0016289,210650,3604,1438,2958,1442783855.0,31.061808501000996,2136630485.0,211.35243625000658,500000000.0,3.546673912499955,6.460362839998197,0.9086709,41,markov_a0.5_soft,0,1,0.4273892999999589,191051,0.0191051,2.9137615820129525e-05,0.013637279677086079,0.1408967252324005,0.9087347,0.9879205179317861,0.42592385478717854,0.6160237435796162,0.09617065531686496,0.5735857738885576,0.5160214823905453,1.0,0.2294655115283109,2,0.9999870993836056,1.722225576621181,0.8324175824175823,nan,"{""markov_seconds"": 0.21854393500052538, ""mean_states"": 2.0}"
exact-n10000000-d16-k50-sep2.0-s0,exact,10000000,16,50,2.0,0,768,True,30,16289,16289,0.0016289,210650,3604,1438,2958,1442783855.0,31.061808501000996,2136630485.0,211.35243625000658,500000000.0,3.546673912499955,6.460362839998197,0.9086709,41,markov_pooled,0,1,0.3472015609995651,189722,0.0189722,2.835586385230293e-05,0.013460770672142346,0.13981741536819486,0.9087533,0.9879666634071698,0.4170912885996685,0.7914543557001658,0.20854564429983424,0.5,0.0,0.0,0.32889768796107244,2,0.9999870993836096,2.0,1.0,nan,"{""markov_seconds"": 0.16630422399975942, ""mean_states"": 2.0}"
exact-n10000000-d16-k50-sep2.0-s0,exact,10000000,16,50,2.0,0,768,True,30,16289,16289,0.0016289,210650,3604,1438,2958,1442783855.0,31.061808501000996,2136630485.0,211.35243625000658,500000000.0,3.546673912499955,6.460362839998197,0.9086709,41,markov_pooled_soft,0,1,0.335674401999313,189722,0.0189722,2.876513359328925e-05,0.01355496092831325,0.1403135585882944,0.9087533,0.9879666634071698,0.3286735597933871,0.6967024454161879,0.07172278679084618,0.5955639505427714,0.43679080233628226,0.9987721775431273,0.20451565919706,2,0.9999870993836096,2.0,1.0,nan,"{""markov_seconds"": 0.1544722799999363, ""mean_states"": 2.0}"
exact-n10000000-d16-k50-sep2.0-s0,exact,10000000,16,50,2.0,0,768,True,30,16289,16289,0.0016289,210650,3604,1438,2958,1442783855.0,31.061808501000996,2136630485.0,211.35243625000658,500000000.0,3.546673912499955,6.460362839998197,0.9086709,41,markov_w5,0,1,0.3338872430003903,189280,0.018928,2.8209513466270764e-05,0.0134339337557478,0.13943299151996125,0.9087413,0.9879818717610329,0.36282153600589356,0.8185892319970532,0.18141076800294675,0.5,0.0,0.0,0.3133522312280168,2,0.9999870993836096,2.0,1.0,nan,"{""markov_seconds"": 0.17781599299996742, ""mean_states"": 1.4857265639388544}"
exact-n10000000-d16-k50-sep2.0-s0,exact,10000000,16,50,2.0,0,768,True,30,16289,16289,0.0016289,210650,3604,1438,2958,1442783855.0,31.061808501000996,2136630485.0,211.35243625000658,500000000.0,3.546673912499955,6.460362839998197,0.9086709,41,markov_w20,0,1,0.3752534100003686,189281,0.0189281,2.823742900814885e-05,0.013434121146276816,0.13940324960866246,0.908736,0.9879818865696521,0.3629443182515808,0.8185278408742096,0.1814721591257904,0.5,0.0,0.0,0.31350128372188274,2,0.9999870993836096,2.0,1.0,nan,"{""markov_seconds"": 0.19999305900000763, ""mean_states"": 2.0}"
exact-n10000000-d16-k50-sep2.0-s0,exact,10000000,16,50,2.0,0,768,True,30,16289,16289,0.0016289,210650,3604,1438,2958,1442783855.0,31.061808501000996,2136630485.0,211.35243625000658,500000000.0,3.546673912499955,6.460362839998197,0.9086709,41,active_set_U,2443350,2,0.3767826410003181,189292,0.0189292,2.820856969365515e-05,0.01343443516465382,0.1394345963852892,0.9087409,0.987981431728332,0.36429492295414084,0.8178525385229296,0.1821474614770704,0.5,0.0,0.0,0.31369135746495175,2,0.9999870993836096,2.0,1.0,nan,"{""iters"": 3}"
exact-n10000000-d16-k50-sep2.0-s0,exact,10000000,16,50,2.0,0,768,True,30,16289,16289,0.0016289,210650,3604,1438,2958,1442783855.0,31.061808501000996,2136630485.0,211.35243625000658,500000000.0,3.546673912499955,6.460362839998197,0.9086709,41,hartigan_U,2443350,2,0.3836680599997635,189292,0.0189292,2.820856969365515e-05,0.01343443516465382,0.1394345963852892,0.9087409,0.987981431728332,0.36429492295414084,0.8178525385229296,0.1821474614770704,0.5,0.0,0.0,0.31369135746495175,2,0.9999870993836096,2.0,1.0,nan,"{""moves"": 27, ""sweeps"": 3}"
exact-n10000000-d16-k50-sep2.0-s0,exact,10000000,16,50,2.0,0,768,True,30,16289,16289,0.0016289,210650,3604,1438,2958,1442783855.0,31.061808501000996,2136630485.0,211.35243625000658,500000000.0,3.546673912499955,6.460362839998197,0.9086709,41,fcm_soft,814450,1,0.04623161000017717,189292,0.0189292,2.820869008668403e-05,0.01343407339958188,0.13943561916650227,0.9087409,0.987981431728332,0.7634027745204404,0.14690897882300855,0.6706655780647474,0.4862012892961039,3.5006389968425964,1.0,0.7191002844662745,2,0.9778334748885914,0.9805070023379476,0.05399752959483885,nan,{}
exact-n10000000-d16-k50-sep2.0-s0,exact,10000000,16,50,2.0,0,768,True,30,16289,16289,0.0016289,210650,3604,1438,2958,1442783855.0,31.061808501000996,2136630485.0,211.35243625000658,500000000.0,3.546673912499955,6.460362839998197,0.9086709,41,gmm_plugin_soft,814450,1,0.06330320500001108,189384,0.0189384,2.830420645882903e-05,0.01343407339958188,0.13943561916650227,0.9087705,0.987975478776294,0.46545043968150884,0.518284496134297,0.28759612789562183,0.6373451868851859,0.6918904077501143,1.0,0.2193381671608592,2,0.9999866645347038,1.5369541546070193,0.6460280267824297,nan,{}
exact-n10000000-d16-k50-sep2.0-s0,exact,10000000,16,50,2.0,0,768,True,30,16289,16289,0.0016289,210650,3604,1438,2958,1442783855.0,31.061808501000996,2136630485.0,211.35243625000658,500000000.0,3.546673912499955,6.460362839998197,0.9086709,41,full_convergence,693846630.0,738,180.29062774900558,0,0.0,0.0,0.0,0.0,0.9086709,1.0,0.0,1.0,0.0,nan,0.0,0.0,0.2630790128121059,2,0.9999870993836096,2.0,1.0,nan,{}
exact-n10000000-d16-k50-sep2.0-s0,exact,10000000,16,50,2.0,0,768,True,30,16289,16289,0.0016289,210650,3604,1438,2958,1442783855.0,31.061808501000996,2136630485.0,211.35243625000658,500000000.0,3.546673912499955,6.460362839998197,0.9086709,41,true_posterior_oracle,0,0,0.0,,,,,,,,0.9964610392047135,0.5014887600087194,0.49798488577173977,0.5909715794346448,0.000952158134906478,0.1973110688194487,0.4978198342456517,2,0.0,4.280234995858396e-10,1.3335382637702509e-05,nan,{}
exact-n10000000-d16-k50-sep2.0-s0,exact,10000000,16,50,2.0,0,768,True,30,16289,16289,0.0016289,210650,3604,1438,2958,1442783855.0,31.061808501000996,2136630485.0,211.35243625000658,500000000.0,3.546673912499955,6.460362839998197,0.9086709,41,model_posterior_oracle,0,0,0.0,,,,,,,,0.17332895878194524,0.7369209871878941,0.26077335301332283,0.8692473455022668,0.5281685735973576,1.0,0.0,2,0.9999866642781959,1.536604756981895,0.6454493808037313,nan,{}
exact-n10000000-d16-k50-sep2.0-s0,exact,10000000,16,50,2.0,0,768,True,40,12911,12911,0.0012911,200412,2673,1221,2207,1469982918.0,33.96378801600258,2136630485.0,211.35243625000658,500000000.0,3.546673912499955,6.460362839998197,0.9086709,41,stop,0,1,0.272809332000179,180804,0.0180804,2.6073510813073852e-05,0.012880650176853383,0.1353815124211582,0.90873,0.9882907972575209,0.34187901789172026,0.8290604910541399,0.17093950894586007,0.5,0.0,0.0,0.3082663719135399,0,,,,,{}
exact-n10000000-d16-k50-sep2.0-s0,exact,10000000,16,50,2.0,0,768,True,40,12911,12911,0.0012911,200412,2673,1221,2207,1469982918.0,33.96378801600258,2136630485.0,211.35243625000658,500000000.0,3.546673912499955,6.460362839998197,0.9086709,41,reassign_U,645550,2,0.4418088809998153,180801,0.0180801,2.6073063151388354e-05,0.01288018755272582,0.1353797834224509,0.9087311,0.988290950453632,0.34141429788552397,0.829292851057238,0.17070714894276195,0.5,0.0,0.0,0.3080154338042665,0,,,,,{}
exact-n10000000-d16-k50-sep2.0-s0,exact,10000000,16,50,2.0,0,768,True,40,12911,12911,0.0012911,200412,2673,1221,2207,1469982918.0,33.96378801600258,2136630485.0,211.35243625000658,500000000.0,3.546673912499955,6.460362839998197,0.9086709,41,majority,0,1,0.20918853799958015,184990,0.018499,2.7084482176364943e-05,0.013149894560036674,0.13743498354654704,0.9087159,0.9881371829921162,0.9903183332042444,0.5048408333978778,0.4951591666021222,0.5,0.0,0.0,0.4953087209612026,0,,,,,{}
exact-n10000000-d16-k50-sep2.0-s0,exact,10000000,16,50,2.0,0,768,True,40,12911,12911,0.0012911,200412,2673,1221,2207,1469982918.0,33.96378801600258,2136630485.0,211.35243625000658,500000000.0,3.546673912499955,6.460362839998197,0.9086709,41,frequency_soft,0,1,0.2158920459996807,184990,0.018499,2.7093917740250717e-05,0.013152842558757918,0.13741419101511934,0.9087159,0.9881371829921162,0.6339638632186917,0.501080826075017,0.22196013265643813,0.4951824681481025,0.542126025222489,1.0,0.3069834591236594,0,,,,,{}
exact-n10000000-d16-k50-sep2.0-s0,exact,10000000,16,50,2.0,0,768,True,40,12911,12911,0.0012911,200412,2673,1221,2207,1469982918.0,33.96378801600258,2136630485.0,211.35243625000658,500000000.0,3.546673912499955,6.460362839998197,0.9086709,41,markov,0,1,0.2699623629996495,180811,0.0180811,2.6074843386458824e-05,0.012880886829624903,0.13537990867690508,0.9087299,0.9882904855375633,0.3429633645728449,0.8285183177135775,0.17148168228642247,0.5,0.0,0.0,0.3084240834942449,0,,,,,"{""markov_seconds"": 0.12123699000039778, ""mean_states"": 2.0}"
exact-n10000000-d16-k50-sep2.0-s0,exact,10000000,16,50,2.0,0,768,True,40,12911,12911,0.0012911,200412,2673,1221,2207,1469982918.0,33.96378801600258,2136630485.0,211.35243625000658,500000000.0,3.546673912499955,6.460362839998197,0.9086709,41,markov_soft,0,1,0.2932317039994814,180811,0.0180811,2.6074858142433044e-05,0.012880869628383038,0.135380257345419,0.9087299,0.9882904855375633,0.3412128982478115,0.8284089470492311,0.1704705613802736,0.5043278103850553,0.0028938546126440483,0.00503446673379289,0.3071634132003625,0,,,,,"{""markov_seconds"": 0.12145586899987393, ""mean_states"": 2.0}"
exact-n10000000-d16-k50-sep2.0-s0,exact,10000000,16,50,2.0,0,768,True,40,12911,12911,0.0012911,200412,2673,1221,2207,1469982918.0,33.96378801600258,2136630485.0,211.35243625000658,500000000.0,3.546673912499955,6.460362839998197,0.9086709,41,markov_a0.5,0,1,0.2828628769993884,182475,0.0182475,2.647867035276974e-05,0.012987755849157784,0.1362386813181896,0.9087193,0.9882294504317064,0.6007280613430408,0.6996359693284796,0.3003640306715204,0.5,0.0,0.0,0.38229905904895345,0,,,,,"{""markov_seconds"": 0.12333971199950611, ""mean_states"": 2.0}"
exact-n10000000-d16-k50-sep2.0-s0,exact,10000000,16,50,2.0,0,768,True,40,12911,12911,0.0012911,200412,2673,1221,2207,1469982918.0,33.96378801600258,2136630485.0,211.35243625000658,500000000.0,3.546673912499955,6.460362839998197,0.9086709,41,markov_a0.5_soft,0,1,0.2982138639999903,182475,0.0182475,2.667792016297632e-05,0.013062858863135109,0.13675282745647768,0.9087193,0.9882294504317064,0.4404974306940007,0.6081577527757142,0.11051359923736195,0.5595435927747006,0.5175109562577095,1.0,0.23557062548841845,0,,,,,"{""markov_seconds"": 0.1330558910003674, ""mean_states"": 2.0}"
exact-n10000000-d16-k50-sep2.0-s0,exact,10000000,16,50,2.0,0,768,True,40,12911,12911,0.0012911,200412,2673,1221,2207,1469982918.0,33.96378801600258,2136630485.0,211.35243625000658,500000000.0,3.546673912499955,6.460362839998197,0.9086709,41,markov_pooled,0,1,0.29263922499922046,181207,0.0181207,2.6185044508464372e-05,0.012906599450154009,0.13542558188521248,0.9086987,0.9882759702692564,0.4043064053907521,0.7978467973046239,0.20215320269537607,0.5,0.0,0.0,0.3259191835256056,0,,,,,"{""markov_seconds"": 0.12303268999949069, ""mean_states"": 2.0}"
exact-n10000000-d16-k50-sep2.0-s0,exact,10000000,16,50,2.0,0,768,True,40,12911,12911,0.0012911,200412,2673,1221,2207,1469982918.0,33.96378801600258,2136630485.0,211.35243625000658,500000000.0,3.546673912499955,6.460362839998197,0.9086709,41,markov_pooled_soft,0,1,0.33375623500069196,181207,0.0181207,2.643729983331511e-05,0.01298981339645958,0.13618739682579403,0.9086987,0.9882759702692564,0.3275088254748249,0.6956229106788122,0.07969137223834985,0.574597916878211,0.44066196773139676,0.9981411199752149,0.203395490804357,0,,,,,"{""markov_seconds"": 0.16328738300035184, ""mean_states"": 2.0}"
exact-n10000000-d16-k50-sep2.0-s0,exact,10000000,16,50,2.0,0,768,True,40,12911,12911,0.0012911,200412,2673,1221,2207,1469982918.0,33.96378801600258,2136630485.0,211.35243625000658,500000000.0,3.546673912499955,6.460362839998197,0.9086709,41,markov_w5,0,1,0.30051240400007373,180800,0.01808,2.6073642656276874e-05,0.012880340710866267,0.1353770907303901,0.9087294,0.9882909811838896,0.3412593912167919,0.8293703043916041,0.17062969560839591,0.5,0.0,0.0,0.3081055644867248,0,,,,,"{""markov_seconds"": 0.1212805949999165, ""mean_states"": 1.4909766865463558}"
exact-n10000000-d16-k50-sep2.0-s0,exact,10000000,16,50,2.0,0,768,True,40,12911,12911,0.0012911,200412,2673,1221,2207,1469982918.0,33.96378801600258,2136630485.0,211.35243625000658,500000000.0,3.546673912499955,6.460362839998197,0.9086709,41,markov_w20,0,1,0.2931564149994301,180822,0.0180822,2.6098705114829812e-05,0.012881175465904888,0.13538288638334087,0.9087296,0.9882900466102634,0.34466733792889787,0.8276663310355511,0.1723336689644489,0.5,0.0,0.0,0.3086930248768131,0,,,,,"{""markov_seconds"": 0.12438811299944064, ""mean_states"": 2.0}"
exact-n10000000-d16-k50-sep2.0-s0,exact,10000000,16,50,2.0,0,768,True,40,12911,12911,0.0012911,200412,2673,1221,2207,1469982918.0,33.96378801600258,2136630485.0,211.35243625000658,500000000.0,3.546673912499955,6.460362839998197,0.9086709,41,active_set_U,3227750,2,0.4138807790004648,180797,0.0180797,2.6073030317208534e-05,0.012880032676000774,0.13538076065778515,0.9087315,0.9882911540462849,0.3407946712105956,0.8296026643947022,0.1703973356052978,0.5,0.0,0.0,0.3079043956008502,0,,,,,"{""iters"": 5}"
exact-n10000000-d16-k50-sep2.0-s0,exact,10000000,16,50,2.0,0,768,True,40,12911,12911,0.0012911,200412,2673,1221,2207,1469982918.0,33.96378801600258,2136630485.0,211.35243625000658,500000000.0,3.546673912499955,6.460362839998197,0.9086709,41,hartigan_U,2582200,2,0.39314680700044846,180798,0.0180798,2.607302861101779e-05,0.012880060186706814,0.13538078085148636,0.9087314,0.9882911328590135,0.3409495778793277,0.8295252110603362,0.17047478893966383,0.5,0.0,0.0,0.3079335630870669,0,,,,,"{""moves"": 36, ""sweeps"": 4}"
exact-n10000000-d16-k50-sep2.0-s0,exact,10000000,16,50,2.0,0,768,True,40,12911,12911,0.0012911,200412,2673,1221,2207,1469982918.0,33.96378801600258,2136630485.0,211.35243625000658,500000000.0,3.546673912499955,6.460362839998197,0.9086709,41,fcm_soft,645550,1,0.0899324299998625,180801,0.0180801,2.6073156788708474e-05,0.012880650176853383,0.1353815124211582,0.9087311,0.988290950453632,0.7676032179179213,0.1440938429358344,0.6850151583421025,0.48766076842718864,3.5121904825209076,1.0,0.723701592790135,0,,,,,{}
exact-n10000000-d16-k50-sep2.0-s0,exact,10000000,16,50,2.0,0,768,True,40,12911,12911,0.0012911,200412,2673,1221,2207,1469982918.0,33.96378801600258,2136630485.0,211.35243625000658,500000000.0,3.546673912499955,6.460362839998197,0.9086709,41,gmm_plugin_soft,645550,1,0.06587966799997957,180888,0.0180888,2.613377294613528e-05,0.012880650176853383,0.1353815124211582,0.9087585,0.9882867046942978,0.47183778015576705,0.5146295380110071,0.303664288019637,0.6737962188897685,0.6927255815744127,1.0,0.22357371700655232,0,,,,,{}
exact-n10000000-d16-k50-sep2.0-s0,exact,10000000,16,50,2.0,0,768,True,40,12911,12911,0.0012911,200412,2673,1221,2207,1469982918.0,33.96378801600258,2136630485.0,211.35243625000658,500000000.0,3.546673912499955,6.460362839998197,0.9086709,41,full_convergence,666647567.0,728,177.388648234004,0,0.0,0.0,0.0,0.0,0.9086709,1.0,0.0,1.0,0.0,nan,0.0,0.0,0.262124553470836,0,,,,,{}
exact-n10000000-d16-k50-sep2.0-s0,exact,10000000,16,50,2.0,0,768,True,40,12911,12911,0.0012911,200412,2673,1221,2207,1469982918.0,33.96378801600258,2136630485.0,211.35243625000658,500000000.0,3.546673912499955,6.460362839998197,0.9086709,41,true_posterior_oracle,0,0,0.0,,,,,,,,0.9932787898024129,0.5031211762186003,0.496472901940869,0.6188095664214599,0.0008541053159168084,0.21872821624970956,0.4988523780424476,0,,,,,{}
exact-n10000000-d16-k50-sep2.0-s0,exact,10000000,16,50,2.0,0,768,True,40,12911,12911,0.0012911,200412,2673,1221,2207,1469982918.0,33.96378801600258,2136630485.0,211.35243625000658,500000000.0,3.546673912499955,6.460362839998197,0.9086709,41,model_posterior_oracle,0,0,0.0,,,,,,,,0.1722301273033993,0.7378754465291639,0.2599618917531899,0.8881173366444204,0.5272360922441903,1.0,0.0,0,,,,,{}
exact-n10000000-d16-k50-sep2.0-s0,exact,10000000,16,50,2.0,0,768,True,50,12014,12014,0.0012014,190642,2244,1200,1870,1495778832.0,37.06818515099985,2136630485.0,211.35243625000658,500000000.0,3.546673912499955,6.460362839998197,0.9086709,41,stop,0,1,0.21472445500057802,172539,0.0172539,2.4212648472410336e-05,0.01233241630366948,0.1308841972863817,0.908717,0.9886085061568738,0.3113034792741801,0.8443482603629099,0.15565173963709011,0.5,0.0,0.0,0.30091239571319683,0,,,,,{}
exact-n10000000-d16-k50-sep2.0-s0,exact,10000000,16,50,2.0,0,768,True,50,12014,12014,0.0012014,190642,2244,1200,1870,1495778832.0,37.06818515099985,2136630485.0,211.35243625000658,500000000.0,3.546673912499955,6.460362839998197,0.9086709,41,reassign_U,600700,2,0.381709471999784,172529,0.0172529,2.4212360525854848e-05,0.0123321363458275,0.1308779935848221,0.9087158,0.9886090774535884,0.3096387547860829,0.8451806226069586,0.1548193773930414,0.5,0.0,0.0,0.300615695713427,0,,,,,{}
exact-n10000000-d16-k50-sep2.0-s0,exact,10000000,16,50,2.0,0,768,True,50,12014,12014,0.0012014,190642,2244,1200,1870,1495778832.0,37.06818515099985,2136630485.0,211.35243625000658,500000000.0,3.546673912499955,6.460362839998197,0.9086709,41,majority,0,1,0.22676217300067947,176766,0.0176766,2.5125727135755227e-05,0.012611262970847475,0.13324556300798895,0.9087236,0.9884444351274879,1.014982520392875,0.4925087398035625,0.5074912601964374,0.5,0.0,0.0,0.5021737019917172,0,,,,,{}
exact-n10000000-d16-k50-sep2.0-s0,exact,10000000,16,50,2.0,0,768,True,50,12014,12014,0.0012014,190642,2244,1200,1870,1495778832.0,37.06818515099985,2136630485.0,211.35243625000658,500000000.0,3.546673912499955,6.460362839998197,0.9086709,41,frequency_soft,0,1,0.19637448800040147,176766,0.0176766,2.5136098839251275e-05,0.012606800890501806,0.13317297043907306,0.9087236,0.9884444351274879,0.6422782236151487,0.49779802351801683,0.23649681432268418,0.5054086865462638,0.5401218665426193,1.0,0.31099504065715344,0,,,,,{}
exact-n10000000-d16-k50-sep2.0-s0,exact,10000000,16,50,2.0,0,768,True,50,12014,12014,0.0012014,190642,2244,1200,1870,1495778832.0,37.06818515099985,2136630485.0,211.35243625000658,500000000.0,3.546673912499955,6.460362839998197,0.9086709,41,markov,0,1,0.2776123230005396,172545,0.0172545,2.4215152017559305e-05,0.012332730473703011,0.13089244542761008,0.9087172,0.9886083889072883,0.31230231396703845,0.8438488430164808,0.15615115698351922,0.5,0.0,0.0,0.30123645350931,0,,,,,"{""markov_seconds"": 0.13087096000072052, ""mean_states"": 2.0}"
exact-n10000000-d16-k50-sep2.0-s0,exact,10000000,16,50,2.0,0,768,True,50,12014,12014,0.0012014,190642,2244,1200,1870,1495778832.0,37.06818515099985,2136630485.0,211.35243625000658,500000000.0,3.546673912499955,6.460362839998197,0.9086709,41,markov_soft,0,1,0.27581069099960587,172545,0.0172545,2.421516678241531e-05,0.012332731237041246,0.13089390809583618,0.9087172,0.9886083889072883,0.30943559348033695,0.8439979355494588,0.1543165383249012,0.5099009578366155,0.003802250042037607,0.0067421341767937406,0.299612481930474,0,,,,,"{""markov_seconds"": 0.11414247799984878, ""mean_states"": 2.0}"
exact-n10000000-d16-k50-sep2.0-s0,exact,10000000,16,50,2.0,0,768,True,50,12014,12014,0.0012014,190642,2244,1200,1870,1495778832.0,37.06818515099985,2136630485.0,211.35243625000658,500000000.0,3.546673912499955,6.460362839998197,0.9086709,41,markov_a0.5,0,1,0.306268502000421,174189,0.0174189,2.458637641278294e-05,0.012442715902401997,0.13180769919621976,0.9087194,0.9885438832015626,0.5859830198102214,0.7070084900948893,0.2929915099051107,0.5,0.0,0.0,0.38003218663415356,0,,,,,"{""markov_seconds"": 0.137511060000179, ""mean_states"": 2.0}"
exact-n10000000-d16-k50-sep2.0-s0,exact,10000000,16,50,2.0,0,768,True,50,12014,12014,0.0012014,190642,2244,1200,1870,1495778832.0,37.06818515099985,2136630485.0,211.35243625000658,500000000.0,3.546673912499955,6.460362839998197,0.9086709,41,markov_a0.5_soft,0,1,0.2846493460001511,174189,0.0174189,2.4756407547954495e-05,0.0125173583546507,0.13242932213237277,0.9087194,0.9885438832015626,0.43776151384150724,0.61017119248829,0.11040884950969919,0.5519785025695518,0.5159840848941903,1.0,0.2363537466984922,0,,,,,"{""markov_seconds"": 0.11568197200085706, ""mean_states"": 2.0}"
exact-n10000000-d16-k50-sep2.0-s0,exact,10000000,16,50,2.0,0,768,True,50,12014,12014,0.0012014,190642,2244,1200,1870,1495778832.0,37.06818515099985,2136630485.0,211.35243625000658,500000000.0,3.546673912499955,6.460362839998197,0.9086709,41,markov_pooled,0,1,0.2735212719999254,173034,0.0173034,2.433288143621759e-05,0.012365367358593726,0.13097847563612225,0.90867,0.988588860670261,0.39370734143499253,0.8031463292825037,0.19685367071749627,0.5,0.0,0.0,0.32432943738992354,0,,,,,"{""markov_seconds"": 0.12215387699961866, ""mean_states"": 2.0}"
exact-n10000000-d16-k50-sep2.0-s0,exact,10000000,16,50,2.0,0,768,True,50,12014,12014,0.0012014,190642,2244,1200,1870,1495778832.0,37.06818515099985,2136630485.0,211.35243625000658,500000000.0,3.546673912499955,6.460362839998197,0.9086709,41,markov_pooled_soft,0,1,0.30348942699947656,173034,0.0173034,2.4535885995602413e-05,0.01244346586828527,0.1318049962852271,0.90867,0.988588860670261,0.3123165125709657,0.7030316254287058,0.08956977135465527,0.5942940334712465,0.4410614783745789,0.9984185117363077,0.1996811218611391,0,,,,,"{""markov_seconds"": 0.11785493299976224, ""mean_states"": 2.0}"
exact-n10000000-d16-k50-sep2.0-s0,exact,10000000,16,50,2.0,0,768,True,50,12014,12014,0.0012014,190642,2244,1200,1870,1495778832.0,37.06818515099985,2136630485.0,211.35243625000658,500000000.0,3.546673912499955,6.460362839998197,0.9086709,41,markov_w5,0,1,0.2801816199998939,172537,0.0172537,2.421310072908689e-05,0.012332371343896422,0.13088423263154933,0.908717,0.9886086507927596,0.3109705343765607,0.8445147328117196,0.15548526718828037,0.5,0.0,0.0,0.30089692895705794,0,,,,,"{""markov_seconds"": 0.10944835800000874, ""mean_states"": 1.4924255035791576}"
exact-n10000000-d16-k50-sep2.0-s0,exact,10000000,16,50,2.0,0,768,True,50,12014,12014,0.0012014,190642,2244,1200,1870,1495778832.0,37.06818515099985,2136630485.0,211.35243625000658,500000000.0,3.546673912499955,6.460362839998197,0.9086709,41,markov_w20,0,1,0.296698914999979,172574,0.0172574,2.422673785362761e-05,0.012334157673718921,0.13089477709543632,0.9087185,0.9886069078583047,0.3171300149825204,0.8414349925087398,0.15856500749126023,0.5,0.0,0.0,0.30214995433363695,0,,,,,"{""markov_seconds"": 0.1226638730004197, ""mean_states"": 2.0}"
exact-n10000000-d16-k50-sep2.0-s0,exact,10000000,16,50,2.0,0,768,True,50,12014,12014,0.0012014,190642,2244,1200,1870,1495778832.0,37.06818515099985,2136630485.0,211.35243625000658,500000000.0,3.546673912499955,6.460362839998197,0.9086709,41,active_set_U,1802100,2,0.38254161899931205,172528,0.0172528,2.4212356139363678e-05,0.012332131827309278,0.13087723524938774,0.9087157,0.9886091012155263,0.3094722823372732,0.8452638588313635,0.15473614116863654,0.5,0.0,0.0,0.3006104681526268,0,,,,,"{""iters"": 3}"
exact-n10000000-d16-k50-sep2.0-s0,exact,10000000,16,50,2.0,0,768,True,50,12014,12014,0.0012014,190642,2244,1200,1870,1495778832.0,37.06818515099985,2136630485.0,211.35243625000658,500000000.0,3.546673912499955,6.460362839998197,0.9086709,41,hartigan_U,1802100,2,0.3794389869999577,172530,0.017253,2.421235440985825e-05,0.012332220863142758,0.13087830494187486,0.9087155,0.9886090295377216,0.3098052272348926,0.8450973863825537,0.15490261361744628,0.5,0.0,0.0,0.3006882434496968,0,,,,,"{""moves"": 23, ""sweeps"": 3}"
exact-n10000000-d16-k50-sep2.0-s0,exact,10000000,16,50,2.0,0,768,True,50,12014,12014,0.0012014,190642,2244,1200,1870,1495778832.0,37.06818515099985,2136630485.0,211.35243625000658,500000000.0,3.546673912499955,6.460362839998197,0.9086709,41,fcm_soft,600700,1,0.04223651499978587,172529,0.0172529,2.4212421469549383e-05,0.01233241630366948,0.1308841972863817,0.9087158,0.9886090774535884,0.7667394569396576,0.1446666180501699,0.700374137108027,0.5299905117110477,3.5095088872582707,1.0,0.7224631106279592,0,,,,,{}
exact-n10000000-d16-k50-sep2.0-s0,exact,10000000,16,50,2.0,0,768,True,50,12014,12014,0.0012014,190642,2244,1200,1870,1495778832.0,37.06818515099985,2136630485.0,211.35243625000658,500000000.0,3.546673912499955,6.460362839998197,0.9086709,41,gmm_plugin_soft,600700,1,0.04427258400028222,172616,0.0172616,2.4243359455722313e-05,0.01233241630366948,0.1308841972863817,0.9087421,0.9886045487039948,0.4721978663711852,0.5143822621400395,0.3200745694204112,0.6927548445446327,0.6928063970573128,1.0,0.2239658499745892,0,,,,,{}
exact-n10000000-d16-k50-sep2.0-s0,exact,10000000,16,50,2.0,0,768,True,50,12014,12014,0.0012014,190642,2244,1200,1870,1495778832.0,37.06818515099985,2136630485.0,211.35243625000658,500000000.0,3.546673912499955,6.460362839998197,0.9086709,41,full_convergence,640851653.0,718,174.28425109900672,0,0.0,0.0,0.0,0.0,0.9086709,1.0,0.0,1.0,0.0,nan,0.0,0.0,0.2619050389062043,0,,,,,{}
exact-n10000000-d16-k50-sep2.0-s0,exact,10000000,16,50,2.0,0,768,True,50,12014,12014,0.0012014,190642,2244,1200,1870,1495778832.0,37.06818515099985,2136630485.0,211.35243625000658,500000000.0,3.546673912499955,6.460362839998197,0.9086709,41,true_posterior_oracle,0,0,0.0,,,,,,,,1.0057210064148718,0.4967799163570038,0.5025602814527383,0.6126593146628798,0.001181660831087181,0.21175295488596638,0.5006955946508225,0,,,,,{}
exact-n10000000-d16-k50-sep2.0-s0,exact,10000000,16,50,2.0,0,768,True,50,12014,12014,0.0012014,190642,2244,1200,1870,1495778832.0,37.06818515099985,2136630485.0,211.35243625000658,500000000.0,3.546673912499955,6.460362839998197,0.9086709,41,model_posterior_oracle,0,0,0.0,,,,,,,,0.17168176095634144,0.7380949610937959,0.25940803676692,0.9196722375165689,0.5274798162201647,1.0,0.0,0,,,,,{}
exact-n10000000-d16-k50-sep2.0-s0,exact,10000000,16,50,2.0,0,768,True,60,12818,12818,0.0012818,179917,2093,1251,1711,1523787286.0,39.80229625700031,2136630485.0,211.35243625000658,500000000.0,3.546673912499955,6.460362839998197,0.9086709,41,stop,0,1,0.22774890700020478,163168,0.0163168,2.1979432711871638e-05,0.011712649621850098,0.12526985063806295,0.9087455,0.9889840240770045,0.2669683257918552,0.8665158371040724,0.13348416289592757,0.5,0.0,0.0,0.29311267999116714,2,0.5644059375472392,1.0,0.5,0.5,{}
exact-n10000000-d16-k50-sep2.0-s0,exact,10000000,16,50,2.0,0,768,True,60,12818,12818,0.0012818,179917,2093,1251,1711,1523787286.0,39.80229625700031,2136630485.0,211.35243625000658,500000000.0,3.546673912499955,6.460362839998197,0.9086709,41,reassign_U,640900,2,0.34204925799986086,163159,0.0163159,2.1978843035563855e-05,0.01171243870636836,0.12526310272712837,0.9087448,0.9889843561385073,0.2655640505539086,0.8672179747230457,0.13278202527695426,0.5,0.0,0.0,0.29290115441928083,2,0.5644059375472392,1.0,0.5,0.5,{}
exact-n10000000-d16-k50-sep2.0-s0,exact,10000000,16,50,2.0,0,768,True,60,12818,12818,0.0012818,179917,2093,1251,1711,1523787286.0,39.80229625700031,2136630485.0,211.35243625000658,500000000.0,3.546673912499955,6.460362839998197,0.9086709,41,majority,0,1,0.18739923400062253,167834,0.0167834,2.3064276049256094e-05,0.012025153557589761,0.1283480259398927,0.9087548,0.9887956909020614,0.9950070213761897,0.5024964893119052,0.49750351068809484,0.5,0.0,0.0,0.4998407799937242,2,0.5644059375472392,1.0,0.5,0.5,{}
exact-n10000000-d16-k50-sep2.0-s0,exact,10000000,16,50,2.0,0,768,True,60,12818,12818,0.0012818,179917,2093,1251,1711,1523787286.0,39.80229625700031,2136630485.0,211.35243625000658,500000000.0,3.546673912499955,6.460362839998197,0.9086709,41,frequency_soft,0,1,0.18451788099991973,167834,0.0167834,2.307385898969727e-05,0.012022617584793178,0.1282102718663865,0.9087548,0.9887956909020614,0.6345338231747968,0.49948226215974695,0.22158470332912528,0.4929636341322011,0.5451279510020018,1.0,0.3065442117424087,2,0.6818178667817858,1.049586776859504,0.6363636363636364,0.0,{}
exact-n10000000-d16-k50-sep2.0-s0,exact,10000000,16,50,2.0,0,768,True,60,12818,12818,0.0012818,179917,2093,1251,1711,1523787286.0,39.80229625700031,2136630485.0,211.35243625000658,500000000.0,3.546673912499955,6.460362839998197,0.9086709,41,markov,0,1,0.29398842200043873,163181,0.0163181,2.1981264977988246e-05,0.01171318117217534,0.1252777607847546,0.9087454,0.9889835087319534,0.26899672335777813,0.8655016383211109,0.13449836167888907,0.5,0.0,0.0,0.29352854771249803,2,0.5644059375472392,1.0,0.5,0.5,"{""markov_seconds"": 0.12706865400014067, ""mean_states"": 2.0}"
exact-n10000000-d16-k50-sep2.0-s0,exact,10000000,16,50,2.0,0,768,True,60,12818,12818,0.0012818,179917,2093,1251,1711,1523787286.0,39.80229625700031,2136630485.0,211.35243625000658,500000000.0,3.546673912499955,6.460362839998197,0.9086709,41,markov_soft,0,1,0.29885202500008745,163181,0.0163181,2.1981279587413027e-05,0.011713359480022145,0.12528119889980274,0.9087454,0.9889835087319534,0.26722809804808434,0.8653544731130938,0.133035068379896,0.5070800796567781,0.0030121853388523153,0.0051490092058043375,0.2923426193448675,2,0.5644059375472392,1.0,0.5,0.5,"{""markov_seconds"": 0.12382673599950067, ""mean_states"": 2.0}"
exact-n10000000-d16-k50-sep2.0-s0,exact,10000000,16,50,2.0,0,768,True,60,12818,12818,0.0012818,179917,2093,1251,1711,1523787286.0,39.80229625700031,2136630485.0,211.35243625000658,500000000.0,3.546673912499955,6.460362839998197,0.9086709,41,markov_a0.5,0,1,0.3249783169994771,165034,0.0165034,2.2397051155698122e-05,0.011836698949150156,0.12651477310786058,0.9087549,0.9889079139137092,0.5581213917927914,0.7209393041036043,0.2790606958963957,0.5,0.0,0.0,0.37504038198690604,2,0.5644059375472392,1.0,0.5,0.5,"{""markov_seconds"": 0.1619162970000616, ""mean_states"": 2.0}"
exact-n10000000-d16-k50-sep2.0-s0,exact,10000000,16,50,2.0,0,768,True,60,12818,12818,0.0012818,179917,2093,1251,1711,1523787286.0,39.80229625700031,2136630485.0,211.35243625000658,500000000.0,3.546673912499955,6.460362839998197,0.9086709,41,markov_a0.5_soft,0,1,0.31335218100048223,165034,0.0165034,2.2616432778121975e-05,0.011921094211181961,0.12726945444940915,0.9087549,0.9889079139137092,0.41821061493377454,0.6189642666715923,0.11052430580459265,0.5686358161588738,0.5185997037302873,1.0,0.23060238722962978,2,0.5961535311174502,0.9783884985207101,0.5649038461538461,0.0,"{""markov_seconds"": 0.14172385100027896, ""mean_states"": 2.0}"
exact-n10000000-d16-k50-sep2.0-s0,exact,10000000,16,50,2.0,0,768,True,60,12818,12818,0.0012818,179917,2093,1251,1711,1523787286.0,39.80229625700031,2136630485.0,211.35243625000658,500000000.0,3.546673912499955,6.460362839998197,0.9086709,41,markov_pooled,0,1,0.2926555249996454,163640,0.016364,2.210481896636196e-05,0.011744359915412091,0.1257536340753216,0.9088091,0.9889647587371498,0.3406147604930566,0.8296926197534716,0.17030738024652836,0.5,0.0,0.0,0.31389277413890543,2,0.5644059375472392,1.0,0.5,0.5,"{""markov_seconds"": 0.11917885200000455, ""mean_states"": 2.0}"
exact-n10000000-d16-k50-sep2.0-s0,exact,10000000,16,50,2.0,0,768,True,60,12818,12818,0.0012818,179917,2093,1251,1711,1523787286.0,39.80229625700031,2136630485.0,211.35243625000658,500000000.0,3.546673912499955,6.460362839998197,0.9086709,41,markov_pooled_soft,0,1,0.2906030489994009,163640,0.016364,2.236307258907111e-05,0.011837963751235024,0.1265084932914548,0.9088091,0.9889647587371498,0.2845910563638444,0.7169605283591067,0.07932249197774098,0.5983507855827428,0.44128968151977893,0.9988297706350445,0.19301437167417068,2,0.5644059374835494,1.0100230191846018,0.5500575148818884,0.0,"{""markov_seconds"": 0.12219975599964528, ""mean_states"": 2.0}"
exact-n10000000-d16-k50-sep2.0-s0,exact,10000000,16,50,2.0,0,768,True,60,12818,12818,0.0012818,179917,2093,1251,1711,1523787286.0,39.80229625700031,2136630485.0,211.35243625000658,500000000.0,3.546673912499955,6.460362839998197,0.9086709,41,markov_w5,0,1,0.2674597029999859,163175,0.0163175,2.1979748885847528e-05,0.011712978642701481,0.12527469222535423,0.9087452,0.988983810050989,0.2680605398658137,0.8659697300670931,0.1340302699329069,0.5,0.0,0.0,0.2933867555755136,2,0.5644059375472392,1.0,0.5,0.5,"{""markov_seconds"": 0.11527994200059766, ""mean_states"": 1.488999843969418}"
exact-n10000000-d16-k50-sep2.0-s0,exact,10000000,16,50,2.0,0,768,True,60,12818,12818,0.0012818,179917,2093,1251,1711,1523787286.0,39.80229625700031,2136630485.0,211.35243625000658,500000000.0,3.546673912499955,6.460362839998197,0.9086709,41,markov_w20,0,1,0.30716207300065435,163197,0.0163197,2.1995371480620918e-05,0.01171402060814029,0.12529200410433505,0.9087436,0.9889830925504192,0.27149321266968324,0.8642533936651584,0.1357466063348416,0.5,0.0,0.0,0.2942671095224014,2,0.5644059375472392,1.0,0.5,0.5,"{""markov_seconds"": 0.15668607400039036, ""mean_states"": 2.0}"
exact-n10000000-d16-k50-sep2.0-s0,exact,10000000,16,50,2.0,0,768,True,60,12818,12818,0.0012818,179917,2093,1251,1711,1523787286.0,39.80229625700031,2136630485.0,211.35243625000658,500000000.0,3.546673912499955,6.460362839998197,0.9086709,41,active_set_U,2563600,2,0.42659433399967384,163157,0.0163157,2.1978808754319346e-05,0.01171237091666263,0.12525960486741242,0.9087446,0.9889843638475561,0.26525198938992045,0.8673740053050398,0.13262599469496017,0.5,0.0,0.0,0.29282662038848745,2,0.5644059375472392,1.0,0.5,0.5,"{""iters"": 4}"
exact-n10000000-d16-k50-sep2.0-s0,exact,10000000,16,50,2.0,0,768,True,60,12818,12818,0.0012818,179917,2093,1251,1711,1523787286.0,39.80229625700031,2136630485.0,211.35243625000658,500000000.0,3.546673912499955,6.460362839998197,0.9086709,41,hartigan_U,2563600,2,0.4270033829998283,163156,0.0163156,2.197880478371772e-05,0.01171232277027799,0.12525960486741242,0.9087447,0.9889844138810353,0.26509595880792636,0.8674520205960369,0.13254797940396312,0.5,0.0,0.0,0.2927941069833238,2,0.5644059375472392,1.0,0.5,0.5,"{""moves"": 34, ""sweeps"": 4}"
exact-n10000000-d16-k50-sep2.0-s0,exact,10000000,16,50,2.0,0,768,True,60,12818,12818,0.0012818,179917,2093,1251,1711,1523787286.0,39.80229625700031,2136630485.0,211.35243625000658,500000000.0,3.546673912499955,6.460362839998197,0.9086709,41,fcm_soft,640900,1,0.0585938009999154,163159,0.0163159,2.1978952166490373e-05,0.011712649621850098,0.12526985063806295,0.9087448,0.9889843561385073,0.7648086690297516,0.14592023207985194,0.7211784475726335,0.5320934053411329,3.5045223850660108,1.0,0.7199664192650105,2,0.9353982388367454,0.9430883923969985,0.450116026963773,1.0,{}
exact-n10000000-d16-k50-sep2.0-s0,exact,10000000,16,50,2.0,0,768,True,60,12818,12818,0.0012818,179917,2093,1251,1711,1523787286.0,39.80229625700031,2136630485.0,211.35243625000658,500000000.0,3.546673912499955,6.460362839998197,0.9086709,41,gmm_plugin_soft,640900,1,0.05918181899960473,163260,0.016326,2.2033873242843782e-05,0.011712649621850098,0.12526985063806295,0.9087779,0.9889785548505347,0.4671037045757567,0.5171003535595874,0.3389532580947762,0.7140174153683942,0.6923319902552302,1.0,0.22073313095814648,2,0.6593270890004557,0.8552293013772081,0.15090560379750162,1.0,{}
exact-n10000000-d16-k50-sep2.0-s0,exact,10000000,16,50,2.0,0,768,True,60,12818,12818,0.0012818,179917,2093,1251,1711,1523787286.0,39.80229625700031,2136630485.0,211.35243625000658,500000000.0,3.546673912499955,6.460362839998197,0.9086709,41,full_convergence,612843199.0,708,171.55013999300627,0,0.0,0.0,0.0,0.0,0.9086709,1.0,0.0,1.0,0.0,nan,0.0,0.0,0.2624758075172274,2,0.5644059375472392,1.0,0.5,0.5,{}
exact-n10000000-d16-k50-sep2.0-s0,exact,10000000,16,50,2.0,0,768,True,60,12818,12818,0.0012818,179917,2093,1251,1711,1523787286.0,39.80229625700031,2136630485.0,211.35243625000658,500000000.0,3.546673912499955,6.460362839998197,0.9086709,41,true_posterior_oracle,0,0,0.0,,,,,,,,0.9805974472392023,0.5095278647428791,0.4901920361792305,0.6114661606708129,0.0006326187989062427,0.19550631923857076,0.49678633183129517,2,0.0,0.016448108534858657,0.06440658518991554,nan,{}
exact-n10000000-d16-k50-sep2.0-s0,exact,10000000,16,50,2.0,0,768,True,60,12818,12818,0.0012818,179917,2093,1251,1711,1523787286.0,39.80229625700031,2136630485.0,211.35243625000658,500000000.0,3.546673912499955,6.460362839998197,0.9086709,41,model_posterior_oracle,0,0,0.0,,,,,,,,0.1716973652829846,0.7375241924827726,0.2605690275559185,0.9325993509692985,0.5288875049873846,1.0,0.0,2,0.5484054240786166,0.7647324819078826,0.37772564117842244,1.0,{}
exact-n10000000-d16-k50-sep2.0-s0,exact,10000000,16,50,2.0,0,768,True,70,12383,12383,0.0012383,169501,1967,1254,1571,1550672541.0,42.523536007000075,2136630485.0,211.35243625000658,500000000.0,3.546673912499955,6.460362839998197,0.9086709,41,stop,0,1,0.18824630099970818,153943,0.0153943,1.9918885371339456e-05,0.011103789440395024,0.1186326250098526,0.9087214,0.9893717341244058,0.25373495921828315,0.8731325203908584,0.12686747960914158,0.5,0.0,0.0,0.2944392012144867,2,0.5855895147598615,1.0,0.5,0.5,{}
exact-n10000000-d16-k50-sep2.0-s0,exact,10000000,16,50,2.0,0,768,True,70,12383,12383,0.0012383,169501,1967,1254,1571,1550672541.0,42.523536007000075,2136630485.0,211.35243625000658,500000000.0,3.546673912499955,6.460362839998197,0.9086709,41,reassign_U,619150,2,0.4057233339999584,153951,0.0153951,1.9918546561692452e-05,0.011104221558547315,0.11863410677258104,0.908722,0.9893713605784318,0.25502705321812164,0.8724864733909392,0.1275135266090608,0.5,0.0,0.0,0.294724865642653,2,0.5855895147598615,1.0,0.5,0.5,{}
exact-n10000000-d16-k50-sep2.0-s0,exact,10000000,16,50,2.0,0,768,True,70,12383,12383,0.0012383,169501,1967,1254,1571,1550672541.0,42.523536007000075,2136630485.0,211.35243625000658,500000000.0,3.546673912499955,6.460362839998197,0.9086709,41,majority,0,1,0.2056047430005492,158562,0.0158562,2.095243745037223e-05,0.011408709465037508,0.12203702194693727,0.9087379,0.989173924099163,0.9997577323750303,0.5001211338124849,0.4998788661875151,0.5,0.0,0.0,0.49893123329928374,2,0.08568240671767041,0.0,0.0,nan,{}
exact-n10000000-d16-k50-sep2.0-s0,exact,10000000,16,50,2.0,0,768,True,70,12383,12383,0.0012383,169501,1967,1254,1571,1550672541.0,42.523536007000075,2136630485.0,211.35243625000658,500000000.0,3.546673912499955,6.460362839998197,0.9086709,41,frequency_soft,0,1,0.19342333699933079,158562,0.0158562,2.095914268607224e-05,0.011406921293949303,0.12198364004416704,0.9087379,0.989173924099163,0.6398041035997766,0.49930623361940485,0.22947883094858793,0.4969678622510641,0.5395250392633744,1.0,0.3059804255690542,2,0.3636044943790169,0.2809917355371901,0.36363636363636365,nan,{}
exact-n10000000-d16-k50-sep2.0-s0,exact,10000000,16,50,2.0,0,768,True,70,12383,12383,0.0012383,169501,1967,1254,1571,1550672541.0,42.523536007000075,2136630485.0,211.35243625000658,500000000.0,3.546673912499955,6.460362839998197,0.9086709,41,markov,0,1,0.2888162680001187,153950,0.015395,1.9920902396997064e-05,0.011103976329471153,0.11863679303180268,0.9087215,0.9893713326895998,0.25486554146814183,0.8725672292659291,0.1274327707340709,0.5,0.0,0.0,0.29457656851668146,2,0.08568240671767041,0.0,0.0,nan,"{""markov_seconds"": 0.11688701499952003, ""mean_states"": 2.0}"
exact-n10000000-d16-k50-sep2.0-s0,exact,10000000,16,50,2.0,0,768,True,70,12383,12383,0.0012383,169501,1967,1254,1571,1550672541.0,42.523536007000075,2136630485.0,211.35243625000658,500000000.0,3.546673912499955,6.460362839998197,0.9086709,41,markov_soft,0,1,0.3054198150002776,153950,0.015395,1.9920922108562777e-05,0.011104045851423616,0.11863605703880167,0.9087215,0.9893713326895998,0.253066150695986,0.8724279466972248,0.12605197925584985,0.5087369366455872,0.0030890129272661284,0.005652911249293386,0.2931912165404649,2,0.1855895147598616,0.04000000000000001,0.10000000000000003,nan,"{""markov_seconds"": 0.127609582000332, ""mean_states"": 2.0}"
exact-n10000000-d16-k50-sep2.0-s0,exact,10000000,16,50,2.0,0,768,True,70,12383,12383,0.0012383,169501,1967,1254,1571,1550672541.0,42.523536007000075,2136630485.0,211.35243625000658,500000000.0,3.546673912499955,6.460362839998197,0.9086709,41,markov_a0.5,0,1,0.30382768100025714,155848,0.0155848,2.034862119715264e-05,0.011229040042570889,0.1199557984471954,0.9087153,0.9892883826984957,0.5614148429298231,0.7192925785350884,0.28070742146491157,0.5,0.0,0.0,0.377060897485437,2,0.08568240671767041,0.0,0.0,nan,"{""markov_seconds"": 0.11953407400051219, ""mean_states"": 2.0}"
exact-n10000000-d16-k50-sep2.0-s0,exact,10000000,16,50,2.0,0,768,True,70,12383,12383,0.0012383,169501,1967,1254,1571,1550672541.0,42.523536007000075,2136630485.0,211.35243625000658,500000000.0,3.546673912499955,6.460362839998197,0.9086709,41,markov_a0.5_soft,0,1,0.30778056400049536,155848,0.0155848,2.053738864127297e-05,0.011308352656019309,0.1208867538937161,0.9087153,0.9892883826984957,0.4162505688567741,0.6196133488439473,0.11984290407431007,0.5782941392607841,0.5190178980795348,1.0,0.22762500775752417,2,0.24996813074265328,0.12499999999999999,0.25,nan,"{""markov_seconds"": 0.11730517100022553, ""mean_states"": 2.0}"
exact-n10000000-d16-k50-sep2.0-s0,exact,10000000,16,50,2.0,0,768,True,70,12383,12383,0.0012383,169501,1967,1254,1571,1550672541.0,42.523536007000075,2136630485.0,211.35243625000658,500000000.0,3.546673912499955,6.460362839998197,0.9086709,41,markov_pooled,0,1,0.3194677130004493,154436,0.0154436,2.00433719164117e-05,0.011134331706420706,0.11882143231794759,0.9086843,0.9893503783058388,0.33336025195832997,0.833319874020835,0.16668012597916504,0.5,0.0,0.0,0.3150672015365237,2,0.08568240671767041,0.0,0.0,nan,"{""markov_seconds"": 0.12263443200026813, ""mean_states"": 2.0}"
exact-n10000000-d16-k50-sep2.0-s0,exact,10000000,16,50,2.0,0,768,True,70,12383,12383,0.0012383,169501,1967,1254,1571,1550672541.0,42.523536007000075,2136630485.0,211.35243625000658,500000000.0,3.546673912499955,6.460362839998197,0.9086709,41,markov_pooled_soft,0,1,0.3115015849998599,154436,0.0154436,2.0291444585041063e-05,0.0112263736131641,0.11997340560749392,0.9086843,0.9893503783058388,0.27535487864931557,0.7201139381350338,0.07933125046400052,0.6234930099966121,0.44432167835355507,0.9976580796252927,0.1886302127649551,2,0.17033174735551915,0.036774388981490116,0.12960147088696072,nan,"{""markov_seconds"": 0.13226804599980824, ""mean_states"": 2.0}"
exact-n10000000-d16-k50-sep2.0-s0,exact,10000000,16,50,2.0,0,768,True,70,12383,12383,0.0012383,169501,1967,1254,1571,1550672541.0,42.523536007000075,2136630485.0,211.35243625000658,500000000.0,3.546673912499955,6.460362839998197,0.9086709,41,markov_w5,0,1,0.27500865099955263,153945,0.0153945,1.9919427315606697e-05,0.011103902222351227,0.1186313646718203,0.9087216,0.9893716072480525,0.25405798271824276,0.8729710086408786,0.12702899135912138,0.5,0.0,0.0,0.29450356310420545,2,0.5855895147598615,1.0,0.5,0.5,"{""markov_seconds"": 0.1085902349996104, ""mean_states"": 1.501817007187273}"
exact-n10000000-d16-k50-sep2.0-s0,exact,10000000,16,50,2.0,0,768,True,70,12383,12383,0.0012383,169501,1967,1254,1571,1550672541.0,42.523536007000075,2136630485.0,211.35243625000658,500000000.0,3.546673912499955,6.460362839998197,0.9086709,41,markov_w20,0,1,0.2880698380004105,153989,0.0153989,1.9942403844508405e-05,0.011105362226271627,0.11866458776713527,0.9087224,0.9893699229534259,0.26116449971735445,0.8694177501413228,0.13058224985867717,0.5,0.0,0.0,0.29579416491999233,2,0.5855895147598615,1.0,0.5,0.5,"{""markov_seconds"": 0.12487431699992158, ""mean_states"": 2.0}"
exact-n10000000-d16-k50-sep2.0-s0,exact,10000000,16,50,2.0,0,768,True,70,12383,12383,0.0012383,169501,1967,1254,1571,1550672541.0,42.523536007000075,2136630485.0,211.35243625000658,500000000.0,3.546673912499955,6.460362839998197,0.9086709,41,active_set_U,2476600,2,0.4068534970001565,153952,0.0153952,1.9918535572704954e-05,0.01110418235709533,0.11863410677258104,0.9087221,0.9893713087138327,0.25518856496810144,0.8724057175159493,0.1275942824840507,0.5,0.0,0.0,0.2947033768075072,2,0.5855895147598615,1.0,0.5,0.5,"{""iters"": 4}"
exact-n10000000-d16-k50-sep2.0-s0,exact,10000000,16,50,2.0,0,768,True,70,12383,12383,0.0012383,169501,1967,1254,1571,1550672541.0,42.523536007000075,2136630485.0,211.35243625000658,500000000.0,3.546673912499955,6.460362839998197,0.9086709,41,hartigan_U,2476600,2,0.3787641179997081,153950,0.015395,1.9918533924023762e-05,0.011104128091432918,0.11863308948472631,0.9087219,0.9893713917147163,0.25486554146814183,0.8725672292659291,0.1274327707340709,0.5,0.0,0.0,0.29466158092345296,2,0.5855895147598615,1.0,0.5,0.5,"{""moves"": 27, ""sweeps"": 4}"
exact-n10000000-d16-k50-sep2.0-s0,exact,10000000,16,50,2.0,0,768,True,70,12383,12383,0.0012383,169501,1967,1254,1571,1550672541.0,42.523536007000075,2136630485.0,211.35243625000658,500000000.0,3.546673912499955,6.460362839998197,0.9086709,41,fcm_soft,619150,1,0.048295074000634486,153951,0.0153951,1.9918606866786703e-05,0.011103789440395024,0.1186326250098526,0.908722,0.9893713605784318,0.7649386539774593,0.14591576053866553,0.7264443221098148,0.4828471100821383,3.5037005432411594,1.0,0.7186622739865625,2,0.894142737880831,0.8873739272929639,0.4285977527274002,1.0,{}
exact-n10000000-d16-k50-sep2.0-s0,exact,10000000,16,50,2.0,0,768,True,70,12383,12383,0.0012383,169501,1967,1254,1571,1550672541.0,42.523536007000075,2136630485.0,211.35243625000658,500000000.0,3.546673912499955,6.460362839998197,0.9086709,41,gmm_plugin_soft,619150,1,0.06256783600019844,154062,0.0154062,1.9989146210486197e-05,0.011103789440395024,0.1186326250098526,0.9087458,0.9893639300386212,0.46876443710303084,0.5162236954775833,0.3449345527326167,0.7112137730982554,0.692626887423127,1.0,0.21610482125303615,2,0.5291925799355447,0.5432692918695632,0.4469223736494393,1.0,{}
exact-n10000000-d16-k50-sep2.0-s0,exact,10000000,16,50,2.0,0,768,True,70,12383,12383,0.0012383,169501,1967,1254,1571,1550672541.0,42.523536007000075,2136630485.0,211.35243625000658,500000000.0,3.546673912499955,6.460362839998197,0.9086709,41,full_convergence,585957944.0,698,168.8289002430065,0,0.0,0.0,0.0,0.0,0.9086709,1.0,0.0,1.0,0.0,nan,0.0,0.0,0.2680059693708532,2,0.5855895147598615,1.0,0.5,0.5,{}
exact-n10000000-d16-k50-sep2.0-s0,exact,10000000,16,50,2.0,0,768,True,70,12383,12383,0.0012383,169501,1967,1254,1571,1550672541.0,42.523536007000075,2136630485.0,211.35243625000658,500000000.0,3.546673912499955,6.460362839998197,0.9086709,41,true_posterior_oracle,0,0,0.0,,,,,,,,0.9968486270821507,0.5013116426819519,0.4982240891807594,0.6173196916834361,0.0009046231297912457,0.19397561172575306,0.4998625573152071,2,0.0,0.02932407577975528,0.08568240671767041,nan,{}
exact-n10000000-d16-k50-sep2.0-s0,exact,10000000,16,50,2.0,0,768,True,70,12383,12383,0.0012383,169501,1967,1254,1571,1550672541.0,42.523536007000075,2136630485.0,211.35243625000658,500000000.0,3.546673912499955,6.460362839998197,0.9086709,41,model_posterior_oracle,0,0,0.0,,,,,,,,0.17751790061333517,0.7319940306291469,0.2652268066640766,0.8777489948460563,0.5352971686200609,1.0,0.0,2,0.49255103056502036,0.5502536186118822,0.4023746525729487,1.0,{}
exact-n10000000-d16-k50-sep2.0-s0,exact,10000000,16,50,2.0,0,768,True,80,11667,11667,0.0011667,159825,1991,1014,1528,1574923318.0,45.17628847100059,2136630485.0,211.35243625000658,500000000.0,3.546673912499955,6.460362839998197,0.9086709,41,stop,0,1,0.20634930699998222,145339,0.0145339,1.8076816640455462e-05,0.010526677473285721,0.11251205954537222,0.9087362,0.9897606467338492,0.2619353732750493,0.8690323133624753,0.13096768663752467,0.5,0.0,0.0,0.30161741873262726,1,0.9999362614853086,2.0,1.0,nan,{}
exact-n10000000-d16-k50-sep2.0-s0,exact,10000000,16,50,2.0,0,768,True,80,11667,11667,0.0011667,159825,1991,1014,1528,1574923318.0,45.17628847100059,2136630485.0,211.35243625000658,500000000.0,3.546673912499955,6.460362839998197,0.9086709,41,reassign_U,583350,2,0.3916591380002501,145337,0.0145337,1.8076565379887555e-05,0.010526549769099367,0.11251078804457106,0.9087366,0.9897607718608055,0.2615925259278306,0.8692037370360847,0.13079626296391533,0.5,0.0,0.0,0.30153036061002814,1,0.9999362614853086,2.0,1.0,nan,{}
exact-n10000000-d16-k50-sep2.0-s0,exact,10000000,16,50,2.0,0,768,True,80,11667,11667,0.0011667,159825,1991,1014,1528,1574923318.0,45.17628847100059,2136630485.0,211.35243625000658,500000000.0,3.546673912499955,6.460362839998197,0.9086709,41,majority,0,1,0.19888754699968558,149490,0.014949,1.8924729043634514e-05,0.010804899236671146,0.11541466489486196,0.9087274,0.9895699089307114,0.9735150424273592,0.5132424787863203,0.48675752121367966,0.5,0.0,0.0,0.49106545785756844,1,0.9999362614853086,2.0,1.0,nan,{}
exact-n10000000-d16-k50-sep2.0-s0,exact,10000000,16,50,2.0,0,768,True,80,11667,11667,0.0011667,159825,1991,1014,1528,1574923318.0,45.17628847100059,2136630485.0,211.35243625000658,500000000.0,3.546673912499955,6.460362839998197,0.9086709,41,frequency_soft,0,1,0.18856221300029574,149490,0.014949,1.8929984183069237e-05,0.010805020733142759,0.11544822847449343,0.9087274,0.9895699089307114,0.6143937800124246,0.5100243889135635,0.21185628462563408,0.5179869188397339,0.544045632329076,1.0,0.291122689538927,1,0.8181180796671268,1.3388429752066116,0.8181818181818182,nan,{}
exact-n10000000-d16-k50-sep2.0-s0,exact,10000000,16,50,2.0,0,768,True,80,11667,11667,0.0011667,159825,1991,1014,1528,1574923318.0,45.17628847100059,2136630485.0,211.35243625000658,500000000.0,3.546673912499955,6.460362839998197,0.9086709,41,markov,0,1,0.2914069090002158,145337,0.0145337,1.807803344000547e-05,0.010526927460749387,0.1125114051709264,0.908736,0.989760675365675,0.2615925259278306,0.8692037370360847,0.13079626296391533,0.5,0.0,0.0,0.30176812404426573,1,0.9999362614853086,2.0,1.0,nan,"{""markov_seconds"": 0.12640025300061097, ""mean_states"": 2.0}"
exact-n10000000-d16-k50-sep2.0-s0,exact,10000000,16,50,2.0,0,768,True,80,11667,11667,0.0011667,159825,1991,1014,1528,1574923318.0,45.17628847100059,2136630485.0,211.35243625000658,500000000.0,3.546673912499955,6.460362839998197,0.9086709,41,markov_soft,0,1,0.3085038120007084,145337,0.0145337,1.807804972164817e-05,0.010526993468055725,0.11251233253249426,0.908736,0.989760675365675,0.2600343873095324,0.8689111049562095,0.1294049871114897,0.5063196131693941,0.0031306201379817963,0.0053998457186937516,0.3003015624129456,1,0.7999362614853086,1.28,0.7999999999999999,nan,"{""markov_seconds"": 0.1254516520002653, ""mean_states"": 2.0}"
exact-n10000000-d16-k50-sep2.0-s0,exact,10000000,16,50,2.0,0,768,True,80,11667,11667,0.0011667,159825,1991,1014,1528,1574923318.0,45.17628847100059,2136630485.0,211.35243625000658,500000000.0,3.546673912499955,6.460362839998197,0.9086709,41,markov_a0.5,0,1,0.2931543179993241,146861,0.0146861,1.836894359619201e-05,0.010628791764287333,0.1135571080271152,0.90873,0.9896897470759728,0.5228422045084427,0.7385788977457787,0.2614211022542213,0.5,0.0,0.0,0.37058026408180217,1,0.9999362614853086,2.0,1.0,nan,"{""markov_seconds"": 0.11627661199963768, ""mean_states"": 2.0}"
exact-n10000000-d16-k50-sep2.0-s0,exact,10000000,16,50,2.0,0,768,True,80,11667,11667,0.0011667,159825,1991,1014,1528,1574923318.0,45.17628847100059,2136630485.0,211.35243625000658,500000000.0,3.546673912499955,6.460362839998197,0.9086709,41,markov_a0.5_soft,0,1,0.38595260600050096,146861,0.0146861,1.8563125488535448e-05,0.010711832147258977,0.11445985337230744,0.90873,0.9896897470759728,0.40036621972842495,0.6294123239059906,0.10182514793233992,0.5724676400297389,0.514531901948649,1.0,0.21807821823425677,1,0.7499362614853086,1.125,0.75,nan,"{""markov_seconds"": 0.1757409869996991, ""mean_states"": 2.0}"
exact-n10000000-d16-k50-sep2.0-s0,exact,10000000,16,50,2.0,0,768,True,80,11667,11667,0.0011667,159825,1991,1014,1528,1574923318.0,45.17628847100059,2136630485.0,211.35243625000658,500000000.0,3.546673912499955,6.460362839998197,0.9086709,41,markov_pooled,0,1,0.2947264320000613,145667,0.0145667,1.815004052030389e-05,0.010549068844929083,0.1126166286299572,0.9087438,0.9897450402167206,0.31816233821890805,0.840918830890546,0.15908116910945402,0.5,0.0,0.0,0.3166402837855517,1,0.9999362614853086,2.0,1.0,nan,"{""markov_seconds"": 0.12261404400032916, ""mean_states"": 2.0}"
exact-n10000000-d16-k50-sep2.0-s0,exact,10000000,16,50,2.0,0,768,True,80,11667,11667,0.0011667,159825,1991,1014,1528,1574923318.0,45.17628847100059,2136630485.0,211.35243625000658,500000000.0,3.546673912499955,6.460362839998197,0.9086709,41,markov_pooled_soft,0,1,0.2747682929993971,145667,0.0145667,1.8370281913204778e-05,0.010637626978316227,0.11367520089985811,0.9087438,0.9897450402167206,0.27397024709438034,0.7248445146165202,0.08424588181653518,0.5890022393056351,0.43487974900563053,0.9984571869375161,0.18835707629595885,1,0.6779331740413947,0.9193596268711701,0.6779969125560862,nan,"{""markov_seconds"": 0.11619231099939498, ""mean_states"": 2.0}"
exact-n10000000-d16-k50-sep2.0-s0,exact,10000000,16,50,2.0,0,768,True,80,11667,11667,0.0011667,159825,1991,1014,1528,1574923318.0,45.17628847100059,2136630485.0,211.35243625000658,500000000.0,3.546673912499955,6.460362839998197,0.9086709,41,markov_w5,0,1,0.26598299800025416,145342,0.0145342,1.807723276447959e-05,0.010526740018888594,0.11251267667921637,0.9087361,0.9897604972037058,0.26244964429587725,0.8687751778520614,0.13122482214793862,0.5,0.0,0.0,0.30165901350533564,1,0.9999362614853086,2.0,1.0,nan,"{""markov_seconds"": 0.10843285999999352, ""mean_states"": 1.4808434044741579}"
exact-n10000000-d16-k50-sep2.0-s0,exact,10000000,16,50,2.0,0,768,True,80,11667,11667,0.0011667,159825,1991,1014,1528,1574923318.0,45.17628847100059,2136630485.0,211.35243625000658,500000000.0,3.546673912499955,6.460362839998197,0.9086709,41,markov_w20,0,1,0.29921178899985534,145351,0.0145351,1.8083382933520298e-05,0.010527569243481244,0.11251202466550107,0.9087364,0.9897599194418242,0.2639924573583612,0.8680037713208194,0.1319962286791806,0.5,0.0,0.0,0.30212194132031417,1,0.9999362614853086,2.0,1.0,nan,"{""markov_seconds"": 0.11735267299991392, ""mean_states"": 2.0}"
exact-n10000000-d16-k50-sep2.0-s0,exact,10000000,16,50,2.0,0,768,True,80,11667,11667,0.0011667,159825,1991,1014,1528,1574923318.0,45.17628847100059,2136630485.0,211.35243625000658,500000000.0,3.546673912499955,6.460362839998197,0.9086709,41,active_set_U,1750050,2,0.41945927400047367,145336,0.0145336,1.8076558236268525e-05,0.010526525166808944,0.11251078804457106,0.9087367,0.9897608252113966,0.2614211022542213,0.8692894488728894,0.1307105511271106,0.5,0.0,0.0,0.3015120841388084,1,0.9999362614853086,2.0,1.0,nan,"{""iters"": 3}"
exact-n10000000-d16-k50-sep2.0-s0,exact,10000000,16,50,2.0,0,768,True,80,11667,11667,0.0011667,159825,1991,1014,1528,1574923318.0,45.17628847100059,2136630485.0,211.35243625000658,500000000.0,3.546673912499955,6.460362839998197,0.9086709,41,hartigan_U,1750050,2,0.4202330420002909,145338,0.0145338,1.807655469199254e-05,0.01052663352571334,0.11251078804457106,0.9087369,0.9897607104383654,0.26176394960143995,0.86911802519928,0.13088197480071995,0.5,0.0,0.0,0.3015794398641388,1,0.9999362614853086,2.0,1.0,nan,"{""moves"": 19, ""sweeps"": 3}"
exact-n10000000-d16-k50-sep2.0-s0,exact,10000000,16,50,2.0,0,768,True,80,11667,11667,0.0011667,159825,1991,1014,1528,1574923318.0,45.17628847100059,2136630485.0,211.35243625000658,500000000.0,3.546673912499955,6.460362839998197,0.9086709,41,fcm_soft,583350,1,0.040652881999449164,145337,0.0145337,1.8076598252703135e-05,0.010526677473285721,0.11251205954537222,0.9087366,0.9897607718608055,0.7650779185376023,0.14572435251333707,0.7233699866361097,0.5152873319743387,3.505247891549461,1.0,0.7172694140122353,1,0.9471355260787404,0.9201144374870116,0.05276936024669138,nan,{}
exact-n10000000-d16-k50-sep2.0-s0,exact,10000000,16,50,2.0,0,768,True,80,11667,11667,0.0011667,159825,1991,1014,1528,1574923318.0,45.17628847100059,2136630485.0,211.35243625000658,500000000.0,3.546673912499955,6.460362839998197,0.9086709,41,gmm_plugin_soft,583350,1,0.05078758400031802,145467,0.0145467,1.8143561566708044e-05,0.010526677473285721,0.11251205954537222,0.908768,0.9897532993825637,0.4699715187240071,0.5155584464729069,0.34002691220494297,0.7247310567071874,0.692551188156172,1.0,0.2091891620117526,1,0.7342636473316052,0.8711072874384893,0.5588070944898726,nan,{}
exact-n10000000-d16-k50-sep2.0-s0,exact,10000000,16,50,2.0,0,768,True,80,11667,11667,0.0011667,159825,1991,1014,1528,1574923318.0,45.17628847100059,2136630485.0,211.35243625000658,500000000.0,3.546673912499955,6.460362839998197,0.9086709,41,full_convergence,561707167.0,688,166.176147779006,0,0.0,0.0,0.0,0.0,0.9086709,1.0,0.0,1.0,0.0,nan,0.0,0.0,0.2755131783511759,1,0.9999362614853086,2.0,1.0,nan,{}
exact-n10000000-d16-k50-sep2.0-s0,exact,10000000,16,50,2.0,0,768,True,80,11667,11667,0.0011667,159825,1991,1014,1528,1574923318.0,45.17628847100059,2136630485.0,211.35243625000658,500000000.0,3.546673912499955,6.460362839998197,0.9086709,41,true_posterior_oracle,0,0,0.0,,,,,,,,0.9936123728959476,0.5029847663598592,0.4966798966563393,0.6209430860525579,0.0006752682874011731,0.18385188994600155,0.49825506093550403,1,0.0,2.2357013900838257e-08,0.00012204540092630722,nan,{}
exact-n10000000-d16-k50-sep2.0-s0,exact,10000000,16,50,2.0,0,768,True,80,11667,11667,0.0011667,159825,1991,1014,1528,1574923318.0,45.17628847100059,2136630485.0,211.35243625000658,500000000.0,3.546673912499955,6.460362839998197,0.9086709,41,model_posterior_oracle,0,0,0.0,,,,,,,,0.18393573335778857,0.7244868216488242,0.27322607381589137,0.8339208101205323,0.5457759690322793,1.0,0.0,1,0.8018457072174675,1.0228082511973557,0.5962349472163382,nan,{}
exact-n10000000-d16-k50-sep2.0-s0,exact,10000000,16,50,2.0,0,768,True,90,9859,9859,0.0009859,151615,1649,1037,1368,1595554735.0,47.6384646960023,2136630485.0,211.35243625000658,500000000.0,3.546673912499955,6.460362839998197,0.9086709,41,stop,0,1,0.19467393699960667,138228,0.0138228,1.676577778875199e-05,0.01004597169284926,0.10752720218255526,0.9087649,0.9901040667944248,0.2775129323460797,0.8612435338269602,0.13875646617303983,0.5,0.0,0.0,0.31286386768947305,2,0.28462378894173057,1.0,0.5,0.5,{}
exact-n10000000-d16-k50-sep2.0-s0,exact,10000000,16,50,2.0,0,768,True,90,9859,9859,0.0009859,151615,1649,1037,1368,1595554735.0,47.6384646960023,2136630485.0,211.35243625000658,500000000.0,3.546673912499955,6.460362839998197,0.9086709,41,reassign_U,492950,2,0.4149487949998729,138228,0.0138228,1.6765471172019986e-05,0.01004588316090147,0.10752575956970734,0.9087649,0.9901040495062903,0.2775129323460797,0.8612435338269602,0.13875646617303983,0.5,0.0,0.0,0.31278920763438284,2,0.28462378894173057,1.0,0.5,0.5,{}
exact-n10000000-d16-k50-sep2.0-s0,exact,10000000,16,50,2.0,0,768,True,90,9859,9859,0.0009859,151615,1649,1037,1368,1595554735.0,47.6384646960023,2136630485.0,211.35243625000658,500000000.0,3.546673912499955,6.460362839998197,0.9086709,41,majority,0,1,0.19869418500002212,141986,0.0141986,1.7451043955230006e-05,0.010299765383316162,0.11006264004580979,0.9087609,0.9899191163815318,1.0398620549751496,0.4800689725124252,0.5199310274875748,0.5,0.0,0.0,0.5082522439349049,2,0.7919272445994898,2.0,1.0,nan,{}
exact-n10000000-d16-k50-sep2.0-s0,exact,10000000,16,50,2.0,0,768,True,90,9859,9859,0.0009859,151615,1649,1037,1368,1595554735.0,47.6384646960023,2136630485.0,211.35243625000658,500000000.0,3.546673912499955,6.460362839998197,0.9086709,41,frequency_soft,0,1,0.19893357300043135,141986,0.0141986,1.745691054710896e-05,0.010292162413867798,0.11003809135294641,0.9087609,0.9899191163815318,0.654704054440336,0.4902580936661472,0.24548866287379317,0.4966898802614429,0.5430879627054794,1.0,0.30099300781398663,2,0.6555636082358536,1.677685950413223,0.8636363636363636,nan,{}
exact-n10000000-d16-k50-sep2.0-s0,exact,10000000,16,50,2.0,0,768,True,90,9859,9859,0.0009859,151615,1649,1037,1368,1595554735.0,47.6384646960023,2136630485.0,211.35243625000658,500000000.0,3.546673912499955,6.460362839998197,0.9086709,41,markov,0,1,0.3115673229995082,138232,0.0138232,1.6768214134321724e-05,0.01004618940057857,0.10752330093610171,0.9087657,0.9901037591815395,0.2783243736687291,0.8608378131656355,0.13916218683436454,0.5,0.0,0.0,0.31296651455179597,2,0.28462378894173057,1.0,0.5,0.5,"{""markov_seconds"": 0.14173063299949717, ""mean_states"": 2.0}"
exact-n10000000-d16-k50-sep2.0-s0,exact,10000000,16,50,2.0,0,768,True,90,9859,9859,0.0009859,151615,1649,1037,1368,1595554735.0,47.6384646960023,2136630485.0,211.35243625000658,500000000.0,3.546673912499955,6.460362839998197,0.9086709,41,markov_soft,0,1,0.2728275389999908,138232,0.0138232,1.6768233591202275e-05,0.01004639094592123,0.10752577959088877,0.9087657,0.9901037591815395,0.275707209435415,0.8607333687654446,0.13722554421527586,0.5106256524271362,0.0041447953245919295,0.007201541738513033,0.3111998611607136,2,0.28462378894173057,1.0,0.5,0.5,"{""markov_seconds"": 0.1020085050004127, ""mean_states"": 2.0}"
exact-n10000000-d16-k50-sep2.0-s0,exact,10000000,16,50,2.0,0,768,True,90,9859,9859,0.0009859,151615,1649,1037,1368,1595554735.0,47.6384646960023,2136630485.0,211.35243625000658,500000000.0,3.546673912499955,6.460362839998197,0.9086709,41,markov_a0.5,0,1,0.2538079839996499,139737,0.0139737,1.7043370226899057e-05,0.010149240835828063,0.10855044579441722,0.9087708,0.9900289709457524,0.5836291713155493,0.7081854143422254,0.29181458565777463,0.5,0.0,0.0,0.3918780306083095,2,0.7919272445994898,2.0,1.0,nan,"{""markov_seconds"": 0.10314746399944852, ""mean_states"": 2.0}"
exact-n10000000-d16-k50-sep2.0-s0,exact,10000000,16,50,2.0,0,768,True,90,9859,9859,0.0009859,151615,1649,1037,1368,1595554735.0,47.6384646960023,2136630485.0,211.35243625000658,500000000.0,3.546673912499955,6.460362839998197,0.9086709,41,markov_a0.5_soft,0,1,0.2713025659995765,139737,0.0139737,1.7167454519739778e-05,0.010213011355897018,0.10922114579969276,0.9087708,0.9900289709457524,0.43184978405443153,0.609179960158265,0.11384789931246052,0.5589362333030838,0.5253869443778858,1.0,0.2260834843957142,2,0.4972843874566327,1.3829719387755102,0.7053571428571428,nan,"{""markov_seconds"": 0.10169746700012183, ""mean_states"": 2.0}"
exact-n10000000-d16-k50-sep2.0-s0,exact,10000000,16,50,2.0,0,768,True,90,9859,9859,0.0009859,151615,1649,1037,1368,1595554735.0,47.6384646960023,2136630485.0,211.35243625000658,500000000.0,3.546673912499955,6.460362839998197,0.9086709,41,markov_pooled,0,1,0.2559958510000797,138608,0.0138608,1.6846313008134217e-05,0.010072740231901446,0.10768232414332218,0.9087754,0.9900853107518709,0.35459985799776855,0.8227000710011158,0.17729992899888425,0.5,0.0,0.0,0.3330902428177985,2,0.28462378894173057,1.0,0.5,0.5,"{""markov_seconds"": 0.10580651100008254, ""mean_states"": 2.0}"
exact-n10000000-d16-k50-sep2.0-s0,exact,10000000,16,50,2.0,0,768,True,90,9859,9859,0.0009859,151615,1649,1037,1368,1595554735.0,47.6384646960023,2136630485.0,211.35243625000658,500000000.0,3.546673912499955,6.460362839998197,0.9086709,41,markov_pooled_soft,0,1,0.25840971100024035,138608,0.0138608,1.7004941786913363e-05,0.010146148499373819,0.10852307772487611,0.9087754,0.9900853107518709,0.2918540943704686,0.709643425831635,0.07392227958537788,0.608361261523817,0.44996935974791713,0.9979713966933766,0.19355832384087318,2,0.28462378894173057,1.0,0.5,0.5,"{""markov_seconds"": 0.10579755900016607, ""mean_states"": 2.0}"
exact-n10000000-d16-k50-sep2.0-s0,exact,10000000,16,50,2.0,0,768,True,90,9859,9859,0.0009859,151615,1649,1037,1368,1595554735.0,47.6384646960023,2136630485.0,211.35243625000658,500000000.0,3.546673912499955,6.460362839998197,0.9086709,41,markov_w5,0,1,0.2777251879997493,138227,0.0138227,1.67659645315954e-05,0.010045975723837672,0.10752612285886765,0.9087654,0.9901041092710854,0.2773100720154174,0.8613449639922913,0.13865503600770868,0.5,0.0,0.0,0.3128540049339992,2,0.28462378894173057,1.0,0.5,0.5,"{""markov_seconds"": 0.10115028299969708, ""mean_states"": 1.5208438989755553}"
exact-n10000000-d16-k50-sep2.0-s0,exact,10000000,16,50,2.0,0,768,True,90,9859,9859,0.0009859,151615,1649,1037,1368,1595554735.0,47.6384646960023,2136630485.0,211.35243625000658,500000000.0,3.546673912499955,6.460362839998197,0.9086709,41,markov_w20,0,1,0.2803353790004621,138249,0.0138249,1.6787469462986593e-05,0.010047103487182489,0.10752443453959667,0.9087646,0.990102783867685,0.28177299928998883,0.8591135003550056,0.14088649964499445,0.5,0.0,0.0,0.31376664588816583,2,0.28462378894173057,1.0,0.5,0.5,"{""markov_seconds"": 0.10963563600034831, ""mean_states"": 2.0}"
exact-n10000000-d16-k50-sep2.0-s0,exact,10000000,16,50,2.0,0,768,True,90,9859,9859,0.0009859,151615,1649,1037,1368,1595554735.0,47.6384646960023,2136630485.0,211.35243625000658,500000000.0,3.546673912499955,6.460362839998197,0.9086709,41,active_set_U,985900,2,0.3719052879996525,138228,0.0138228,1.6765471172019986e-05,0.01004588316090147,0.10752575956970734,0.9087649,0.9901040495062903,0.2775129323460797,0.8612435338269602,0.13875646617303983,0.5,0.0,0.0,0.31278920763438284,2,0.28462378894173057,1.0,0.5,0.5,"{""iters"": 2}"
exact-n10000000-d16-k50-sep2.0-s0,exact,10000000,16,50,2.0,0,768,True,90,9859,9859,0.0009859,151615,1649,1037,1368,1595554735.0,47.6384646960023,2136630485.0,211.35243625000658,500000000.0,3.546673912499955,6.460362839998197,0.9086709,41,hartigan_U,1478850,2,0.40443147900077747,138231,0.0138231,1.6765468917601112e-05,0.010045945802615721,0.10752557456324972,0.908765,0.9901038972655095,0.27812151333806673,0.8609392433309666,0.1390607566690334,0.5,0.0,0.0,0.3128403066508966,2,0.28462378894173057,1.0,0.5,0.5,"{""moves"": 15, ""sweeps"": 3}"
exact-n10000000-d16-k50-sep2.0-s0,exact,10000000,16,50,2.0,0,768,True,90,9859,9859,0.0009859,151615,1649,1037,1368,1595554735.0,47.6384646960023,2136630485.0,211.35243625000658,500000000.0,3.546673912499955,6.460362839998197,0.9086709,41,fcm_soft,492950,1,0.4443275610001365,138228,0.0138228,1.67655102540909e-05,0.01004597169284926,0.10752720218255526,0.9087649,0.9901040495062903,0.7672604124493121,0.1443392973574076,0.7168039772284258,0.5032150484758199,3.5104169745127654,1.0,0.7182650186805257,2,0.8791493649962274,0.9116776785259331,0.43864109513415134,1.0,{}
exact-n10000000-d16-k50-sep2.0-s0,exact,10000000,16,50,2.0,0,768,True,90,9859,9859,0.0009859,151615,1649,1037,1368,1595554735.0,47.6384646960023,2136630485.0,211.35243625000658,500000000.0,3.546673912499955,6.460362839998197,0.9086709,41,gmm_plugin_soft,492950,1,0.0553910979997454,138426,0.0138426,1.6833832009455207e-05,0.01004597169284926,0.10752720218255526,0.9088082,0.9900918907585807,0.4751954678015011,0.512832939032212,0.3259708446108723,0.7229514220474607,0.6927966154073921,1.0,0.2026055454465741,2,0.21865650021024619,0.8931497477071508,0.13608896119527158,0.0,{}
exact-n10000000-d16-k50-sep2.0-s0,exact,10000000,16,50,2.0,0,768,True,90,9859,9859,0.0009859,151615,1649,1037,1368,1595554735.0,47.6384646960023,2136630485.0,211.35243625000658,500000000.0,3.546673912499955,6.460362839998197,0.9086709,41,full_convergence,541075750.0,678,163.71397155400427,0,0.0,0.0,0.0,0.0,0.9086709,1.0,0.0,1.0,0.0,nan,0.0,0.0,0.28480463691295155,2,0.28462378894173057,1.0,0.5,0.5,{}
exact-n10000000-d16-k50-sep2.0-s0,exact,10000000,16,50,2.0,0,768,True,90,9859,9859,0.0009859,151615,1649,1037,1368,1595554735.0,47.6384646960023,2136630485.0,211.35243625000658,500000000.0,3.546673912499955,6.460362839998197,0.9086709,41,true_posterior_oracle,0,0,0.0,,,,,,,,0.9800019615351006,0.5097092530515986,0.4897948490004593,0.6052566793373816,0.0009373734948444844,0.20042600669439092,0.4966755211554778,2,0.0,0.8931746242067367,0.6313500914470824,0.0,{}
exact-n10000000-d16-k50-sep2.0-s0,exact,10000000,16,50,2.0,0,768,True,90,9859,9859,0.0009859,151615,1649,1037,1368,1595554735.0,47.6384646960023,2136630485.0,211.35243625000658,500000000.0,3.546673912499955,6.460362839998197,0.9086709,41,model_posterior_oracle,0,0,0.0,,,,,,,,0.19336648253558478,0.7151953630870485,0.2824870923277782,0.8143025246041935,0.5566080108186815,1.0,0.0,2,0.11734698897338214,0.8238354825241185,0.596192903292813,0.0,{}
exact-n10000000-d16-k50-sep2.0-s1,exact,10000000,16,50,2.0,1,471,True,10,1207058,200000,0.1207058,150795,44492,1518,38292,1389364628.0,23.729420603999642,1951050668.0,140.37686681200466,500000000.0,3.6024581414999375,6.151834864999728,0.9393581,44,stop,0,1,0.19960572800027876,135160,0.013516,3.8804040356055225e-05,0.009580877838147702,0.17430520418673257,0.9379026,0.9916541927043285,0.06277,0.968615,0.031384999999999996,0.5,0.0,0.0,0.05031536129840402,90388,0.029269771490419746,0.05801655086958446,0.02900827543479223,0.5,{}
exact-n10000000-d16-k50-sep2.0-s1,exact,10000000,16,50,2.0,1,471,True,10,1207058,200000,0.1207058,150795,44492,1518,38292,1389364628.0,23.729420603999642,1951050668.0,140.37686681200466,500000000.0,3.6024581414999375,6.151834864999728,0.9393581,44,reassign_U,60352900,2,1.2653922230001626,134900,0.01349,3.8719249395580135e-05,0.00956308030610438,0.17393856369054236,0.9378595,0.9916635126482573,0.06241,0.968795,0.031205000000000038,0.5,0.0,0.0,0.05022353662203579,90388,0.029269771490419746,0.05801655086958446,0.02900827543479223,0.5,{}
exact-n10000000-d16-k50-sep2.0-s1,exact,10000000,16,50,2.0,1,471,True,10,1207058,200000,0.1207058,150795,44492,1518,38292,1389364628.0,23.729420603999642,1951050668.0,140.37686681200466,500000000.0,3.6024581414999375,6.151834864999728,0.9393581,44,majority,0,1,1.3787492399997063,140384,0.0140384,4.58624538781649e-05,0.009910237819608638,0.17318612722084809,0.9366488,0.9913315486458817,0.07151,0.964245,0.03575499999999998,0.5,0.0,0.0,0.052904685347108064,90388,0.029218861839993192,0.05790591671460813,0.02895295835730405,0.5,{}
exact-n10000000-d16-k50-sep2.0-s1,exact,10000000,16,50,2.0,1,471,True,10,1207058,200000,0.1207058,150795,44492,1518,38292,1389364628.0,23.729420603999642,1951050668.0,140.37686681200466,500000000.0,3.6024581414999375,6.151834864999728,0.9393581,44,frequency_soft,0,1,1.4835825770005613,140384,0.0140384,0.0022986095322783395,0.02175271363234831,0.1679668429233485,0.9366488,0.9913315486458817,0.09906214876033057,0.8230290909090909,0.12262727272727299,0.6990334425885143,0.42781601938406927,1.0,0.15670893161072275,90388,0.14682116743252283,0.0845996524807469,0.11094393061025823,0.7568368209127178,{}
exact-n10000000-d16-k50-sep2.0-s1,exact,10000000,16,50,2.0,1,471,True,10,1207058,200000,0.1207058,150795,44492,1518,38292,1389364628.0,23.729420603999642,1951050668.0,140.37686681200466,500000000.0,3.6024581414999375,6.151834864999728,0.9393581,44,markov,0,1,11.334585094000431,135272,0.0135272,3.890935911909921e-05,0.009590742477302197,0.17458170468363246,0.9379161,0.991646157528808,0.06294,0.96853,0.03147,0.5,0.0,0.0,0.05034897763025131,90388,0.029269956769782512,0.05801655086958446,0.02900827543479223,0.5,"{""markov_seconds"": 11.163654316000247, ""mean_states"": 2.104023998846783}"
exact-n10000000-d16-k50-sep2.0-s1,exact,10000000,16,50,2.0,1,471,True,10,1207058,200000,0.1207058,150795,44492,1518,38292,1389364628.0,23.729420603999642,1951050668.0,140.37686681200466,500000000.0,3.6024581414999375,6.151834864999728,0.9393581,44,markov_soft,0,1,11.462744331000067,135272,0.0135272,4.2581917890638366e-05,0.009939736361411785,0.17478546263380523,0.9379161,0.991646157528808,0.06392721235122265,0.9651758477249874,0.031539305869783825,0.49445643838626213,0.009471359689913991,0.023475,0.052111256945376196,90388,0.03190619005618513,0.05646126179469785,0.024176140710447595,0.5783821425974178,"{""markov_seconds"": 11.213894478999464, ""mean_states"": 2.104023998846783}"
exact-n10000000-d16-k50-sep2.0-s1,exact,10000000,16,50,2.0,1,471,True,10,1207058,200000,0.1207058,150795,44492,1518,38292,1389364628.0,23.729420603999642,1951050668.0,140.37686681200466,500000000.0,3.6024581414999375,6.151834864999728,0.9393581,44,markov_a0.5,0,1,11.619837311000083,136538,0.0136538,3.968935406617469e-05,0.009665148464169538,0.17431828931252252,0.9376573,0.9915951192628352,0.06494,0.96753,0.03247,0.5,0.0,0.0,0.0509905484352081,90388,0.029269968114335354,0.05801655086958446,0.02900827543479223,0.5,"{""markov_seconds"": 11.405337658999997, ""mean_states"": 2.104023998846783}"
exact-n10000000-d16-k50-sep2.0-s1,exact,10000000,16,50,2.0,1,471,True,10,1207058,200000,0.1207058,150795,44492,1518,38292,1389364628.0,23.729420603999642,1951050668.0,140.37686681200466,500000000.0,3.6024581414999375,6.151834864999728,0.9393581,44,markov_a0.5_soft,0,1,11.33608472800006,136538,0.0136538,0.0011154220328550846,0.017972933026292718,0.17049609648946137,0.9376573,0.9915951192628352,0.0742910167873669,0.8696047251058819,0.0752793353816846,0.6490613549373109,0.3390507291397034,1.0,0.11903266584944067,90388,0.10201822594715236,0.06194781295059987,0.06867358853506486,0.7986901272496639,"{""markov_seconds"": 11.062378827999964, ""mean_states"": 2.104023998846783}"
exact-n10000000-d16-k50-sep2.0-s1,exact,10000000,16,50,2.0,1,471,True,10,1207058,200000,0.1207058,150795,44492,1518,38292,1389364628.0,23.729420603999642,1951050668.0,140.37686681200466,500000000.0,3.6024581414999375,6.151834864999728,0.9393581,44,markov_pooled,0,1,13.717896268000004,135515,0.0135515,3.932745171608687e-05,0.009609787201094053,0.17486792284817712,0.9379429,0.9916087793611262,0.06334,0.96833,0.031669999999999976,0.5,0.0,0.0,0.050412404457851064,90388,0.029249283998702615,0.05797229720759393,0.028986148603797002,0.5,"{""markov_seconds"": 13.479698373999781, ""mean_states"": 2.104023998846783}"
exact-n10000000-d16-k50-sep2.0-s1,exact,10000000,16,50,2.0,1,471,True,10,1207058,200000,0.1207058,150795,44492,1518,38292,1389364628.0,23.729420603999642,1951050668.0,140.37686681200466,500000000.0,3.6024581414999375,6.151834864999728,0.9393581,44,markov_pooled_soft,0,1,12.15100524599984,135515,0.0135515,6.348922795074152e-05,0.010502839675827158,0.1749002840785608,0.9379429,0.9916087793611262,0.06544641482351239,0.9561184213776345,0.02811052124449215,0.43477789925539895,0.04605978846989035,0.96788,0.0579699293573877,90388,0.04355600449948432,0.055238413942479914,0.01077074977449974,0.7114028130894704,"{""markov_seconds"": 11.897932613999728, ""mean_states"": 2.104023998846783}"
exact-n10000000-d16-k50-sep2.0-s1,exact,10000000,16,50,2.0,1,471,True,10,1207058,200000,0.1207058,150795,44492,1518,38292,1389364628.0,23.729420603999642,1951050668.0,140.37686681200466,500000000.0,3.6024581414999375,6.151834864999728,0.9393581,44,markov_w5,0,1,10.096260567000172,135254,0.0135254,3.886252354523556e-05,0.009587533902297088,0.17437699081611374,0.9379212,0.9916488440675439,0.06297,0.968515,0.031484999999999985,0.5,0.0,0.0,0.050365749617520175,90388,0.029269771490419746,0.05801655086958446,0.02900827543479223,0.5,"{""markov_seconds"": 9.919219762000466, ""mean_states"": 1.0120673571609649}"
exact-n10000000-d16-k50-sep2.0-s1,exact,10000000,16,50,2.0,1,471,True,10,1207058,200000,0.1207058,150795,44492,1518,38292,1389364628.0,23.729420603999642,1951050668.0,140.37686681200466,500000000.0,3.6024581414999375,6.151834864999728,0.9393581,44,markov_w20,0,1,12.247230314999797,135272,0.0135272,3.890935911909921e-05,0.009590742477302197,0.17458170468363246,0.9379161,0.991646157528808,0.06294,0.96853,0.03147,0.5,0.0,0.0,0.05034897763025131,90388,0.029269956769782512,0.05801655086958446,0.02900827543479223,0.5,"{""markov_seconds"": 12.056920158000139, ""mean_states"": 2.104023998846783}"
exact-n10000000-d16-k50-sep2.0-s1,exact,10000000,16,50,2.0,1,471,True,10,1207058,200000,0.1207058,150795,44492,1518,38292,1389364628.0,23.729420603999642,1951050668.0,140.37686681200466,500000000.0,3.6024581414999375,6.151834864999728,0.9393581,44,active_set_U,1750234100,2,26.292046960000334,134143,0.0134143,3.862378932750765e-05,0.009516024165523683,0.17256842758021368,0.9377059,0.991687257872526,0.06113,0.969435,0.030564999999999953,0.5,0.0,0.0,0.04994082004378042,90388,0.029269771490419746,0.05801655086958446,0.02900827543479223,0.5,"{""iters"": 29}"
exact-n10000000-d16-k50-sep2.0-s1,exact,10000000,16,50,2.0,1,471,True,10,1207058,200000,0.1207058,150795,44492,1518,38292,1389364628.0,23.729420603999642,1951050668.0,140.37686681200466,500000000.0,3.6024581414999375,6.151834864999728,0.9393581,44,hartigan_U,844940600,2,12.811730235000141,134143,0.0134143,3.862369702201107e-05,0.009516209752593473,0.17255787082842736,0.9377042,0.9916868046812684,0.06112,0.96944,0.03056000000000003,0.5,0.0,0.0,0.04993964109026638,90388,0.029269771490419746,0.05801655086958446,0.02900827543479223,0.5,"{""moves"": 2036, ""sweeps"": 14}"
exact-n10000000-d16-k50-sep2.0-s1,exact,10000000,16,50,2.0,1,471,True,10,1207058,200000,0.1207058,150795,44492,1518,38292,1389364628.0,23.729420603999642,1951050668.0,140.37686681200466,500000000.0,3.6024581414999375,6.151834864999728,0.9393581,44,fcm_soft,60352900,1,2.674477010999908,134900,0.01349,3.8750845796853284e-05,0.009580877838147702,0.17430520418673257,0.9378595,0.9916635126482573,0.8238485147945884,0.10452305835815667,0.8639644298520943,0.23498350798731787,3.7368428447323216,1.0,0.8774368088570195,90388,0.8801391773368433,0.8022812606605645,0.8548309879048311,0.9404238922328187,{}
exact-n10000000-d16-k50-sep2.0-s1,exact,10000000,16,50,2.0,1,471,True,10,1207058,200000,0.1207058,150795,44492,1518,38292,1389364628.0,23.729420603999642,1951050668.0,140.37686681200466,500000000.0,3.6024581414999375,6.151834864999728,0.9393581,44,gmm_plugin_soft,60352900,1,2.7571114140000645,138854,0.0138854,5.6766405809760556e-05,0.009580877838147702,0.17430520418673257,0.9377738,0.9904566512202501,0.04771608419434262,0.9453767779740833,0.01253701080055794,0.970490282465008,0.09528373678055058,0.96319,0.01857647415372758,90388,0.021157910075906616,0.04190388747321366,0.011255440113798606,0.9807618936719588,{}
exact-n10000000-d16-k50-sep2.0-s1,exact,10000000,16,50,2.0,1,471,True,10,1207058,200000,0.1207058,150795,44492,1518,38292,1389364628.0,23.729420603999642,1951050668.0,140.37686681200466,500000000.0,3.6024581414999375,6.151834864999728,0.9393581,44,full_convergence,561686040.0,461,116.64744620800502,0,0.0,0.0,0.0,0.0,0.9393581,1.0,0.0,1.0,0.0,nan,0.0,0.0,0.03995392907769666,90388,0.029269771490419746,0.05801655086958446,0.02900827543479223,0.5,{}
exact-n10000000-d16-k50-sep2.0-s1,exact,10000000,16,50,2.0,1,471,True,10,1207058,200000,0.1207058,150795,44492,1518,38292,1389364628.0,23.729420603999642,1951050668.0,140.37686681200466,500000000.0,3.6024581414999375,6.151834864999728,0.9393581,44,true_posterior_oracle,0,0,0.0,,,,,,,,0.46634505650733693,0.7611530236601407,0.22931214063926936,0.5692068109654305,0.021063601409348206,0.85779,0.24356643507535847,90388,0.0,0.014372651833875375,0.00030360805890344204,0.9833096921433065,{}
exact-n10000000-d16-k50-sep2.0-s1,exact,10000000,16,50,2.0,1,471,True,10,1207058,200000,0.1207058,150795,44492,1518,38292,1389364628.0,23.729420603999642,1951050668.0,140.37686681200466,500000000.0,3.6024581414999375,6.151834864999728,0.9393581,44,model_posterior_oracle,0,0,0.0,,,,,,,,0.025716052104180175,0.9600460709223033,0.03384031435165682,0.9849807831881361,0.0866566742038439,0.96306,0.0,90388,0.02112377703863086,0.04182899160127315,0.01126320635047628,0.9806965762917422,{}
exact-n10000000-d16-k50-sep2.0-s1,exact,10000000,16,50,2.0,1,471,True,20,12515,12515,0.0012515,141191,2911,1251,2606,1413662804.0,26.318579670000872,1951050668.0,140.37686681200466,500000000.0,3.6024581414999375,6.151834864999728,0.9393581,44,stop,0,1,0.19470840899975883,127853,0.0127853,3.572483484948208e-05,0.009107029338470747,0.169938800137003,0.9380559,0.9919267177270954,0.4164602477027567,0.7917698761486216,0.2082301238513784,0.5,0.0,0.0,0.33309524610746344,1,0.4815967710958536,2.0,1.0,nan,{}
exact-n10000000-d16-k50-sep2.0-s1,exact,10000000,16,50,2.0,1,471,True,20,12515,12515,0.0012515,141191,2911,1251,2606,1413662804.0,26.318579670000872,1951050668.0,140.37686681200466,500000000.0,3.6024581414999375,6.151834864999728,0.9393581,44,reassign_U,625750,2,0.4343755420004527,127858,0.0127858,3.5724157754657426e-05,0.009107142610535602,0.16993201969765018,0.9380546,0.9919262494703327,0.41725928885337593,0.791370355573312,0.20862964442668797,0.5,0.0,0.0,0.33308644287181033,1,0.4815967710958536,2.0,1.0,nan,{}
exact-n10000000-d16-k50-sep2.0-s1,exact,10000000,16,50,2.0,1,471,True,20,12515,12515,0.0012515,141191,2911,1251,2606,1413662804.0,26.318579670000872,1951050668.0,140.37686681200466,500000000.0,3.6024581414999375,6.151834864999728,0.9393581,44,majority,0,1,0.1857926739994582,131474,0.0131474,3.729149563191925e-05,0.009341063191176408,0.1724119513750337,0.9380131,0.9917974754354756,0.9951258489812226,0.5024370755093888,0.49756292449061124,0.5,0.0,0.0,0.5000977194633256,1,0.4815967710958536,2.0,1.0,nan,{}
exact-n10000000-d16-k50-sep2.0-s1,exact,10000000,16,50,2.0,1,471,True,20,12515,12515,0.0012515,141191,2911,1251,2606,1413662804.0,26.318579670000872,1951050668.0,140.37686681200466,500000000.0,3.6024581414999375,6.151834864999728,0.9393581,44,frequency_soft,0,1,0.20250691799992637,131474,0.0131474,3.7305694017941704e-05,0.00933861958938573,0.17225875156014236,0.9380131,0.9917974754354756,0.6334652961900265,0.5019068027457959,0.22530781244324993,0.5043756826648785,0.5407123973854966,1.0,0.3062086159734965,1,0.39068768018676264,1.652892561983471,0.9090909090909091,nan,{}
exact-n10000000-d16-k50-sep2.0-s1,exact,10000000,16,50,2.0,1,471,True,20,12515,12515,0.0012515,141191,2911,1251,2606,1413662804.0,26.318579670000872,1951050668.0,140.37686681200466,500000000.0,3.6024581414999375,6.151834864999728,0.9393581,44,markov,0,1,0.3970867520001775,127846,0.0127846,3.573344857543681e-05,0.009107019242191403,0.16994896360348813,0.9380592,0.9919267157489995,0.41534159009188976,0.7923292049540551,0.20767079504594488,0.5,0.0,0.0,0.33301420751768246,1,0.4815967710958536,2.0,1.0,nan,"{""markov_seconds"": 0.20521926200035523, ""mean_states"": 2.000079904115062}"
exact-n10000000-d16-k50-sep2.0-s1,exact,10000000,16,50,2.0,1,471,True,20,12515,12515,0.0012515,141191,2911,1251,2606,1413662804.0,26.318579670000872,1951050668.0,140.37686681200466,500000000.0,3.6024581414999375,6.151834864999728,0.9393581,44,markov_soft,0,1,0.34874237199983327,127846,0.0127846,3.573347392404891e-05,0.009107097795100112,0.169949757155213,0.9380592,0.9919267157489995,0.4120196938592005,0.7919674237643264,0.20492696963026683,0.5064670653614549,0.005962365795901286,0.01054734318817419,0.3306725969755956,1,0.4815967710958536,2.0,1.0,nan,"{""markov_seconds"": 0.17474178799966467, ""mean_states"": 2.000079904115062}"
exact-n10000000-d16-k50-sep2.0-s1,exact,10000000,16,50,2.0,1,471,True,20,12515,12515,0.0012515,141191,2911,1251,2606,1413662804.0,26.318579670000872,1951050668.0,140.37686681200466,500000000.0,3.6024581414999375,6.151834864999728,0.9393581,44,markov_a0.5,0,1,0.30142146100024547,129254,0.0129254,3.6348903134530985e-05,0.009198500278122307,0.1709359178089463,0.9380354,0.9918764842524507,0.6403515781062725,0.6798242109468637,0.32017578905313626,0.5,0.0,0.0,0.3982646989946983,1,0.4815967710958536,2.0,1.0,nan,"{""markov_seconds"": 0.13209862999974575, ""mean_states"": 2.000079904115062}"
exact-n10000000-d16-k50-sep2.0-s1,exact,10000000,16,50,2.0,1,471,True,20,12515,12515,0.0012515,141191,2911,1251,2606,1413662804.0,26.318579670000872,1951050668.0,140.37686681200466,500000000.0,3.6024581414999375,6.151834864999728,0.9393581,44,markov_a0.5_soft,0,1,0.3034519109996836,129254,0.0129254,3.6636327034322846e-05,0.009261879687945253,0.17151080945260708,0.9380354,0.9918764842524507,0.46176493994475226,0.5968403792964886,0.12405324765187263,0.5522372739128968,0.5190465408689722,1.0,0.24640281954073162,1,0.4190967710958536,1.7578125,0.9375,nan,"{""markov_seconds"": 0.1281285979994209, ""mean_states"": 2.000079904115062}"
exact-n10000000-d16-k50-sep2.0-s1,exact,10000000,16,50,2.0,1,471,True,20,12515,12515,0.0012515,141191,2911,1251,2606,1413662804.0,26.318579670000872,1951050668.0,140.37686681200466,500000000.0,3.6024581414999375,6.151834864999728,0.9393581,44,markov_pooled,0,1,0.3568268059998445,128124,0.0128124,3.588173303659126e-05,0.00912571725760255,0.17039957694666003,0.9381146,0.991915580714435,0.4597682780663204,0.7701158609668398,0.22988413903316018,0.5,0.0,0.0,0.3435558833162613,1,0.4815967710958536,2.0,1.0,nan,"{""markov_seconds"": 0.16139202899921656, ""mean_states"": 2.000079904115062}"
exact-n10000000-d16-k50-sep2.0-s1,exact,10000000,16,50,2.0,1,471,True,20,12515,12515,0.0012515,141191,2911,1251,2606,1413662804.0,26.318579670000872,1951050668.0,140.37686681200466,500000000.0,3.6024581414999375,6.151834864999728,0.9393581,44,markov_pooled_soft,0,1,0.3264386549999472,128124,0.0128124,3.626695296854443e-05,0.009197872921667898,0.1709416103422929,0.9381146,0.991915580714435,0.3661917612726289,0.6763388177284468,0.08615242838645853,0.5641238376681112,0.439746603652745,0.9974430683180184,0.22264361014957168,1,0.4815967710958536,2.0,1.0,nan,"{""markov_seconds"": 0.12100957100028609, ""mean_states"": 2.000079904115062}"
exact-n10000000-d16-k50-sep2.0-s1,exact,10000000,16,50,2.0,1,471,True,20,12515,12515,0.0012515,141191,2911,1251,2606,1413662804.0,26.318579670000872,1951050668.0,140.37686681200466,500000000.0,3.6024581414999375,6.151834864999728,0.9393581,44,markov_w5,0,1,0.27837010899929737,127849,0.0127849,3.572571025656224e-05,0.009107017071412987,0.16994127720925342,0.9380561,0.9919269140277746,0.4158210147822613,0.7920894926088694,0.2079105073911306,0.5,0.0,0.0,0.3331075553768771,1,0.4815967710958536,2.0,1.0,nan,"{""markov_seconds"": 0.1124126589993466, ""mean_states"": 1.5039552536955654}"
exact-n10000000-d16-k50-sep2.0-s1,exact,10000000,16,50,2.0,1,471,True,20,12515,12515,0.0012515,141191,2911,1251,2606,1413662804.0,26.318579670000872,1951050668.0,140.37686681200466,500000000.0,3.6024581414999375,6.151834864999728,0.9393581,44,markov_w20,0,1,0.2736978860002637,129570,0.012957,3.767389818376543e-05,0.009225495724629267,0.17285106571637246,0.9383614,0.9918661918160117,0.6908509788254095,0.6545745105872952,0.3454254894127048,0.5,0.0,0.0,0.4057239056376859,1,0.4815967710958536,2.0,1.0,nan,"{""markov_seconds"": 0.12131908600076713, ""mean_states"": 2.004314822213344}"
exact-n10000000-d16-k50-sep2.0-s1,exact,10000000,16,50,2.0,1,471,True,20,12515,12515,0.0012515,141191,2911,1251,2606,1413662804.0,26.318579670000872,1951050668.0,140.37686681200466,500000000.0,3.6024581414999375,6.151834864999728,0.9393581,44,active_set_U,2503000,2,0.3920164950004619,127862,0.0127862,3.5724114667123885e-05,0.00910735214341386,0.1699337283567991,0.9380546,0.9919260531886672,0.4178985217738714,0.7910507391130643,0.20894926088693566,0.5,0.0,0.0,0.333215248062275,1,0.4815967710958536,2.0,1.0,nan,"{""iters"": 4}"
exact-n10000000-d16-k50-sep2.0-s1,exact,10000000,16,50,2.0,1,471,True,20,12515,12515,0.0012515,141191,2911,1251,2606,1413662804.0,26.318579670000872,1951050668.0,140.37686681200466,500000000.0,3.6024581414999375,6.151834864999728,0.9393581,44,hartigan_U,1877250,2,0.4182109989997116,127862,0.0127862,3.5724114667123885e-05,0.00910735214341386,0.1699337283567991,0.9380546,0.9919260531886672,0.4178985217738714,0.7910507391130643,0.20894926088693566,0.5,0.0,0.0,0.333215248062275,1,0.4815967710958536,2.0,1.0,nan,"{""moves"": 29, ""sweeps"": 3}"
exact-n10000000-d16-k50-sep2.0-s1,exact,10000000,16,50,2.0,1,471,True,20,12515,12515,0.0012515,141191,2911,1251,2606,1413662804.0,26.318579670000872,1951050668.0,140.37686681200466,500000000.0,3.6024581414999375,6.151834864999728,0.9393581,44,fcm_soft,625750,1,0.04219449900028849,127858,0.0127858,3.572428916642778e-05,0.009107029338470747,0.169938800137003,0.9380546,0.9919262494703327,0.7733952942450103,0.1398459372170601,0.6511736767748181,0.5114354408990421,3.532452633327807,1.0,0.7339315102524793,1,0.8540211299370143,0.8812799108873527,0.07299066072405544,nan,{}
exact-n10000000-d16-k50-sep2.0-s1,exact,10000000,16,50,2.0,1,471,True,20,12515,12515,0.0012515,141191,2911,1251,2606,1413662804.0,26.318579670000872,1951050668.0,140.37686681200466,500000000.0,3.6024581414999375,6.151834864999728,0.9393581,44,gmm_plugin_soft,625750,1,0.053221971000311896,127947,0.0127947,3.581240991090695e-05,0.009107029338470747,0.169938800137003,0.9380283,0.9919190482857008,0.4673722156480113,0.5175604078038113,0.2584606474579159,0.6097294768023245,0.6915078134289085,1.0,0.2180970902539759,1,0.014526888880203747,0.5077827612779556,0.5038763493075775,nan,{}
exact-n10000000-d16-k50-sep2.0-s1,exact,10000000,16,50,2.0,1,471,True,20,12515,12515,0.0012515,141191,2911,1251,2606,1413662804.0,26.318579670000872,1951050668.0,140.37686681200466,500000000.0,3.6024581414999375,6.151834864999728,0.9393581,44,full_convergence,537387864.0,451,114.05828714200379,0,0.0,0.0,0.0,0.0,0.9393581,1.0,0.0,1.0,0.0,nan,0.0,0.0,0.2659801486992451,1,0.4815967710958536,2.0,1.0,nan,{}
exact-n10000000-d16-k50-sep2.0-s1,exact,10000000,16,50,2.0,1,471,True,20,12515,12515,0.0012515,141191,2911,1251,2606,1413662804.0,26.318579670000872,1951050668.0,140.37686681200466,500000000.0,3.6024581414999375,6.151834864999728,0.9393581,44,true_posterior_oracle,0,0,0.0,,,,,,,,0.9021651361458501,0.5486937740529058,0.45099076279095446,0.8575838028985362,0.0008087196416744198,0.16100679184978026,0.45499423728829835,1,0.0,0.537483829737725,0.5184032289041465,nan,{}
exact-n10000000-d16-k50-sep2.0-s1,exact,10000000,16,50,2.0,1,471,True,20,12515,12515,0.0012515,141191,2911,1251,2606,1413662804.0,26.318579670000872,1951050668.0,140.37686681200466,500000000.0,3.6024581414999375,6.151834864999728,0.9393581,44,model_posterior_oracle,0,0,0.0,,,,,,,,0.1787106327467335,0.734019851300755,0.24307658348494038,0.9667222222222223,0.5269132646871877,1.0,0.0,1,0.014520047441227443,0.5077965502068978,0.5038831907371191,nan,{}
exact-n10000000-d16-k50-sep2.0-s1,exact,10000000,16,50,2.0,1,471,True,30,11084,11084,0.0011084,132844,2737,1105,2474,1440600478.0,29.060756247000427,1951050668.0,140.37686681200466,500000000.0,3.6024581414999375,6.151834864999728,0.9393581,44,stop,0,1,0.201584654000726,121704,0.0121704,3.30501607219702e-05,0.008713107834761225,0.16417120045675693,0.9380832,0.9921270095897378,0.44640923854204256,0.7767953807289787,0.2232046192710213,0.5,0.0,0.0,0.33754662212041114,2,0.9960691346239583,2.0,1.0,nan,{}
exact-n10000000-d16-k50-sep2.0-s1,exact,10000000,16,50,2.0,1,471,True,30,11084,11084,0.0011084,132844,2737,1105,2474,1440600478.0,29.060756247000427,1951050668.0,140.37686681200466,500000000.0,3.6024581414999375,6.151834864999728,0.9393581,44,reassign_U,554200,2,0.4080851379994783,121700,0.01217,3.304995530450938e-05,0.008712983220448523,0.164169752703959,0.9380836,0.9921270627926952,0.44568747744496573,0.7771562612775171,0.22284373872248286,0.5,0.0,0.0,0.3373721207190669,2,0.9960691346239583,2.0,1.0,nan,{}
exact-n10000000-d16-k50-sep2.0-s1,exact,10000000,16,50,2.0,1,471,True,30,11084,11084,0.0011084,132844,2737,1105,2474,1440600478.0,29.060756247000427,1951050668.0,140.37686681200466,500000000.0,3.6024581414999375,6.151834864999728,0.9393581,44,majority,0,1,0.2226555199995346,124833,0.0124833,3.4373406240018056e-05,0.008913164469265772,0.16718863153902433,0.9380627,0.992027203630574,1.0110068567304222,0.4944965716347889,0.5055034283652111,0.5,0.0,0.0,0.5036627443910372,2,0.9998766303424934,2.0,1.0,nan,{}
exact-n10000000-d16-k50-sep2.0-s1,exact,10000000,16,50,2.0,1,471,True,30,11084,11084,0.0011084,132844,2737,1105,2474,1440600478.0,29.060756247000427,1951050668.0,140.37686681200466,500000000.0,3.6024581414999375,6.151834864999728,0.9393581,44,frequency_soft,0,1,0.2047910179999235,124833,0.0124833,3.4377389658724056e-05,0.008907361124440684,0.1671089328380521,0.9380627,0.992027203630574,0.6424643071242592,0.4982202027492536,0.23538433778419343,0.5043676102960846,0.5388468435042515,1.0,0.31291796350002676,2,0.9960691267076457,1.537190082644628,0.6363636363636364,nan,{}
exact-n10000000-d16-k50-sep2.0-s1,exact,10000000,16,50,2.0,1,471,True,30,11084,11084,0.0011084,132844,2737,1105,2474,1440600478.0,29.060756247000427,1951050668.0,140.37686681200466,500000000.0,3.6024581414999375,6.151834864999728,0.9393581,44,markov,0,1,0.3210379499996634,121702,0.0121702,3.30511379906806e-05,0.00871295415624428,0.16417339736890635,0.9380836,0.9921270874342556,0.4460483579935042,0.7769758210032479,0.2230241789967521,0.5,0.0,0.0,0.3373958807637974,2,0.9960691346239583,2.0,1.0,nan,"{""markov_seconds"": 0.1268347699997321, ""mean_states"": 2.0000902201371344}"
exact-n10000000-d16-k50-sep2.0-s1,exact,10000000,16,50,2.0,1,471,True,30,11084,11084,0.0011084,132844,2737,1105,2474,1440600478.0,29.060756247000427,1951050668.0,140.37686681200466,500000000.0,3.6024581414999375,6.151834864999728,0.9393581,44,markov_soft,0,1,0.2983740219997344,121702,0.0121702,3.3051154729069054e-05,0.008712966310686745,0.16417298421694485,0.9380836,0.9921270874342556,0.44434617324699593,0.7769392780569464,0.22145810826898568,0.5022220984197079,0.0025624702941340312,0.004240346445326597,0.33633945632745754,2,0.9960691346239583,2.0,1.0,nan,"{""markov_seconds"": 0.13753491700026643, ""mean_states"": 2.0000902201371344}"
exact-n10000000-d16-k50-sep2.0-s1,exact,10000000,16,50,2.0,1,471,True,30,11084,11084,0.0011084,132844,2737,1105,2474,1440600478.0,29.060756247000427,1951050668.0,140.37686681200466,500000000.0,3.6024581414999375,6.151834864999728,0.9393581,44,markov_a0.5,0,1,0.3035353160003069,122975,0.0122975,3.3581115588487975e-05,0.008793361918446832,0.16546655374982472,0.9380763,0.9920877550744909,0.6757488271382173,0.6621255864308914,0.33787441356910863,0.5,0.0,0.0,0.4053785360278433,2,0.9960691346239583,2.0,1.0,nan,"{""markov_seconds"": 0.1277933920000578, ""mean_states"": 2.0000902201371344}"
exact-n10000000-d16-k50-sep2.0-s1,exact,10000000,16,50,2.0,1,471,True,30,11084,11084,0.0011084,132844,2737,1105,2474,1440600478.0,29.060756247000427,1951050668.0,140.37686681200466,500000000.0,3.6024581414999375,6.151834864999728,0.9393581,44,markov_a0.5_soft,0,1,0.3490595110006325,122975,0.0122975,3.383143479562811e-05,0.008844174408157355,0.1661707564009124,0.9380763,0.9920877550744909,0.4836481917544637,0.5873760581778799,0.14001246834026743,0.5443898950285808,0.5154901032272287,1.0,0.2584837542001343,2,0.9960691267076458,1.6046745562130178,0.7038461538461538,nan,"{""markov_seconds"": 0.16998802600028284, ""mean_states"": 2.0000902201371344}"
exact-n10000000-d16-k50-sep2.0-s1,exact,10000000,16,50,2.0,1,471,True,30,11084,11084,0.0011084,132844,2737,1105,2474,1440600478.0,29.060756247000427,1951050668.0,140.37686681200466,500000000.0,3.6024581414999375,6.151834864999728,0.9393581,44,markov_pooled,0,1,0.3047661689997767,122019,0.0122019,3.320523376770801e-05,0.008733335736019485,0.16477395083486523,0.9381371,0.9921169485875534,0.5032479249368459,0.748376037531577,0.251623962468423,0.5,0.0,0.0,0.3519333202915571,2,0.9960691346239583,2.0,1.0,nan,"{""markov_seconds"": 0.1452116330001445, ""mean_states"": 2.0000902201371344}"
exact-n10000000-d16-k50-sep2.0-s1,exact,10000000,16,50,2.0,1,471,True,30,11084,11084,0.0011084,132844,2737,1105,2474,1440600478.0,29.060756247000427,1951050668.0,140.37686681200466,500000000.0,3.6024581414999375,6.151834864999728,0.9393581,44,markov_pooled_soft,0,1,0.2952312980005445,122019,0.0122019,3.351867659939778e-05,0.008790597424149713,0.16535440945592,0.9381371,0.9921169485875534,0.39334411215482573,0.6630201572858889,0.10527031932581038,0.5524315472543367,0.4395800378041864,0.9969325153374233,0.23450303577436446,2,0.9960691346239583,2.0,1.0,nan,"{""markov_seconds"": 0.11546195299979445, ""mean_states"": 2.0000902201371344}"
exact-n10000000-d16-k50-sep2.0-s1,exact,10000000,16,50,2.0,1,471,True,30,11084,11084,0.0011084,132844,2737,1105,2474,1440600478.0,29.060756247000427,1951050668.0,140.37686681200466,500000000.0,3.6024581414999375,6.151834864999728,0.9393581,44,markov_w5,0,1,0.3388212220006608,121702,0.0121702,3.305026563849012e-05,0.00871303520071405,0.1641696595588881,0.9380832,0.9921270874564635,0.4460483579935042,0.7769758210032479,0.2230241789967521,0.5,0.0,0.0,0.3374875413485521,2,0.9960691346239583,2.0,1.0,nan,"{""markov_seconds"": 0.15182321200063598, ""mean_states"": 1.4944965716347889}"
exact-n10000000-d16-k50-sep2.0-s1,exact,10000000,16,50,2.0,1,471,True,30,11084,11084,0.0011084,132844,2737,1105,2474,1440600478.0,29.060756247000427,1951050668.0,140.37686681200466,500000000.0,3.6024581414999375,6.151834864999728,0.9393581,44,markov_w20,0,1,0.28294720699977916,121708,0.0121708,3.3070388298472864e-05,0.008713072944155562,0.16418483239956774,0.9380862,0.9921275714669046,0.44713099963911945,0.7764345001804402,0.22356549981955975,0.5,0.0,0.0,0.3379497593202407,2,0.9960691346239583,2.0,1.0,nan,"{""markov_seconds"": 0.11237172800065309, ""mean_states"": 2.0001804402742693}"
exact-n10000000-d16-k50-sep2.0-s1,exact,10000000,16,50,2.0,1,471,True,30,11084,11084,0.0011084,132844,2737,1105,2474,1440600478.0,29.060756247000427,1951050668.0,140.37686681200466,500000000.0,3.6024581414999375,6.151834864999728,0.9393581,44,active_set_U,1662600,2,0.3685952249998081,121698,0.0121698,3.304994802855177e-05,0.00871293610109816,0.16416704745457308,0.9380834,0.9921270894185146,0.4453265968964273,0.7773367015517864,0.22266329844821364,0.5,0.0,0.0,0.3373269236903674,2,0.9960691346239583,2.0,1.0,nan,"{""iters"": 3}"
exact-n10000000-d16-k50-sep2.0-s1,exact,10000000,16,50,2.0,1,471,True,30,11084,11084,0.0011084,132844,2737,1105,2474,1440600478.0,29.060756247000427,1951050668.0,140.37686681200466,500000000.0,3.6024581414999375,6.151834864999728,0.9393581,44,hartigan_U,2216800,2,0.38729256599981454,121696,0.0121696,3.304994610275891e-05,0.008712786280021754,0.16416453540155151,0.9380836,0.992127116029683,0.44496571634788884,0.7775171418260556,0.22248285817394442,0.5,0.0,0.0,0.3371697741300541,2,0.9960691346239583,2.0,1.0,nan,"{""moves"": 14, ""sweeps"": 4}"
exact-n10000000-d16-k50-sep2.0-s1,exact,10000000,16,50,2.0,1,471,True,30,11084,11084,0.0011084,132844,2737,1105,2474,1440600478.0,29.060756247000427,1951050668.0,140.37686681200466,500000000.0,3.6024581414999375,6.151834864999728,0.9393581,44,fcm_soft,554200,1,0.0404829270000846,121700,0.01217,3.304998873265852e-05,0.008713107834761225,0.16417120045675693,0.9380836,0.9921270627926952,0.7743059299234015,0.1393006671228198,0.6374622318034513,0.5041735560884315,3.533892224719428,1.0,0.736859332276027,2,0.9617825128760628,0.955679936330662,0.048234601872903585,nan,{}
exact-n10000000-d16-k50-sep2.0-s1,exact,10000000,16,50,2.0,1,471,True,30,11084,11084,0.0011084,132844,2737,1105,2474,1440600478.0,29.060756247000427,1951050668.0,140.37686681200466,500000000.0,3.6024581414999375,6.151834864999728,0.9393581,44,gmm_plugin_soft,554200,1,0.044042485000318266,121740,0.012174,3.319677215030126e-05,0.008713107834761225,0.16417120045675693,0.9380656,0.9921199945903064,0.46939432975021383,0.5165496628652135,0.24813302949582738,0.5793867682988597,0.6919532235931062,1.0,0.22123000574793542,2,0.9939302434312642,1.534728316303216,0.6518664375415129,nan,{}
exact-n10000000-d16-k50-sep2.0-s1,exact,10000000,16,50,2.0,1,471,True,30,11084,11084,0.0011084,132844,2737,1105,2474,1440600478.0,29.060756247000427,1951050668.0,140.37686681200466,500000000.0,3.6024581414999375,6.151834864999728,0.9393581,44,full_convergence,510450190.0,441,111.31611056500424,0,0.0,0.0,0.0,0.0,0.9393581,1.0,0.0,1.0,0.0,nan,0.0,0.0,0.2644367703213606,2,0.9960691346239583,2.0,1.0,nan,{}
exact-n10000000-d16-k50-sep2.0-s1,exact,10000000,16,50,2.0,1,471,True,30,11084,11084,0.0011084,132844,2737,1105,2474,1440600478.0,29.060756247000427,1951050668.0,140.37686681200466,500000000.0,3.6024581414999375,6.151834864999728,0.9393581,44,true_posterior_oracle,0,0,0.0,,,,,,,,0.9317976304143936,0.5338966559965792,0.46582290061394244,0.8559907881582557,0.0007614611638570161,0.16943341753879465,0.4545359245712508,2,0.0,5.936199567977573e-05,0.004017134007988643,nan,{}
exact-n10000000-d16-k50-sep2.0-s1,exact,10000000,16,50,2.0,1,471,True,30,11084,11084,0.0011084,132844,2737,1105,2474,1440600478.0,29.060756247000427,1951050668.0,140.37686681200466,500000000.0,3.6024581414999375,6.151834864999728,0.9393581,44,model_posterior_oracle,0,0,0.0,,,,,,,,0.18016054965950784,0.7355632296786394,0.23935892864447522,0.963797805662242,0.5202840179018803,1.0,0.0,2,0.9387832449267133,1.366623850442646,0.6016611521708275,nan,{}
exact-n10000000-d16-k50-sep2.0-s1,exact,10000000,16,50,2.0,1,471,True,40,11099,11099,0.0011099,124027,2282,1175,2086,1469394108.0,31.841542369002127,1951050668.0,140.37686681200466,500000000.0,3.6024581414999375,6.151834864999728,0.9393581,44,stop,0,1,0.1778981229999772,114797,0.0114797,3.0288595388228146e-05,0.008265947064497845,0.15765132908458637,0.9381601,0.9923705105586471,0.3758897197945761,0.812055140102712,0.18794485989728804,0.5,0.0,0.0,0.3181729034905165,2,0.9996165075420361,2.0,1.0,nan,{}
exact-n10000000-d16-k50-sep2.0-s1,exact,10000000,16,50,2.0,1,471,True,40,11099,11099,0.0011099,124027,2282,1175,2086,1469394108.0,31.841542369002127,1951050668.0,140.37686681200466,500000000.0,3.6024581414999375,6.151834864999728,0.9393581,44,reassign_U,554950,2,0.37623161599913146,114791,0.0114791,3.028820973427493e-05,0.008265562108888139,0.1576501847190609,0.9381597,0.9923709127017196,0.37480854131002794,0.812595729344986,0.18740427065501397,0.5,0.0,0.0,0.31797296973804035,2,0.9996165075420361,2.0,1.0,nan,{}
exact-n10000000-d16-k50-sep2.0-s1,exact,10000000,16,50,2.0,1,471,True,40,11099,11099,0.0011099,124027,2282,1175,2086,1469394108.0,31.841542369002127,1951050668.0,140.37686681200466,500000000.0,3.6024581414999375,6.151834864999728,0.9393581,44,majority,0,1,0.22377113699985784,118421,0.0118421,3.165102695912303e-05,0.008503421740959024,0.16104020610219835,0.9381253,0.9922339706116657,1.0289215244616632,0.4855392377691684,0.5144607622308316,0.5,0.0,0.0,0.5052167449896796,2,0.9999893346358837,2.0,1.0,nan,{}
exact-n10000000-d16-k50-sep2.0-s1,exact,10000000,16,50,2.0,1,471,True,40,11099,11099,0.0011099,124027,2282,1175,2086,1469394108.0,31.841542369002127,1951050668.0,140.37686681200466,500000000.0,3.6024581414999375,6.151834864999728,0.9393581,44,frequency_soft,0,1,0.2348032059999241,118421,0.0118421,3.165841858843166e-05,0.008494045200231577,0.1609176197271643,0.9381253,0.9922339706116657,0.6494934023540204,0.4941149489306981,0.2430603903709589,0.5037684600433068,0.5402164073976472,1.0,0.31592828842137705,2,0.9996165074482672,1.6694214876033056,0.7272727272727273,nan,{}
exact-n10000000-d16-k50-sep2.0-s1,exact,10000000,16,50,2.0,1,471,True,40,11099,11099,0.0011099,124027,2282,1175,2086,1469394108.0,31.841542369002127,1951050668.0,140.37686681200466,500000000.0,3.6024581414999375,6.151834864999728,0.9393581,44,markov,0,1,0.2649288250004247,114808,0.0114808,3.0290341177074964e-05,0.008266335090731013,0.15765161125104799,0.9381606,0.992369674377233,0.377871880349581,0.8110640598252095,0.18893594017479054,0.5,0.0,0.0,0.3182923435815281,2,0.9996165075420361,2.0,1.0,nan,"{""markov_seconds"": 0.10893634399963048, ""mean_states"": 2.0000900982070458}"
exact-n10000000-d16-k50-sep2.0-s1,exact,10000000,16,50,2.0,1,471,True,40,11099,11099,0.0011099,124027,2282,1175,2086,1469394108.0,31.841542369002127,1951050668.0,140.37686681200466,500000000.0,3.6024581414999375,6.151834864999728,0.9393581,44,markov_soft,0,1,0.27395245999923645,114808,0.0114808,3.029035810264702e-05,0.00826644174879728,0.15765304256762128,0.9381606,0.992369674377233,0.3756649725525085,0.8110406056887722,0.187532839366338,0.5067252503835269,0.003307161498538114,0.005766285250923506,0.31696991500348815,2,0.9996165075420361,2.0,1.0,nan,"{""markov_seconds"": 0.11252909299946623, ""mean_states"": 2.0000900982070458}"
exact-n10000000-d16-k50-sep2.0-s1,exact,10000000,16,50,2.0,1,471,True,40,11099,11099,0.0011099,124027,2282,1175,2086,1469394108.0,31.841542369002127,1951050668.0,140.37686681200466,500000000.0,3.6024581414999375,6.151834864999728,0.9393581,44,markov_a0.5,0,1,0.31519918399953895,116222,0.0116222,3.084906692452094e-05,0.00836192483182819,0.15900710106527863,0.9381482,0.99231507128602,0.6326696098747635,0.6836651950626182,0.31633480493738175,0.5,0.0,0.0,0.3919585653993152,2,0.9996165075420361,2.0,1.0,nan,"{""markov_seconds"": 0.134301919999416, ""mean_states"": 2.0000900982070458}"
exact-n10000000-d16-k50-sep2.0-s1,exact,10000000,16,50,2.0,1,471,True,40,11099,11099,0.0011099,124027,2282,1175,2086,1469394108.0,31.841542369002127,1951050668.0,140.37686681200466,500000000.0,3.6024581414999375,6.151834864999728,0.9393581,44,markov_a0.5_soft,0,1,0.30070405100013886,116222,0.0116222,3.110505473924441e-05,0.0084206883529162,0.15985677471754364,0.9381482,0.99231507128602,0.46263669905495575,0.5959796103072238,0.12638302254195888,0.54322889470083,0.5201225476745683,1.0,0.24911872316609643,2,0.9996165074482672,1.7244641012396693,0.8096590909090909,nan,"{""markov_seconds"": 0.12461857400012377, ""mean_states"": 2.0000900982070458}"
exact-n10000000-d16-k50-sep2.0-s1,exact,10000000,16,50,2.0,1,471,True,40,11099,11099,0.0011099,124027,2282,1175,2086,1469394108.0,31.841542369002127,1951050668.0,140.37686681200466,500000000.0,3.6024581414999375,6.151834864999728,0.9393581,44,markov_pooled,0,1,0.2691580190003151,115126,0.0115126,3.0455093211756434e-05,0.0082894820903148,0.15821789483478355,0.938215,0.9923567569286486,0.4351743400306334,0.7824128299846833,0.2175871700153167,0.5,0.0,0.0,0.3330202042785316,2,0.9996165075420361,2.0,1.0,nan,"{""markov_seconds"": 0.11546864899992215, ""mean_states"": 2.0000900982070458}"
exact-n10000000-d16-k50-sep2.0-s1,exact,10000000,16,50,2.0,1,471,True,40,11099,11099,0.0011099,124027,2282,1175,2086,1469394108.0,31.841542369002127,1951050668.0,140.37686681200466,500000000.0,3.6024581414999375,6.151834864999728,0.9393581,44,markov_pooled_soft,0,1,0.31041094600004726,115126,0.0115126,3.0780243325478907e-05,0.008357005026563245,0.15897429419618106,0.938215,0.9923567569286486,0.34947788259983503,0.6832779136413243,0.09229667274291273,0.5717549611717796,0.443495794296503,0.9945941075772592,0.21684292795447063,2,0.9996165075420361,2.0,1.0,nan,"{""markov_seconds"": 0.1478083689999039, ""mean_states"": 2.0000900982070458}"
exact-n10000000-d16-k50-sep2.0-s1,exact,10000000,16,50,2.0,1,471,True,40,11099,11099,0.0011099,124027,2282,1175,2086,1469394108.0,31.841542369002127,1951050668.0,140.37686681200466,500000000.0,3.6024581414999375,6.151834864999728,0.9393581,44,markov_w5,0,1,0.27170220500011055,114798,0.0114798,3.028870157906205e-05,0.008266005523729848,0.15765217587809005,0.93816,0.9923704930587425,0.3760699162086674,0.8119650418956663,0.18803495810433368,0.5,0.0,0.0,0.3182437782177952,2,0.9996165075420361,2.0,1.0,nan,"{""markov_seconds"": 0.10423819799962075, ""mean_states"": 1.5072529056671773}"
exact-n10000000-d16-k50-sep2.0-s1,exact,10000000,16,50,2.0,1,471,True,40,11099,11099,0.0011099,124027,2282,1175,2086,1469394108.0,31.841542369002127,1951050668.0,140.37686681200466,500000000.0,3.6024581414999375,6.151834864999728,0.9393581,44,markov_w20,0,1,0.31295615499948326,114820,0.011482,3.0303438296241936e-05,0.008267493695197237,0.157661597889769,0.9381592,0.992369014772635,0.38003423731867736,0.8099828813406613,0.19001711865933868,0.5,0.0,0.0,0.3189984456922827,2,0.9996165075420361,2.0,1.0,nan,"{""markov_seconds"": 0.1486198209995564, ""mean_states"": 2.0002702946211373}"
exact-n10000000-d16-k50-sep2.0-s1,exact,10000000,16,50,2.0,1,471,True,40,11099,11099,0.0011099,124027,2282,1175,2086,1469394108.0,31.841542369002127,1951050668.0,140.37686681200466,500000000.0,3.6024581414999375,6.151834864999728,0.9393581,44,active_set_U,1664850,2,0.3816038299992215,114789,0.0114789,3.0288202788053553e-05,0.008265508480259134,0.1576501847190609,0.9381597,0.9923710467557688,0.3744481484818452,0.8127759257590774,0.18722407424092258,0.5,0.0,0.0,0.3179433356635393,2,0.9996165075420361,2.0,1.0,nan,"{""iters"": 3}"
exact-n10000000-d16-k50-sep2.0-s1,exact,10000000,16,50,2.0,1,471,True,40,11099,11099,0.0011099,124027,2282,1175,2086,1469394108.0,31.841542369002127,1951050668.0,140.37686681200466,500000000.0,3.6024581414999375,6.151834864999728,0.9393581,44,hartigan_U,1109900,2,0.3742324830000143,114789,0.0114789,3.0288202788053553e-05,0.008265508480259134,0.1576501847190609,0.9381597,0.9923710467557688,0.3744481484818452,0.8127759257590774,0.18722407424092258,0.5,0.0,0.0,0.3179433356635393,2,0.9996165075420361,2.0,1.0,nan,"{""moves"": 14, ""sweeps"": 2}"
exact-n10000000-d16-k50-sep2.0-s1,exact,10000000,16,50,2.0,1,471,True,40,11099,11099,0.0011099,124027,2282,1175,2086,1469394108.0,31.841542369002127,1951050668.0,140.37686681200466,500000000.0,3.6024581414999375,6.151834864999728,0.9393581,44,fcm_soft,554950,1,0.04608368499975768,114791,0.0114791,3.0288258845878602e-05,0.008265947064497845,0.15765132908458637,0.9381597,0.9923709127017196,0.7735265793507028,0.13979788688858888,0.6724709979024678,0.5153655317406842,3.5319731747840355,1.0,0.7367094592808825,2,0.9701088849905373,0.969299986092864,0.044788331575381826,nan,{}
exact-n10000000-d16-k50-sep2.0-s1,exact,10000000,16,50,2.0,1,471,True,40,11099,11099,0.0011099,124027,2282,1175,2086,1469394108.0,31.841542369002127,1951050668.0,140.37686681200466,500000000.0,3.6024581414999375,6.151834864999728,0.9393581,44,gmm_plugin_soft,554950,1,0.05001201699997182,114855,0.0114855,3.049559806544977e-05,0.008265947064497845,0.15765132908458637,0.9381514,0.9923578972396268,0.46550059070623667,0.5186056938185967,0.2817005730514818,0.5852303078410295,0.6921059736502945,1.0,0.22466275576697528,2,0.9970384646255884,1.4992721977595864,0.6257505580379981,nan,{}
exact-n10000000-d16-k50-sep2.0-s1,exact,10000000,16,50,2.0,1,471,True,40,11099,11099,0.0011099,124027,2282,1175,2086,1469394108.0,31.841542369002127,1951050668.0,140.37686681200466,500000000.0,3.6024581414999375,6.151834864999728,0.9393581,44,full_convergence,481656560.0,431,108.53532444300254,0,0.0,0.0,0.0,0.0,0.9393581,1.0,0.0,1.0,0.0,nan,0.0,0.0,0.25900621835288223,2,0.9996165075420361,2.0,1.0,nan,{}
exact-n10000000-d16-k50-sep2.0-s1,exact,10000000,16,50,2.0,1,471,True,40,11099,11099,0.0011099,124027,2282,1175,2086,1469394108.0,31.841542369002127,1951050668.0,140.37686681200466,500000000.0,3.6024581414999375,6.151834864999728,0.9393581,44,true_posterior_oracle,0,0,0.0,,,,,,,,0.9116224583565592,0.5440399032209956,0.45579451632300966,0.8787770466932004,0.0005944765243332551,0.17839444995044598,0.4478396332394489,2,0.0,3.095141381904856e-05,0.0029608011966824055,nan,{}
exact-n10000000-d16-k50-sep2.0-s1,exact,10000000,16,50,2.0,1,471,True,40,11099,11099,0.0011099,124027,2282,1175,2086,1469394108.0,31.841542369002127,1951050668.0,140.37686681200466,500000000.0,3.6024581414999375,6.151834864999728,0.9393581,44,model_posterior_oracle,0,0,0.0,,,,,,,,0.17383197552757312,0.7409937816471178,0.23126614114738048,0.9643773876625863,0.5154659183965017,1.0,0.0,2,0.9969847328444756,1.488791559962093,0.6098684725554493,nan,{}
exact-n10000000-d16-k50-sep2.0-s1,exact,10000000,16,50,2.0,1,471,True,50,11198,11198,0.0011198,114882,2053,1132,1854,1496300811.0,34.543184920003114,1951050668.0,140.37686681200466,500000000.0,3.6024581414999375,6.151834864999728,0.9393581,44,stop,0,1,0.2046681299998454,107318,0.0107318,2.7656445610535485e-05,0.007759551260323238,0.15102790924013137,0.9382127,0.9926961838338748,0.33113055902839794,0.834434720485801,0.16556527951419897,0.5,0.0,0.0,0.3168947046234943,3,0.9978165717844308,2.0,1.0,nan,{}
exact-n10000000-d16-k50-sep2.0-s1,exact,10000000,16,50,2.0,1,471,True,50,11198,11198,0.0011198,114882,2053,1132,1854,1496300811.0,34.543184920003114,1951050668.0,140.37686681200466,500000000.0,3.6024581414999375,6.151834864999728,0.9393581,44,reassign_U,559900,2,0.3761028829994757,107307,0.0107307,2.765607295796002e-05,0.007759133638149565,0.15102154893894718,0.9382126,0.9926966638628253,0.3291659224861582,0.8354170387569209,0.16458296124307914,0.5,0.0,0.0,0.3165785465501634,3,0.9978165717844308,2.0,1.0,nan,{}
exact-n10000000-d16-k50-sep2.0-s1,exact,10000000,16,50,2.0,1,471,True,50,11198,11198,0.0011198,114882,2053,1132,1854,1496300811.0,34.543184920003114,1951050668.0,140.37686681200466,500000000.0,3.6024581414999375,6.151834864999728,0.9393581,44,majority,0,1,0.1927864250001221,111061,0.0111061,2.888567053971336e-05,0.008012986066012084,0.1542638303955248,0.9381858,0.9925268554329361,0.9996427933559564,0.5001786033220218,0.4998213966779782,0.5,0.0,0.0,0.4970210470225263,3,0.9980755892363891,2.0,1.0,nan,{}
exact-n10000000-d16-k50-sep2.0-s1,exact,10000000,16,50,2.0,1,471,True,50,11198,11198,0.0011198,114882,2053,1132,1854,1496300811.0,34.543184920003114,1951050668.0,140.37686681200466,500000000.0,3.6024581414999375,6.151834864999728,0.9393581,44,frequency_soft,0,1,0.2261205090007934,111061,0.0111061,2.889192580401989e-05,0.008011142459666639,0.154273154032332,0.9381858,0.9925268554329361,0.637944497172606,0.5003166149799477,0.22954586046209557,0.5015674285683116,0.5393179570865934,1.0,0.30698389986697483,3,0.9978165693182109,1.537190082644628,0.6363636363636364,nan,{}
exact-n10000000-d16-k50-sep2.0-s1,exact,10000000,16,50,2.0,1,471,True,50,11198,11198,0.0011198,114882,2053,1132,1854,1496300811.0,34.543184920003114,1951050668.0,140.37686681200466,500000000.0,3.6024581414999375,6.151834864999728,0.9393581,44,markov,0,1,0.31020792500021344,107327,0.0107327,2.765746530153379e-05,0.007760009220398808,0.15103863461318995,0.938213,0.9926956762803043,0.332737988926594,0.833631005536703,0.166368994463297,0.5,0.0,0.0,0.31733454945733713,3,0.9978165717844308,2.0,1.0,nan,"{""markov_seconds"": 0.10585685200021544, ""mean_states"": 2.0}"
exact-n10000000-d16-k50-sep2.0-s1,exact,10000000,16,50,2.0,1,471,True,50,11198,11198,0.0011198,114882,2053,1132,1854,1496300811.0,34.543184920003114,1951050668.0,140.37686681200466,500000000.0,3.6024581414999375,6.151834864999728,0.9393581,44,markov_soft,0,1,0.2975221730002886,107327,0.0107327,2.7657475471620785e-05,0.007759999655895321,0.15103417053931417,0.938213,0.9926956762803043,0.33141507458388964,0.8336094803221286,0.16539545942012776,0.5044009348811075,0.0019949345849929676,0.0033934631184140023,0.3163871242846119,3,0.9978165717844308,2.0,1.0,nan,"{""markov_seconds"": 0.11368526300066151, ""mean_states"": 2.0}"
exact-n10000000-d16-k50-sep2.0-s1,exact,10000000,16,50,2.0,1,471,True,50,11198,11198,0.0011198,114882,2053,1132,1854,1496300811.0,34.543184920003114,1951050668.0,140.37686681200466,500000000.0,3.6024581414999375,6.151834864999728,0.9393581,44,markov_a0.5,0,1,0.3547493480000412,108871,0.0108871,2.8170422686990548e-05,0.00786513724686423,0.1524046150739311,0.9382014,0.9926264160557404,0.6085015181282372,0.6957492409358814,0.3042507590641186,0.5,0.0,0.0,0.39148708640698215,3,0.9978165717844308,2.0,1.0,nan,"{""markov_seconds"": 0.16750556099941605, ""mean_states"": 2.0}"
exact-n10000000-d16-k50-sep2.0-s1,exact,10000000,16,50,2.0,1,471,True,50,11198,11198,0.0011198,114882,2053,1132,1854,1496300811.0,34.543184920003114,1951050668.0,140.37686681200466,500000000.0,3.6024581414999375,6.151834864999728,0.9393581,44,markov_a0.5_soft,0,1,0.3146635029997924,108871,0.0108871,2.8399593752004293e-05,0.007929555129572094,0.15321800871586563,0.9382014,0.9926264160557404,0.44312067220747403,0.6076758766178751,0.11808433165037016,0.5674111205530143,0.5156045721716883,1.0,0.24192054140982858,3,0.9978165693182109,1.6328994082840236,0.7384615384615384,nan,"{""markov_seconds"": 0.12760696100031055, ""mean_states"": 2.0}"
exact-n10000000-d16-k50-sep2.0-s1,exact,10000000,16,50,2.0,1,471,True,50,11198,11198,0.0011198,114882,2053,1132,1854,1496300811.0,34.543184920003114,1951050668.0,140.37686681200466,500000000.0,3.6024581414999375,6.151834864999728,0.9393581,44,markov_pooled,0,1,0.37104999399980443,107662,0.0107662,2.7795676374120504e-05,0.007784420491898983,0.15152669649772238,0.9382663,0.992680072685964,0.39257010180389357,0.8037149490980532,0.1962850509019468,0.5,0.0,0.0,0.33111542816833045,3,0.9978165717844308,2.0,1.0,nan,"{""markov_seconds"": 0.16919703900020977, ""mean_states"": 2.0}"
exact-n10000000-d16-k50-sep2.0-s1,exact,10000000,16,50,2.0,1,471,True,50,11198,11198,0.0011198,114882,2053,1132,1854,1496300811.0,34.543184920003114,1951050668.0,140.37686681200466,500000000.0,3.6024581414999375,6.151834864999728,0.9393581,44,markov_pooled_soft,0,1,0.30225491500004864,107662,0.0107662,2.810238750350358e-05,0.00785938587403076,0.15229206950822768,0.9382663,0.992680072685964,0.32206371072476137,0.6991952488734039,0.08519238095918574,0.5844284197755535,0.43798770822785765,0.9938381853902483,0.2118899529910254,3,0.9978165717844308,2.0,1.0,nan,"{""markov_seconds"": 0.13300499999968451, ""mean_states"": 2.0}"
exact-n10000000-d16-k50-sep2.0-s1,exact,10000000,16,50,2.0,1,471,True,50,11198,11198,0.0011198,114882,2053,1132,1854,1496300811.0,34.543184920003114,1951050668.0,140.37686681200466,500000000.0,3.6024581414999375,6.151834864999728,0.9393581,44,markov_w5,0,1,0.26715276400045695,107321,0.0107321,2.765664849579963e-05,0.007759724378925556,0.15103151777128795,0.9382124,0.9926961196777536,0.3316663689944633,0.8341668155027684,0.1658331844972316,0.5,0.0,0.0,0.31708366277242894,3,0.9978165717844308,2.0,1.0,nan,"{""markov_seconds"": 0.1097660060004273, ""mean_states"": 1.4927665654581175}"
exact-n10000000-d16-k50-sep2.0-s1,exact,10000000,16,50,2.0,1,471,True,50,11198,11198,0.0011198,114882,2053,1132,1854,1496300811.0,34.543184920003114,1951050668.0,140.37686681200466,500000000.0,3.6024581414999375,6.151834864999728,0.9393581,44,markov_w20,0,1,0.3257050599995637,107354,0.0107354,2.766951911747917e-05,0.007761252945543838,0.1510347848522261,0.9382119,0.9926940926577028,0.3375602786211824,0.8312198606894088,0.16878013931059122,0.5,0.0,0.0,0.31806827353057826,3,0.9978165717844308,2.0,1.0,nan,"{""markov_seconds"": 0.15273583399994095, ""mean_states"": 2.0}"
exact-n10000000-d16-k50-sep2.0-s1,exact,10000000,16,50,2.0,1,471,True,50,11198,11198,0.0011198,114882,2053,1132,1854,1496300811.0,34.543184920003114,1951050668.0,140.37686681200466,500000000.0,3.6024581414999375,6.151834864999728,0.9393581,44,active_set_U,1679700,2,0.4760670929999833,107308,0.0107308,2.7656067175696464e-05,0.0077591879570438095,0.15102364643816604,0.9382127,0.992696642471854,0.32934452580818,0.83532773709591,0.16467226290408998,0.5,0.0,0.0,0.3166337198907694,3,0.9978165717844308,2.0,1.0,nan,"{""iters"": 3}"
exact-n10000000-d16-k50-sep2.0-s1,exact,10000000,16,50,2.0,1,471,True,50,11198,11198,0.0011198,114882,2053,1132,1854,1496300811.0,34.543184920003114,1951050668.0,140.37686681200466,500000000.0,3.6024581414999375,6.151834864999728,0.9393581,44,hartigan_U,2239600,2,0.40110829999957787,107310,0.010731,2.7656067032921783e-05,0.007759237960346963,0.15102363795409326,0.9382125,0.9926965996889642,0.3297017324522236,0.8351491337738882,0.16485086622611178,0.5,0.0,0.0,0.31671614248437874,3,0.9978165717844308,2.0,1.0,nan,"{""moves"": 18, ""sweeps"": 4}"
exact-n10000000-d16-k50-sep2.0-s1,exact,10000000,16,50,2.0,1,471,True,50,11198,11198,0.0011198,114882,2053,1132,1854,1496300811.0,34.543184920003114,1951050668.0,140.37686681200466,500000000.0,3.6024581414999375,6.151834864999728,0.9393581,44,fcm_soft,559900,1,0.12257937999947899,107307,0.0107307,2.765615019550971e-05,0.007759551260323238,0.15102790924013137,0.9382126,0.9926966638628253,0.7742924356557745,0.13927650893312818,0.6958827303285309,0.5001265858392642,3.5344329900802425,1.0,0.736246659660404,3,0.9721105211146185,0.9723999645215254,0.050381504555301805,nan,{}
exact-n10000000-d16-k50-sep2.0-s1,exact,10000000,16,50,2.0,1,471,True,50,11198,11198,0.0011198,114882,2053,1132,1854,1496300811.0,34.543184920003114,1951050668.0,140.37686681200466,500000000.0,3.6024581414999375,6.151834864999728,0.9393581,44,gmm_plugin_soft,559900,1,0.04625771500013798,107383,0.0107383,2.7823740683219356e-05,0.007759551260323238,0.15102790924013137,0.9382072,0.9926820394659422,0.4654452271660864,0.5186486806460617,0.30689626348879046,0.6022808314830156,0.6915944033990715,1.0,0.21695886006165918,3,0.9978129956657035,1.5501295145187515,0.6598454655933514,nan,{}
exact-n10000000-d16-k50-sep2.0-s1,exact,10000000,16,50,2.0,1,471,True,50,11198,11198,0.0011198,114882,2053,1132,1854,1496300811.0,34.543184920003114,1951050668.0,140.37686681200466,500000000.0,3.6024581414999375,6.151834864999728,0.9393581,44,full_convergence,454749857.0,421,105.83368189200155,0,0.0,0.0,0.0,0.0,0.9393581,1.0,0.0,1.0,0.0,nan,0.0,0.0,0.26597039230586095,3,0.9978165717844308,2.0,1.0,nan,{}
exact-n10000000-d16-k50-sep2.0-s1,exact,10000000,16,50,2.0,1,471,True,50,11198,11198,0.0011198,114882,2053,1132,1854,1496300811.0,34.543184920003114,1951050668.0,140.37686681200466,500000000.0,3.6024581414999375,6.151834864999728,0.9393581,44,true_posterior_oracle,0,0,0.0,,,,,,,,0.9044744969081068,0.5475987970152675,0.4521908914595002,0.8761776545683089,0.0006392295172116764,0.17681728880157171,0.45332165208556974,3,0.0,2.0541063630228008e-05,0.002187020347154345,nan,{}
exact-n10000000-d16-k50-sep2.0-s1,exact,10000000,16,50,2.0,1,471,True,50,11198,11198,0.0011198,114882,2053,1132,1854,1496300811.0,34.543184920003114,1951050668.0,140.37686681200466,500000000.0,3.6024581414999375,6.151834864999728,0.9393581,44,model_posterior_oracle,0,0,0.0,,,,,,,,0.1792965345441248,0.734029607694139,0.2401122218031011,0.9561841057493231,0.5257565670325174,1.0,0.0,3,0.9978040240733018,1.5420250923188528,0.6467881595504045,nan,{}
exact-n10000000-d16-k50-sep2.0-s1,exact,10000000,16,50,2.0,1,471,True,60,11466,11466,0.0011466,105050,1634,1166,1483,1524546596.0,37.376258700003746,1951050668.0,140.37686681200466,500000000.0,3.6024581414999375,6.151834864999728,0.9393581,44,stop,0,1,0.2238729369992143,98841,0.0098841,2.4846081859042357e-05,0.007185625273648308,0.1429125136874641,0.9382853,0.9930785997972474,0.25867783010640155,0.8706610849467993,0.12933891505320072,0.5,0.0,0.0,0.3006248121042782,5,0.9996083795783608,2.0,1.0,nan,{}
exact-n10000000-d16-k50-sep2.0-s1,exact,10000000,16,50,2.0,1,471,True,60,11466,11466,0.0011466,105050,1634,1166,1483,1524546596.0,37.376258700003746,1951050668.0,140.37686681200466,500000000.0,3.6024581414999375,6.151834864999728,0.9393581,44,reassign_U,573300,2,0.39301164700009394,98832,0.0098832,2.484586018858259e-05,0.00718522436547664,0.14290223872278676,0.938285,0.9930789306078753,0.2571079713936857,0.8714460143031572,0.12855398569684284,0.5,0.0,0.0,0.30031025527989086,5,0.9996083795783608,2.0,1.0,nan,{}
exact-n10000000-d16-k50-sep2.0-s1,exact,10000000,16,50,2.0,1,471,True,60,11466,11466,0.0011466,105050,1634,1166,1483,1524546596.0,37.376258700003746,1951050668.0,140.37686681200466,500000000.0,3.6024581414999375,6.151834864999728,0.9393581,44,majority,0,1,0.19334643300044263,103261,0.0103261,2.6299586632694272e-05,0.007488327130665064,0.1472347481325391,0.9382488,0.9928745092704327,1.029652886795744,0.485173556602128,0.514826443397872,0.5,0.0,0.0,0.507570237516182,5,0.9999999997911189,2.0,1.0,nan,{}
exact-n10000000-d16-k50-sep2.0-s1,exact,10000000,16,50,2.0,1,471,True,60,11466,11466,0.0011466,105050,1634,1166,1483,1524546596.0,37.376258700003746,1951050668.0,140.37686681200466,500000000.0,3.6024581414999375,6.151834864999728,0.9393581,44,frequency_soft,0,1,0.21028452399968955,103261,0.0103261,2.6305051296970916e-05,0.007479118581886582,0.14708454096266743,0.9382488,0.9928745092704327,0.6516830932415347,0.49188906331763477,0.24085438371152662,0.4939984571106701,0.542823762104639,1.0,0.31488115557329244,5,0.9996083793694798,1.543801652892562,0.6181818181818182,nan,{}
exact-n10000000-d16-k50-sep2.0-s1,exact,10000000,16,50,2.0,1,471,True,60,11466,11466,0.0011466,105050,1634,1166,1483,1524546596.0,37.376258700003746,1951050668.0,140.37686681200466,500000000.0,3.6024581414999375,6.151834864999728,0.9393581,44,markov,0,1,0.32289906200003315,98850,0.009885,2.484774748889862e-05,0.007185890439164379,0.14291648963282927,0.9382852,0.993077984238405,0.2602476888191174,0.8698761555904413,0.1301238444095587,0.5,0.0,0.0,0.3008004357153458,5,0.9996083795783608,2.0,1.0,nan,"{""markov_seconds"": 0.13285439099945506, ""mean_states"": 2.0000872143729285}"
exact-n10000000-d16-k50-sep2.0-s1,exact,10000000,16,50,2.0,1,471,True,60,11466,11466,0.0011466,105050,1634,1166,1483,1524546596.0,37.376258700003746,1951050668.0,140.37686681200466,500000000.0,3.6024581414999375,6.151834864999728,0.9393581,44,markov_soft,0,1,0.3267927199995029,98850,0.009885,2.4847763122171074e-05,0.007185981516178698,0.14291701495592635,0.9382852,0.993077984238405,0.25859326064822175,0.869800639018326,0.1289311043912886,0.5072071948712084,0.0026827291232748413,0.004884004884004884,0.299642937010732,5,0.9996083795783608,2.0,1.0,nan,"{""markov_seconds"": 0.1343361659992297, ""mean_states"": 2.0000872143729285}"
exact-n10000000-d16-k50-sep2.0-s1,exact,10000000,16,50,2.0,1,471,True,60,11466,11466,0.0011466,105050,1634,1166,1483,1524546596.0,37.376258700003746,1951050668.0,140.37686681200466,500000000.0,3.6024581414999375,6.151834864999728,0.9393581,44,markov_a0.5,0,1,0.3058532290006042,100609,0.0100609,2.5404162476538872e-05,0.0073069617612001045,0.14467769489358973,0.9382702,0.9929963746227697,0.5670678527821384,0.7164660736089308,0.2835339263910692,0.5,0.0,0.0,0.38381463003276006,5,0.9996083795783608,2.0,1.0,nan,"{""markov_seconds"": 0.12553912500061415, ""mean_states"": 2.0000872143729285}"
exact-n10000000-d16-k50-sep2.0-s1,exact,10000000,16,50,2.0,1,471,True,60,11466,11466,0.0011466,105050,1634,1166,1483,1524546596.0,37.376258700003746,1951050668.0,140.37686681200466,500000000.0,3.6024581414999375,6.151834864999728,0.9393581,44,markov_a0.5_soft,0,1,0.31047603100068955,100609,0.0100609,2.5682641645374815e-05,0.007384118404492914,0.1457403584193654,0.9382702,0.9929963746227697,0.42521422058784497,0.613573989495855,0.11675091243337439,0.5578354575639402,0.5227640372084956,1.0,0.23753237159748403,5,0.9996083793694798,1.5396694214876034,0.6090909090909092,nan,"{""markov_seconds"": 0.12458883800081821, ""mean_states"": 2.0000872143729285}"
exact-n10000000-d16-k50-sep2.0-s1,exact,10000000,16,50,2.0,1,471,True,60,11466,11466,0.0011466,105050,1634,1166,1483,1524546596.0,37.376258700003746,1951050668.0,140.37686681200466,500000000.0,3.6024581414999375,6.151834864999728,0.9393581,44,markov_pooled,0,1,0.38972242799991363,99258,0.0099258,2.499830620861232e-05,0.007214856725805946,0.14354253135426503,0.9382989,0.9930592199236784,0.33141461712890286,0.8342926914355486,0.16570730856445137,0.5,0.0,0.0,0.318330310565074,5,0.9996083795783608,2.0,1.0,nan,"{""markov_seconds"": 0.19544765200043912, ""mean_states"": 2.0000872143729285}"
exact-n10000000-d16-k50-sep2.0-s1,exact,10000000,16,50,2.0,1,471,True,60,11466,11466,0.0011466,105050,1634,1166,1483,1524546596.0,37.376258700003746,1951050668.0,140.37686681200466,500000000.0,3.6024581414999375,6.151834864999728,0.9393581,44,markov_pooled_soft,0,1,0.3674016240001947,99258,0.0099258,2.5341924473121225e-05,0.00730200507978088,0.14457801356672606,0.9382989,0.9930592199236784,0.28030984305839374,0.7177534573638369,0.0825091144276526,0.6084489749881709,0.4437957805014695,0.9924995639281353,0.198880971432333,5,0.9996083795783608,2.0,1.0,nan,"{""markov_seconds"": 0.17433479300052568, ""mean_states"": 2.0000872143729285}"
exact-n10000000-d16-k50-sep2.0-s1,exact,10000000,16,50,2.0,1,471,True,60,11466,11466,0.0011466,105050,1634,1166,1483,1524546596.0,37.376258700003746,1951050668.0,140.37686681200466,500000000.0,3.6024581414999375,6.151834864999728,0.9393581,44,markov_w5,0,1,0.2924362160001692,98840,0.009884,2.4846114553778165e-05,0.00718560984381343,0.1429125136874641,0.9382854,0.99307867347106,0.2585034013605442,0.8707482993197279,0.12925170068027214,0.5,0.0,0.0,0.3006177243133988,5,0.9996083795783608,2.0,1.0,nan,"{""markov_seconds"": 0.11130745499940531, ""mean_states"": 1.5126460840746554}"
exact-n10000000-d16-k50-sep2.0-s1,exact,10000000,16,50,2.0,1,471,True,60,11466,11466,0.0011466,105050,1634,1166,1483,1524546596.0,37.376258700003746,1951050668.0,140.37686681200466,500000000.0,3.6024581414999375,6.151834864999728,0.9393581,44,markov_w20,0,1,0.2670278959994903,98877,0.0098877,2.486731909145945e-05,0.007187281887198131,0.14292727034925354,0.9382851,0.9930767547369284,0.26495726495726496,0.8675213675213675,0.13247863247863245,0.5,0.0,0.0,0.30187751276788044,5,0.9996083795783608,2.0,1.0,nan,"{""markov_seconds"": 0.11543405599968537, ""mean_states"": 2.000261643118786}"
exact-n10000000-d16-k50-sep2.0-s1,exact,10000000,16,50,2.0,1,471,True,60,11466,11466,0.0011466,105050,1634,1166,1483,1524546596.0,37.376258700003746,1951050668.0,140.37686681200466,500000000.0,3.6024581414999375,6.151834864999728,0.9393581,44,active_set_U,1719900,2,0.4016864360000909,98829,0.0098829,2.4845838793474684e-05,0.0071851690541313165,0.1429024217771975,0.9382851,0.9930790567236122,0.2565846851561137,0.8717076574219431,0.12829234257805688,0.5,0.0,0.0,0.30023758424087466,5,0.9996083795783608,2.0,1.0,nan,"{""iters"": 3}"
exact-n10000000-d16-k50-sep2.0-s1,exact,10000000,16,50,2.0,1,471,True,60,11466,11466,0.0011466,105050,1634,1166,1483,1524546596.0,37.376258700003746,1951050668.0,140.37686681200466,500000000.0,3.6024581414999375,6.151834864999728,0.9393581,44,hartigan_U,1146600,2,0.39010381899970525,98830,0.009883,2.4845837836906526e-05,0.007185203854087045,0.1429024217771975,0.938285,0.9930789830478773,0.25675911390197104,0.8716204430490144,0.12837955695098557,0.5,0.0,0.0,0.30025279100578095,5,0.9996083795783608,2.0,1.0,nan,"{""moves"": 15, ""sweeps"": 2}"
exact-n10000000-d16-k50-sep2.0-s1,exact,10000000,16,50,2.0,1,471,True,60,11466,11466,0.0011466,105050,1634,1166,1483,1524546596.0,37.376258700003746,1951050668.0,140.37686681200466,500000000.0,3.6024581414999375,6.151834864999728,0.9393581,44,fcm_soft,573300,1,0.042288175000066985,98832,0.0098832,2.484589923712477e-05,0.007185625273648308,0.1429125136874641,0.938285,0.9930789306078753,0.7746169558789803,0.13900511674329882,0.7322568348265592,0.5115489270656688,3.536107370574255,1.0,0.7376494620980367,5,0.9733656850669427,0.9708120323518779,0.048104867033614364,nan,{}
exact-n10000000-d16-k50-sep2.0-s1,exact,10000000,16,50,2.0,1,471,True,60,11466,11466,0.0011466,105050,1634,1166,1483,1524546596.0,37.376258700003746,1951050668.0,140.37686681200466,500000000.0,3.6024581414999375,6.151834864999728,0.9393581,44,gmm_plugin_soft,573300,1,0.04621566000059829,98920,0.009892,2.5119448862742644e-05,0.007185625273648308,0.1429125136874641,0.9382843,0.9930608489485304,0.4601625971648027,0.5213334085458973,0.3412295815636308,0.6151507739342502,0.6918427000628293,1.0,0.2153927209140793,5,0.9995130054068939,1.5480936499101883,0.6569987003931715,nan,{}
exact-n10000000-d16-k50-sep2.0-s1,exact,10000000,16,50,2.0,1,471,True,60,11466,11466,0.0011466,105050,1634,1166,1483,1524546596.0,37.376258700003746,1951050668.0,140.37686681200466,500000000.0,3.6024581414999375,6.151834864999728,0.9393581,44,full_convergence,426504072.0,411,103.00060811200092,0,0.0,0.0,0.0,0.0,0.9393581,1.0,0.0,1.0,0.0,nan,0.0,0.0,0.2647641389762069,5,0.9996083795783608,2.0,1.0,nan,{}
exact-n10000000-d16-k50-sep2.0-s1,exact,10000000,16,50,2.0,1,471,True,60,11466,11466,0.0011466,105050,1634,1166,1483,1524546596.0,37.376258700003746,1951050668.0,140.37686681200466,500000000.0,3.6024581414999375,6.151834864999728,0.9393581,44,true_posterior_oracle,0,0,0.0,,,,,,,,0.916168534991785,0.5416653168254102,0.4580629260297142,0.8660395480849122,0.000932195009591219,0.1744287458573173,0.45233834759177266,5,0.0,8.724871654700404e-07,0.0003948789520290541,nan,{}
exact-n10000000-d16-k50-sep2.0-s1,exact,10000000,16,50,2.0,1,471,True,60,11466,11466,0.0011466,105050,1634,1166,1483,1524546596.0,37.376258700003746,1951050668.0,140.37686681200466,500000000.0,3.6024581414999375,6.151834864999728,0.9393581,44,model_posterior_oracle,0,0,0.0,,,,,,,,0.1785553777650007,0.7352358610237931,0.23805137910546945,0.9638669403507153,0.5234676063660549,1.0,0.0,5,0.9880424406032187,1.5048344655288286,0.6346085814074269,nan,{}
exact-n10000000-d16-k50-sep2.0-s1,exact,10000000,16,50,2.0,1,471,True,70,11500,11500,0.00115,94801,1251,1166,1059,1553721552.0,40.42675868000424,1951050668.0,140.37686681200466,500000000.0,3.6024581414999375,6.151834864999728,0.9393581,44,stop,0,1,0.21954271499998868,89471,0.0089471,2.192109477827664e-05,0.0065474762071687865,0.13232851192204806,0.9383023,0.9935157631510739,0.18417391304347827,0.9079130434782609,0.09208695652173915,0.5,0.0,0.0,0.28265431524069456,5,0.9985683721129787,2.0,1.0,nan,{}
exact-n10000000-d16-k50-sep2.0-s1,exact,10000000,16,50,2.0,1,471,True,70,11500,11500,0.00115,94801,1251,1166,1059,1553721552.0,40.42675868000424,1951050668.0,140.37686681200466,500000000.0,3.6024581414999375,6.151834864999728,0.9393581,44,reassign_U,575000,2,0.3673928359994534,89476,0.0089476,2.192088637031908e-05,0.006547552333297798,0.13232893582266964,0.9383026,0.9935154685839666,0.18504347826086956,0.9074782608695652,0.09252173913043482,0.5,0.0,0.0,0.28269140648231,5,0.9985683721129787,2.0,1.0,nan,{}
exact-n10000000-d16-k50-sep2.0-s1,exact,10000000,16,50,2.0,1,471,True,70,11500,11500,0.00115,94801,1251,1166,1059,1553721552.0,40.42675868000424,1951050668.0,140.37686681200466,500000000.0,3.6024581414999375,6.151834864999728,0.9393581,44,majority,0,1,0.22605408600065857,94241,0.0094241,2.340841536185856e-05,0.0068734187858583515,0.13794144527433144,0.9382973,0.9932900458026664,1.0137391304347827,0.4931304347826087,0.5068695652173913,0.5,0.0,0.0,0.5019914501197889,5,0.9986664870587629,2.0,1.0,nan,{}
exact-n10000000-d16-k50-sep2.0-s1,exact,10000000,16,50,2.0,1,471,True,70,11500,11500,0.00115,94801,1251,1166,1059,1553721552.0,40.42675868000424,1951050668.0,140.37686681200466,500000000.0,3.6024581414999375,6.151834864999728,0.9393581,44,frequency_soft,0,1,0.20675323999967077,94241,0.0094241,2.341526252669368e-05,0.00686729632649586,0.13776505460177296,0.9382973,0.9932900458026664,0.6433388429752066,0.4969565217391304,0.23550988142292492,0.5006184910397755,0.5408845306760138,1.0,0.31398281773254555,5,0.9985683700482125,1.6297520661157023,0.7272727272727273,nan,{}
exact-n10000000-d16-k50-sep2.0-s1,exact,10000000,16,50,2.0,1,471,True,70,11500,11500,0.00115,94801,1251,1166,1059,1553721552.0,40.42675868000424,1951050668.0,140.37686681200466,500000000.0,3.6024581414999375,6.151834864999728,0.9393581,44,markov,0,1,0.3870549029998074,89472,0.0089472,2.1921927162438237e-05,0.006547474361121369,0.13233022374636105,0.9383022,0.9935158650131549,0.18434782608695652,0.9078260869565218,0.09217391304347822,0.5,0.0,0.0,0.2827067217975943,5,0.9985683721129787,2.0,1.0,nan,"{""markov_seconds"": 0.18594957100049214, ""mean_states"": 2.0}"
exact-n10000000-d16-k50-sep2.0-s1,exact,10000000,16,50,2.0,1,471,True,70,11500,11500,0.00115,94801,1251,1166,1059,1553721552.0,40.42675868000424,1951050668.0,140.37686681200466,500000000.0,3.6024581414999375,6.151834864999728,0.9393581,44,markov_soft,0,1,0.29217141199933394,89472,0.0089472,2.1921934123758646e-05,0.006547596718711881,0.13233240261119034,0.9383022,0.9935158650131549,0.18348077162735685,0.9075286339122657,0.0913583226094736,0.5080807408670758,0.002206640010824753,0.0041739130434782605,0.2817907165125924,5,0.9985683721129787,2.0,1.0,nan,"{""markov_seconds"": 0.11412391300018498, ""mean_states"": 2.0}"
exact-n10000000-d16-k50-sep2.0-s1,exact,10000000,16,50,2.0,1,471,True,70,11500,11500,0.00115,94801,1251,1166,1059,1553721552.0,40.42675868000424,1951050668.0,140.37686681200466,500000000.0,3.6024581414999375,6.151834864999728,0.9393581,44,markov_a0.5,0,1,0.28108652100036124,91351,0.0091351,2.252479530895357e-05,0.006676166204384668,0.13458276211704984,0.9382973,0.9934262688605181,0.5111304347826087,0.7444347826086957,0.25556521739130433,0.5,0.0,0.0,0.3695317303843927,5,0.9986640654873238,2.0,1.0,nan,"{""markov_seconds"": 0.11969575100010843, ""mean_states"": 2.0}"
exact-n10000000-d16-k50-sep2.0-s1,exact,10000000,16,50,2.0,1,471,True,70,11500,11500,0.00115,94801,1251,1166,1059,1553721552.0,40.42675868000424,1951050668.0,140.37686681200466,500000000.0,3.6024581414999375,6.151834864999728,0.9393581,44,markov_a0.5_soft,0,1,0.27127654300056747,91351,0.0091351,2.280151221611959e-05,0.006762897445097289,0.13600628780906912,0.9382973,0.9934262688605181,0.3942022646223622,0.6303266426390244,0.11549127567454598,0.5761389988238286,0.519867828153335,1.0,0.23064973751000528,5,0.9985683700482125,1.6632500000000001,0.7550000000000001,nan,"{""markov_seconds"": 0.10922027800006617, ""mean_states"": 2.0}"
exact-n10000000-d16-k50-sep2.0-s1,exact,10000000,16,50,2.0,1,471,True,70,11500,11500,0.00115,94801,1251,1166,1059,1553721552.0,40.42675868000424,1951050668.0,140.37686681200466,500000000.0,3.6024581414999375,6.151834864999728,0.9393581,44,markov_pooled,0,1,0.27302926999982446,89897,0.0089897,2.2091044115324365e-05,0.0065779798810385245,0.13304620191160435,0.9383227,0.9934955215878543,0.2582608695652174,0.8708695652173913,0.12913043478260866,0.5,0.0,0.0,0.300628708927226,5,0.9985683721129787,2.0,1.0,nan,"{""markov_seconds"": 0.1161922119999872, ""mean_states"": 2.0}"
exact-n10000000-d16-k50-sep2.0-s1,exact,10000000,16,50,2.0,1,471,True,70,11500,11500,0.00115,94801,1251,1166,1059,1553721552.0,40.42675868000424,1951050668.0,140.37686681200466,500000000.0,3.6024581414999375,6.151834864999728,0.9393581,44,markov_pooled_soft,0,1,0.2812962759999209,89897,0.0089897,2.2436386399649066e-05,0.006673780455739362,0.13446298945325313,0.9383227,0.9934955215878543,0.23199765220026894,0.7428398061970978,0.09527343923860859,0.6474702424477761,0.4412757060640209,0.991304347826087,0.18821352541774433,5,0.9985683721129787,2.0,1.0,nan,"{""markov_seconds"": 0.10870084999987739, ""mean_states"": 2.0}"
exact-n10000000-d16-k50-sep2.0-s1,exact,10000000,16,50,2.0,1,471,True,70,11500,11500,0.00115,94801,1251,1166,1059,1553721552.0,40.42675868000424,1951050668.0,140.37686681200466,500000000.0,3.6024581414999375,6.151834864999728,0.9393581,44,markov_w5,0,1,0.3013377289998971,89472,0.0089472,2.1921458912554925e-05,0.006547456747221974,0.13232980252093052,0.9383018,0.9935158203484133,0.18434782608695652,0.9078260869565218,0.09217391304347822,0.5,0.0,0.0,0.2827042272769879,5,0.9985683721129787,2.0,1.0,nan,"{""markov_seconds"": 0.12945771600061562, ""mean_states"": 1.5041739130434784}"
exact-n10000000-d16-k50-sep2.0-s1,exact,10000000,16,50,2.0,1,471,True,70,11500,11500,0.00115,94801,1251,1166,1059,1553721552.0,40.42675868000424,1951050668.0,140.37686681200466,500000000.0,3.6024581414999375,6.151834864999728,0.9393581,44,markov_w20,0,1,0.29085718900023494,89517,0.0089517,2.194196372884427e-05,0.006549742433174134,0.1323831163399947,0.9383025,0.993513973762917,0.19217391304347825,0.9039130434782608,0.09608695652173915,0.5,0.0,0.0,0.2847353236295388,5,0.9985683721129787,2.0,1.0,nan,"{""markov_seconds"": 0.12924366100014595, ""mean_states"": 2.0}"
exact-n10000000-d16-k50-sep2.0-s1,exact,10000000,16,50,2.0,1,471,True,70,11500,11500,0.00115,94801,1251,1166,1059,1553721552.0,40.42675868000424,1951050668.0,140.37686681200466,500000000.0,3.6024581414999375,6.151834864999728,0.9393581,44,active_set_U,1725000,2,0.3968747730004907,89476,0.0089476,2.1920882247838946e-05,0.006547535388670309,0.13232893582266964,0.9383026,0.9935154685839666,0.18504347826086956,0.9074782608695652,0.09252173913043482,0.5,0.0,0.0,0.282685274955649,5,0.9985683721129787,2.0,1.0,nan,"{""iters"": 3}"
exact-n10000000-d16-k50-sep2.0-s1,exact,10000000,16,50,2.0,1,471,True,70,11500,11500,0.00115,94801,1251,1166,1059,1553721552.0,40.42675868000424,1951050668.0,140.37686681200466,500000000.0,3.6024581414999375,6.151834864999728,0.9393581,44,hartigan_U,2300000,2,0.4224168479995569,89476,0.0089476,2.1920880611592253e-05,0.006547535243360974,0.13232893582266964,0.9383028,0.9935154685821038,0.18504347826086956,0.9074782608695652,0.09252173913043482,0.5,0.0,0.0,0.282683798143593,5,0.9985683721129787,2.0,1.0,nan,"{""moves"": 17, ""sweeps"": 4}"
exact-n10000000-d16-k50-sep2.0-s1,exact,10000000,16,50,2.0,1,471,True,70,11500,11500,0.00115,94801,1251,1166,1059,1553721552.0,40.42675868000424,1951050668.0,140.37686681200466,500000000.0,3.6024581414999375,6.151834864999728,0.9393581,44,fcm_soft,575000,1,0.04596767699968041,89476,0.0089476,2.192091766572979e-05,0.0065474762071687865,0.13232851192204806,0.9383026,0.9935154685839666,0.7744390892661107,0.13909684087762622,0.7682738932593464,0.49530957760441735,3.5360690181756294,1.0,0.7387326287511125,5,0.9711706812208478,0.969137977998742,0.050186399887534996,nan,{}
exact-n10000000-d16-k50-sep2.0-s1,exact,10000000,16,50,2.0,1,471,True,70,11500,11500,0.00115,94801,1251,1166,1059,1553721552.0,40.42675868000424,1951050668.0,140.37686681200466,500000000.0,3.6024581414999375,6.151834864999728,0.9393581,44,gmm_plugin_soft,575000,1,0.043397030999585695,89577,0.0089577,2.2175452792261297e-05,0.0065474762071687865,0.13232851192204806,0.9383033,0.9934952892026307,0.45457960650293544,0.5244036085671988,0.37584734282602894,0.6703172477372817,0.6909477483994374,1.0,0.21339498446063712,5,0.9985286692846836,1.5355160369234033,0.6488788425615389,nan,{}
exact-n10000000-d16-k50-sep2.0-s1,exact,10000000,16,50,2.0,1,471,True,70,11500,11500,0.00115,94801,1251,1166,1059,1553721552.0,40.42675868000424,1951050668.0,140.37686681200466,500000000.0,3.6024581414999375,6.151834864999728,0.9393581,44,full_convergence,397329116.0,401,99.95010813200042,0,0.0,0.0,0.0,0.0,0.9393581,1.0,0.0,1.0,0.0,nan,0.0,0.0,0.26351375204115596,5,0.9985683721129787,2.0,1.0,nan,{}
exact-n10000000-d16-k50-sep2.0-s1,exact,10000000,16,50,2.0,1,471,True,70,11500,11500,0.00115,94801,1251,1166,1059,1553721552.0,40.42675868000424,1951050668.0,140.37686681200466,500000000.0,3.6024581414999375,6.151834864999728,0.9393581,44,true_posterior_oracle,0,0,0.0,,,,,,,,0.9509789268548592,0.5243469638131529,0.47544913616975476,0.8741943694082908,0.0005946302181558394,0.1897391304347826,0.459872820977005,5,0.0,1.0193195466113673e-05,0.0014705312238125767,nan,{}
exact-n10000000-d16-k50-sep2.0-s1,exact,10000000,16,50,2.0,1,471,True,70,11500,11500,0.00115,94801,1251,1166,1059,1553721552.0,40.42675868000424,1951050668.0,140.37686681200466,500000000.0,3.6024581414999375,6.151834864999728,0.9393581,44,model_posterior_oracle,0,0,0.0,,,,,,,,0.17923812635999076,0.7364862479588441,0.23921712518148092,0.9500912080575744,0.5194290394463207,1.0,0.0,5,0.9984879504919464,1.5275329123939578,0.6361394891659847,nan,{}
exact-n10000000-d16-k50-sep2.0-s1,exact,10000000,16,50,2.0,1,471,True,80,11527,11527,0.0011527,84516,1242,1158,1081,1583829305.0,43.39693604200511,1951050668.0,140.37686681200466,500000000.0,3.6024581414999375,6.151834864999728,0.9393581,44,stop,0,1,0.17692128400085494,80112,0.0080112,1.902092902472674e-05,0.0058977427422983245,0.1210130909783087,0.9383579,0.9939959283602084,0.18755964257829444,0.9062201787108528,0.09377982128914719,0.5,0.0,0.0,0.2906210193589717,13,0.9985715352685075,2.0,1.0,nan,{}
exact-n10000000-d16-k50-sep2.0-s1,exact,10000000,16,50,2.0,1,471,True,80,11527,11527,0.0011527,84516,1242,1158,1081,1583829305.0,43.39693604200511,1951050668.0,140.37686681200466,500000000.0,3.6024581414999375,6.151834864999728,0.9393581,44,reassign_U,576350,2,0.3862543129998812,80106,0.0080106,1.9020512485257157e-05,0.005897549344080153,0.12101089342503897,0.9383579,0.9939962405920286,0.18651860848442786,0.906740695757786,0.09325930424221396,0.5,0.0,0.0,0.2904629936929213,13,0.9985715352685075,2.0,1.0,nan,{}
exact-n10000000-d16-k50-sep2.0-s1,exact,10000000,16,50,2.0,1,471,True,80,11527,11527,0.0011527,84516,1242,1158,1081,1583829305.0,43.39693604200511,1951050668.0,140.37686681200466,500000000.0,3.6024581414999375,6.151834864999728,0.9393581,44,majority,0,1,0.1985726610000711,84787,0.0084787,2.0467349943764646e-05,0.006224887972069584,0.12664990835898643,0.9383176,0.993749610461922,0.9986987073826668,0.5006506463086666,0.4993493536913334,0.5,0.0,0.0,0.4980635926984294,13,0.9992003517306034,2.0,1.0,nan,{}
exact-n10000000-d16-k50-sep2.0-s1,exact,10000000,16,50,2.0,1,471,True,80,11527,11527,0.0011527,84516,1242,1158,1081,1583829305.0,43.39693604200511,1951050668.0,140.37686681200466,500000000.0,3.6024581414999375,6.151834864999728,0.9393581,44,frequency_soft,0,1,0.20489831099985167,84787,0.0084787,2.0470978857156652e-05,0.006222025502731559,0.12664921319430006,0.9383176,0.993749610461922,0.6366353663371732,0.4998540974944202,0.22679558664637187,0.49801268148511363,0.5419273115609795,1.0,0.3043817656151462,13,0.9983305620964453,1.631277813095995,0.7272727272727273,nan,{}
exact-n10000000-d16-k50-sep2.0-s1,exact,10000000,16,50,2.0,1,471,True,80,11527,11527,0.0011527,84516,1242,1158,1081,1583829305.0,43.39693604200511,1951050668.0,140.37686681200466,500000000.0,3.6024581414999375,6.151834864999728,0.9393581,44,markov,0,1,0.3780579880003643,80113,0.0080113,1.9021920283801563e-05,0.0058978013568945255,0.12101011355105862,0.938357,0.9939958486636057,0.18773314826060553,0.9061334258696973,0.09386657413030275,0.5,0.0,0.0,0.29069773439770247,13,0.9985715352685075,2.0,1.0,nan,"{""markov_seconds"": 0.16950022299988632, ""mean_states"": 2.0}"
exact-n10000000-d16-k50-sep2.0-s1,exact,10000000,16,50,2.0,1,471,True,80,11527,11527,0.0011527,84516,1242,1158,1081,1583829305.0,43.39693604200511,1951050668.0,140.37686681200466,500000000.0,3.6024581414999375,6.151834864999728,0.9393581,44,markov_soft,0,1,0.338700721999885,80113,0.0080113,1.902193732905566e-05,0.005897800658325017,0.12101191718135819,0.938357,0.9939958486636057,0.18618274657722714,0.9060440872327543,0.09253351572586715,0.5078703703703704,0.0025144116846354176,0.0042508892166218445,0.2894152369078204,13,0.9985715352685075,2.0,1.0,nan,"{""markov_seconds"": 0.1760679489998438, ""mean_states"": 2.0}"
exact-n10000000-d16-k50-sep2.0-s1,exact,10000000,16,50,2.0,1,471,True,80,11527,11527,0.0011527,84516,1242,1158,1081,1583829305.0,43.39693604200511,1951050668.0,140.37686681200466,500000000.0,3.6024581414999375,6.151834864999728,0.9393581,44,markov_a0.5,0,1,0.32484748200022295,82021,0.0082021,1.961142464090848e-05,0.006033108268704308,0.12335265195622974,0.9383417,0.9938939613421675,0.5187819901101761,0.740609004944912,0.259390995055088,0.5,0.0,0.0,0.3754978879274954,13,0.9990699065652778,2.0,1.0,nan,"{""markov_seconds"": 0.17241858000033972, ""mean_states"": 2.0}"
exact-n10000000-d16-k50-sep2.0-s1,exact,10000000,16,50,2.0,1,471,True,80,11527,11527,0.0011527,84516,1242,1158,1081,1583829305.0,43.39693604200511,1951050668.0,140.37686681200466,500000000.0,3.6024581414999375,6.151834864999728,0.9393581,44,markov_a0.5_soft,0,1,0.3277495470001668,82021,0.0082021,1.9878597860900626e-05,0.006116541476342671,0.12481758808573015,0.9383417,0.9938939613421675,0.39076516926356375,0.6317778509129345,0.1143699918498501,0.5935523724283871,0.5204975664820826,1.0,0.22614727603152762,13,0.9983305620964453,1.6332485973451738,0.720097210481826,nan,"{""markov_seconds"": 0.15808752900011314, ""mean_states"": 2.0}"
exact-n10000000-d16-k50-sep2.0-s1,exact,10000000,16,50,2.0,1,471,True,80,11527,11527,0.0011527,84516,1242,1158,1081,1583829305.0,43.39693604200511,1951050668.0,140.37686681200466,500000000.0,3.6024581414999375,6.151834864999728,0.9393581,44,markov_pooled,0,1,0.25652067699957115,80536,0.0080536,1.9175451256625564e-05,0.005927997036579271,0.12168489265586611,0.9384119,0.9939736811368145,0.261126051878199,0.8694369740609005,0.13056302593909952,0.5,0.0,0.0,0.3070295690637074,13,0.9985715352685075,2.0,1.0,nan,"{""markov_seconds"": 0.10505440499946417, ""mean_states"": 2.0}"
exact-n10000000-d16-k50-sep2.0-s1,exact,10000000,16,50,2.0,1,471,True,80,11527,11527,0.0011527,84516,1242,1158,1081,1583829305.0,43.39693604200511,1951050668.0,140.37686681200466,500000000.0,3.6024581414999375,6.151834864999728,0.9393581,44,markov_pooled_soft,0,1,0.2721014489998197,80536,0.0080536,1.9526645139933407e-05,0.006025196382901012,0.12318896811586137,0.9384119,0.9939736811368145,0.23094845183701224,0.7436217842441086,0.08843504861280715,0.664868551644853,0.44046541881577306,0.9885486249674676,0.1889852210336683,13,0.9985715352685075,2.0,1.0,nan,"{""markov_seconds"": 0.11298965900004987, ""mean_states"": 2.0}"
exact-n10000000-d16-k50-sep2.0-s1,exact,10000000,16,50,2.0,1,471,True,80,11527,11527,0.0011527,84516,1242,1158,1081,1583829305.0,43.39693604200511,1951050668.0,140.37686681200466,500000000.0,3.6024581414999375,6.151834864999728,0.9393581,44,markov_w5,0,1,0.2661317539996162,80115,0.0080115,1.902130218378595e-05,0.005897886503652423,0.12101312829106581,0.9383576,0.9939956893769546,0.18808015962522773,0.9059599201873861,0.09404007981261386,0.5,0.0,0.0,0.29070990393626156,13,0.9985715352685075,2.0,1.0,nan,"{""markov_seconds"": 0.10574427299980016, ""mean_states"": 1.5055088054133774}"
exact-n10000000-d16-k50-sep2.0-s1,exact,10000000,16,50,2.0,1,471,True,80,11527,11527,0.0011527,84516,1242,1158,1081,1583829305.0,43.39693604200511,1951050668.0,140.37686681200466,500000000.0,3.6024581414999375,6.151834864999728,0.9393581,44,markov_w20,0,1,0.30043638799998007,80116,0.0080116,1.9032403311358692e-05,0.005897988654963847,0.12102538529911601,0.9383565,0.9939960655939986,0.18825366530753881,0.9058731673462306,0.09412683265376942,0.5,0.0,0.0,0.29104658479045675,13,0.9985715352685075,2.0,1.0,nan,"{""markov_seconds"": 0.12779644500005816, ""mean_states"": 2.0}"
exact-n10000000-d16-k50-sep2.0-s1,exact,10000000,16,50,2.0,1,471,True,80,11527,11527,0.0011527,84516,1242,1158,1081,1583829305.0,43.39693604200511,1951050668.0,140.37686681200466,500000000.0,3.6024581414999375,6.151834864999728,0.9393581,44,active_set_U,1729050,2,0.3554987859997709,80107,0.0080107,1.9020483050802284e-05,0.005897585459403121,0.12100919745924393,0.9383576,0.9939961194949197,0.18669211416673895,0.9066539429166305,0.09334605708336952,0.5,0.0,0.0,0.2904533229692827,13,0.9985715352685075,2.0,1.0,nan,"{""iters"": 3}"
exact-n10000000-d16-k50-sep2.0-s1,exact,10000000,16,50,2.0,1,471,True,80,11527,11527,0.0011527,84516,1242,1158,1081,1583829305.0,43.39693604200511,1951050668.0,140.37686681200466,500000000.0,3.6024581414999375,6.151834864999728,0.9393581,44,hartigan_U,1729050,2,0.4113028049996501,80107,0.0080107,1.9020483050802284e-05,0.005897585459403121,0.12100919745924393,0.9383576,0.9939961194949197,0.18669211416673895,0.9066539429166305,0.09334605708336952,0.5,0.0,0.0,0.2904533229692827,13,0.9985715352685075,2.0,1.0,nan,"{""moves"": 17, ""sweeps"": 3}"
exact-n10000000-d16-k50-sep2.0-s1,exact,10000000,16,50,2.0,1,471,True,80,11527,11527,0.0011527,84516,1242,1158,1081,1583829305.0,43.39693604200511,1951050668.0,140.37686681200466,500000000.0,3.6024581414999375,6.151834864999728,0.9393581,44,fcm_soft,576350,1,0.046555507000448415,80106,0.0080106,1.902057482672248e-05,0.0058977427422983245,0.1210130909783087,0.9383579,0.9939962405920286,0.7743328025967735,0.1391984633618123,0.7674403656524947,0.4975249868724356,3.535286347516529,1.0,0.736978816641022,13,0.9732903950162577,0.9734449893064189,0.04805034745058604,nan,{}
exact-n10000000-d16-k50-sep2.0-s1,exact,10000000,16,50,2.0,1,471,True,80,11527,11527,0.0011527,84516,1242,1158,1081,1583829305.0,43.39693604200511,1951050668.0,140.37686681200466,500000000.0,3.6024581414999375,6.151834864999728,0.9393581,44,gmm_plugin_soft,576350,1,0.04620276900004683,80284,0.0080284,1.9357133243413926e-05,0.0058977427422983245,0.1210130909783087,0.9383666,0.9939667590930051,0.4556300571741191,0.5239701977566298,0.3703966705738606,0.6974154767510671,0.6908798682961409,1.0,0.20419464319019787,13,0.9982900230841021,1.5068573342336475,0.6186314580628883,nan,{}
exact-n10000000-d16-k50-sep2.0-s1,exact,10000000,16,50,2.0,1,471,True,80,11527,11527,0.0011527,84516,1242,1158,1081,1583829305.0,43.39693604200511,1951050668.0,140.37686681200466,500000000.0,3.6024581414999375,6.151834864999728,0.9393581,44,full_convergence,367221363.0,391,96.97993076999956,0,0.0,0.0,0.0,0.0,0.9393581,1.0,0.0,1.0,0.0,nan,0.0,0.0,0.273041750150116,13,0.9985715352685075,2.0,1.0,nan,{}
exact-n10000000-d16-k50-sep2.0-s1,exact,10000000,16,50,2.0,1,471,True,80,11527,11527,0.0011527,84516,1242,1158,1081,1583829305.0,43.39693604200511,1951050668.0,140.37686681200466,500000000.0,3.6024581414999375,6.151834864999728,0.9393581,44,true_posterior_oracle,0,0,0.0,,,,,,,,0.9148094273317493,0.5424618917774658,0.45741234372592104,0.8842325588278158,0.0005303410735731573,0.18886093519562766,0.4539157851837706,13,0.0,1.780928737641904e-05,0.0016976149782912398,nan,{}
exact-n10000000-d16-k50-sep2.0-s1,exact,10000000,16,50,2.0,1,471,True,80,11527,11527,0.0011527,84516,1242,1158,1081,1583829305.0,43.39693604200511,1951050668.0,140.37686681200466,500000000.0,3.6024581414999375,6.151834864999728,0.9393581,44,model_posterior_oracle,0,0,0.0,,,,,,,,0.18994778962544306,0.726958249849884,0.24892319750566894,0.937045558506462,0.5297645215021464,1.0,0.0,13,0.9979601194045506,1.4990913868045699,0.6072835441326792,nan,{}
exact-n10000000-d16-k50-sep2.0-s1,exact,10000000,16,50,2.0,1,471,True,90,11549,11549,0.0011549,73788,821,1067,687,1616215971.0,46.1534948480039,1951050668.0,140.37686681200466,500000000.0,3.6024581414999375,6.151834864999728,0.9393581,44,stop,0,1,0.2274049899997408,69948,0.0069948,1.5942909574739872e-05,0.00518138553409369,0.10763881437963278,0.9384292,0.9945556616870646,0.11897133950991427,0.9405143302450428,0.05948566975495717,0.5,0.0,0.0,0.27962534772024283,7,0.9257784458688991,1.7142857142857142,0.8571428571428572,0.5,{}
exact-n10000000-d16-k50-sep2.0-s1,exact,10000000,16,50,2.0,1,471,True,90,11549,11549,0.0011549,73788,821,1067,687,1616215971.0,46.1534948480039,1951050668.0,140.37686681200466,500000000.0,3.6024581414999375,6.151834864999728,0.9393581,44,reassign_U,577450,2,0.38162280500000634,69946,0.0069946,1.594272927141205e-05,0.005181251719105908,0.10763964970202484,0.9384294,0.9945558636787556,0.11862498917655208,0.940687505411724,0.05931249458827603,0.5,0.0,0.0,0.27959084730212136,7,0.9257784458688991,1.7142857142857142,0.8571428571428572,0.5,{}
exact-n10000000-d16-k50-sep2.0-s1,exact,10000000,16,50,2.0,1,471,True,90,11549,11549,0.0011549,73788,821,1067,687,1616215971.0,46.1534948480039,1951050668.0,140.37686681200466,500000000.0,3.6024581414999375,6.151834864999728,0.9393581,44,majority,0,1,0.2084607450005933,74994,0.0074994,1.7484953440449758e-05,0.005535915142755091,0.11441838626775278,0.93839,0.9942738606825239,0.9928132305827344,0.5035933847086328,0.4964066152913672,0.5,0.0,0.0,0.49652734931215625,7,0.9934405390298775,2.0,1.0,nan,{}
exact-n10000000-d16-k50-sep2.0-s1,exact,10000000,16,50,2.0,1,471,True,90,11549,11549,0.0011549,73788,821,1067,687,1616215971.0,46.1534948480039,1951050668.0,140.37686681200466,500000000.0,3.6024581414999375,6.151834864999728,0.9393581,44,frequency_soft,0,1,0.19933860799937975,74994,0.0074994,1.7493545386271236e-05,0.005533456772451603,0.11433175982448993,0.93839,0.9942738606825239,0.625992447559053,0.5040105794283646,0.22158549736695032,0.5107756686775158,0.5446353418432012,1.0,0.3022334970759382,7,0.9799199509337863,1.7001180637544273,0.8051948051948051,nan,{}
exact-n10000000-d16-k50-sep2.0-s1,exact,10000000,16,50,2.0,1,471,True,90,11549,11549,0.0011549,73788,821,1067,687,1616215971.0,46.1534948480039,1951050668.0,140.37686681200466,500000000.0,3.6024581414999375,6.151834864999728,0.9393581,44,markov,0,1,0.27407759400011855,69956,0.0069956,1.5944755332286675e-05,0.005181541569067206,0.10764268808092418,0.9384294,0.9945551883357827,0.12035674084336306,0.9398216295783185,0.060178370421681504,0.5,0.0,0.0,0.279709412303152,7,0.9257784458688991,1.7142857142857142,0.8571428571428572,0.5,"{""markov_seconds"": 0.10872875700079021, ""mean_states"": 2.0}"
exact-n10000000-d16-k50-sep2.0-s1,exact,10000000,16,50,2.0,1,471,True,90,11549,11549,0.0011549,73788,821,1067,687,1616215971.0,46.1534948480039,1951050668.0,140.37686681200466,500000000.0,3.6024581414999375,6.151834864999728,0.9393581,44,markov_soft,0,1,0.30830552099996567,69956,0.0069956,1.5944766457387516e-05,0.0051816131009828174,0.10764255941237914,0.9384294,0.9945551883357827,0.11877066635567118,0.93980933489116,0.059168931625421244,0.5162052779003994,0.002356146740292486,0.004069616417005801,0.2785766935460899,7,0.9257784458688991,1.7142857142857142,0.8571428571428572,0.5,"{""markov_seconds"": 0.11758640900006867, ""mean_states"": 2.0}"
exact-n10000000-d16-k50-sep2.0-s1,exact,10000000,16,50,2.0,1,471,True,90,11549,11549,0.0011549,73788,821,1067,687,1616215971.0,46.1534948480039,1951050668.0,140.37686681200466,500000000.0,3.6024581414999375,6.151834864999728,0.9393581,44,markov_a0.5,0,1,0.31033800700060965,71880,0.007188,1.652203697766197e-05,0.005315191515028872,0.11023700239611033,0.9384115,0.9944464887363608,0.45354576153779547,0.7732271192311022,0.2267728807688978,0.5,0.0,0.0,0.36091017480523596,7,0.993084180161658,2.0,1.0,nan,"{""markov_seconds"": 0.11445979600011924, ""mean_states"": 2.0}"
exact-n10000000-d16-k50-sep2.0-s1,exact,10000000,16,50,2.0,1,471,True,90,11549,11549,0.0011549,73788,821,1067,687,1616215971.0,46.1534948480039,1951050668.0,140.37686681200466,500000000.0,3.6024581414999375,6.151834864999728,0.9393581,44,markov_a0.5_soft,0,1,0.3062270520003949,71880,0.007188,1.683156066789593e-05,0.005416677794527808,0.11213187543104283,0.9384115,0.9944464887363608,0.36111536184865944,0.6471525113970159,0.12575557742587076,0.5984453346571078,0.5191342150579501,1.0,0.21910810258762456,7,0.9622947190228401,1.652814269450401,0.8040352504638217,nan,"{""markov_seconds"": 0.13574432500081457, ""mean_states"": 2.0}"
exact-n10000000-d16-k50-sep2.0-s1,exact,10000000,16,50,2.0,1,471,True,90,11549,11549,0.0011549,73788,821,1067,687,1616215971.0,46.1534948480039,1951050668.0,140.37686681200466,500000000.0,3.6024581414999375,6.151834864999728,0.9393581,44,markov_pooled,0,1,0.3318602359995566,70360,0.007036,1.6070130859136e-05,0.005208056507329299,0.1082925162502215,0.9384768,0.994533064118412,0.19031950818252663,0.9048402459087367,0.09515975409126332,0.5,0.0,0.0,0.29363788534331314,7,0.9257784458688991,1.7142857142857142,0.8571428571428572,0.5,"{""markov_seconds"": 0.1342678419996446, ""mean_states"": 2.0}"
exact-n10000000-d16-k50-sep2.0-s1,exact,10000000,16,50,2.0,1,471,True,90,11549,11549,0.0011549,73788,821,1067,687,1616215971.0,46.1534948480039,1951050668.0,140.37686681200466,500000000.0,3.6024581414999375,6.151834864999728,0.9393581,44,markov_pooled_soft,0,1,0.31345891099954315,70360,0.007036,1.64504564599266e-05,0.005317582400926929,0.11020623342855185,0.9384768,0.994533064118412,0.1882855136623068,0.7672807942428284,0.10074881762391709,0.6969912186372126,0.43480539242298727,0.9871850376655987,0.17878644141016745,7,0.9257784458688991,1.7142857142857142,0.8571428571428572,0.5,"{""markov_seconds"": 0.13295413400010148, ""mean_states"": 2.0}"
exact-n10000000-d16-k50-sep2.0-s1,exact,10000000,16,50,2.0,1,471,True,90,11549,11549,0.0011549,73788,821,1067,687,1616215971.0,46.1534948480039,1951050668.0,140.37686681200466,500000000.0,3.6024581414999375,6.151834864999728,0.9393581,44,markov_w5,0,1,0.3712643209992166,69949,0.0069949,1.594313641195555e-05,0.005181395107813491,0.10763881437963278,0.9384287,0.9945555792781591,0.11914451467659537,0.9404277426617023,0.05957225733829774,0.5,0.0,0.0,0.27963200492768453,7,0.9257784458688991,1.7142857142857142,0.8571428571428572,0.5,"{""markov_seconds"": 0.21728637399974104, ""mean_states"": 1.4946748636245561}"
exact-n10000000-d16-k50-sep2.0-s1,exact,10000000,16,50,2.0,1,471,True,90,11549,11549,0.0011549,73788,821,1067,687,1616215971.0,46.1534948480039,1951050668.0,140.37686681200466,500000000.0,3.6024581414999375,6.151834864999728,0.9393581,44,markov_w20,0,1,0.3249764279998999,69977,0.0069977,1.595587197966708e-05,0.0051828579974577205,0.10766891147995925,0.9384287,0.9945542386224915,0.12399341934366612,0.938003290328167,0.06199670967183302,0.5,0.0,0.0,0.28083108866197,7,0.9257784458688991,1.7142857142857142,0.8571428571428572,0.5,"{""markov_seconds"": 0.13894885499939846, ""mean_states"": 2.0}"
exact-n10000000-d16-k50-sep2.0-s1,exact,10000000,16,50,2.0,1,471,True,90,11549,11549,0.0011549,73788,821,1067,687,1616215971.0,46.1534948480039,1951050668.0,140.37686681200466,500000000.0,3.6024581414999375,6.151834864999728,0.9393581,44,active_set_U,1732350,2,0.4020391140002175,69946,0.0069946,1.5942714090444454e-05,0.005181181857027466,0.10763964970202484,0.9384296,0.9945558636807775,0.11862498917655208,0.940687505411724,0.05931249458827603,0.5,0.0,0.0,0.27957143509208526,7,0.9257784458688991,1.7142857142857142,0.8571428571428572,0.5,"{""iters"": 3}"
exact-n10000000-d16-k50-sep2.0-s1,exact,10000000,16,50,2.0,1,471,True,90,11549,11549,0.0011549,73788,821,1067,687,1616215971.0,46.1534948480039,1951050668.0,140.37686681200466,500000000.0,3.6024581414999375,6.151834864999728,0.9393581,44,hartigan_U,1154900,2,0.3756364979999489,69945,0.0069945,1.5942713077476967e-05,0.005181171713704184,0.1076398372761142,0.9384297,0.994555908923732,0.11845181400987098,0.9407740929950645,0.05922590700493546,0.5,0.0,0.0,0.27955307279464775,7,0.9257784458688991,1.7142857142857142,0.8571428571428572,0.5,"{""moves"": 13, ""sweeps"": 2}"
exact-n10000000-d16-k50-sep2.0-s1,exact,10000000,16,50,2.0,1,471,True,90,11549,11549,0.0011549,73788,821,1067,687,1616215971.0,46.1534948480039,1951050668.0,140.37686681200466,500000000.0,3.6024581414999375,6.151834864999728,0.9393581,44,fcm_soft,577450,1,0.12652033100039262,69946,0.0069946,1.5942761315779208e-05,0.00518138553409369,0.10763881437963278,0.9384294,0.9945558636787556,0.7750955649088691,0.1386502611585234,0.8019865678202617,0.5046089407995872,3.538153064205226,1.0,0.7371519754111785,7,0.9499996103412816,0.9647016107323997,0.09277622201301508,1.0,{}
exact-n10000000-d16-k50-sep2.0-s1,exact,10000000,16,50,2.0,1,471,True,90,11549,11549,0.0011549,73788,821,1067,687,1616215971.0,46.1534948480039,1951050668.0,140.37686681200466,500000000.0,3.6024581414999375,6.151834864999728,0.9393581,44,gmm_plugin_soft,577450,1,0.046276396000394016,70262,0.0070262,1.6384477225184213e-05,0.00518138553409369,0.10763881437963278,0.9384492,0.994518136665623,0.45113418165551133,0.5265022984240026,0.392721438319079,0.7316261667797503,0.6902574546759112,1.0,0.20264785038580413,7,0.9336806658406039,1.4170729543915876,0.631556618621337,nan,{}
exact-n10000000-d16-k50-sep2.0-s1,exact,10000000,16,50,2.0,1,471,True,90,11549,11549,0.0011549,73788,821,1067,687,1616215971.0,46.1534948480039,1951050668.0,140.37686681200466,500000000.0,3.6024581414999375,6.151834864999728,0.9393581,44,full_convergence,334834697.0,381,94.22337196400076,0,0.0,0.0,0.0,0.0,0.9393581,1.0,0.0,1.0,0.0,nan,0.0,0.0,0.2718396346633852,7,0.9257784458688991,1.7142857142857142,0.8571428571428572,0.5,{}
exact-n10000000-d16-k50-sep2.0-s1,exact,10000000,16,50,2.0,1,471,True,90,11549,11549,0.0011549,73788,821,1067,687,1616215971.0,46.1534948480039,1951050668.0,140.37686681200466,500000000.0,3.6024581414999375,6.151834864999728,0.9393581,44,true_posterior_oracle,0,0,0.0,,,,,,,,0.9258946076360822,0.5368777809496073,0.4628976874947785,0.879518571454417,0.0006443711426294316,0.18642306693220193,0.45390432334416414,7,0.0,0.08029243343351075,0.08979247264096095,1.0,{}
exact-n10000000-d16-k50-sep2.0-s1,exact,10000000,16,50,2.0,1,471,True,90,11549,11549,0.0011549,73788,821,1067,687,1616215971.0,46.1534948480039,1951050668.0,140.37686681200466,500000000.0,3.6024581414999375,6.151834864999728,0.9393581,44,model_posterior_oracle,0,0,0.0,,,,,,,,0.18771311503211108,0.7281603653366148,0.249605433609308,0.9442852266605856,0.5304520777842361,1.0,0.0,7,0.9336601447938404,1.4118971855193354,0.623279999426701,nan,{}
exact-n10000000-d16-k100-sep1.5-s0,exact,10000000,16,100,1.5,0,444,True,10,3629157,200000,0.3629157,473396,309130,104378,291923,7603561981.0,110.17750168799921,15058995641.0,320.2372947749982,1000000000.0,6.054259754499981,12.211519835000217,0.9464385,93,stop,0,1,0.1923916609994194,441226,0.0441226,0.009361371622933712,0.041304868310437996,1.0859736069513364,0.9181653,0.9485481889102577,0.15955,0.920225,0.07977500000000004,0.5,0.0,0.0,0.12004277551572128,179861,0.11648514744038059,0.23249064555406676,0.11624532277703337,0.5,{}
exact-n10000000-d16-k100-sep1.5-s0,exact,10000000,16,100,1.5,0,444,True,10,3629157,200000,0.3629157,473396,309130,104378,291923,7603561981.0,110.17750168799921,15058995641.0,320.2372947749982,1000000000.0,6.054259754499981,12.211519835000217,0.9464385,93,reassign_U,362915700,2,4.698799246999442,402420,0.040242,0.008209415703242406,0.038534828582495,1.0868619717002976,0.9211732,0.9545653967952952,0.13851,0.930745,0.06925499999999996,0.5,0.0,0.0,0.11176892296953116,179861,0.10914210157489292,0.21794608058445133,0.10897304029222565,0.5,{}
exact-n10000000-d16-k100-sep1.5-s0,exact,10000000,16,100,1.5,0,444,True,10,3629157,200000,0.3629157,473396,309130,104378,291923,7603561981.0,110.17750168799921,15058995641.0,320.2372947749982,1000000000.0,6.054259754499981,12.211519835000217,0.9464385,93,majority,0,1,4.249082672999975,818796,0.0818796,0.030454426608508944,0.08157026769381844,1.0869631423659631,0.8854903,0.8948936940905828,0.36534,0.81733,0.18267,0.5,0.0,0.0,0.21324717133146617,179861,0.20784169891453377,0.4152762410972918,0.20763812054864594,0.5,{}
exact-n10000000-d16-k100-sep1.5-s0,exact,10000000,16,100,1.5,0,444,True,10,3629157,200000,0.3629157,473396,309130,104378,291923,7603561981.0,110.17750168799921,15058995641.0,320.2372947749982,1000000000.0,6.054259754499981,12.211519835000217,0.9464385,93,frequency_soft,0,1,3.065787610999905,818796,0.0818796,0.038938173519129426,0.10730169260155989,1.0938312477567531,0.8854903,0.8948936940905828,0.29418561983471075,0.6965440909090909,0.04249181818181823,0.8055526662105301,0.5229403078660095,1.0,0.2897209430589952,179861,0.2811684961216575,0.3242129907388079,0.04428470268202059,0.8008981577325388,{}
exact-n10000000-d16-k100-sep1.5-s0,exact,10000000,16,100,1.5,0,444,True,10,3629157,200000,0.3629157,473396,309130,104378,291923,7603561981.0,110.17750168799921,15058995641.0,320.2372947749982,1000000000.0,6.054259754499981,12.211519835000217,0.9464385,93,markov,0,1,37.09061421599927,457955,0.0457955,0.010507155556610082,0.0424541517658907,1.0860474126249609,0.9168639,0.9456900860950586,0.16833,0.915835,0.08416500000000005,0.5,0.0,0.0,0.12359978272736168,179861,0.11995152845642325,0.2394515764951824,0.11972578824759117,0.5,"{""markov_seconds"": 36.893842393999876, ""mean_states"": 2.2813854567327896}"
exact-n10000000-d16-k100-sep1.5-s0,exact,10000000,16,100,1.5,0,444,True,10,3629157,200000,0.3629157,473396,309130,104378,291923,7603561981.0,110.17750168799921,15058995641.0,320.2372947749982,1000000000.0,6.054259754499981,12.211519835000217,0.9464385,93,markov_soft,0,1,36.22369918699951,457955,0.0457955,0.010564958281712222,0.04387036943442987,1.0859131440802174,0.9168639,0.9456900860950586,0.16564648974957155,0.9074900426889286,0.0743961258545376,0.5560132448243469,0.029966685432566184,0.055265,0.1258282375494897,179861,0.12220556871267799,0.23377517324438146,0.10755463905187859,0.5530134699065693,"{""markov_seconds"": 35.85916124999949, ""mean_states"": 2.2813854567327896}"
exact-n10000000-d16-k100-sep1.5-s0,exact,10000000,16,100,1.5,0,444,True,10,3629157,200000,0.3629157,473396,309130,104378,291923,7603561981.0,110.17750168799921,15058995641.0,320.2372947749982,1000000000.0,6.054259754499981,12.211519835000217,0.9464385,93,markov_a0.5,0,1,34.198720905999835,618488,0.0618488,0.01810005678422688,0.059225992358529905,1.0757126104326409,0.902854,0.9230227834006072,0.25514,0.87243,0.12756999999999996,0.5,0.0,0.0,0.16311177974124344,179861,0.15807329823787833,0.31567710620979533,0.1578385531048977,0.5,"{""markov_seconds"": 33.99897144899933, ""mean_states"": 2.2813854567327896}"
exact-n10000000-d16-k100-sep1.5-s0,exact,10000000,16,100,1.5,0,444,True,10,3629157,200000,0.3629157,473396,309130,104378,291923,7603561981.0,110.17750168799921,15058995641.0,320.2372947749982,1000000000.0,6.054259754499981,12.211519835000217,0.9464385,93,markov_a0.5_soft,0,1,33.74382924499969,618488,0.0618488,0.02610338799648315,0.09000710853514217,1.0851599076179614,0.902854,0.9230227834006072,0.22581018673208758,0.7516496937061716,0.06749348309630199,0.8331556920099885,0.46942044433822155,1.0,0.23938108271859862,179861,0.23226558752984147,0.26531526793367377,0.03949236699322875,0.8117824791123025,"{""markov_seconds"": 33.31667897399984, ""mean_states"": 2.2813854567327896}"
exact-n10000000-d16-k100-sep1.5-s0,exact,10000000,16,100,1.5,0,444,True,10,3629157,200000,0.3629157,473396,309130,104378,291923,7603561981.0,110.17750168799921,15058995641.0,320.2372947749982,1000000000.0,6.054259754499981,12.211519835000217,0.9464385,93,markov_pooled,0,1,39.00914200199986,457868,0.0457868,0.010542020181375955,0.04239475379609334,1.0851088870183554,0.9169191,0.94555666004589,0.16854,0.91573,0.08426999999999996,0.5,0.0,0.0,0.12346171324821152,179861,0.11971336700153473,0.23878439461584222,0.11939219730792117,0.5,"{""markov_seconds"": 38.81666815100016, ""mean_states"": 2.2813854567327896}"
exact-n10000000-d16-k100-sep1.5-s0,exact,10000000,16,100,1.5,0,444,True,10,3629157,200000,0.3629157,473396,309130,104378,291923,7603561981.0,110.17750168799921,15058995641.0,320.2372947749982,1000000000.0,6.054259754499981,12.211519835000217,0.9464385,93,markov_pooled_soft,0,1,40.589934960999926,457868,0.0457868,0.010835795577057494,0.046887882230176106,1.095200837753531,0.9169191,0.94555666004589,0.16291277249679004,0.8957680460684573,0.06488601580352207,0.6932639753524723,0.08700158975549231,0.98679,0.13098812422805078,179861,0.12663821017125598,0.2282795206497769,0.09245256637456715,0.6846083293910658,"{""markov_seconds"": 39.99391847200059, ""mean_states"": 2.2813854567327896}"
exact-n10000000-d16-k100-sep1.5-s0,exact,10000000,16,100,1.5,0,444,True,10,3629157,200000,0.3629157,473396,309130,104378,291923,7603561981.0,110.17750168799921,15058995641.0,320.2372947749982,1000000000.0,6.054259754499981,12.211519835000217,0.9464385,93,markov_w5,0,1,40.445322865999515,444959,0.0444959,0.009606162496041293,0.04154036473020304,1.0850181165206039,0.9178686,0.9479194318288218,0.16147,0.919265,0.080735,0.5,0.0,0.0,0.1208169546081515,179861,0.11728939132273808,0.23422531844035116,0.11711265922017555,0.5,"{""markov_seconds"": 40.111670430999766, ""mean_states"": 1.193482949346088}"
exact-n10000000-d16-k100-sep1.5-s0,exact,10000000,16,100,1.5,0,444,True,10,3629157,200000,0.3629157,473396,309130,104378,291923,7603561981.0,110.17750168799921,15058995641.0,320.2372947749982,1000000000.0,6.054259754499981,12.211519835000217,0.9464385,93,markov_w20,0,1,47.356959005000135,457955,0.0457955,0.010507155556610082,0.0424541517658907,1.0860474126249609,0.9168639,0.9456900860950586,0.16833,0.915835,0.08416500000000005,0.5,0.0,0.0,0.12359978272736168,179861,0.11995152845642325,0.2394515764951824,0.11972578824759117,0.5,"{""markov_seconds"": 47.146472864000316, ""mean_states"": 2.2813854567327896}"
exact-n10000000-d16-k100-sep1.5-s0,exact,10000000,16,100,1.5,0,444,True,10,3629157,200000,0.3629157,473396,309130,104378,291923,7603561981.0,110.17750168799921,15058995641.0,320.2372947749982,1000000000.0,6.054259754499981,12.211519835000217,0.9464385,93,active_set_U,11976218100,2,155.79619013699994,325754,0.0325754,0.007468270171212765,0.031823473245260414,1.0754251946335993,0.9280376,0.958167871476048,0.09772,0.95114,0.048860000000000015,0.5,0.0,0.0,0.09344377067006444,179861,0.0920017282925133,0.18376412896625727,0.09188206448312863,0.5,"{""iters"": 33}"
exact-n10000000-d16-k100-sep1.5-s0,exact,10000000,16,100,1.5,0,444,True,10,3629157,200000,0.3629157,473396,309130,104378,291923,7603561981.0,110.17750168799921,15058995641.0,320.2372947749982,1000000000.0,6.054259754499981,12.211519835000217,0.9464385,93,hartigan_U,6895398300,2,94.37958935999995,325744,0.0325744,0.007468270094571405,0.031822638539830035,1.075408016320236,0.928038,0.9581675368823567,0.0977,0.95115,0.04884999999999995,0.5,0.0,0.0,0.09343544860898154,179861,0.09199568772748701,0.18374188957027926,0.09187094478513969,0.5,"{""moves"": 169700, ""sweeps"": 19}"
exact-n10000000-d16-k100-sep1.5-s0,exact,10000000,16,100,1.5,0,444,True,10,3629157,200000,0.3629157,473396,309130,104378,291923,7603561981.0,110.17750168799921,15058995641.0,320.2372947749982,1000000000.0,6.054259754499981,12.211519835000217,0.9464385,93,fcm_soft,362915700,1,12.156159805000243,402420,0.040242,0.008489338455238693,0.041304868310437996,1.0859736069513364,0.9211732,0.9545653967952952,0.9275414244330927,0.04246513439166811,0.8873064338937011,0.6855829165172169,4.521126032925599,1.0,0.9417466545625932,179861,0.9423958405320663,0.9269022805391034,0.8468992626427426,0.7644934210635228,{}
exact-n10000000-d16-k100-sep1.5-s0,exact,10000000,16,100,1.5,0,444,True,10,3629157,200000,0.3629157,473396,309130,104378,291923,7603561981.0,110.17750168799921,15058995641.0,320.2372947749982,1000000000.0,6.054259754499981,12.211519835000217,0.9464385,93,gmm_plugin_soft,362915700,1,15.605266145999849,406904,0.0406904,0.008566242810816638,0.041304868310437996,1.0859736069513364,0.9214323,0.9529070950601415,0.13260406908224417,0.8838903312982419,0.04370279379878317,0.7846912853138849,0.19209141854664957,0.99622,0.06963968506606283,179861,0.07162640318984802,0.1755539653352208,0.04682694119292213,0.845906347100479,{}
exact-n10000000-d16-k100-sep1.5-s0,exact,10000000,16,100,1.5,0,444,True,10,3629157,200000,0.3629157,473396,309130,104378,291923,7603561981.0,110.17750168799921,15058995641.0,320.2372947749982,1000000000.0,6.054259754499981,12.211519835000217,0.9464385,93,full_convergence,7455433660.0,434,210.05979308699898,0,0.0,0.0,0.0,0.0,0.9464385,1.0,0.0,1.0,0.0,nan,0.0,0.0,0.05728510930154246,179861,0.05662621340264867,0.11375451042749679,0.05687725521374842,0.5,{}
exact-n10000000-d16-k100-sep1.5-s0,exact,10000000,16,100,1.5,0,444,True,10,3629157,200000,0.3629157,473396,309130,104378,291923,7603561981.0,110.17750168799921,15058995641.0,320.2372947749982,1000000000.0,6.054259754499981,12.211519835000217,0.9464385,93,true_posterior_oracle,0,0,0.0,,,,,,,,0.10797494579253718,0.9081047935654805,0.059293788467741304,0.5842111471777776,0.15013778943129477,0.99448,0.04777909513848699,179861,0.0,0.07664244032394275,0.0006106837278388192,0.9425906335189917,{}
exact-n10000000-d16-k100-sep1.5-s0,exact,10000000,16,100,1.5,0,444,True,10,3629157,200000,0.3629157,473396,309130,104378,291923,7603561981.0,110.17750168799921,15058995641.0,320.2372947749982,1000000000.0,6.054259754499981,12.211519835000217,0.9464385,93,model_posterior_oracle,0,0,0.0,,,,,,,,0.03136941696832513,0.9427148906984575,0.053424166296599296,0.9812745552799604,0.16227980219772214,0.995,0.0,179861,0.009799813697578038,0.08385433840186202,0.0036307178416613,0.9408867224855559,{}
exact-n10000000-d16-k100-sep1.5-s0,exact,10000000,16,100,1.5,0,444,True,20,255806,200000,0.0255806,257359,39769,9267,38424,10204557754.0,150.0868522289975,15058995641.0,320.2372947749982,1000000000.0,6.054259754499981,12.211519835000217,0.9464385,93,stop,0,1,0.22862675499982288,238597,0.0238597,0.00499623071859534,0.024458510330049917,1.054920112555272,0.9324776,0.9724959608308327,0.29846,0.85077,0.14922999999999997,0.5,0.0,0.0,0.2515853570095954,157162,0.2876207315504524,0.5754826230259223,0.2877413115129611,0.5,{}
exact-n10000000-d16-k100-sep1.5-s0,exact,10000000,16,100,1.5,0,444,True,20,255806,200000,0.0255806,257359,39769,9267,38424,10204557754.0,150.0868522289975,15058995641.0,320.2372947749982,1000000000.0,6.054259754499981,12.211519835000217,0.9464385,93,reassign_U,25580600,2,0.7798110479998286,237780,0.023778,0.00499554483021547,0.024407555341975643,1.0534967848015204,0.9325303,0.9726101961844101,0.29252,0.85374,0.14625999999999995,0.5,0.0,0.0,0.24947248470827596,157162,0.2854187537407294,0.5712576831549612,0.2856288415774806,0.5,{}
exact-n10000000-d16-k100-sep1.5-s0,exact,10000000,16,100,1.5,0,444,True,20,255806,200000,0.0255806,257359,39769,9267,38424,10204557754.0,150.0868522289975,15058995641.0,320.2372947749982,1000000000.0,6.054259754499981,12.211519835000217,0.9464385,93,majority,0,1,0.37837667300027533,288260,0.028826,0.005803567232389506,0.028678271852068137,1.0845954769172186,0.9293543,0.9673247272603361,0.6872,0.6564,0.3436,0.5,0.0,0.0,0.40682661944594833,157162,0.42527896758342115,0.8502564233084333,0.42512821165421666,0.5,{}
exact-n10000000-d16-k100-sep1.5-s0,exact,10000000,16,100,1.5,0,444,True,20,255806,200000,0.0255806,257359,39769,9267,38424,10204557754.0,150.0868522289975,15058995641.0,320.2372947749982,1000000000.0,6.054259754499981,12.211519835000217,0.9464385,93,frequency_soft,0,1,0.36166094899999734,288260,0.028826,0.006061931098698903,0.03077714703667533,1.0791939278795781,0.9293543,0.9673247272603361,0.5048452892561983,0.5624772727272727,0.08213636363636351,0.6629732272281049,0.5679481465675332,1.0,0.4026890028892651,157162,0.43550349638031055,0.649880457086918,0.16315475288382209,0.6194040842447339,{}
exact-n10000000-d16-k100-sep1.5-s0,exact,10000000,16,100,1.5,0,444,True,20,255806,200000,0.0255806,257359,39769,9267,38424,10204557754.0,150.0868522289975,15058995641.0,320.2372947749982,1000000000.0,6.054259754499981,12.211519835000217,0.9464385,93,markov,0,1,2.403733330999785,239726,0.0239726,0.004998681930762361,0.02449345414844154,1.0564064149576526,0.9324392,0.9723015169027253,0.30738,0.84631,0.15369,0.5,0.0,0.0,0.2532192679955453,157162,0.28939347988806075,0.5793512426668024,0.2896756213334012,0.5,"{""markov_seconds"": 2.227959116999955, ""mean_states"": 2.1164163467627812}"
exact-n10000000-d16-k100-sep1.5-s0,exact,10000000,16,100,1.5,0,444,True,20,255806,200000,0.0255806,257359,39769,9267,38424,10204557754.0,150.0868522289975,15058995641.0,320.2372947749982,1000000000.0,6.054259754499981,12.211519835000217,0.9464385,93,markov_soft,0,1,2.2908062509995943,239726,0.0239726,0.004998703785909164,0.02450588701491617,1.0567010518293631,0.9324392,0.9723015169027253,0.30475805485067053,0.8429755680871417,0.14805994555281324,0.5143870688105108,0.01369139267295825,0.02416,0.24872403154219808,157162,0.284487418321944,0.5705376973624141,0.28193439367416295,0.5173775376668057,"{""markov_seconds"": 2.1109695300001476, ""mean_states"": 2.1164163467627812}"
exact-n10000000-d16-k100-sep1.5-s0,exact,10000000,16,100,1.5,0,444,True,20,255806,200000,0.0255806,257359,39769,9267,38424,10204557754.0,150.0868522289975,15058995641.0,320.2372947749982,1000000000.0,6.054259754499981,12.211519835000217,0.9464385,93,markov_a0.5,0,1,2.6813809089999268,251800,0.02518,0.005073330514417496,0.02546744401140184,1.0702421335006247,0.9317816,0.9710119979232171,0.40146,0.79927,0.20072999999999996,0.5,0.0,0.0,0.2890971714251985,157162,0.31864183473926316,0.6373550858349983,0.31867754291749917,0.5,"{""markov_seconds"": 2.50773188400035, ""mean_states"": 2.1164163467627812}"
exact-n10000000-d16-k100-sep1.5-s0,exact,10000000,16,100,1.5,0,444,True,20,255806,200000,0.0255806,257359,39769,9267,38424,10204557754.0,150.0868522289975,15058995641.0,320.2372947749982,1000000000.0,6.054259754499981,12.211519835000217,0.9464385,93,markov_a0.5_soft,0,1,2.95602234099988,251800,0.02518,0.005525375690458523,0.028679574721307062,1.073294797625525,0.9317816,0.9710119979232171,0.3651060073663256,0.657199210158905,0.05809960025273301,0.7119091522905212,0.5081794933882573,1.0,0.32842593537269726,157162,0.37174632030597143,0.5530494815374974,0.1299165256440043,0.5992874942962978,"{""markov_seconds"": 2.7663009119996786, ""mean_states"": 2.1164163467627812}"
exact-n10000000-d16-k100-sep1.5-s0,exact,10000000,16,100,1.5,0,444,True,20,255806,200000,0.0255806,257359,39769,9267,38424,10204557754.0,150.0868522289975,15058995641.0,320.2372947749982,1000000000.0,6.054259754499981,12.211519835000217,0.9464385,93,markov_pooled,0,1,2.5368041950005136,241347,0.0241347,0.005004938072521892,0.024590445170302556,1.0606762266174128,0.9322958,0.9722234567301439,0.32034,0.83983,0.16017000000000003,0.5,0.0,0.0,0.2583454102347839,157162,0.29530322505294976,0.5910334559244601,0.29551672796223005,0.5,"{""markov_seconds"": 2.372302161999869, ""mean_states"": 2.1164163467627812}"
exact-n10000000-d16-k100-sep1.5-s0,exact,10000000,16,100,1.5,0,444,True,20,255806,200000,0.0255806,257359,39769,9267,38424,10204557754.0,150.0868522289975,15058995641.0,320.2372947749982,1000000000.0,6.054259754499981,12.211519835000217,0.9464385,93,markov_pooled_soft,0,1,2.469245826999213,241347,0.0241347,0.005009367222502448,0.02467068309854473,1.0618823360589704,0.9322958,0.9722234567301439,0.28581713433215233,0.8299856213736726,0.12199070894279149,0.7908757195731073,0.09056568225931207,0.937195,0.24508863353851243,157162,0.2857557220409992,0.5444404431344145,0.2554042433842785,0.6846380447472473,"{""markov_seconds"": 2.2582040069992217, ""mean_states"": 2.1164163467627812}"
exact-n10000000-d16-k100-sep1.5-s0,exact,10000000,16,100,1.5,0,444,True,20,255806,200000,0.0255806,257359,39769,9267,38424,10204557754.0,150.0868522289975,15058995641.0,320.2372947749982,1000000000.0,6.054259754499981,12.211519835000217,0.9464385,93,markov_w5,0,1,2.257087362000675,238727,0.0238727,0.004996427509811774,0.024461150422657348,1.055179731144837,0.9324683,0.9724758709168188,0.29952,0.85024,0.14976,0.5,0.0,0.0,0.25192465198010217,157162,0.28805999142471106,0.5763988750461307,0.2881994375230654,0.5,"{""markov_seconds"": 2.084520798000085, ""mean_states"": 1.364170504210222}"
exact-n10000000-d16-k100-sep1.5-s0,exact,10000000,16,100,1.5,0,444,True,20,255806,200000,0.0255806,257359,39769,9267,38424,10204557754.0,150.0868522289975,15058995641.0,320.2372947749982,1000000000.0,6.054259754499981,12.211519835000217,0.9464385,93,markov_w20,0,1,2.6623860650006463,245016,0.0245016,0.005229099222072486,0.024649982832604715,1.0675880408597664,0.9320687,0.9724060329169234,0.34882,0.82559,0.17440999999999995,0.5,0.0,0.0,0.268413531747661,157162,0.30331754845403414,0.6067751746605413,0.3033875873302707,0.5,"{""markov_seconds"": 2.5021478850003405, ""mean_states"": 3.0052852552324807}"
exact-n10000000-d16-k100-sep1.5-s0,exact,10000000,16,100,1.5,0,444,True,20,255806,200000,0.0255806,257359,39769,9267,38424,10204557754.0,150.0868522289975,15058995641.0,320.2372947749982,1000000000.0,6.054259754499981,12.211519835000217,0.9464385,93,active_set_U,179064200,2,2.856858999999531,237557,0.0237557,0.004995515229057057,0.024390428354513348,1.0527566577742327,0.9325464,0.9726286542419753,0.29073,0.854635,0.14536499999999997,0.5,0.0,0.0,0.24873993370014474,157162,0.2845500464656889,0.5696796935646021,0.2848398467823011,0.5,"{""iters"": 7}"
exact-n10000000-d16-k100-sep1.5-s0,exact,10000000,16,100,1.5,0,444,True,20,255806,200000,0.0255806,257359,39769,9267,38424,10204557754.0,150.0868522289975,15058995641.0,320.2372947749982,1000000000.0,6.054259754499981,12.211519835000217,0.9464385,93,hartigan_U,204644800,2,3.567191167000601,237545,0.0237545,0.00499551518938568,0.0243897953847403,1.0527220439621956,0.9325474,0.9726296990601574,0.29063,0.854685,0.14531499999999997,0.5,0.0,0.0,0.2487025585779237,157162,0.28450181031520766,0.569577887784579,0.2847889438922895,0.5,"{""moves"": 1425, ""sweeps"": 8}"
exact-n10000000-d16-k100-sep1.5-s0,exact,10000000,16,100,1.5,0,444,True,20,255806,200000,0.0255806,257359,39769,9267,38424,10204557754.0,150.0868522289975,15058995641.0,320.2372947749982,1000000000.0,6.054259754499981,12.211519835000217,0.9464385,93,fcm_soft,25580600,1,0.9258537539999452,237780,0.023778,0.004995627810478798,0.024458510330049917,1.054920112555272,0.9325303,0.9726101961844101,0.9476305515761327,0.03217953661308889,0.8203672036511831,0.6829255770631614,4.528874977813707,1.0,0.9306951529384268,157162,0.93518839802787,0.9489196435161618,0.6805716227850444,0.731753359390727,{}
exact-n10000000-d16-k100-sep1.5-s0,exact,10000000,16,100,1.5,0,444,True,20,255806,200000,0.0255806,257359,39769,9267,38424,10204557754.0,150.0868522289975,15058995641.0,320.2372947749982,1000000000.0,6.054259754499981,12.211519835000217,0.9464385,93,gmm_plugin_soft,25580600,1,1.1494174269992072,240325,0.0240325,0.005033031754988038,0.024458510330049917,1.054920112555272,0.9326003,0.9718399591243311,0.28860951040020477,0.7112577710825871,0.06451621311689199,0.7972870762368461,0.5353328330484679,1.0,0.15006216355412835,157162,0.19020545088356158,0.40416111316596554,0.07650478602457772,0.8569317247331699,{}
exact-n10000000-d16-k100-sep1.5-s0,exact,10000000,16,100,1.5,0,444,True,20,255806,200000,0.0255806,257359,39769,9267,38424,10204557754.0,150.0868522289975,15058995641.0,320.2372947749982,1000000000.0,6.054259754499981,12.211519835000217,0.9464385,93,full_convergence,4854437887.0,424,170.1504425460007,0,0.0,0.0,0.0,0.0,0.9464385,1.0,0.0,1.0,0.0,nan,0.0,0.0,0.1617969512200665,157162,0.18427492290899977,0.3675952202186279,0.18379761010931395,0.5,{}
exact-n10000000-d16-k100-sep1.5-s0,exact,10000000,16,100,1.5,0,444,True,20,255806,200000,0.0255806,257359,39769,9267,38424,10204557754.0,150.0868522289975,15058995641.0,320.2372947749982,1000000000.0,6.054259754499981,12.211519835000217,0.9464385,93,true_posterior_oracle,0,0,0.0,,,,,,,,0.32500453423544473,0.7477329286138393,0.1774037280059411,0.4753396770364827,0.34455983714265936,0.99782,0.1392814049053351,157162,0.0,0.20113612265819755,0.002734150066803201,0.8914507048094225,{}
exact-n10000000-d16-k100-sep1.5-s0,exact,10000000,16,100,1.5,0,444,True,20,255806,200000,0.0255806,257359,39769,9267,38424,10204557754.0,150.0868522289975,15058995641.0,320.2372947749982,1000000000.0,6.054259754499981,12.211519835000217,0.9464385,93,model_posterior_oracle,0,0,0.0,,,,,,,,0.10373833309009671,0.8382030487799336,0.14615727508362733,0.9243119702177752,0.418474698643729,0.999595,0.0,157162,0.04798309602699585,0.2527354709308985,0.02364184919528595,0.8879735434571728,{}
exact-n10000000-d16-k100-sep1.5-s0,exact,10000000,16,100,1.5,0,444,True,30,51193,51193,0.0051193,217504,11338,5377,10779,10827431138.0,162.38720032499805,15058995641.0,320.2372947749982,1000000000.0,6.054259754499981,12.211519835000217,0.9464385,93,stop,0,1,0.20231067699933192,202084,0.0202084,0.004927580469082704,0.02122750062063127,0.9262478787133517,0.9345223,0.9764948275005494,0.42111226144199404,0.789443869279003,0.210556130720997,0.5,0.0,0.0,0.32675928533510046,32679,0.3498258390293282,0.6992870038862878,0.34964350194314386,0.5,{}
exact-n10000000-d16-k100-sep1.5-s0,exact,10000000,16,100,1.5,0,444,True,30,51193,51193,0.0051193,217504,11338,5377,10779,10827431138.0,162.38720032499805,15058995641.0,320.2372947749982,1000000000.0,6.054259754499981,12.211519835000217,0.9464385,93,reassign_U,5119300,2,0.40040749099989625,201743,0.0201743,0.0049268804514503994,0.021174823852697252,0.9225969119020013,0.9345538,0.9765174026269111,0.40779012755650185,0.796104936221749,0.20389506377825095,0.5,0.0,0.0,0.3205529437441248,32679,0.34030705171692666,0.680681783408305,0.3403408917041525,0.5,{}
exact-n10000000-d16-k100-sep1.5-s0,exact,10000000,16,100,1.5,0,444,True,30,51193,51193,0.0051193,217504,11338,5377,10779,10827431138.0,162.38720032499805,15058995641.0,320.2372947749982,1000000000.0,6.054259754499981,12.211519835000217,0.9464385,93,majority,0,1,0.23766441099996882,220035,0.0220035,0.004959799014836674,0.022970831179914296,1.0086429937851835,0.9334296,0.9746849522951492,1.122419080733694,0.438790459633153,0.561209540366847,0.5,0.0,0.0,0.5865858816324162,32679,0.672752533646089,1.3442271795342575,0.6721135897671288,0.5,{}
exact-n10000000-d16-k100-sep1.5-s0,exact,10000000,16,100,1.5,0,444,True,30,51193,51193,0.0051193,217504,11338,5377,10779,10827431138.0,162.38720032499805,15058995641.0,320.2372947749982,1000000000.0,6.054259754499981,12.211519835000217,0.9464385,93,frequency_soft,0,1,0.22712605400010943,220035,0.0220035,0.0049603284709247575,0.022942536086373137,1.0055846806598026,0.9334296,0.9746849522951492,0.7824636406740139,0.43345769929482547,0.30269763444220876,0.4901810447162124,0.5282303221356113,1.0,0.4873878011501905,32679,0.6357791793239317,0.9851136486924273,0.41969126684081237,0.4656379109196077,{}
exact-n10000000-d16-k100-sep1.5-s0,exact,10000000,16,100,1.5,0,444,True,30,51193,51193,0.0051193,217504,11338,5377,10779,10827431138.0,162.38720032499805,15058995641.0,320.2372947749982,1000000000.0,6.054259754499981,12.211519835000217,0.9464385,93,markov,0,1,0.5673296710001523,202221,0.0202221,0.004928024042829993,0.02123974912025266,0.9270894740635734,0.9345094,0.9764883415746963,0.42646455570097475,0.7867677221495126,0.21323227785048737,0.5,0.0,0.0,0.3293619078935894,32679,0.35390134880340457,0.707365586462254,0.35368279323112706,0.5,"{""markov_seconds"": 0.4181925479997517, ""mean_states"": 2.009825562088567}"
exact-n10000000-d16-k100-sep1.5-s0,exact,10000000,16,100,1.5,0,444,True,30,51193,51193,0.0051193,217504,11338,5377,10779,10827431138.0,162.38720032499805,15058995641.0,320.2372947749982,1000000000.0,6.054259754499981,12.211519835000217,0.9464385,93,markov_soft,0,1,0.644496289000017,202221,0.0202221,0.0049280254601340445,0.02124299785187482,0.9273101597661602,0.9345094,0.9764883415746963,0.4243200715930468,0.7860825826147948,0.2114858163385593,0.5078609789300611,0.005136075801787602,0.008829332135252867,0.32966956188900637,32679,0.35480610432022913,0.7048391498272337,0.3515478902570451,0.504653282464352,"{""markov_seconds"": 0.4724629209995328, ""mean_states"": 2.009825562088567}"
exact-n10000000-d16-k100-sep1.5-s0,exact,10000000,16,100,1.5,0,444,True,30,51193,51193,0.0051193,217504,11338,5377,10779,10827431138.0,162.38720032499805,15058995641.0,320.2372947749982,1000000000.0,6.054259754499981,12.211519835000217,0.9464385,93,markov_a0.5,0,1,0.614658261999466,210068,0.0210068,0.004945502441435101,0.022072217539166317,0.9719280865639575,0.9339818,0.9757683293965745,0.7330299064325201,0.63348504678374,0.36651495321626004,0.5,0.0,0.0,0.44645408847333434,32679,0.510080151129798,1.0190642308516173,0.5095321154258086,0.5,"{""markov_seconds"": 0.4411194569993313, ""mean_states"": 2.009825562088567}"
exact-n10000000-d16-k100-sep1.5-s0,exact,10000000,16,100,1.5,0,444,True,30,51193,51193,0.0051193,217504,11338,5377,10779,10827431138.0,162.38720032499805,15058995641.0,320.2372947749982,1000000000.0,6.054259754499981,12.211519835000217,0.9464385,93,markov_a0.5_soft,0,1,0.7096933059992807,210068,0.0210068,0.004949914182202919,0.022436642958084306,0.9850469665604649,0.9339818,0.9757683293965745,0.5842452604707971,0.5444034345798137,0.18560675582233183,0.5220144633917567,0.4995402721102222,1.0,0.40481537076852847,32679,0.5475415537166995,0.8220277981635149,0.3147692520142014,0.48022534881760726,"{""markov_seconds"": 0.5416169000000082, ""mean_states"": 2.009825562088567}"
exact-n10000000-d16-k100-sep1.5-s0,exact,10000000,16,100,1.5,0,444,True,30,51193,51193,0.0051193,217504,11338,5377,10779,10827431138.0,162.38720032499805,15058995641.0,320.2372947749982,1000000000.0,6.054259754499981,12.211519835000217,0.9464385,93,markov_pooled,0,1,0.6288653379997413,202437,0.0202437,0.00492818765811931,0.02125545284841661,0.9271002913394571,0.934494,0.9764768399997125,0.43490320942316335,0.7825483952884184,0.21745160471158165,0.5,0.0,0.0,0.33138913992701713,32679,0.35417988769760167,0.7079776002937667,0.3539888001468833,0.5,"{""markov_seconds"": 0.4462482569997519, ""mean_states"": 2.009825562088567}"
exact-n10000000-d16-k100-sep1.5-s0,exact,10000000,16,100,1.5,0,444,True,30,51193,51193,0.0051193,217504,11338,5377,10779,10827431138.0,162.38720032499805,15058995641.0,320.2372947749982,1000000000.0,6.054259754499981,12.211519835000217,0.9464385,93,markov_pooled_soft,0,1,0.7956656429996656,202437,0.0202437,0.004928658537988628,0.021364153534255553,0.9313927536479539,0.934494,0.9764768399997125,0.4090489454555218,0.756381186984957,0.1718242469144087,0.49094217511252586,0.1369301357485073,0.7661008340984119,0.32290607060774146,32679,0.37088402436336343,0.6848040591931734,0.31661726959238784,0.36062060705538984,"{""markov_seconds"": 0.6081983299991407, ""mean_states"": 2.009825562088567}"
exact-n10000000-d16-k100-sep1.5-s0,exact,10000000,16,100,1.5,0,444,True,30,51193,51193,0.0051193,217504,11338,5377,10779,10827431138.0,162.38720032499805,15058995641.0,320.2372947749982,1000000000.0,6.054259754499981,12.211519835000217,0.9464385,93,markov_w5,0,1,0.5450645809996786,202129,0.0202129,0.004927681618250412,0.02123121098411795,0.9265051602190981,0.9345176,0.976493065512955,0.4228703143007833,0.7885648428496084,0.21143515715039163,0.5,0.0,0.0,0.32767122935326576,32679,0.35126399393251934,0.702163468894397,0.3510817344471985,0.5,"{""markov_seconds"": 0.396017684999606, ""mean_states"": 1.4531283573926124}"
exact-n10000000-d16-k100-sep1.5-s0,exact,10000000,16,100,1.5,0,444,True,30,51193,51193,0.0051193,217504,11338,5377,10779,10827431138.0,162.38720032499805,15058995641.0,320.2372947749982,1000000000.0,6.054259754499981,12.211519835000217,0.9464385,93,markov_w20,0,1,0.6396802280005431,203462,0.0203462,0.004935287619731943,0.021341452618200155,0.9346218401971309,0.9343971,0.9763790487273108,0.47494774676225265,0.7625261266188736,0.23747387338112635,0.5,0.0,0.0,0.34987018874168585,32679,0.38574481203928396,0.7724838581351938,0.3862419290675969,0.5,"{""markov_seconds"": 0.4621368660000371, ""mean_states"": 2.0796397945031546}"
exact-n10000000-d16-k100-sep1.5-s0,exact,10000000,16,100,1.5,0,444,True,30,51193,51193,0.0051193,217504,11338,5377,10779,10827431138.0,162.38720032499805,15058995641.0,320.2372947749982,1000000000.0,6.054259754499981,12.211519835000217,0.9464385,93,active_set_U,30715800,2,0.7512961029997314,201635,0.0201635,0.004926847708878412,0.021161676028980128,0.9217053022867335,0.9345642,0.9765232205246238,0.40357080069540757,0.7982145996522962,0.20178540034770376,0.5,0.0,0.0,0.31851290712656005,32679,0.3370973578086403,0.6741944367942716,0.3370972183971358,0.5,"{""iters"": 6}"
exact-n10000000-d16-k100-sep1.5-s0,exact,10000000,16,100,1.5,0,444,True,30,51193,51193,0.0051193,217504,11338,5377,10779,10827431138.0,162.38720032499805,15058995641.0,320.2372947749982,1000000000.0,6.054259754499981,12.211519835000217,0.9464385,93,hartigan_U,25596500,2,0.6922636939998483,201633,0.0201633,0.00492684770655849,0.021161606969572037,0.9217020679736225,0.9345644,0.9765234638378392,0.40349266501279474,0.7982536674936026,0.2017463325063974,0.5,0.0,0.0,0.31849325850289906,32679,0.33706679378353793,0.674072034027969,0.33703601701398456,0.5,"{""moves"": 502, ""sweeps"": 5}"
exact-n10000000-d16-k100-sep1.5-s0,exact,10000000,16,100,1.5,0,444,True,30,51193,51193,0.0051193,217504,11338,5377,10779,10827431138.0,162.38720032499805,15058995641.0,320.2372947749982,1000000000.0,6.054259754499981,12.211519835000217,0.9464385,93,fcm_soft,5119300,1,0.23518406499988487,201743,0.0201743,0.004926992792348983,0.02122750062063127,0.9262478787133517,0.9345538,0.9765174026269111,0.9386132943463751,0.03719023892075776,0.7577060649562525,0.6991845664378212,4.510070172984069,1.0,0.9277194243612651,32679,0.945142155106304,0.9382411524174358,0.619250372317091,0.8665309703592583,{}
exact-n10000000-d16-k100-sep1.5-s0,exact,10000000,16,100,1.5,0,444,True,30,51193,51193,0.0051193,217504,11338,5377,10779,10827431138.0,162.38720032499805,15058995641.0,320.2372947749982,1000000000.0,6.054259754499981,12.211519835000217,0.9464385,93,gmm_plugin_soft,5119300,1,0.28020042499974807,205452,0.0205452,0.004969271794691199,0.02122750062063127,0.9262478787133517,0.9343967,0.9760530556948362,0.4461970624586635,0.5338731296860499,0.13700472615055956,0.852636747366952,0.82962851743648,1.0,0.2970580383947168,32679,0.4471429304025777,0.5517017529893326,0.2306949801462853,0.9458134526037547,{}
exact-n10000000-d16-k100-sep1.5-s0,exact,10000000,16,100,1.5,0,444,True,30,51193,51193,0.0051193,217504,11338,5377,10779,10827431138.0,162.38720032499805,15058995641.0,320.2372947749982,1000000000.0,6.054259754499981,12.211519835000217,0.9464385,93,full_convergence,4231564503.0,414,157.85009445000014,0,0.0,0.0,0.0,0.0,0.9464385,1.0,0.0,1.0,0.0,nan,0.0,0.0,0.17857871495294078,32679,0.14604747028419782,0.29046176443587624,0.14523088221793812,0.5,{}
exact-n10000000-d16-k100-sep1.5-s0,exact,10000000,16,100,1.5,0,444,True,30,51193,51193,0.0051193,217504,11338,5377,10779,10827431138.0,162.38720032499805,15058995641.0,320.2372947749982,1000000000.0,6.054259754499981,12.211519835000217,0.9464385,93,true_posterior_oracle,0,0,0.0,,,,,,,,0.6189515985016013,0.6476204295831327,0.28710802621881054,0.5885431167757254,0.17002085897700842,0.9923622370245933,0.30753485865046065,32679,0.0,0.09574021696378704,0.001996767220442627,0.9514666914112239,{}
exact-n10000000-d16-k100-sep1.5-s0,exact,10000000,16,100,1.5,0,444,True,30,51193,51193,0.0051193,217504,11338,5377,10779,10827431138.0,162.38720032499805,15058995641.0,320.2372947749982,1000000000.0,6.054259754499981,12.211519835000217,0.9464385,93,model_posterior_oracle,0,0,0.0,,,,,,,,0.11925045754037471,0.8214212850470592,0.15268053013267388,0.9345646255204473,0.4314207944016817,0.9999609321586935,0.0,32679,0.08599531868852718,0.1979911535809322,0.03799495255182145,0.9649176157725082,{}
exact-n10000000-d16-k100-sep1.5-s0,exact,10000000,16,100,1.5,0,444,True,40,158475,158475,0.0158475,61034,2005,958,1730,13418004559.0,201.92078853899784,15058995641.0,320.2372947749982,1000000000.0,6.054259754499981,12.211519835000217,0.9464385,93,stop,0,1,0.19136306200016406,53363,0.0053363,9.966448632381386e-06,0.005055639254825648,0.12616053943052402,0.9463739,0.9951712772326404,0.021833096702949993,0.989083451648525,0.010916548351475042,0.5,0.0,0.0,0.13083134437838148,144689,0.1199186122004244,0.23880184395496548,0.11940092197748275,0.5,{}
exact-n10000000-d16-k100-sep1.5-s0,exact,10000000,16,100,1.5,0,444,True,40,158475,158475,0.0158475,61034,2005,958,1730,13418004559.0,201.92078853899784,15058995641.0,320.2372947749982,1000000000.0,6.054259754499981,12.211519835000217,0.9464385,93,reassign_U,15847500,2,0.5828914670000813,53297,0.0053297,9.962629229809394e-06,0.0050520182910849636,0.12615198702291558,0.9463726,0.9951872175209986,0.021000157753588895,0.9894999211232055,0.010500078876794494,0.5,0.0,0.0,0.1308020215533415,144689,0.11992629224938595,0.23876037570236852,0.11938018785118432,0.5,{}
exact-n10000000-d16-k100-sep1.5-s0,exact,10000000,16,100,1.5,0,444,True,40,158475,158475,0.0158475,61034,2005,958,1730,13418004559.0,201.92078853899784,15058995641.0,320.2372947749982,1000000000.0,6.054259754499981,12.211519835000217,0.9464385,93,majority,0,1,0.2918367539996325,105199,0.0105199,0.001507662780066088,0.00882445852554565,0.15290070216352114,0.9431565,0.9860346827697225,0.6760182994163118,0.6619908502918441,0.3380091497081559,0.5,0.0,0.0,0.34490910953878734,144689,0.34125886528556665,0.6825259694931889,0.34126298474659444,0.5,{}
exact-n10000000-d16-k100-sep1.5-s0,exact,10000000,16,100,1.5,0,444,True,40,158475,158475,0.0158475,61034,2005,958,1730,13418004559.0,201.92078853899784,15058995641.0,320.2372947749982,1000000000.0,6.054259754499981,12.211519835000217,0.9464385,93,frequency_soft,0,1,0.28506314199967164,105199,0.0105199,0.0016812127052254766,0.01039538555969587,0.19680034030086338,0.9431565,0.9860346827697225,0.4264587969789535,0.562194209009164,0.039661546845645206,0.6268480351815605,0.6435462744163619,1.0,0.38037471724103394,144689,0.4031601369323952,0.47615766823672934,0.05319874162702589,0.6174763357163793,{}
exact-n10000000-d16-k100-sep1.5-s0,exact,10000000,16,100,1.5,0,444,True,40,158475,158475,0.0158475,61034,2005,958,1730,13418004559.0,201.92078853899784,15058995641.0,320.2372947749982,1000000000.0,6.054259754499981,12.211519835000217,0.9464385,93,markov,0,1,1.6095646969997688,53611,0.0053611,1.0885663636495124e-05,0.005070973852272698,0.12616502550724798,0.9463811,0.9951070210365357,0.024962927906609877,0.987518536046695,0.012481463953304961,0.5,0.0,0.0,0.13106937994699386,144689,0.11962478928705346,0.23806923815908604,0.11903461907954305,0.5,"{""markov_seconds"": 1.439627064999513, ""mean_states"": 2.0324152074459696}"
exact-n10000000-d16-k100-sep1.5-s0,exact,10000000,16,100,1.5,0,444,True,40,158475,158475,0.0158475,61034,2005,958,1730,13418004559.0,201.92078853899784,15058995641.0,320.2372947749982,1000000000.0,6.054259754499981,12.211519835000217,0.9464385,93,markov_soft,0,1,1.803776112000378,53611,0.0053611,1.1630580233124022e-05,0.005165786999112345,0.1261627594408354,0.9463811,0.9951070210365357,0.02741363777341202,0.9794262458411565,0.014257601441087595,0.6237293349427728,0.021133109311343153,0.04256822842719672,0.1268693234364182,144689,0.11640276171780976,0.23155336153664055,0.11323234470364839,0.552534599435993,"{""markov_seconds"": 1.589168485999835, ""mean_states"": 2.0324152074459696}"
exact-n10000000-d16-k100-sep1.5-s0,exact,10000000,16,100,1.5,0,444,True,40,158475,158475,0.0158475,61034,2005,958,1730,13418004559.0,201.92078853899784,15058995641.0,320.2372947749982,1000000000.0,6.054259754499981,12.211519835000217,0.9464385,93,markov_a0.5,0,1,1.7545290139996723,55230,0.005523,1.3057733807553262e-05,0.0051839121467192025,0.12728080773404604,0.9463854,0.9948425892330931,0.04539517274017984,0.9773024136299101,0.022697586370089895,0.5,0.0,0.0,0.13364578223004614,144689,0.11973016736928345,0.23823511116947382,0.11911755558473691,0.5,"{""markov_seconds"": 1.5627527289998397, ""mean_states"": 2.0324152074459696}"
exact-n10000000-d16-k100-sep1.5-s0,exact,10000000,16,100,1.5,0,444,True,40,158475,158475,0.0158475,61034,2005,958,1730,13418004559.0,201.92078853899784,15058995641.0,320.2372947749982,1000000000.0,6.054259754499981,12.211519835000217,0.9464385,93,markov_a0.5_soft,0,1,1.604778296999939,55230,0.005523,0.00040896652470001627,0.008078648151375213,0.12826022206252782,0.9463854,0.9948425892330931,0.16610539087613918,0.7338053431789245,0.23297711050860234,0.6424465707098017,0.5537140220703132,1.0,0.22879514357018518,144689,0.23978641735378495,0.26687010970836006,0.13870432104810107,0.7024557072726729,"{""markov_seconds"": 1.4119272099997033, ""mean_states"": 2.0324152074459696}"
exact-n10000000-d16-k100-sep1.5-s0,exact,10000000,16,100,1.5,0,444,True,40,158475,158475,0.0158475,61034,2005,958,1730,13418004559.0,201.92078853899784,15058995641.0,320.2372947749982,1000000000.0,6.054259754499981,12.211519835000217,0.9464385,93,markov_pooled,0,1,1.7112902799999574,54048,0.0054048,1.7658850389290492e-05,0.005107168777736061,0.1262556271813583,0.9463978,0.9950160118262777,0.030477993374349265,0.9847610033128253,0.015238996687174655,0.5,0.0,0.0,0.132112830555208,144689,0.11964056972670319,0.23806923815908604,0.11903461907954305,0.5,"{""markov_seconds"": 1.5186858249999204, ""mean_states"": 2.0324152074459696}"
exact-n10000000-d16-k100-sep1.5-s0,exact,10000000,16,100,1.5,0,444,True,40,158475,158475,0.0158475,61034,2005,958,1730,13418004559.0,201.92078853899784,15058995641.0,320.2372947749982,1000000000.0,6.054259754499981,12.211519835000217,0.9464385,93,markov_pooled_soft,0,1,1.7967157980001502,54048,0.0054048,1.9797137917665353e-05,0.005344396039943855,0.1273115755831364,0.9463978,0.9950160118262777,0.03180274015440865,0.9658985279854893,0.016760503920856085,0.923638382699864,0.056848349202209526,0.779971604353999,0.11992921402704153,144689,0.11262395729049515,0.22582331298762495,0.10544699857138694,0.8072950315818833,"{""markov_seconds"": 1.6077535069998703, ""mean_states"": 2.0324152074459696}"
exact-n10000000-d16-k100-sep1.5-s0,exact,10000000,16,100,1.5,0,444,True,40,158475,158475,0.0158475,61034,2005,958,1730,13418004559.0,201.92078853899784,15058995641.0,320.2372947749982,1000000000.0,6.054259754499981,12.211519835000217,0.9464385,93,markov_w5,0,1,1.3486183300001358,53472,0.0053472,1.0012938280512529e-05,0.005059388829861445,0.12615773166205133,0.946374,0.9951483239900627,0.023208707998106957,0.9883956460009465,0.011604353999053463,0.5,0.0,0.0,0.1308630339992283,144689,0.11991448243420776,0.23894007146362198,0.11947003573181103,0.5,"{""markov_seconds"": 1.1834518900004696, ""mean_states"": 1.3912793816059315}"
exact-n10000000-d16-k100-sep1.5-s0,exact,10000000,16,100,1.5,0,444,True,40,158475,158475,0.0158475,61034,2005,958,1730,13418004559.0,201.92078853899784,15058995641.0,320.2372947749982,1000000000.0,6.054259754499981,12.211519835000217,0.9464385,93,markov_w20,0,1,1.603245806999439,54438,0.0054438,5.318465679993167e-05,0.005119211774316742,0.12614772084927808,0.9463529,0.994940019227525,0.035399905347846664,0.9823000473260767,0.017699952673923325,0.5,0.0,0.0,0.13322677083078469,144689,0.1215863624511502,0.24173226713848323,0.12086613356924159,0.5,"{""markov_seconds"": 1.4362335890000395, ""mean_states"": 2.077677867171478}"
exact-n10000000-d16-k100-sep1.5-s0,exact,10000000,16,100,1.5,0,444,True,40,158475,158475,0.0158475,61034,2005,958,1730,13418004559.0,201.92078853899784,15058995641.0,320.2372947749982,1000000000.0,6.054259754499981,12.211519835000217,0.9464385,93,active_set_U,63390000,2,1.311369029999696,53277,0.0053277,9.962399719176673e-06,0.005050965698178952,0.12615111526959355,0.9463726,0.9951927622293641,0.02074775201135826,0.9896261239943208,0.010373876005679183,0.5,0.0,0.0,0.13079846070373277,144689,0.1199274860397701,0.23876037570236852,0.11938018785118432,0.5,"{""iters"": 4}"
exact-n10000000-d16-k100-sep1.5-s0,exact,10000000,16,100,1.5,0,444,True,40,158475,158475,0.0158475,61034,2005,958,1730,13418004559.0,201.92078853899784,15058995641.0,320.2372947749982,1000000000.0,6.054259754499981,12.211519835000217,0.9464385,93,hartigan_U,47542500,2,0.9907736139994086,53274,0.0053274,9.962379635020113e-06,0.0050507308867591034,0.12615111526959355,0.9463726,0.9951934511532753,0.020709891150023665,0.9896450544249882,0.01035494557501182,0.5,0.0,0.0,0.1307946543845058,144689,0.1199278102643057,0.23880184395496548,0.11940092197748275,0.5,"{""moves"": 123, ""sweeps"": 3}"
exact-n10000000-d16-k100-sep1.5-s0,exact,10000000,16,100,1.5,0,444,True,40,158475,158475,0.0158475,61034,2005,958,1730,13418004559.0,201.92078853899784,15058995641.0,320.2372947749982,1000000000.0,6.054259754499981,12.211519835000217,0.9464385,93,fcm_soft,15847500,1,0.560769032999815,53297,0.0053297,9.9634619181721e-06,0.005055639254825648,0.12616053943052402,0.9463726,0.9951872175209986,0.930600366283821,0.040878569896568094,0.948615661061924,0.4316844148921558,4.522685532010158,1.0,0.9306612151817865,144689,0.934539081022398,0.9310177625191683,0.8392734099074981,0.8467188548745082,{}
exact-n10000000-d16-k100-sep1.5-s0,exact,10000000,16,100,1.5,0,444,True,40,158475,158475,0.0158475,61034,2005,958,1730,13418004559.0,201.92078853899784,15058995641.0,320.2372947749982,1000000000.0,6.054259754499981,12.211519835000217,0.9464385,93,gmm_plugin_soft,15847500,1,0.7197595080006067,56692,0.0056692,1.6636343947551424e-05,0.005055639254825648,0.12616053943052402,0.9464205,0.9943088772343585,0.09845458299595489,0.8629866986330926,0.10208478888372284,0.9288584397492289,0.32876540741181853,1.0,0.009755921312189048,144689,0.02809711110661536,0.1641006464004033,0.01050668395700827,0.9273181823114837,{}
exact-n10000000-d16-k100-sep1.5-s0,exact,10000000,16,100,1.5,0,444,True,40,158475,158475,0.0158475,61034,2005,958,1730,13418004559.0,201.92078853899784,15058995641.0,320.2372947749982,1000000000.0,6.054259754499981,12.211519835000217,0.9464385,93,full_convergence,1640991082.0,404,118.31650623600035,0,0.0,0.0,0.0,0.0,0.9464385,1.0,0.0,1.0,0.0,nan,0.0,0.0,0.12810545239636315,144689,0.11991770887023667,0.23889860321102502,0.11944930160551248,0.5,{}
exact-n10000000-d16-k100-sep1.5-s0,exact,10000000,16,100,1.5,0,444,True,40,158475,158475,0.0158475,61034,2005,958,1730,13418004559.0,201.92078853899784,15058995641.0,320.2372947749982,1000000000.0,6.054259754499981,12.211519835000217,0.9464385,93,true_posterior_oracle,0,0,0.0,,,,,,,,0.21535914579951948,0.8264887229338314,0.12105921551131683,0.510661714022828,0.2580718648464081,0.9979807540621549,0.08713812691622619,144689,0.0,0.13797384371912638,0.0012009898663203945,0.9220102451520983,{}
exact-n10000000-d16-k100-sep1.5-s0,exact,10000000,16,100,1.5,0,444,True,40,158475,158475,0.0158475,61034,2005,958,1730,13418004559.0,201.92078853899784,15058995641.0,320.2372947749982,1000000000.0,6.054259754499981,12.211519835000217,0.9464385,93,model_posterior_oracle,0,0,0.0,,,,,,,,0.08561628134021698,0.8718945476036369,0.1075163621957203,0.9410881498986082,0.3231572021657352,1.0,0.0,144689,0.027911973755684022,0.16377769255650892,0.009838975110546499,0.9274482151273212,{}
exact-n10000000-d16-k100-sep1.5-s0,exact,10000000,16,100,1.5,0,444,True,50,5988,5988,0.0005988,56021,975,583,773,13497480952.0,205.30367575799755,15058995641.0,320.2372947749982,1000000000.0,6.054259754499981,12.211519835000217,0.9464385,93,stop,0,1,0.21752257699972688,48923,0.0048923,8.947149895854878e-06,0.004674670505355725,0.11871763047810477,0.9463848,0.9956865781306001,0.25818303273213095,0.8709084836339346,0.12909151636606542,0.5,0.0,0.0,0.3687164959973172,462,0.8143115962520228,1.6363636363636365,0.8181818181818181,0.5,{}
exact-n10000000-d16-k100-sep1.5-s0,exact,10000000,16,100,1.5,0,444,True,50,5988,5988,0.0005988,56021,975,583,773,13497480952.0,205.30367575799755,15058995641.0,320.2372947749982,1000000000.0,6.054259754499981,12.211519835000217,0.9464385,93,reassign_U,598800,2,0.41392076299962355,48918,0.0048918,8.94689952390948e-06,0.004674508896919942,0.11871825229802983,0.9463846,0.9956869965379718,0.2565130260521042,0.8717434869739479,0.12825651302605212,0.5,0.0,0.0,0.3685645248740771,462,0.8142655061589468,1.6363636363636365,0.8181818181818181,0.5,{}
exact-n10000000-d16-k100-sep1.5-s0,exact,10000000,16,100,1.5,0,444,True,50,5988,5988,0.0005988,56021,975,583,773,13497480952.0,205.30367575799755,15058995641.0,320.2372947749982,1000000000.0,6.054259754499981,12.211519835000217,0.9464385,93,majority,0,1,0.17848199999934877,51127,0.0051127,9.454947975884309e-06,0.004867047143325643,0.12282718793544468,0.9463842,0.9954410952868445,0.9943219772879092,0.5028390113560455,0.4971609886439545,0.5,0.0,0.0,0.5209854219442716,462,0.8018497851149359,1.5887445887445888,0.7943722943722944,0.5,{}
exact-n10000000-d16-k100-sep1.5-s0,exact,10000000,16,100,1.5,0,444,True,50,5988,5988,0.0005988,56021,975,583,773,13497480952.0,205.30367575799755,15058995641.0,320.2372947749982,1000000000.0,6.054259754499981,12.211519835000217,0.9464385,93,frequency_soft,0,1,0.21999372000027506,51127,0.0051127,9.460698801699863e-06,0.004863264714205566,0.12261243840057102,0.9463842,0.9954410952868445,0.6328027956739926,0.5029756482662294,0.22619481387016457,0.5106360263192538,0.5388684450731316,1.0,0.3118720882170846,462,0.7089814648318726,1.2227827269149583,0.5421094057457692,0.5290262440843253,{}
exact-n10000000-d16-k100-sep1.5-s0,exact,10000000,16,100,1.5,0,444,True,50,5988,5988,0.0005988,56021,975,583,773,13497480952.0,205.30367575799755,15058995641.0,320.2372947749982,1000000000.0,6.054259754499981,12.211519835000217,0.9464385,93,markov,0,1,0.23354165899945656,48927,0.0048927,8.948478348758115e-06,0.004674966489937521,0.11872685918268637,0.946385,0.9956859948118998,0.2595190380761523,0.8702404809619239,0.12975951903807614,0.5,0.0,0.0,0.36899172104921296,462,0.8143546049640262,1.632034632034632,0.8160173160173161,0.5,"{""markov_seconds"": 0.07593929399990884, ""mean_states"": 2.000167000668003}"
exact-n10000000-d16-k100-sep1.5-s0,exact,10000000,16,100,1.5,0,444,True,50,5988,5988,0.0005988,56021,975,583,773,13497480952.0,205.30367575799755,15058995641.0,320.2372947749982,1000000000.0,6.054259754499981,12.211519835000217,0.9464385,93,markov_soft,0,1,0.24079238000012992,48927,0.0048927,8.94850058896779e-06,0.0046750964546111344,0.11873810989572887,0.946385,0.9956859948118998,0.2570765578459209,0.869955386964405,0.12786661870270258,0.5088286727350358,0.004434111711076948,0.007849031396125585,0.3671494450281723,462,0.8127792551854999,1.6338095238095236,0.817965367965368,0.48823529411764705,"{""markov_seconds"": 0.072968284000126, ""mean_states"": 2.000167000668003}"
exact-n10000000-d16-k100-sep1.5-s0,exact,10000000,16,100,1.5,0,444,True,50,5988,5988,0.0005988,56021,975,583,773,13497480952.0,205.30367575799755,15058995641.0,320.2372947749982,1000000000.0,6.054259754499981,12.211519835000217,0.9464385,93,markov_a0.5,0,1,0.2686263890000191,49784,0.0049784,9.142601196776567e-06,0.004750576170519933,0.1202548838860454,0.9463853,0.9955896386008928,0.5457581830327322,0.727120908483634,0.272879091516366,0.5,0.0,0.0,0.4273451733194214,462,0.8207171513136551,1.619047619047619,0.8095238095238095,0.5,"{""markov_seconds"": 0.10033721500076354, ""mean_states"": 2.000167000668003}"
exact-n10000000-d16-k100-sep1.5-s0,exact,10000000,16,100,1.5,0,444,True,50,5988,5988,0.0005988,56021,975,583,773,13497480952.0,205.30367575799755,15058995641.0,320.2372947749982,1000000000.0,6.054259754499981,12.211519835000217,0.9464385,93,markov_a0.5_soft,0,1,0.263721572000577,49784,0.0049784,9.240398944676542e-06,0.0048011846439586035,0.12133632486109339,0.9463853,0.9955896386008928,0.41445280735087153,0.6228169962858836,0.11005550237444074,0.5662204993338015,0.5134427051816387,1.0,0.25844705656744904,462,0.7339026101735536,1.2880180757684587,0.5919605106293419,0.5325109382596014,"{""markov_seconds"": 0.10755073200016341, ""mean_states"": 2.000167000668003}"
exact-n10000000-d16-k100-sep1.5-s0,exact,10000000,16,100,1.5,0,444,True,50,5988,5988,0.0005988,56021,975,583,773,13497480952.0,205.30367575799755,15058995641.0,320.2372947749982,1000000000.0,6.054259754499981,12.211519835000217,0.9464385,93,markov_pooled,0,1,0.2563194440008374,49092,0.0049092,8.996119976290018e-06,0.004689363972562663,0.11894458137349698,0.9464068,0.9956769697303731,0.31462925851703405,0.842685370741483,0.15731462925851702,0.5,0.0,0.0,0.3831407492973377,462,0.8145295408261456,1.6363636363636365,0.8181818181818181,0.5,"{""markov_seconds"": 0.07659512200007157, ""mean_states"": 2.000167000668003}"
exact-n10000000-d16-k100-sep1.5-s0,exact,10000000,16,100,1.5,0,444,True,50,5988,5988,0.0005988,56021,975,583,773,13497480952.0,205.30367575799755,15058995641.0,320.2372947749982,1000000000.0,6.054259754499981,12.211519835000217,0.9464385,93,markov_pooled_soft,0,1,0.29001884199988126,49092,0.0049092,9.105396127973009e-06,0.004732610017288589,0.12026300354132978,0.9464068,0.9956769697303731,0.25989200400349327,0.7611180969381144,0.07380369274090794,0.6514543903097869,0.3424149851268882,0.8313293253173013,0.28140896011003963,462,0.8070016887117716,1.6043688785931227,0.7972612859560348,0.4995748299319729,"{""markov_seconds"": 0.10035654599960253, ""mean_states"": 2.000167000668003}"
exact-n10000000-d16-k100-sep1.5-s0,exact,10000000,16,100,1.5,0,444,True,50,5988,5988,0.0005988,56021,975,583,773,13497480952.0,205.30367575799755,15058995641.0,320.2372947749982,1000000000.0,6.054259754499981,12.211519835000217,0.9464385,93,markov_w5,0,1,0.2639462189999904,48923,0.0048923,8.947149895854878e-06,0.004674670505355725,0.11871763047810477,0.9463848,0.9956865781306001,0.25818303273213095,0.8709084836339346,0.12909151636606542,0.5,0.0,0.0,0.3687164959973172,462,0.8143115962520228,1.6363636363636365,0.8181818181818181,0.5,"{""markov_seconds"": 0.08569212199927279, ""mean_states"": 1.4863059452237808}"
exact-n10000000-d16-k100-sep1.5-s0,exact,10000000,16,100,1.5,0,444,True,50,5988,5988,0.0005988,56021,975,583,773,13497480952.0,205.30367575799755,15058995641.0,320.2372947749982,1000000000.0,6.054259754499981,12.211519835000217,0.9464385,93,markov_w20,0,1,0.22724413800006005,48989,0.0048989,8.963387632565656e-06,0.004678891846916639,0.11879027561306352,0.9463855,0.9956755267236528,0.2802271209084836,0.8598864395457582,0.14011356045424184,0.5,0.0,0.0,0.37139225906628304,462,0.8084207684662348,1.6233766233766234,0.8116883116883117,0.5,"{""markov_seconds"": 0.07222226400062937, ""mean_states"": 2.005177020708083}"
exact-n10000000-d16-k100-sep1.5-s0,exact,10000000,16,100,1.5,0,444,True,50,5988,5988,0.0005988,56021,975,583,773,13497480952.0,205.30367575799755,15058995641.0,320.2372947749982,1000000000.0,6.054259754499981,12.211519835000217,0.9464385,93,active_set_U,2395200,2,0.4278962449998289,48917,0.0048917,8.946880953653036e-06,0.004674430808125988,0.1187108544281082,0.9463849,0.9956870473590248,0.2561790247160989,0.8719104876419506,0.12808951235804944,0.5,0.0,0.0,0.3684709947415335,462,0.8142655061589468,1.6363636363636365,0.8181818181818181,0.5,"{""iters"": 4}"
exact-n10000000-d16-k100-sep1.5-s0,exact,10000000,16,100,1.5,0,444,True,50,5988,5988,0.0005988,56021,975,583,773,13497480952.0,205.30367575799755,15058995641.0,320.2372947749982,1000000000.0,6.054259754499981,12.211519835000217,0.9464385,93,hartigan_U,1796400,2,0.36434045900023193,48915,0.0048915,8.94687727326371e-06,0.004674386807419626,0.1187108544281082,0.946385,0.9956875428377437,0.25551102204408815,0.8722444889779559,0.12775551102204408,0.5,0.0,0.0,0.36842068298113595,462,0.8142531797713365,1.6363636363636365,0.8181818181818181,0.5,"{""moves"": 14, ""sweeps"": 3}"
exact-n10000000-d16-k100-sep1.5-s0,exact,10000000,16,100,1.5,0,444,True,50,5988,5988,0.0005988,56021,975,583,773,13497480952.0,205.30367575799755,15058995641.0,320.2372947749982,1000000000.0,6.054259754499981,12.211519835000217,0.9464385,93,fcm_soft,598800,1,0.04774186499980715,48918,0.0048918,8.946938957921091e-06,0.004674670505355725,0.11871763047810477,0.9463846,0.9956869965379718,0.9242288538580631,0.0447732027699225,0.826915974807397,0.42214639208173693,4.495262852522003,1.0,0.8990329467833548,462,0.9428674476150151,0.97255829277783,0.15627394386741905,0.7127739984882842,{}
exact-n10000000-d16-k100-sep1.5-s0,exact,10000000,16,100,1.5,0,444,True,50,5988,5988,0.0005988,56021,975,583,773,13497480952.0,205.30367575799755,15058995641.0,320.2372947749982,1000000000.0,6.054259754499981,12.211519835000217,0.9464385,93,gmm_plugin_soft,598800,1,0.0516288609996991,49764,0.0049764,9.560934665975296e-06,0.004674670505355725,0.11871763047810477,0.9464116,0.9954908111124615,0.48606960385690257,0.4960723271236942,0.2228515838979887,0.6446067474300374,0.7843949753196602,1.0,0.16738261328797593,462,0.538342024217756,0.8641404441474927,0.23627684571210705,0.7777393357212634,{}
exact-n10000000-d16-k100-sep1.5-s0,exact,10000000,16,100,1.5,0,444,True,50,5988,5988,0.0005988,56021,975,583,773,13497480952.0,205.30367575799755,15058995641.0,320.2372947749982,1000000000.0,6.054259754499981,12.211519835000217,0.9464385,93,full_convergence,1561514689.0,394,114.93361901700064,0,0.0,0.0,0.0,0.0,0.9464385,1.0,0.0,1.0,0.0,nan,0.0,0.0,0.33832763685856293,462,0.8142305422177659,1.6363636363636365,0.8181818181818181,0.5,{}
exact-n10000000-d16-k100-sep1.5-s0,exact,10000000,16,100,1.5,0,444,True,50,5988,5988,0.0005988,56021,975,583,773,13497480952.0,205.30367575799755,15058995641.0,320.2372947749982,1000000000.0,6.054259754499981,12.211519835000217,0.9464385,93,true_posterior_oracle,0,0,0.0,,,,,,,,1.1117235618005263,0.4193283694341301,0.5383163571628847,0.6635649474387539,0.09510358896213521,0.9559118236472945,0.5458104725978026,462,0.0,0.23320543475689465,0.043724293678233064,0.8955081539879836,{}
exact-n10000000-d16-k100-sep1.5-s0,exact,10000000,16,100,1.5,0,444,True,50,5988,5988,0.0005988,56021,975,583,773,13497480952.0,205.30367575799755,15058995641.0,320.2372947749982,1000000000.0,6.054259754499981,12.211519835000217,0.9464385,93,model_posterior_oracle,0,0,0.0,,,,,,,,0.25576220072996286,0.6616723631414371,0.2429387092206179,0.86754675380296,0.6709353733334412,1.0,0.0,462,0.536422863450035,0.8554676326049705,0.21911503705114013,0.8207017258222077,{}
exact-n10000000-d16-k100-sep1.5-s0,exact,10000000,16,100,1.5,0,444,True,60,5415,5415,0.0005415,51625,1019,548,800,13578082460.0,208.66314398699615,15058995641.0,320.2372947749982,1000000000.0,6.054259754499981,12.211519835000217,0.9464385,93,stop,0,1,0.21171656499973324,45100,0.00451,7.977032260519934e-06,0.004332823603324561,0.11266549517935363,0.9463537,0.9960488190367224,0.29547553093259465,0.8522622345337026,0.14773776546629735,0.5,0.0,0.0,0.36044773679220715,171,0.8116852091212159,1.6491228070175439,0.8245614035087719,0.5,{}
exact-n10000000-d16-k100-sep1.5-s0,exact,10000000,16,100,1.5,0,444,True,60,5415,5415,0.0005415,51625,1019,548,800,13578082460.0,208.66314398699615,15058995641.0,320.2372947749982,1000000000.0,6.054259754499981,12.211519835000217,0.9464385,93,reassign_U,541500,2,0.4028558760001033,45090,0.004509,7.976568732859235e-06,0.004332175123229889,0.1126383395527975,0.9463543,0.9960494396275563,0.2917820867959372,0.8541089566020313,0.14589104339796866,0.5,0.0,0.0,0.35980557243685973,171,0.8116852091212159,1.6491228070175439,0.8245614035087719,0.5,{}
exact-n10000000-d16-k100-sep1.5-s0,exact,10000000,16,100,1.5,0,444,True,60,5415,5415,0.0005415,51625,1019,548,800,13578082460.0,208.66314398699615,15058995641.0,320.2372947749982,1000000000.0,6.054259754499981,12.211519835000217,0.9464385,93,majority,0,1,0.21167734199934785,47007,0.0047007,8.471477661364801e-06,0.004503728455575383,0.11556603186497219,0.946374,0.9958783085075612,0.9998153277931672,0.5000923361034164,0.4999076638965836,0.5,0.0,0.0,0.5147601058280938,171,0.8520696034572806,1.719298245614035,0.8596491228070176,0.5,{}
exact-n10000000-d16-k100-sep1.5-s0,exact,10000000,16,100,1.5,0,444,True,60,5415,5415,0.0005415,51625,1019,548,800,13578082460.0,208.66314398699615,15058995641.0,320.2372947749982,1000000000.0,6.054259754499981,12.211519835000217,0.9464385,93,frequency_soft,0,1,0.21158354700037307,47007,0.0047007,8.47876588516705e-06,0.004501771587192854,0.11559752286565754,0.946374,0.9958783085075612,0.6390024648397854,0.4999076638965836,0.23092420045328632,0.5036886697270985,0.5393200337494024,1.0,0.30304410973363105,171,0.7698258255065673,1.3589483350248899,0.595959595959596,0.5306122448979591,{}
exact-n10000000-d16-k100-sep1.5-s0,exact,10000000,16,100,1.5,0,444,True,60,5415,5415,0.0005415,51625,1019,548,800,13578082460.0,208.66314398699615,15058995641.0,320.2372947749982,1000000000.0,6.054259754499981,12.211519835000217,0.9464385,93,markov,0,1,0.2588510120003775,45105,0.0045105,7.979089819309948e-06,0.004333091815777717,0.11268643188181465,0.9463536,0.9960485578206347,0.29732225300092335,0.8513388734995383,0.1486611265004617,0.5,0.0,0.0,0.3607789189503699,171,0.8116852091212159,1.6491228070175439,0.8245614035087719,0.5,"{""markov_seconds"": 0.07501624500036996, ""mean_states"": 2.0005540166204985}"
exact-n10000000-d16-k100-sep1.5-s0,exact,10000000,16,100,1.5,0,444,True,60,5415,5415,0.0005415,51625,1019,548,800,13578082460.0,208.66314398699615,15058995641.0,320.2372947749982,1000000000.0,6.054259754499981,12.211519835000217,0.9464385,93,markov_soft,0,1,0.22528830200008088,45105,0.0045105,7.979119682977043e-06,0.004333032083324822,0.11268205378496214,0.9463536,0.9960485578206347,0.2933565857681805,0.8514161000587595,0.1465001983333414,0.5145772708783128,0.00563183056032101,0.009972299168975069,0.3583367558413135,171,0.8116852091212159,1.6491228070175439,0.8245614035087719,0.5,"{""markov_seconds"": 0.06839812500038533, ""mean_states"": 2.0005540166204985}"
exact-n10000000-d16-k100-sep1.5-s0,exact,10000000,16,100,1.5,0,444,True,60,5415,5415,0.0005415,51625,1019,548,800,13578082460.0,208.66314398699615,15058995641.0,320.2372947749982,1000000000.0,6.054259754499981,12.211519835000217,0.9464385,93,markov_a0.5,0,1,0.2645709980006359,45870,0.004587,8.186630773066028e-06,0.004403598510956467,0.11394387159346123,0.9463571,0.9959805973010701,0.579870729455217,0.7100646352723915,0.2899353647276085,0.5,0.0,0.0,0.423360973774063,171,0.8207771609187944,1.672514619883041,0.8362573099415205,0.5,"{""markov_seconds"": 0.09400562800055923, ""mean_states"": 2.0005540166204985}"
exact-n10000000-d16-k100-sep1.5-s0,exact,10000000,16,100,1.5,0,444,True,60,5415,5415,0.0005415,51625,1019,548,800,13578082460.0,208.66314398699615,15058995641.0,320.2372947749982,1000000000.0,6.054259754499981,12.211519835000217,0.9464385,93,markov_a0.5_soft,0,1,0.2338322089999565,45870,0.004587,8.27261170766036e-06,0.004446853910287848,0.11464930514950888,0.9463571,0.9959805973010701,0.428124773911068,0.6136406830109167,0.11064503464539485,0.5729934869797596,0.5192705126568377,1.0,0.24705943479073494,171,0.7681648755164421,1.36978526618091,0.6052057591531275,0.5028721278721279,"{""markov_seconds"": 0.07053139500021643, ""mean_states"": 2.0005540166204985}"
exact-n10000000-d16-k100-sep1.5-s0,exact,10000000,16,100,1.5,0,444,True,60,5415,5415,0.0005415,51625,1019,548,800,13578082460.0,208.66314398699615,15058995641.0,320.2372947749982,1000000000.0,6.054259754499981,12.211519835000217,0.9464385,93,markov_pooled,0,1,0.25992638200023066,45270,0.004527,8.030282854898374e-06,0.004347965933701499,0.11313756819645589,0.9463308,0.9960386379262969,0.358264081255771,0.8208679593721145,0.17913204062788546,0.5,0.0,0.0,0.37651686434427684,171,0.8155816524030168,1.6608187134502923,0.8304093567251463,0.5,"{""markov_seconds"": 0.08013572599975305, ""mean_states"": 2.0005540166204985}"
exact-n10000000-d16-k100-sep1.5-s0,exact,10000000,16,100,1.5,0,444,True,60,5415,5415,0.0005415,51625,1019,548,800,13578082460.0,208.66314398699615,15058995641.0,320.2372947749982,1000000000.0,6.054259754499981,12.211519835000217,0.9464385,93,markov_pooled_soft,0,1,0.24969515399970987,45270,0.004527,8.141179091092354e-06,0.004390741664261067,0.11386681352125474,0.9463308,0.9960386379262969,0.28788470213098416,0.7321982199531711,0.07051415368837183,0.6451931395173541,0.3866666281754095,0.8914127423822714,0.25417960601078926,171,0.8076806453691809,1.5986981586824542,0.789477387007641,0.5219766877124818,"{""markov_seconds"": 0.07404930899974715, ""mean_states"": 2.0005540166204985}"
exact-n10000000-d16-k100-sep1.5-s0,exact,10000000,16,100,1.5,0,444,True,60,5415,5415,0.0005415,51625,1019,548,800,13578082460.0,208.66314398699615,15058995641.0,320.2372947749982,1000000000.0,6.054259754499981,12.211519835000217,0.9464385,93,markov_w5,0,1,0.23052851900047244,45103,0.0045103,7.977689226779106e-06,0.004332956933315529,0.11267610864974036,0.9463536,0.9960485832626425,0.2965835641735919,0.8517082179132041,0.14829178208679594,0.5,0.0,0.0,0.360531018960192,171,0.8116852091212159,1.6491228070175439,0.8245614035087719,0.5,"{""markov_seconds"": 0.07925653200072702, ""mean_states"": 1.5028624192059095}"
exact-n10000000-d16-k100-sep1.5-s0,exact,10000000,16,100,1.5,0,444,True,60,5415,5415,0.0005415,51625,1019,548,800,13578082460.0,208.66314398699615,15058995641.0,320.2372947749982,1000000000.0,6.054259754499981,12.211519835000217,0.9464385,93,markov_w20,0,1,0.21900893100064422,45117,0.0045117,7.99795282291349e-06,0.004332910812106087,0.11266417227815191,0.9463546,0.9960472530583999,0.3017543859649123,0.8491228070175438,0.15087719298245617,0.5,0.0,0.0,0.36081209980708034,171,0.8145697383766359,1.6491228070175439,0.8245614035087719,0.5,"{""markov_seconds"": 0.06919984000069235, ""mean_states"": 2.0011080332409974}"
exact-n10000000-d16-k100-sep1.5-s0,exact,10000000,16,100,1.5,0,444,True,60,5415,5415,0.0005415,51625,1019,548,800,13578082460.0,208.66314398699615,15058995641.0,320.2372947749982,1000000000.0,6.054259754499981,12.211519835000217,0.9464385,93,active_set_U,1624500,2,0.3579442679993008,45088,0.0045088,7.976543105581158e-06,0.004331945089358103,0.1126267900389743,0.9463543,0.9960495472943603,0.29104339796860573,0.8544783010156971,0.1455216989843029,0.5,0.0,0.0,0.3595597528100126,171,0.8116852091212159,1.6491228070175439,0.8245614035087719,0.5,"{""iters"": 3}"
exact-n10000000-d16-k100-sep1.5-s0,exact,10000000,16,100,1.5,0,444,True,60,5415,5415,0.0005415,51625,1019,548,800,13578082460.0,208.66314398699615,15058995641.0,320.2372947749982,1000000000.0,6.054259754499981,12.211519835000217,0.9464385,93,hartigan_U,1083000,2,0.4265975709995473,45087,0.0045087,7.976542864218672e-06,0.004331909479416942,0.11262389474503463,0.9463544,0.9960496010460581,0.29067405355493997,0.85466297322253,0.14533702677746996,0.5,0.0,0.0,0.35951398072308577,171,0.8116852091212159,1.6491228070175439,0.8245614035087719,0.5,"{""moves"": 17, ""sweeps"": 2}"
exact-n10000000-d16-k100-sep1.5-s0,exact,10000000,16,100,1.5,0,444,True,60,5415,5415,0.0005415,51625,1019,548,800,13578082460.0,208.66314398699615,15058995641.0,320.2372947749982,1000000000.0,6.054259754499981,12.211519835000217,0.9464385,93,fcm_soft,541500,1,0.03579064999939874,45090,0.004509,7.976667975473362e-06,0.004332823603324561,0.11266549517935363,0.9463543,0.9960494396275563,0.9193687039815339,0.047380161462054746,0.8066681958009011,0.4571492302429011,4.488053959439139,1.0,0.89712312846507,171,0.9435763955334225,0.9789481000436981,0.15032533072432538,0.7624113475177304,{}
exact-n10000000-d16-k100-sep1.5-s0,exact,10000000,16,100,1.5,0,444,True,60,5415,5415,0.0005415,51625,1019,548,800,13578082460.0,208.66314398699615,15058995641.0,320.2372947749982,1000000000.0,6.054259754499981,12.211519835000217,0.9464385,93,gmm_plugin_soft,541500,1,0.04770772499978193,45604,0.0045604,8.359474048313942e-06,0.004332823603324561,0.11266549517935363,0.9463618,0.9959299855001894,0.4834712652193518,0.4999321667666477,0.24833603989123143,0.6545063521033647,0.7610232608124827,1.0,0.17592012818758787,171,0.6744849107190765,1.0929170494603533,0.33986535610710567,0.6638356164383561,{}
exact-n10000000-d16-k100-sep1.5-s0,exact,10000000,16,100,1.5,0,444,True,60,5415,5415,0.0005415,51625,1019,548,800,13578082460.0,208.66314398699615,15058995641.0,320.2372947749982,1000000000.0,6.054259754499981,12.211519835000217,0.9464385,93,full_convergence,1480913181.0,384,111.57415078800204,0,0.0,0.0,0.0,0.0,0.9464385,1.0,0.0,1.0,0.0,nan,0.0,0.0,0.32530153155615205,171,0.811772249365265,1.6491228070175439,0.8245614035087719,0.5,{}
exact-n10000000-d16-k100-sep1.5-s0,exact,10000000,16,100,1.5,0,444,True,60,5415,5415,0.0005415,51625,1019,548,800,13578082460.0,208.66314398699615,15058995641.0,320.2372947749982,1000000000.0,6.054259754499981,12.211519835000217,0.9464385,93,true_posterior_oracle,0,0,0.0,,,,,,,,1.1085139601524105,0.427986515806094,0.5402460515221752,0.6773887066076718,0.06822931202234292,0.9593721144967683,0.54055664272207,171,0.0,0.249499853765135,0.04441501991659091,0.9205882352941177,{}
exact-n10000000-d16-k100-sep1.5-s0,exact,10000000,16,100,1.5,0,444,True,60,5415,5415,0.0005415,51625,1019,548,800,13578082460.0,208.66314398699615,15058995641.0,320.2372947749982,1000000000.0,6.054259754499981,12.211519835000217,0.9464385,93,model_posterior_oracle,0,0,0.0,,,,,,,,0.23756975230169883,0.674698468443848,0.2723631092567201,0.915952775339897,0.6446645377459802,1.0,0.0,171,0.6746262558298393,1.0852993885321758,0.3268691832815767,0.7026643990929705,{}
exact-n10000000-d16-k100-sep1.5-s0,exact,10000000,16,100,1.5,0,444,True,70,5887,5887,0.0005887,46792,1054,592,855,13676759246.0,212.30382258199734,15058995641.0,320.2372947749982,1000000000.0,6.054259754499981,12.211519835000217,0.9464385,93,stop,0,1,0.2453281230000357,40900,0.00409,6.803495621543476e-06,0.003953580648152473,0.10368166128977596,0.9463798,0.9964193132470629,0.2904705282826567,0.8547647358586716,0.14523526414132837,0.5,0.0,0.0,0.35606291096994147,152,0.7724033000310669,1.5921052631578947,0.7960526315789473,0.5,{}
exact-n10000000-d16-k100-sep1.5-s0,exact,10000000,16,100,1.5,0,444,True,70,5887,5887,0.0005887,46792,1054,592,855,13676759246.0,212.30382258199734,15058995641.0,320.2372947749982,1000000000.0,6.054259754499981,12.211519835000217,0.9464385,93,reassign_U,588700,2,0.4214626769999086,40898,0.0040898,6.8032751903146504e-06,0.003953493547675337,0.10368121976401742,0.9463798,0.9964193640110733,0.2897910650586037,0.8551044674706981,0.14489553252930187,0.5,0.0,0.0,0.35597643520100214,152,0.77266514719148,1.5921052631578947,0.7960526315789473,0.5,{}
exact-n10000000-d16-k100-sep1.5-s0,exact,10000000,16,100,1.5,0,444,True,70,5887,5887,0.0005887,46792,1054,592,855,13676759246.0,212.30382258199734,15058995641.0,320.2372947749982,1000000000.0,6.054259754499981,12.211519835000217,0.9464385,93,majority,0,1,0.2339367670001593,43008,0.0043008,7.4163605983113e-06,0.004141766177811401,0.10833664390439127,0.9463685,0.9962245201965902,1.0066247664345167,0.49668761678274165,0.5033123832172584,0.5,0.0,0.0,0.5073241119024164,152,0.8103063358137312,1.605263157894737,0.8026315789473684,0.5,{}
exact-n10000000-d16-k100-sep1.5-s0,exact,10000000,16,100,1.5,0,444,True,70,5887,5887,0.0005887,46792,1054,592,855,13676759246.0,212.30382258199734,15058995641.0,320.2372947749982,1000000000.0,6.054259754499981,12.211519835000217,0.9464385,93,frequency_soft,0,1,0.20990904799964483,43008,0.0043008,7.421272134822132e-06,0.00413964844287384,0.1082184887943027,0.9463685,0.9962245201965902,0.6364857712820094,0.49833994780487056,0.2271877943697207,0.503226019798305,0.5455344735123829,1.0,0.2912901045302066,152,0.7274865090267554,1.2647890387124838,0.5245215311004784,0.5418032786885246,{}
exact-n10000000-d16-k100-sep1.5-s0,exact,10000000,16,100,1.5,0,444,True,70,5887,5887,0.0005887,46792,1054,592,855,13676759246.0,212.30382258199734,15058995641.0,320.2372947749982,1000000000.0,6.054259754499981,12.211519835000217,0.9464385,93,markov,0,1,0.22078238900030556,40898,0.0040898,6.804885718914022e-06,0.003953341784137861,0.10368887330336542,0.9463794,0.9964194498800372,0.2897910650586037,0.8551044674706981,0.14489553252930187,0.5,0.0,0.0,0.3559052756612765,152,0.7724033000310669,1.5921052631578947,0.7960526315789473,0.5,"{""markov_seconds"": 0.06830086799982382, ""mean_states"": 2.0003397316120264}"
exact-n10000000-d16-k100-sep1.5-s0,exact,10000000,16,100,1.5,0,444,True,70,5887,5887,0.0005887,46792,1054,592,855,13676759246.0,212.30382258199734,15058995641.0,320.2372947749982,1000000000.0,6.054259754499981,12.211519835000217,0.9464385,93,markov_soft,0,1,0.25205043099958857,40898,0.0040898,6.804900399171032e-06,0.0039533949554746905,0.10369318219880085,0.9463794,0.9964194498800372,0.2864428212822981,0.8553649283732518,0.14290244040541308,0.5114078213071878,0.004178960843731137,0.00747409546458298,0.35399120976947285,152,0.7710875105573828,1.59,0.7947368421052633,0.5041322314049587,"{""markov_seconds"": 0.07064167099997576, ""mean_states"": 2.0003397316120264}"
exact-n10000000-d16-k100-sep1.5-s0,exact,10000000,16,100,1.5,0,444,True,70,5887,5887,0.0005887,46792,1054,592,855,13676759246.0,212.30382258199734,15058995641.0,320.2372947749982,1000000000.0,6.054259754499981,12.211519835000217,0.9464385,93,markov_a0.5,0,1,0.2279346599998462,41737,0.0041737,7.053070614659873e-06,0.004027199376942382,0.10556504070418625,0.9463777,0.9963410204283457,0.5748258875488365,0.7125870562255818,0.2874129437744182,0.5,0.0,0.0,0.41520735707306583,152,0.7988718507492731,1.5657894736842106,0.7828947368421053,0.5,"{""markov_seconds"": 0.07516397499966843, ""mean_states"": 2.0003397316120264}"
exact-n10000000-d16-k100-sep1.5-s0,exact,10000000,16,100,1.5,0,444,True,70,5887,5887,0.0005887,46792,1054,592,855,13676759246.0,212.30382258199734,15058995641.0,320.2372947749982,1000000000.0,6.054259754499981,12.211519835000217,0.9464385,93,markov_a0.5_soft,0,1,0.23935016599989467,41737,0.0041737,7.163460045811476e-06,0.004078001646480519,0.10674168568882239,0.9463777,0.9963410204283457,0.42167781678066435,0.6145525575154479,0.10215096881131877,0.5774075053315963,0.5247919830064639,1.0,0.23163904646233516,152,0.7138433591808624,1.2714666245646735,0.5284662705715337,0.49286987522281633,"{""markov_seconds"": 0.07411862299977656, ""mean_states"": 2.0003397316120264}"
exact-n10000000-d16-k100-sep1.5-s0,exact,10000000,16,100,1.5,0,444,True,70,5887,5887,0.0005887,46792,1054,592,855,13676759246.0,212.30382258199734,15058995641.0,320.2372947749982,1000000000.0,6.054259754499981,12.211519835000217,0.9464385,93,markov_pooled,0,1,0.22968172099990625,41048,0.0041048,6.869575366552638e-06,0.00396751670440005,0.10421669949688547,0.9463783,0.9964101763476906,0.3407508068625786,0.8296245965687107,0.17037540343128932,0.5,0.0,0.0,0.36841141749433026,152,0.776461680021508,1.605263157894737,0.8026315789473684,0.5,"{""markov_seconds"": 0.06895075400007045, ""mean_states"": 2.0003397316120264}"
exact-n10000000-d16-k100-sep1.5-s0,exact,10000000,16,100,1.5,0,444,True,70,5887,5887,0.0005887,46792,1054,592,855,13676759246.0,212.30382258199734,15058995641.0,320.2372947749982,1000000000.0,6.054259754499981,12.211519835000217,0.9464385,93,markov_pooled_soft,0,1,0.2347024609998698,41048,0.0041048,7.007042017059817e-06,0.004017384832126355,0.10550096947604334,0.9463783,0.9964101763476906,0.28318045070792247,0.7334039227097404,0.06884181672372693,0.6264316183309204,0.39187433183208625,0.914897231187362,0.24098081863483628,152,0.7672383768822437,1.5682522428514003,0.7686735254528411,0.38989071038251366,"{""markov_seconds"": 0.07251505200019892, ""mean_states"": 2.0003397316120264}"
exact-n10000000-d16-k100-sep1.5-s0,exact,10000000,16,100,1.5,0,444,True,70,5887,5887,0.0005887,46792,1054,592,855,13676759246.0,212.30382258199734,15058995641.0,320.2372947749982,1000000000.0,6.054259754499981,12.211519835000217,0.9464385,93,markov_w5,0,1,0.25334378499974264,40900,0.00409,6.8037239258078586e-06,0.003953644672641965,0.10368446665126115,0.9463799,0.9964193854286064,0.2904705282826567,0.8547647358586716,0.14523526414132837,0.5,0.0,0.0,0.3561964733601589,152,0.7724033000310669,1.5921052631578947,0.7960526315789473,0.5,"{""markov_seconds"": 0.078966775000481, ""mean_states"": 1.5123152709359606}"
exact-n10000000-d16-k100-sep1.5-s0,exact,10000000,16,100,1.5,0,444,True,70,5887,5887,0.0005887,46792,1054,592,855,13676759246.0,212.30382258199734,15058995641.0,320.2372947749982,1000000000.0,6.054259754499981,12.211519835000217,0.9464385,93,markov_w20,0,1,0.2544071509992136,40906,0.0040906,6.8182565127195005e-06,0.003954102638771561,0.10373505610097074,0.9463784,0.9964189958974741,0.2925089179548157,0.8537455410225921,0.14625445897740785,0.5,0.0,0.0,0.3566344773196936,152,0.7724033000310669,1.5921052631578947,0.7960526315789473,0.5,"{""markov_seconds"": 0.06969658199977857, ""mean_states"": 2.001189060642093}"
exact-n10000000-d16-k100-sep1.5-s0,exact,10000000,16,100,1.5,0,444,True,70,5887,5887,0.0005887,46792,1054,592,855,13676759246.0,212.30382258199734,15058995641.0,320.2372947749982,1000000000.0,6.054259754499981,12.211519835000217,0.9464385,93,active_set_U,1177400,2,0.3493218559997331,40898,0.0040898,6.8032751903146504e-06,0.003953493547675337,0.10368121976401742,0.9463798,0.9964193640110733,0.2897910650586037,0.8551044674706981,0.14489553252930187,0.5,0.0,0.0,0.35597643520100214,152,0.77266514719148,1.5921052631578947,0.7960526315789473,0.5,"{""iters"": 2}"
exact-n10000000-d16-k100-sep1.5-s0,exact,10000000,16,100,1.5,0,444,True,70,5887,5887,0.0005887,46792,1054,592,855,13676759246.0,212.30382258199734,15058995641.0,320.2372947749982,1000000000.0,6.054259754499981,12.211519835000217,0.9464385,93,hartigan_U,1177400,2,0.37986397800068517,40898,0.0040898,6.803270979904852e-06,0.003953405876966841,0.10367314822134982,0.9463799,0.9964192203879532,0.2897910650586037,0.8551044674706981,0.14489553252930187,0.5,0.0,0.0,0.35585349797640936,152,0.7721469061421689,1.5921052631578947,0.7960526315789473,0.5,"{""moves"": 10, ""sweeps"": 2}"
exact-n10000000-d16-k100-sep1.5-s0,exact,10000000,16,100,1.5,0,444,True,70,5887,5887,0.0005887,46792,1054,592,855,13676759246.0,212.30382258199734,15058995641.0,320.2372947749982,1000000000.0,6.054259754499981,12.211519835000217,0.9464385,93,fcm_soft,588700,1,0.044044942000255105,40898,0.0040898,6.80330068414392e-06,0.003953580648152473,0.10368166128977596,0.9463798,0.9964193640110733,0.91689615535391,0.04871289070661421,0.8063305279252075,0.4697417467434808,4.48454188426226,1.0,0.8957211213579959,152,0.9423010104931961,0.9771262124497504,0.17875778189005453,0.7067448680351907,{}
exact-n10000000-d16-k100-sep1.5-s0,exact,10000000,16,100,1.5,0,444,True,70,5887,5887,0.0005887,46792,1054,592,855,13676759246.0,212.30382258199734,15058995641.0,320.2372947749982,1000000000.0,6.054259754499981,12.211519835000217,0.9464385,93,gmm_plugin_soft,588700,1,0.05380465600046591,41339,0.0041339,7.1871966109693375e-06,0.003953580648152473,0.10368166128977596,0.9463915,0.9963192154747209,0.47469563887211796,0.5059659952447935,0.2603059481281982,0.6828018646747906,0.7499026093832191,1.0,0.16848915556420221,152,0.6467165767430479,1.069707370797369,0.31491898005351776,0.6562881562881563,{}
exact-n10000000-d16-k100-sep1.5-s0,exact,10000000,16,100,1.5,0,444,True,70,5887,5887,0.0005887,46792,1054,592,855,13676759246.0,212.30382258199734,15058995641.0,320.2372947749982,1000000000.0,6.054259754499981,12.211519835000217,0.9464385,93,full_convergence,1382236395.0,374,107.93347219300085,0,0.0,0.0,0.0,0.0,0.9464385,1.0,0.0,1.0,0.0,nan,0.0,0.0,0.32669496703537537,152,0.7724238731793319,1.5921052631578947,0.7960526315789473,0.5,{}
exact-n10000000-d16-k100-sep1.5-s0,exact,10000000,16,100,1.5,0,444,True,70,5887,5887,0.0005887,46792,1054,592,855,13676759246.0,212.30382258199734,15058995641.0,320.2372947749982,1000000000.0,6.054259754499981,12.211519835000217,0.9464385,93,true_posterior_oracle,0,0,0.0,,,,,,,,1.020558407709023,0.4735233505714701,0.49679390213135877,0.6552466620662073,0.06136842912774827,0.9515882452862239,0.51497334705911,152,0.0,0.2583258756663083,0.06361670968795559,0.8864583333333333,{}
exact-n10000000-d16-k100-sep1.5-s0,exact,10000000,16,100,1.5,0,444,True,70,5887,5887,0.0005887,46792,1054,592,855,13676759246.0,212.30382258199734,15058995641.0,320.2372947749982,1000000000.0,6.054259754499981,12.211519835000217,0.9464385,93,model_posterior_oracle,0,0,0.0,,,,,,,,0.2388407021779326,0.6733050329646245,0.27619923430420723,0.909994209412096,0.6398969296042244,1.0,0.0,152,0.647352935869467,1.0638589646389698,0.3196139848892037,0.7137007874015748,{}
exact-n10000000-d16-k100-sep1.5-s0,exact,10000000,16,100,1.5,0,444,True,80,5660,5660,0.000566,42243,1111,539,921,13773430878.0,216.3288251169979,15058995641.0,320.2372947749982,1000000000.0,6.054259754499981,12.211519835000217,0.9464385,93,stop,0,1,0.18571184200027346,37071,0.0037071,5.745260305722866e-06,0.003609100111686052,0.09453670040127832,0.9463934,0.9967931569176954,0.3254416961130742,0.8372791519434629,0.16272084805653708,0.5,0.0,0.0,0.3772838467595548,178,0.7823422683135852,1.6292134831460674,0.8146067415730337,0.5,{}
exact-n10000000-d16-k100-sep1.5-s0,exact,10000000,16,100,1.5,0,444,True,80,5660,5660,0.000566,42243,1111,539,921,13773430878.0,216.3288251169979,15058995641.0,320.2372947749982,1000000000.0,6.054259754499981,12.211519835000217,0.9464385,93,reassign_U,566000,2,0.38428520599973126,37066,0.0037066,5.745052471306522e-06,0.003608859868709114,0.09453478084325743,0.9463935,0.9967934877530608,0.3236749116607774,0.8381625441696113,0.16183745583038867,0.5,0.0,0.0,0.37705694478683693,178,0.7823422683135852,1.6292134831460674,0.8146067415730337,0.5,{}
exact-n10000000-d16-k100-sep1.5-s0,exact,10000000,16,100,1.5,0,444,True,80,5660,5660,0.000566,42243,1111,539,921,13773430878.0,216.3288251169979,15058995641.0,320.2372947749982,1000000000.0,6.054259754499981,12.211519835000217,0.9464385,93,majority,0,1,0.2088858219995018,38894,0.0038894,6.244005625655191e-06,0.003773583820537922,0.09879458101525584,0.9463957,0.9966119935328628,0.9696113074204947,0.5151943462897527,0.4848056537102473,0.5,0.0,0.0,0.5032753755989875,178,0.8279925239973698,1.6404494382022472,0.8202247191011236,0.5,{}
exact-n10000000-d16-k100-sep1.5-s0,exact,10000000,16,100,1.5,0,444,True,80,5660,5660,0.000566,42243,1111,539,921,13773430878.0,216.3288251169979,15058995641.0,320.2372947749982,1000000000.0,6.054259754499981,12.211519835000217,0.9464385,93,frequency_soft,0,1,0.20140201300000626,38894,0.0038894,6.248790070051413e-06,0.003774236876432346,0.09888698256517955,0.9463957,0.9966119935328628,0.6177642145840024,0.5079505300353356,0.20881786058464508,0.5068821436569926,0.5449087839156143,1.0,0.28189344442652475,178,0.7336814188737047,1.2899990714086729,0.5199182839632278,0.4193065068493151,{}
exact-n10000000-d16-k100-sep1.5-s0,exact,10000000,16,100,1.5,0,444,True,80,5660,5660,0.000566,42243,1111,539,921,13773430878.0,216.3288251169979,15058995641.0,320.2372947749982,1000000000.0,6.054259754499981,12.211519835000217,0.9464385,93,markov,0,1,0.22117695700035256,37070,0.003707,5.745901864084857e-06,0.003609128148912647,0.09454472179171898,0.9463931,0.9967932358090821,0.3250883392226148,0.8374558303886925,0.16254416961130747,0.5,0.0,0.0,0.377313090573468,178,0.7823422683135852,1.6292134831460674,0.8146067415730337,0.5,"{""markov_seconds"": 0.06777064099969721, ""mean_states"": 2.0001766784452295}"
exact-n10000000-d16-k100-sep1.5-s0,exact,10000000,16,100,1.5,0,444,True,80,5660,5660,0.000566,42243,1111,539,921,13773430878.0,216.3288251169979,15058995641.0,320.2372947749982,1000000000.0,6.054259754499981,12.211519835000217,0.9464385,93,markov_soft,0,1,0.30007570599991595,37070,0.003707,5.745917681654333e-06,0.0036089955363045596,0.09454058779656864,0.9463931,0.9967932358090821,0.3224310611393379,0.8377002355712603,0.16088225967201247,0.5071224316639148,0.003176098838319203,0.005477031802120141,0.37576427058053197,178,0.7795332795495402,1.625056179775281,0.8117977528089887,0.506896551724138,"{""markov_seconds"": 0.09883714100033103, ""mean_states"": 2.0001766784452295}"
exact-n10000000-d16-k100-sep1.5-s0,exact,10000000,16,100,1.5,0,444,True,80,5660,5660,0.000566,42243,1111,539,921,13773430878.0,216.3288251169979,15058995641.0,320.2372947749982,1000000000.0,6.054259754499981,12.211519835000217,0.9464385,93,markov_a0.5,0,1,0.28654193700003816,37753,0.0037753,5.922576248540423e-06,0.0036709877813157453,0.09607944661809088,0.9463966,0.9967242555978079,0.5664310954063604,0.7167844522968198,0.28321554770318025,0.5,0.0,0.0,0.4237469326086871,178,0.8082212826837682,1.651685393258427,0.8258426966292135,0.5,"{""markov_seconds"": 0.09501507000004494, ""mean_states"": 2.0001766784452295}"
exact-n10000000-d16-k100-sep1.5-s0,exact,10000000,16,100,1.5,0,444,True,80,5660,5660,0.000566,42243,1111,539,921,13773430878.0,216.3288251169979,15058995641.0,320.2372947749982,1000000000.0,6.054259754499981,12.211519835000217,0.9464385,93,markov_a0.5_soft,0,1,0.26142003499990096,37753,0.0037753,6.0326158046741796e-06,0.003718827512599302,0.09742071742525618,0.9463966,0.9967242555978079,0.4230867872799261,0.6173223262959984,0.09777806060687075,0.5661925176958228,0.5166295215271978,1.0,0.2361893048396036,178,0.7253717433368818,1.308303298337581,0.5621545355393669,0.47739741057713403,"{""markov_seconds"": 0.09429670099962095, ""mean_states"": 2.0001766784452295}"
exact-n10000000-d16-k100-sep1.5-s0,exact,10000000,16,100,1.5,0,444,True,80,5660,5660,0.000566,42243,1111,539,921,13773430878.0,216.3288251169979,15058995641.0,320.2372947749982,1000000000.0,6.054259754499981,12.211519835000217,0.9464385,93,markov_pooled,0,1,0.23776041600012832,37237,0.0037237,5.7990613764324905e-06,0.0036241123925554375,0.09489700381593166,0.9464166,0.9967820407715298,0.38409893992932864,0.8079505300353357,0.19204946996466432,0.5,0.0,0.0,0.3903524119110997,178,0.7937888841338223,1.651685393258427,0.8258426966292135,0.5,"{""markov_seconds"": 0.07157684600042558, ""mean_states"": 2.0001766784452295}"
exact-n10000000-d16-k100-sep1.5-s0,exact,10000000,16,100,1.5,0,444,True,80,5660,5660,0.000566,42243,1111,539,921,13773430878.0,216.3288251169979,15058995641.0,320.2372947749982,1000000000.0,6.054259754499981,12.211519835000217,0.9464385,93,markov_pooled_soft,0,1,0.22194651300014812,37237,0.0037237,5.904900331810126e-06,0.003664999444591445,0.0962310060518136,0.9464166,0.9967820407715298,0.3029477353807818,0.7280622409293813,0.07438726402556221,0.635252193236128,0.3793164108117163,0.9123674911660777,0.25866622474021367,178,0.7749875461929153,1.5770451303176352,0.7749766025766593,0.5286372613561554,"{""markov_seconds"": 0.06736365399956412, ""mean_states"": 2.0001766784452295}"
exact-n10000000-d16-k100-sep1.5-s0,exact,10000000,16,100,1.5,0,444,True,80,5660,5660,0.000566,42243,1111,539,921,13773430878.0,216.3288251169979,15058995641.0,320.2372947749982,1000000000.0,6.054259754499981,12.211519835000217,0.9464385,93,markov_w5,0,1,0.23263525200036383,37070,0.003707,5.745367681608826e-06,0.003609005102180056,0.09453100265708567,0.9463935,0.9967932182086683,0.3250883392226148,0.8374558303886925,0.16254416961130747,0.5,0.0,0.0,0.37719312272909183,178,0.7823422683135852,1.6292134831460674,0.8146067415730337,0.5,"{""markov_seconds"": 0.0683267539998269, ""mean_states"": 1.4832155477031803}"
exact-n10000000-d16-k100-sep1.5-s0,exact,10000000,16,100,1.5,0,444,True,80,5660,5660,0.000566,42243,1111,539,921,13773430878.0,216.3288251169979,15058995641.0,320.2372947749982,1000000000.0,6.054259754499981,12.211519835000217,0.9464385,93,markov_w20,0,1,0.2895853019999777,37088,0.0037088,5.758021198731811e-06,0.0036096170686106587,0.0945970260630479,0.9463933,0.9967919597508155,0.3314487632508834,0.8342756183745583,0.16572438162544167,0.5,0.0,0.0,0.3780575340039819,178,0.7926170101201957,1.6404494382022472,0.8202247191011236,0.5,"{""markov_seconds"": 0.10376278600051592, ""mean_states"": 2.0008833922261484}"
exact-n10000000-d16-k100-sep1.5-s0,exact,10000000,16,100,1.5,0,444,True,80,5660,5660,0.000566,42243,1111,539,921,13773430878.0,216.3288251169979,15058995641.0,320.2372947749982,1000000000.0,6.054259754499981,12.211519835000217,0.9464385,93,active_set_U,1698000,2,0.4165705360001084,37065,0.0037065,5.745044117100306e-06,0.003608843811694626,0.09453489517417854,0.9463934,0.9967935491850646,0.32332155477031804,0.838339222614841,0.16166077738515905,0.5,0.0,0.0,0.3770392109575858,178,0.7823422683135852,1.6292134831460674,0.8146067415730337,0.5,"{""iters"": 3}"
exact-n10000000-d16-k100-sep1.5-s0,exact,10000000,16,100,1.5,0,444,True,80,5660,5660,0.000566,42243,1111,539,921,13773430878.0,216.3288251169979,15058995641.0,320.2372947749982,1000000000.0,6.054259754499981,12.211519835000217,0.9464385,93,hartigan_U,1132000,2,0.40651879999950324,37065,0.0037065,5.745044117100306e-06,0.003608843811694626,0.09453489517417854,0.9463934,0.9967935491850646,0.32332155477031804,0.838339222614841,0.16166077738515905,0.5,0.0,0.0,0.3770392109575858,178,0.7823422683135852,1.6292134831460674,0.8146067415730337,0.5,"{""moves"": 8, ""sweeps"": 2}"
exact-n10000000-d16-k100-sep1.5-s0,exact,10000000,16,100,1.5,0,444,True,80,5660,5660,0.000566,42243,1111,539,921,13773430878.0,216.3288251169979,15058995641.0,320.2372947749982,1000000000.0,6.054259754499981,12.211519835000217,0.9464385,93,fcm_soft,566000,1,0.03900773600071261,37066,0.0037066,5.745088269337728e-06,0.003609100111686052,0.09453670040127832,0.9463935,0.9967934877530608,0.9181889882151707,0.0480090621978906,0.7900846962045328,0.425531768006657,4.486459883068513,1.0,0.8967185378200222,178,0.9421832717006234,0.9789218340527082,0.16023659837343177,0.5759665621734588,{}
exact-n10000000-d16-k100-sep1.5-s0,exact,10000000,16,100,1.5,0,444,True,80,5660,5660,0.000566,42243,1111,539,921,13773430878.0,216.3288251169979,15058995641.0,320.2372947749982,1000000000.0,6.054259754499981,12.211519835000217,0.9464385,93,gmm_plugin_soft,566000,1,0.04339042599985987,37542,0.0037542,6.172035033280565e-06,0.003609100111686052,0.09453670040127832,0.9464094,0.9966864194800586,0.4776177077722614,0.5041708817251157,0.242927380879533,0.6898377998793481,0.752034092336186,1.0,0.1545103596168078,178,0.6454957061241244,1.0809332558053644,0.30921555605721307,0.7018407534246576,{}
exact-n10000000-d16-k100-sep1.5-s0,exact,10000000,16,100,1.5,0,444,True,80,5660,5660,0.000566,42243,1111,539,921,13773430878.0,216.3288251169979,15058995641.0,320.2372947749982,1000000000.0,6.054259754499981,12.211519835000217,0.9464385,93,full_convergence,1285564763.0,364,103.90846965800029,0,0.0,0.0,0.0,0.0,0.9464385,1.0,0.0,1.0,0.0,nan,0.0,0.0,0.34254954435031637,178,0.7822154357043708,1.6404494382022472,0.8202247191011236,0.5,{}
exact-n10000000-d16-k100-sep1.5-s0,exact,10000000,16,100,1.5,0,444,True,80,5660,5660,0.000566,42243,1111,539,921,13773430878.0,216.3288251169979,15058995641.0,320.2372947749982,1000000000.0,6.054259754499981,12.211519835000217,0.9464385,93,true_posterior_oracle,0,0,0.0,,,,,,,,1.059844348779696,0.4531548827056557,0.5159587278843935,0.6242912974696266,0.06425481823543842,0.9517667844522968,0.526404378878129,178,0.0,0.27633993732757234,0.061477375661882015,0.896300555875024,{}
exact-n10000000-d16-k100-sep1.5-s0,exact,10000000,16,100,1.5,0,444,True,80,5660,5660,0.000566,42243,1111,539,921,13773430878.0,216.3288251169979,15058995641.0,320.2372947749982,1000000000.0,6.054259754499981,12.211519835000217,0.9464385,93,model_posterior_oracle,0,0,0.0,,,,,,,,0.25723879433844743,0.6574504556496836,0.26592714748922514,0.9400126262626262,0.6569616522178462,1.0,0.0,178,0.6477790914646661,1.0740738716389964,0.32484566820142957,0.7447882378757955,{}
exact-n10000000-d16-k100-sep1.5-s0,exact,10000000,16,100,1.5,0,444,True,90,4755,4755,0.0004755,38462,974,464,846,13870361313.0,220.00757440599682,15058995641.0,320.2372947749982,1000000000.0,6.054259754499981,12.211519835000217,0.9464385,93,stop,0,1,0.18203157400057535,34008,0.0034008,4.933020424369161e-06,0.0033347697709650358,0.08882301615991949,0.9464034,0.997068820939146,0.35583596214511043,0.8220820189274448,0.1779179810725552,0.5,0.0,0.0,0.38508748434615436,109,0.8234947562992357,1.651376146788991,0.8256880733944953,0.5,{}
exact-n10000000-d16-k100-sep1.5-s0,exact,10000000,16,100,1.5,0,444,True,90,4755,4755,0.0004755,38462,974,464,846,13870361313.0,220.00757440599682,15058995641.0,320.2372947749982,1000000000.0,6.054259754499981,12.211519835000217,0.9464385,93,reassign_U,475500,2,0.4154637540004842,34011,0.0034011,4.932658099088272e-06,0.003334953005028073,0.08884648317453113,0.9464033,0.9970686996417729,0.35709779179810724,0.8214511041009463,0.17854889589905365,0.5,0.0,0.0,0.3854372330704235,109,0.8234947562992357,1.651376146788991,0.8256880733944953,0.5,{}
exact-n10000000-d16-k100-sep1.5-s0,exact,10000000,16,100,1.5,0,444,True,90,4755,4755,0.0004755,38462,974,464,846,13870361313.0,220.00757440599682,15058995641.0,320.2372947749982,1000000000.0,6.054259754499981,12.211519835000217,0.9464385,93,majority,0,1,0.24951581000004808,35425,0.0035425,5.312171697635648e-06,0.003461026137334657,0.0911074946775565,0.9463924,0.9969474764374352,0.9518401682439538,0.5240799158780232,0.47592008412197684,0.5,0.0,0.0,0.49961982908766306,109,0.8355585109259541,1.6697247706422018,0.8348623853211009,0.5,{}
exact-n10000000-d16-k100-sep1.5-s0,exact,10000000,16,100,1.5,0,444,True,90,4755,4755,0.0004755,38462,974,464,846,13870361313.0,220.00757440599682,15058995641.0,320.2372947749982,1000000000.0,6.054259754499981,12.211519835000217,0.9464385,93,frequency_soft,0,1,0.2276501559999815,35425,0.0035425,5.318186456770846e-06,0.003464039996056222,0.09133994686082186,0.9463924,0.9969474764374352,0.612640891275821,0.5121116528056591,0.20321193002581006,0.5074780171493543,0.5412388499873587,1.0,0.27458227375785316,109,0.769207299037441,1.3115475017059672,0.5496246872393661,0.488095238095238,{}
exact-n10000000-d16-k100-sep1.5-s0,exact,10000000,16,100,1.5,0,444,True,90,4755,4755,0.0004755,38462,974,464,846,13870361313.0,220.00757440599682,15058995641.0,320.2372947749982,1000000000.0,6.054259754499981,12.211519835000217,0.9464385,93,markov,0,1,0.2916214859997126,34008,0.0034008,4.934469689077403e-06,0.003334540588935895,0.08880125292301162,0.9464034,0.9970688019380549,0.35583596214511043,0.8220820189274448,0.1779179810725552,0.5,0.0,0.0,0.38483006054501206,109,0.8234947562992357,1.651376146788991,0.8256880733944953,0.5,"{""markov_seconds"": 0.08875569999963773, ""mean_states"": 2.0002103049421662}"
exact-n10000000-d16-k100-sep1.5-s0,exact,10000000,16,100,1.5,0,444,True,90,4755,4755,0.0004755,38462,974,464,846,13870361313.0,220.00757440599682,15058995641.0,320.2372947749982,1000000000.0,6.054259754499981,12.211519835000217,0.9464385,93,markov_soft,0,1,0.2978418849997979,34008,0.0034008,4.934486260266269e-06,0.003334746617659938,0.0888056965408859,0.9464034,0.9970688019380549,0.3538323382283481,0.8216817748549053,0.17660289175783708,0.5087680334745193,0.004216155028766195,0.007991587802313354,0.38306093424296334,109,0.8197317864792657,1.6462385321100916,0.818348623853211,0.4845029239766082,"{""markov_seconds"": 0.08365924899953825, ""mean_states"": 2.0002103049421662}"
exact-n10000000-d16-k100-sep1.5-s0,exact,10000000,16,100,1.5,0,444,True,90,4755,4755,0.0004755,38462,974,464,846,13870361313.0,220.00757440599682,15058995641.0,320.2372947749982,1000000000.0,6.054259754499981,12.211519835000217,0.9464385,93,markov_a0.5,0,1,0.2871019520007394,34569,0.0034569,5.089663196233829e-06,0.0033844140669586705,0.0896378053855022,0.9463995,0.9970218326103838,0.5917981072555205,0.7041009463722397,0.29589905362776026,0.5,0.0,0.0,0.4301219043966365,109,0.8076298526607485,1.5779816513761469,0.7889908256880733,0.5,"{""markov_seconds"": 0.0896827430005942, ""mean_states"": 2.0002103049421662}"
exact-n10000000-d16-k100-sep1.5-s0,exact,10000000,16,100,1.5,0,444,True,90,4755,4755,0.0004755,38462,974,464,846,13870361313.0,220.00757440599682,15058995641.0,320.2372947749982,1000000000.0,6.054259754499981,12.211519835000217,0.9464385,93,markov_a0.5_soft,0,1,0.21533391299999494,34569,0.0034569,5.1652380479438875e-06,0.0034207354823097484,0.09046043208831114,0.9463995,0.9970218326103838,0.4328737736223914,0.6140548647596505,0.10590521721935896,0.5776957245385831,0.5128644169708886,1.0,0.23607286201698696,109,0.7658082840821068,1.3437219928815662,0.5651148545643959,0.33088978766430743,"{""markov_seconds"": 0.05832024399933289, ""mean_states"": 2.0002103049421662}"
exact-n10000000-d16-k100-sep1.5-s0,exact,10000000,16,100,1.5,0,444,True,90,4755,4755,0.0004755,38462,974,464,846,13870361313.0,220.00757440599682,15058995641.0,320.2372947749982,1000000000.0,6.054259754499981,12.211519835000217,0.9464385,93,markov_pooled,0,1,0.22385932599991065,34139,0.0034139,4.97049301717567e-06,0.0033456225111183546,0.08907763553398258,0.9464065,0.9970599687778364,0.41093585699263935,0.7945320715036803,0.20546792849631967,0.5,0.0,0.0,0.395518190375024,109,0.8234947562992357,1.651376146788991,0.8256880733944953,0.5,"{""markov_seconds"": 0.0633055289999902, ""mean_states"": 2.0002103049421662}"
exact-n10000000-d16-k100-sep1.5-s0,exact,10000000,16,100,1.5,0,444,True,90,4755,4755,0.0004755,38462,974,464,846,13870361313.0,220.00757440599682,15058995641.0,320.2372947749982,1000000000.0,6.054259754499981,12.211519835000217,0.9464385,93,markov_pooled_soft,0,1,0.24676595500022813,34139,0.0034139,5.063605486688161e-06,0.003381627865985842,0.08980319403644361,0.9464065,0.9970599687778364,0.32918646022650827,0.7093367856930501,0.08609048342718617,0.6033109046448409,0.3959222152368308,0.9249211356466877,0.25277989215290414,109,0.8150368237611542,1.6232693587281708,0.8014081204712945,0.3555555555555556,"{""markov_seconds"": 0.0642639589996179, ""mean_states"": 2.0002103049421662}"
exact-n10000000-d16-k100-sep1.5-s0,exact,10000000,16,100,1.5,0,444,True,90,4755,4755,0.0004755,38462,974,464,846,13870361313.0,220.00757440599682,15058995641.0,320.2372947749982,1000000000.0,6.054259754499981,12.211519835000217,0.9464385,93,markov_w5,0,1,0.26777684100034094,34006,0.0034006,4.933562250730716e-06,0.003334652640530692,0.08881424333769875,0.9464032,0.9970688638091431,0.35499474237644585,0.822502628811777,0.17749737118822295,0.5,0.0,0.0,0.3849693615886393,109,0.8281579776655962,1.6697247706422018,0.8348623853211009,0.5,"{""markov_seconds"": 0.08088699499967333, ""mean_states"": 1.472975814931651}"
exact-n10000000-d16-k100-sep1.5-s0,exact,10000000,16,100,1.5,0,444,True,90,4755,4755,0.0004755,38462,974,464,846,13870361313.0,220.00757440599682,15058995641.0,320.2372947749982,1000000000.0,6.054259754499981,12.211519835000217,0.9464385,93,markov_w20,0,1,0.22224279800047952,34017,0.0034017,4.951516740181461e-06,0.003336294607182791,0.08879199432368072,0.9464034,0.9970682218617716,0.35962145110410093,0.8201892744479495,0.17981072555205047,0.5,0.0,0.0,0.3863880131324927,109,0.8234947562992357,1.651376146788991,0.8256880733944953,0.5,"{""markov_seconds"": 0.0634152400007224, ""mean_states"": 2.0004206098843325}"
exact-n10000000-d16-k100-sep1.5-s0,exact,10000000,16,100,1.5,0,444,True,90,4755,4755,0.0004755,38462,974,464,846,13870361313.0,220.00757440599682,15058995641.0,320.2372947749982,1000000000.0,6.054259754499981,12.211519835000217,0.9464385,93,active_set_U,2377500,2,0.42497029500009376,34018,0.0034018,4.932588488992806e-06,0.0033355332972852324,0.0888799439032632,0.9464028,0.9970682529852628,0.3600420609884332,0.8199789695057834,0.18002103049421658,0.5,0.0,0.0,0.3860540808432156,109,0.8234947562992357,1.651376146788991,0.8256880733944953,0.5,"{""iters"": 5}"
exact-n10000000-d16-k100-sep1.5-s0,exact,10000000,16,100,1.5,0,444,True,90,4755,4755,0.0004755,38462,974,464,846,13870361313.0,220.00757440599682,15058995641.0,320.2372947749982,1000000000.0,6.054259754499981,12.211519835000217,0.9464385,93,hartigan_U,1426500,2,0.4547913549995428,34019,0.0034019,4.932586973760422e-06,0.0033357064928563273,0.08888778863532115,0.9464029,0.9970681890618445,0.3604626708727655,0.8197686645636173,0.1802313354363827,0.5,0.0,0.0,0.3862129887488285,109,0.8234947562992357,1.651376146788991,0.8256880733944953,0.5,"{""moves"": 19, ""sweeps"": 3}"
exact-n10000000-d16-k100-sep1.5-s0,exact,10000000,16,100,1.5,0,444,True,90,4755,4755,0.0004755,38462,974,464,846,13870361313.0,220.00757440599682,15058995641.0,320.2372947749982,1000000000.0,6.054259754499981,12.211519835000217,0.9464385,93,fcm_soft,475500,1,0.04426040899943473,34011,0.0034011,4.932728736140035e-06,0.0033347697709650358,0.08882301615991949,0.9464033,0.9970686996417729,0.9156198596721393,0.04939832218380276,0.7719853957137089,0.4682985977298071,4.48226393058224,1.0,0.8956598491204429,109,0.9464430626111409,0.9811584693749579,0.14993752612626698,0.6766081871345029,{}
exact-n10000000-d16-k100-sep1.5-s0,exact,10000000,16,100,1.5,0,444,True,90,4755,4755,0.0004755,38462,974,464,846,13870361313.0,220.00757440599682,15058995641.0,320.2372947749982,1000000000.0,6.054259754499981,12.211519835000217,0.9464385,93,gmm_plugin_soft,475500,1,0.038059436999901664,34370,0.003437,5.166060142114404e-06,0.0033347697709650358,0.08882301615991949,0.9464173,0.9970011889867767,0.4811209140427546,0.5042004909627523,0.23071048333255728,0.6545137948868273,0.7383085916932971,1.0,0.14701096747490192,109,0.7240347940199141,1.0887940696800915,0.3055658178552468,0.7219101123595505,{}
exact-n10000000-d16-k100-sep1.5-s0,exact,10000000,16,100,1.5,0,444,True,90,4755,4755,0.0004755,38462,974,464,846,13870361313.0,220.00757440599682,15058995641.0,320.2372947749982,1000000000.0,6.054259754499981,12.211519835000217,0.9464385,93,full_convergence,1188634328.0,354,100.22972036900137,0,0.0,0.0,0.0,0.0,0.9464385,1.0,0.0,1.0,0.0,nan,0.0,0.0,0.3497687857769356,109,0.8230436721426684,1.6330275229357798,0.8165137614678899,0.5,{}
exact-n10000000-d16-k100-sep1.5-s0,exact,10000000,16,100,1.5,0,444,True,90,4755,4755,0.0004755,38462,974,464,846,13870361313.0,220.00757440599682,15058995641.0,320.2372947749982,1000000000.0,6.054259754499981,12.211519835000217,0.9464385,93,true_posterior_oracle,0,0,0.0,,,,,,,,1.0375814532555574,0.4686949284024595,0.5087284573702477,0.62115437764557,0.04788145681145155,0.9613038906414301,0.5169957523670662,109,0.0,0.1719259166779129,0.07889929888625259,0.8858998144712431,{}
exact-n10000000-d16-k100-sep1.5-s0,exact,10000000,16,100,1.5,0,444,True,90,4755,4755,0.0004755,38462,974,464,846,13870361313.0,220.00757440599682,15058995641.0,320.2372947749982,1000000000.0,6.054259754499981,12.211519835000217,0.9464385,93,model_posterior_oracle,0,0,0.0,,,,,,,,0.2654785803316548,0.6502312142230644,0.28321954428206786,0.9211061594128831,0.6549077335794468,1.0,0.0,109,0.7203200574792201,1.0813010437872168,0.3169326090665345,0.7556179775280899,{}
exact-n10000000-d16-k100-sep1.5-s1,exact,10000000,16,100,1.5,1,614,True,10,3332432,200000,0.3332432,474232,268410,21457,247713,7105963988.0,103.05275361799977,14809123297.0,356.6327128620078,1000000000.0,6.124036398000044,13.688756219999048,0.9192627,88,stop,0,1,0.23057578100087994,437849,0.0437849,0.009497475995392746,0.04361533761700878,1.086069495879887,0.8994462,0.9482673092083022,0.14997,0.925015,0.07498499999999997,0.5,0.0,0.0,0.12482742708858892,165635,0.10068518474758562,0.19958342137833188,0.09979171068916592,0.5,{}
exact-n10000000-d16-k100-sep1.5-s1,exact,10000000,16,100,1.5,1,614,True,10,3332432,200000,0.3332432,474232,268410,21457,247713,7105963988.0,103.05275361799977,14809123297.0,356.6327128620078,1000000000.0,6.124036398000044,13.688756219999048,0.9192627,88,reassign_U,333243200,2,5.351656677999927,429257,0.0429257,0.00945685374462335,0.04278320001010941,1.0677798982436508,0.9000477,0.9491678044419917,0.14506,0.92747,0.07252999999999998,0.5,0.0,0.0,0.12275619491042623,165635,0.10036256157424626,0.19890723578953723,0.09945361789476859,0.5,{}
exact-n10000000-d16-k100-sep1.5-s1,exact,10000000,16,100,1.5,1,614,True,10,3332432,200000,0.3332432,474232,268410,21457,247713,7105963988.0,103.05275361799977,14809123297.0,356.6327128620078,1000000000.0,6.124036398000044,13.688756219999048,0.9192627,88,majority,0,1,2.3875786210001024,619066,0.0619066,0.016303888359771035,0.05985986311028729,1.129930125569655,0.8876166,0.9207056406406358,0.25929,0.870355,0.129645,0.5,0.0,0.0,0.16710858640307596,165635,0.1377056194387572,0.2731306789024059,0.13656533945120297,0.5,{}
exact-n10000000-d16-k100-sep1.5-s1,exact,10000000,16,100,1.5,1,614,True,10,3332432,200000,0.3332432,474232,268410,21457,247713,7105963988.0,103.05275361799977,14809123297.0,356.6327128620078,1000000000.0,6.124036398000044,13.688756219999048,0.9192627,88,frequency_soft,0,1,2.605172765000134,619066,0.0619066,0.024133964328019397,0.09137767284755405,1.091259381027417,0.8876166,0.9207056406406358,0.24398347107438015,0.7264022727272726,0.07216136363636375,0.7613087051934639,0.505953039144911,1.0,0.25558561220550213,165635,0.23590585017974047,0.256570917782728,0.05619310806620266,0.7319430752082658,{}
exact-n10000000-d16-k100-sep1.5-s1,exact,10000000,16,100,1.5,1,614,True,10,3332432,200000,0.3332432,474232,268410,21457,247713,7105963988.0,103.05275361799977,14809123297.0,356.6327128620078,1000000000.0,6.124036398000044,13.688756219999048,0.9192627,88,markov,0,1,35.0980244400007,445485,0.0445485,0.00982456393022657,0.044199879598569386,1.091427700876752,0.8990302,0.9468362621097991,0.15468,0.92266,0.07733999999999996,0.5,0.0,0.0,0.1264341404794634,165635,0.10202129161740897,0.2019742204244272,0.10098711021221363,0.5,"{""markov_seconds"": 34.90540249800051, ""mean_states"": 2.245936301175838}"
exact-n10000000-d16-k100-sep1.5-s1,exact,10000000,16,100,1.5,1,614,True,10,3332432,200000,0.3332432,474232,268410,21457,247713,7105963988.0,103.05275361799977,14809123297.0,356.6327128620078,1000000000.0,6.124036398000044,13.688756219999048,0.9192627,88,markov_soft,0,1,32.619602556000245,445485,0.0445485,0.009852600355051422,0.04502676101157786,1.0919515084000633,0.8990302,0.9468362621097991,0.15188110488346032,0.9163062887816975,0.0682219263442714,0.5527689800356389,0.024169890723163508,0.04617,0.12683393255635997,165635,0.10310458911537411,0.1974803498997187,0.09025206459475088,0.5507684718121781,"{""markov_seconds"": 32.255846695999935, ""mean_states"": 2.245936301175838}"
exact-n10000000-d16-k100-sep1.5-s1,exact,10000000,16,100,1.5,1,614,True,10,3332432,200000,0.3332432,474232,268410,21457,247713,7105963988.0,103.05275361799977,14809123297.0,356.6327128620078,1000000000.0,6.124036398000044,13.688756219999048,0.9192627,88,markov_a0.5,0,1,35.66338405100032,507129,0.0507129,0.011909731647552935,0.0493946009492752,1.1181224608803737,0.8948212,0.9375709431842936,0.19142,0.90429,0.09570999999999996,0.5,0.0,0.0,0.14076382950391508,165635,0.11467712490276662,0.2271621336070275,0.11358106680351376,0.5,"{""markov_seconds"": 35.43960559399966, ""mean_states"": 2.245936301175838}"
exact-n10000000-d16-k100-sep1.5-s1,exact,10000000,16,100,1.5,1,614,True,10,3332432,200000,0.3332432,474232,268410,21457,247713,7105963988.0,103.05275361799977,14809123297.0,356.6327128620078,1000000000.0,6.124036398000044,13.688756219999048,0.9192627,88,markov_a0.5_soft,0,1,35.974925445000736,507129,0.0507129,0.017943045798592072,0.07733858082907456,1.0908982332342574,0.8948212,0.9375709431842936,0.1930919657814915,0.7786363889304991,0.06637460075580415,0.7292844856744343,0.4377320338813405,1.0,0.21013832534155066,165635,0.19090242930452708,0.2171428062305448,0.03895094037534323,0.7143580210973673,"{""markov_seconds"": 35.59988475700084, ""mean_states"": 2.245936301175838}"
exact-n10000000-d16-k100-sep1.5-s1,exact,10000000,16,100,1.5,1,614,True,10,3332432,200000,0.3332432,474232,268410,21457,247713,7105963988.0,103.05275361799977,14809123297.0,356.6327128620078,1000000000.0,6.124036398000044,13.688756219999048,0.9192627,88,markov_pooled,0,1,37.554558406999604,446862,0.0446862,0.00980815345560715,0.044283130608384534,1.0925357449655961,0.8989459,0.9466495069412563,0.15558,0.92221,0.07779000000000003,0.5,0.0,0.0,0.12671034653446328,165635,0.10200539073792997,0.20207081836568358,0.10103540918284182,0.5,"{""markov_seconds"": 37.356874889999744, ""mean_states"": 2.245936301175838}"
exact-n10000000-d16-k100-sep1.5-s1,exact,10000000,16,100,1.5,1,614,True,10,3332432,200000,0.3332432,474232,268410,21457,247713,7105963988.0,103.05275361799977,14809123297.0,356.6327128620078,1000000000.0,6.124036398000044,13.688756219999048,0.9192627,88,markov_pooled_soft,0,1,34.093561871999555,446862,0.0446862,0.009970908629953534,0.047101857469372926,1.093271063227229,0.8989459,0.9466495069412563,0.1521231296404383,0.9049004204252985,0.06368166347769702,0.6599754592903161,0.07378726939105591,0.98676,0.1306194770748022,165635,0.1084911074016642,0.19588054424955384,0.0802178838912715,0.6307852923229668,"{""markov_seconds"": 33.68190682899967, ""mean_states"": 2.245936301175838}"
exact-n10000000-d16-k100-sep1.5-s1,exact,10000000,16,100,1.5,1,614,True,10,3332432,200000,0.3332432,474232,268410,21457,247713,7105963988.0,103.05275361799977,14809123297.0,356.6327128620078,1000000000.0,6.124036398000044,13.688756219999048,0.9192627,88,markov_w5,0,1,28.778379663000123,439821,0.0439821,0.009546463678083317,0.04378934544470241,1.0886478922903968,0.8993255,0.9478980770126841,0.15093,0.924535,0.075465,0.5,0.0,0.0,0.1251274296468484,165635,0.10097397781771532,0.2001509342832131,0.10007546714160653,0.5,"{""markov_seconds"": 28.602500835000683, ""mean_states"": 1.1107749535474392}"
exact-n10000000-d16-k100-sep1.5-s1,exact,10000000,16,100,1.5,1,614,True,10,3332432,200000,0.3332432,474232,268410,21457,247713,7105963988.0,103.05275361799977,14809123297.0,356.6327128620078,1000000000.0,6.124036398000044,13.688756219999048,0.9192627,88,markov_w20,0,1,34.69865011500042,445485,0.0445485,0.00982456393022657,0.044199879598569386,1.091427700876752,0.8990302,0.9468362621097991,0.15468,0.92266,0.07733999999999996,0.5,0.0,0.0,0.1264341404794634,165635,0.10202129161740897,0.2019742204244272,0.10098711021221363,0.5,"{""markov_seconds"": 34.46988183600024, ""mean_states"": 2.245936301175838}"
exact-n10000000-d16-k100-sep1.5-s1,exact,10000000,16,100,1.5,1,614,True,10,3332432,200000,0.3332432,474232,268410,21457,247713,7105963988.0,103.05275361799977,14809123297.0,356.6327128620078,1000000000.0,6.124036398000044,13.688756219999048,0.9192627,88,active_set_U,11996755200,2,155.37132967700018,282369,0.0282369,0.006491042261700608,0.025910007991800748,0.3338398818107302,0.9114958,0.9654690858238508,0.05624,0.97188,0.028120000000000034,0.5,0.0,0.0,0.0846927708489235,165635,0.07235051111692513,0.1428079814048963,0.07140399070244818,0.5,"{""iters"": 36}"
exact-n10000000-d16-k100-sep1.5-s1,exact,10000000,16,100,1.5,1,614,True,10,3332432,200000,0.3332432,474232,268410,21457,247713,7105963988.0,103.05275361799977,14809123297.0,356.6327128620078,1000000000.0,6.124036398000044,13.688756219999048,0.9192627,88,hartigan_U,6331620800,2,89.1278004479991,282358,0.0282358,0.0064910421507176075,0.02590990027049487,0.3338403697565698,0.9114967,0.9654735783261368,0.05626,0.97187,0.02812999999999999,0.5,0.0,0.0,0.08469761243993656,165635,0.07235017027234647,0.14279590666223926,0.07139795333111965,0.5,"{""moves"": 194163, ""sweeps"": 19}"
exact-n10000000-d16-k100-sep1.5-s1,exact,10000000,16,100,1.5,1,614,True,10,3332432,200000,0.3332432,474232,268410,21457,247713,7105963988.0,103.05275361799977,14809123297.0,356.6327128620078,1000000000.0,6.124036398000044,13.688756219999048,0.9192627,88,fcm_soft,333243200,1,13.193936920000851,429257,0.0429257,0.009477143478123562,0.04361533761700878,1.086069495879887,0.9000477,0.9491678044419917,0.9282878691615656,0.042117550025983386,0.884874644544,0.6993937392700748,4.516856719570653,1.0,0.9377565700566068,165635,0.9408271381398438,0.9272046695110381,0.8570285141038012,0.8166229183845695,{}
exact-n10000000-d16-k100-sep1.5-s1,exact,10000000,16,100,1.5,1,614,True,10,3332432,200000,0.3332432,474232,268410,21457,247713,7105963988.0,103.05275361799977,14809123297.0,356.6327128620078,1000000000.0,6.124036398000044,13.688756219999048,0.9192627,88,gmm_plugin_soft,333243200,1,13.597663413998816,433126,0.0433126,0.00961491752987964,0.04361533761700878,1.086069495879887,0.9010244,0.9466585359600541,0.12828221769476503,0.8745526887341496,0.0320379435464267,0.8554887978537443,0.23322745976282225,0.99894,0.06893316497056405,165635,0.05764248066216113,0.15006084844560294,0.02524378483615017,0.9024096881577431,{}
exact-n10000000-d16-k100-sep1.5-s1,exact,10000000,16,100,1.5,1,614,True,10,3332432,200000,0.3332432,474232,268410,21457,247713,7105963988.0,103.05275361799977,14809123297.0,356.6327128620078,1000000000.0,6.124036398000044,13.688756219999048,0.9192627,88,full_convergence,7703159309.0,604,253.57995924400802,0,0.0,0.0,0.0,0.0,0.9192627,1.0,0.0,1.0,0.0,nan,0.0,0.0,0.0739809372462406,165635,0.07167230852962417,0.1415039091979352,0.07075195459896766,0.5,{}
exact-n10000000-d16-k100-sep1.5-s1,exact,10000000,16,100,1.5,1,614,True,10,3332432,200000,0.3332432,474232,268410,21457,247713,7105963988.0,103.05275361799977,14809123297.0,356.6327128620078,1000000000.0,6.124036398000044,13.688756219999048,0.9192627,88,true_posterior_oracle,0,0,0.0,,,,,,,,0.21608003264919162,0.847531126657313,0.09192487680291189,0.5805163321954394,0.17477006256268837,0.99627,0.10805236209685273,165635,0.0,0.08678318499004856,0.0010784721861911933,0.9339724877976678,{}
exact-n10000000-d16-k100-sep1.5-s1,exact,10000000,16,100,1.5,1,614,True,10,3332432,200000,0.3332432,474232,268410,21457,247713,7105963988.0,103.05275361799977,14809123297.0,356.6327128620078,1000000000.0,6.124036398000044,13.688756219999048,0.9192627,88,model_posterior_oracle,0,0,0.0,,,,,,,,0.04199441188419576,0.9260190627537594,0.06577008820105457,0.9776432947103274,0.20504116733193162,0.99872,0.0,165635,0.02457253861969221,0.10619258961761499,0.009464370184927968,0.9306703077361533,{}
exact-n10000000-d16-k100-sep1.5-s1,exact,10000000,16,100,1.5,1,614,True,20,292134,200000,0.0292134,193443,11345,9696,10435,10122417649.0,147.93245576800018,14809123297.0,356.6327128620078,1000000000.0,6.124036398000044,13.688756219999048,0.9192627,88,stop,0,1,0.19540034899910097,176048,0.0176048,8.107327389961227e-05,0.015935245212881814,0.24356654092928162,0.9181357,0.9821142103264514,0.07082,0.96459,0.03541000000000005,0.5,0.0,0.0,0.15910489136975742,138577,0.2532468170646886,0.5071692993786848,0.25358464968934236,0.5,{}
exact-n10000000-d16-k100-sep1.5-s1,exact,10000000,16,100,1.5,1,614,True,20,292134,200000,0.0292134,193443,11345,9696,10435,10122417649.0,147.93245576800018,14809123297.0,356.6327128620078,1000000000.0,6.124036398000044,13.688756219999048,0.9192627,88,reassign_U,29213400,2,0.9394021509997401,175405,0.0175405,8.074458050466582e-05,0.015909499580608645,0.24356651681236977,0.9181447,0.9822436399379421,0.06645,0.966775,0.03322499999999995,0.5,0.0,0.0,0.15849988852798236,138577,0.25326227133701684,0.5072125966069405,0.25360629830347026,0.5,{}
exact-n10000000-d16-k100-sep1.5-s1,exact,10000000,16,100,1.5,1,614,True,20,292134,200000,0.0292134,193443,11345,9696,10435,10122417649.0,147.93245576800018,14809123297.0,356.6327128620078,1000000000.0,6.124036398000044,13.688756219999048,0.9192627,88,majority,0,1,0.33264802299891016,354081,0.0354081,0.008928178246927931,0.03525600044887313,0.8367173655665296,0.9050607,0.957508348144289,1.29233,0.353835,0.646165,0.5,0.0,0.0,0.6593592077923758,138577,0.8171845407573382,1.6311364800796668,0.8155682400398334,0.5,{}
exact-n10000000-d16-k100-sep1.5-s1,exact,10000000,16,100,1.5,1,614,True,20,292134,200000,0.0292134,193443,11345,9696,10435,10122417649.0,147.93245576800018,14809123297.0,356.6327128620078,1000000000.0,6.124036398000044,13.688756219999048,0.9192627,88,frequency_soft,0,1,0.4280519359999744,354081,0.0354081,0.010042292144275766,0.030126246922418012,0.46007845033706063,0.9050607,0.957508348144289,0.6849315702479338,0.45284909090909087,0.3321395454545455,0.5585205850709922,0.5995419951085722,1.0,0.4987048166861609,138577,0.6249501159944721,0.9278415908284304,0.49389869891829086,0.5299840235054615,{}
exact-n10000000-d16-k100-sep1.5-s1,exact,10000000,16,100,1.5,1,614,True,20,292134,200000,0.0292134,193443,11345,9696,10435,10122417649.0,147.93245576800018,14809123297.0,356.6327128620078,1000000000.0,6.124036398000044,13.688756219999048,0.9192627,88,markov,0,1,2.9475447529985104,177816,0.0177816,0.00017682452721667907,0.01605708989987038,0.24357323246634033,0.9180425,0.9817312756755131,0.08287,0.958565,0.041435,0.5,0.0,0.0,0.1622750543589038,138577,0.2566088294880893,0.5135484243417017,0.25677421217085084,0.5,"{""markov_seconds"": 2.7882159399996453, ""mean_states"": 2.0268814995858064}"
exact-n10000000-d16-k100-sep1.5-s1,exact,10000000,16,100,1.5,1,614,True,20,292134,200000,0.0292134,193443,11345,9696,10435,10122417649.0,147.93245576800018,14809123297.0,356.6327128620078,1000000000.0,6.124036398000044,13.688756219999048,0.9192627,88,markov_soft,0,1,3.237943656000425,177816,0.0177816,0.00018052787821076777,0.016269512418012853,0.24354218062969887,0.9180425,0.9817312756755131,0.0819677818772847,0.9501909727453918,0.036263868470581745,0.593174145244439,0.026431334540805002,0.048885,0.16036063546863807,138577,0.25432704276257223,0.5048750014599201,0.24393535906331498,0.5293880476068296,"{""markov_seconds"": 3.021332008000172, ""mean_states"": 2.0268814995858064}"
exact-n10000000-d16-k100-sep1.5-s1,exact,10000000,16,100,1.5,1,614,True,20,292134,200000,0.0292134,193443,11345,9696,10435,10122417649.0,147.93245576800018,14809123297.0,356.6327128620078,1000000000.0,6.124036398000044,13.688756219999048,0.9192627,88,markov_a0.5,0,1,2.8139094289999775,201278,0.0201278,0.0005173437689576232,0.017898296199584714,0.2436877672926257,0.9172669,0.9770821363425999,0.24285,0.878575,0.121425,0.5,0.0,0.0,0.20548955281234496,138577,0.2813979322040318,0.5619980227599096,0.28099901137995487,0.5,"{""markov_seconds"": 2.6472382939991803, ""mean_states"": 2.0268814995858064}"
exact-n10000000-d16-k100-sep1.5-s1,exact,10000000,16,100,1.5,1,614,True,20,292134,200000,0.0292134,193443,11345,9696,10435,10122417649.0,147.93245576800018,14809123297.0,356.6327128620078,1000000000.0,6.124036398000044,13.688756219999048,0.9192627,88,markov_a0.5_soft,0,1,2.6560136749994854,201278,0.0201278,0.0023857722207323295,0.025020620229424445,0.2852876791839636,0.9172669,0.9770821363425999,0.34666903213252603,0.6233289570355756,0.20664999571322382,0.4647564596174421,0.5952182651621513,1.0,0.34127189730468155,138577,0.4730369314476818,0.6230527887520364,0.19560033560712325,0.3777758681206173,"{""markov_seconds"": 2.4566162819992314, ""mean_states"": 2.0268814995858064}"
exact-n10000000-d16-k100-sep1.5-s1,exact,10000000,16,100,1.5,1,614,True,20,292134,200000,0.0292134,193443,11345,9696,10435,10122417649.0,147.93245576800018,14809123297.0,356.6327128620078,1000000000.0,6.124036398000044,13.688756219999048,0.9192627,88,markov_pooled,0,1,3.019270074000815,179566,0.0179566,0.00024199455738149744,0.016206628434739884,0.2432131523236776,0.9179864,0.9814199493283973,0.09508,0.95246,0.04754000000000003,0.5,0.0,0.0,0.16533539535167693,138577,0.25852780831426037,0.5174740397035583,0.2587370198517791,0.5,"{""markov_seconds"": 2.8356957209998654, ""mean_states"": 2.0268814995858064}"
exact-n10000000-d16-k100-sep1.5-s1,exact,10000000,16,100,1.5,1,614,True,20,292134,200000,0.0292134,193443,11345,9696,10435,10122417649.0,147.93245576800018,14809123297.0,356.6327128620078,1000000000.0,6.124036398000044,13.688756219999048,0.9192627,88,markov_pooled_soft,0,1,3.604895268999826,179566,0.0179566,0.00026442128536441345,0.017050326028677096,0.2435931986077253,0.9179864,0.9814199493283973,0.08689511517764437,0.9197086248853997,0.028413097022138366,0.7799480464955654,0.12507575883300284,0.984625,0.14891459040151422,138577,0.25313238069548794,0.483364625883348,0.21877136737654126,0.7711020266255197,"{""markov_seconds"": 3.376036957000906, ""mean_states"": 2.0268814995858064}"
exact-n10000000-d16-k100-sep1.5-s1,exact,10000000,16,100,1.5,1,614,True,20,292134,200000,0.0292134,193443,11345,9696,10435,10122417649.0,147.93245576800018,14809123297.0,356.6327128620078,1000000000.0,6.124036398000044,13.688756219999048,0.9192627,88,markov_w5,0,1,2.593915528001162,176835,0.0176835,8.931000368717079e-05,0.01597835823029113,0.24355256932624414,0.9181116,0.9819484241904451,0.07587,0.962065,0.03793500000000005,0.5,0.0,0.0,0.15983653791729394,138577,0.25402885454762614,0.5084826486357765,0.25424132431788826,0.5,"{""markov_seconds"": 2.41429685500043, ""mean_states"": 1.6951535938986904}"
exact-n10000000-d16-k100-sep1.5-s1,exact,10000000,16,100,1.5,1,614,True,20,292134,200000,0.0292134,193443,11345,9696,10435,10122417649.0,147.93245576800018,14809123297.0,356.6327128620078,1000000000.0,6.124036398000044,13.688756219999048,0.9192627,88,markov_w20,0,1,3.236977945000035,201218,0.0201218,0.0011066933202823481,0.01789790604402204,0.2416375186204895,0.9169607,0.9768791154977833,0.2446,0.8777,0.12229999999999996,0.5,0.0,0.0,0.21178349435373756,138577,0.28988368458387054,0.5796488594788457,0.2898244297394228,0.5,"{""markov_seconds"": 3.0613402030012367, ""mean_states"": 2.832347484373609}"
exact-n10000000-d16-k100-sep1.5-s1,exact,10000000,16,100,1.5,1,614,True,20,292134,200000,0.0292134,193443,11345,9696,10435,10122417649.0,147.93245576800018,14809123297.0,356.6327128620078,1000000000.0,6.124036398000044,13.688756219999048,0.9192627,88,active_set_U,262920600,2,4.24988424500043,175298,0.0175298,8.073662938712367e-05,0.015905242729533618,0.24357192815426737,0.9181432,0.9822654151093809,0.06568,0.96716,0.03283999999999998,0.5,0.0,0.0,0.15845368233037185,138577,0.2532691466548701,0.5072847586540336,0.2536423793270167,0.5,"{""iters"": 9}"
exact-n10000000-d16-k100-sep1.5-s1,exact,10000000,16,100,1.5,1,614,True,20,292134,200000,0.0292134,193443,11345,9696,10435,10122417649.0,147.93245576800018,14809123297.0,356.6327128620078,1000000000.0,6.124036398000044,13.688756219999048,0.9192627,88,hartigan_U,146067000,2,3.3097528199996304,175288,0.0175288,8.073660748997291e-05,0.01590507384341056,0.24357168211685856,0.9181436,0.9822678931480803,0.06561,0.967195,0.03280499999999997,0.5,0.0,0.0,0.15845130093765808,138577,0.2532690657611973,0.5073136234728707,0.2536568117364354,0.5,"{""moves"": 1026, ""sweeps"": 5}"
exact-n10000000-d16-k100-sep1.5-s1,exact,10000000,16,100,1.5,1,614,True,20,292134,200000,0.0292134,193443,11345,9696,10435,10122417649.0,147.93245576800018,14809123297.0,356.6327128620078,1000000000.0,6.124036398000044,13.688756219999048,0.9192627,88,fcm_soft,29213400,1,2.4163066229994,175405,0.0175405,8.077351436530655e-05,0.015935245212881814,0.24356654092928162,0.9181447,0.9822436399379421,0.9309994977487005,0.04081649952720186,0.925930463982014,0.5650062421003298,4.513190274254389,1.0,0.9223528590542502,138577,0.9337831512845515,0.9363061386701904,0.7050514442724484,0.8911305435833323,{}
exact-n10000000-d16-k100-sep1.5-s1,exact,10000000,16,100,1.5,1,614,True,20,292134,200000,0.0292134,193443,11345,9696,10435,10122417649.0,147.93245576800018,14809123297.0,356.6327128620078,1000000000.0,6.124036398000044,13.688756219999048,0.9192627,88,gmm_plugin_soft,29213400,1,2.732212281000102,181763,0.0181763,0.00010537282211697807,0.015935245212881814,0.24356654092928162,0.9183233,0.980755254645967,0.13761197058378125,0.8126799012126809,0.12644077342840798,0.9067729370988376,0.44190257518794607,0.99969,0.047530860982655125,138577,0.16926508443962304,0.3600564576239139,0.08988319126654915,0.9240297349638004,{}
exact-n10000000-d16-k100-sep1.5-s1,exact,10000000,16,100,1.5,1,614,True,20,292134,200000,0.0292134,193443,11345,9696,10435,10122417649.0,147.93245576800018,14809123297.0,356.6327128620078,1000000000.0,6.124036398000044,13.688756219999048,0.9192627,88,full_convergence,4686705648.0,594,208.7002570940076,0,0.0,0.0,0.0,0.0,0.9192627,1.0,0.0,1.0,0.0,nan,0.0,0.0,0.15109031125976793,138577,0.2538415131578819,0.5079342170778701,0.253967108538935,0.5,{}
exact-n10000000-d16-k100-sep1.5-s1,exact,10000000,16,100,1.5,1,614,True,20,292134,200000,0.0292134,193443,11345,9696,10435,10122417649.0,147.93245576800018,14809123297.0,356.6327128620078,1000000000.0,6.124036398000044,13.688756219999048,0.9192627,88,true_posterior_oracle,0,0,0.0,,,,,,,,0.3493340797078664,0.7524072727448081,0.13780375603659709,0.6968053246296155,0.2867854466908942,0.99369,0.17507945465310673,138577,0.0,0.1617243724034949,0.000994264904507985,0.9166807907233747,{}
exact-n10000000-d16-k100-sep1.5-s1,exact,10000000,16,100,1.5,1,614,True,20,292134,200000,0.0292134,193443,11345,9696,10435,10122417649.0,147.93245576800018,14809123297.0,356.6327128620078,1000000000.0,6.124036398000044,13.688756219999048,0.9192627,88,model_posterior_oracle,0,0,0.0,,,,,,,,0.09785449179316187,0.8489096887402321,0.1247797499244009,0.9328374890680642,0.39244972378317133,0.99969,0.0,138577,0.16961904989257304,0.3749881132605783,0.10814462529655657,0.8981535557979005,{}
exact-n10000000-d16-k100-sep1.5-s1,exact,10000000,16,100,1.5,1,614,True,30,44712,44712,0.0044712,152707,3976,2915,3504,10547790524.0,157.2105302350019,14809123297.0,356.6327128620078,1000000000.0,6.124036398000044,13.688756219999048,0.9192627,88,stop,0,1,0.26471032399967953,137848,0.0137848,3.4458477050636205e-05,0.01295540726442836,0.24105215793532497,0.9185551,0.9889767276116036,0.15673644659151906,0.9216317767042405,0.07836822329575954,0.5,0.0,0.0,0.4014992689834508,22524,0.8783938484207927,1.7532409873912271,0.8766204936956136,0.5,{}
exact-n10000000-d16-k100-sep1.5-s1,exact,10000000,16,100,1.5,1,614,True,30,44712,44712,0.0044712,152707,3976,2915,3504,10547790524.0,157.2105302350019,14809123297.0,356.6327128620078,1000000000.0,6.124036398000044,13.688756219999048,0.9192627,88,reassign_U,4471200,2,0.48215031400104635,137765,0.0137765,3.444787126594129e-05,0.012952693365866585,0.2410531152263157,0.9185568,0.9889933493353321,0.1530237967436035,0.9234881016281983,0.07651189837180172,0.5,0.0,0.0,0.40123420815709515,22524,0.8784167389092503,1.753152193216125,0.8765760966080625,0.5,{}
exact-n10000000-d16-k100-sep1.5-s1,exact,10000000,16,100,1.5,1,614,True,30,44712,44712,0.0044712,152707,3976,2915,3504,10547790524.0,157.2105302350019,14809123297.0,356.6327128620078,1000000000.0,6.124036398000044,13.688756219999048,0.9192627,88,majority,0,1,0.19633321999936015,152199,0.0152199,4.476546245979485e-05,0.014099256099744268,0.2426794017928763,0.9184036,0.9866140504997379,0.7986670245124351,0.6006664877437824,0.3993335122562176,0.5,0.0,0.0,0.5064701421599282,22524,0.88668699997641,1.771798969987569,0.8858994849937845,0.5,{}
exact-n10000000-d16-k100-sep1.5-s1,exact,10000000,16,100,1.5,1,614,True,30,44712,44712,0.0044712,152707,3976,2915,3504,10547790524.0,157.2105302350019,14809123297.0,356.6327128620078,1000000000.0,6.124036398000044,13.688756219999048,0.9192627,88,frequency_soft,0,1,0.24390538900115644,152199,0.0152199,4.564539715712357e-05,0.014220747295231137,0.24249925496506602,0.9184036,0.9866140504997379,0.5263970402310323,0.5581560370207712,0.13445851428943217,0.5735884478474993,0.53624221552408,1.0,0.309779452276665,22524,0.8263526090682957,1.424053094513694,0.6209174859947368,0.5270883440473401,{}
exact-n10000000-d16-k100-sep1.5-s1,exact,10000000,16,100,1.5,1,614,True,30,44712,44712,0.0044712,152707,3976,2915,3504,10547790524.0,157.2105302350019,14809123297.0,356.6327128620078,1000000000.0,6.124036398000044,13.688756219999048,0.9192627,88,markov,0,1,0.683450079000977,137905,0.0137905,3.447521056365588e-05,0.012958337369118847,0.2410589114404574,0.9185544,0.9889657235167694,0.1592860976918948,0.9203569511540526,0.07964304884594742,0.5,0.0,0.0,0.40167908432040433,22524,0.8780988042455441,1.752441839815308,0.876220919907654,0.5,"{""markov_seconds"": 0.5125250450000749, ""mean_states"": 2.0113168724279835}"
exact-n10000000-d16-k100-sep1.5-s1,exact,10000000,16,100,1.5,1,614,True,30,44712,44712,0.0044712,152707,3976,2915,3504,10547790524.0,157.2105302350019,14809123297.0,356.6327128620078,1000000000.0,6.124036398000044,13.688756219999048,0.9192627,88,markov_soft,0,1,0.5822534220005764,137905,0.0137905,3.447530298394952e-05,0.012958889775664477,0.2410638076792326,0.9185544,0.9889657235167694,0.1577042069000204,0.9200167140564113,0.07829290322403124,0.5145094639356649,0.003321062823903988,0.005770263016639828,0.40022355327394804,22524,0.8772320164891166,1.7511932814831335,0.8750749092036033,0.49155816177837885,"{""markov_seconds"": 0.40906202099904476, ""mean_states"": 2.0113168724279835}"
exact-n10000000-d16-k100-sep1.5-s1,exact,10000000,16,100,1.5,1,614,True,30,44712,44712,0.0044712,152707,3976,2915,3504,10547790524.0,157.2105302350019,14809123297.0,356.6327128620078,1000000000.0,6.124036398000044,13.688756219999048,0.9192627,88,markov_a0.5,0,1,0.6081969369988656,142913,0.0142913,3.7409883762329343e-05,0.01335671074858098,0.24175815163472286,0.9185038,0.9881720232993905,0.383297548756486,0.808351225621757,0.19164877437824301,0.5,0.0,0.0,0.43609840127820876,22524,0.8797956725364191,1.7536849582667378,0.8768424791333689,0.5,"{""markov_seconds"": 0.4067731710001681, ""mean_states"": 2.0113168724279835}"
exact-n10000000-d16-k100-sep1.5-s1,exact,10000000,16,100,1.5,1,614,True,30,44712,44712,0.0044712,152707,3976,2915,3504,10547790524.0,157.2105302350019,14809123297.0,356.6327128620078,1000000000.0,6.124036398000044,13.688756219999048,0.9192627,88,markov_a0.5_soft,0,1,0.6327502780004579,142913,0.0142913,4.1643911233846254e-05,0.01378154368866693,0.242050607692851,0.9185038,0.9881720232993905,0.3193381518616123,0.6828401684427099,0.09141081196279291,0.6436753467543866,0.48541294969380816,1.0,0.27352273772445845,22524,0.8329014275184105,1.4652556733119926,0.6608646809030811,0.5142924057279215,"{""markov_seconds"": 0.3872797949989035, ""mean_states"": 2.0113168724279835}"
exact-n10000000-d16-k100-sep1.5-s1,exact,10000000,16,100,1.5,1,614,True,30,44712,44712,0.0044712,152707,3976,2915,3504,10547790524.0,157.2105302350019,14809123297.0,356.6327128620078,1000000000.0,6.124036398000044,13.688756219999048,0.9192627,88,markov_pooled,0,1,0.5579958079997596,138249,0.0138249,3.4649148815901754e-05,0.012986642294674404,0.240944456965452,0.9185095,0.9889411253646297,0.17467346573626766,0.9126632671318662,0.08733673286813382,0.5,0.0,0.0,0.4058116584620156,22524,0.8785089553860828,1.7527970165157165,0.8763985082578583,0.5,"{""markov_seconds"": 0.38955778300078236, ""mean_states"": 2.0113168724279835}"
exact-n10000000-d16-k100-sep1.5-s1,exact,10000000,16,100,1.5,1,614,True,30,44712,44712,0.0044712,152707,3976,2915,3504,10547790524.0,157.2105302350019,14809123297.0,356.6327128620078,1000000000.0,6.124036398000044,13.688756219999048,0.9192627,88,markov_pooled_soft,0,1,0.5853572819996771,138249,0.0138249,3.5639593880754106e-05,0.013180985837985645,0.2416084454764984,0.9185095,0.9889411253646297,0.15946433956405254,0.8604551227785217,0.051606622063287685,0.7113444390032879,0.19431411501298035,0.8972088030059044,0.3485306146259995,22524,0.8697695180482298,1.7253928552953892,0.8565127757814698,0.37398619190278215,"{""markov_seconds"": 0.38171429599969997, ""mean_states"": 2.0113168724279835}"
exact-n10000000-d16-k100-sep1.5-s1,exact,10000000,16,100,1.5,1,614,True,30,44712,44712,0.0044712,152707,3976,2915,3504,10547790524.0,157.2105302350019,14809123297.0,356.6327128620078,1000000000.0,6.124036398000044,13.688756219999048,0.9192627,88,markov_w5,0,1,0.5415303629997652,137850,0.013785,3.4459473168046983e-05,0.012955437689967524,0.2410498966915807,0.9185549,0.9889767696040278,0.1568259080336375,0.9215870459831812,0.0784129540168188,0.5,0.0,0.0,0.40150671943536265,22524,0.8783939277476621,1.7532409873912271,0.8766204936956136,0.5,"{""markov_seconds"": 0.3583759329994791, ""mean_states"": 1.3851762390409734}"
exact-n10000000-d16-k100-sep1.5-s1,exact,10000000,16,100,1.5,1,614,True,30,44712,44712,0.0044712,152707,3976,2915,3504,10547790524.0,157.2105302350019,14809123297.0,356.6327128620078,1000000000.0,6.124036398000044,13.688756219999048,0.9192627,88,markov_w20,0,1,0.6673956809991068,138532,0.0138532,3.532910552639379e-05,0.012985830557074736,0.2410933394351986,0.9185403,0.988850241329588,0.1873322597960279,0.9063338701019861,0.09366612989801393,0.5,0.0,0.0,0.40396304907917663,22524,0.8820050711189096,1.7612324631504173,0.8806162315752086,0.5,"{""markov_seconds"": 0.4453055769990897, ""mean_states"": 2.064814814814815}"
exact-n10000000-d16-k100-sep1.5-s1,exact,10000000,16,100,1.5,1,614,True,30,44712,44712,0.0044712,152707,3976,2915,3504,10547790524.0,157.2105302350019,14809123297.0,356.6327128620078,1000000000.0,6.124036398000044,13.688756219999048,0.9192627,88,active_set_U,17884800,2,0.5811162640002294,137759,0.0137759,3.444777891314921e-05,0.012952653205023423,0.2410531152263157,0.9185566,0.9889948458219852,0.15275541241724816,0.923622293791376,0.07637770620862405,0.5,0.0,0.0,0.4012276453347137,22524,0.8784121989209805,1.7533297815663293,0.8766648907831647,0.5,"{""iters"": 4}"
exact-n10000000-d16-k100-sep1.5-s1,exact,10000000,16,100,1.5,1,614,True,30,44712,44712,0.0044712,152707,3976,2915,3504,10547790524.0,157.2105302350019,14809123297.0,356.6327128620078,1000000000.0,6.124036398000044,13.688756219999048,0.9192627,88,hartigan_U,17884800,2,0.6920650419997401,137753,0.0137753,3.444776912964187e-05,0.012952391758143729,0.2410531152263157,0.9185565,0.988996131453452,0.15248702809089282,0.9237564859545536,0.07624351404544638,0.5,0.0,0.0,0.40123759508480905,22524,0.8784132007489094,1.7533297815663293,0.8766648907831647,0.5,"{""moves"": 125, ""sweeps"": 4}"
exact-n10000000-d16-k100-sep1.5-s1,exact,10000000,16,100,1.5,1,614,True,30,44712,44712,0.0044712,152707,3976,2915,3504,10547790524.0,157.2105302350019,14809123297.0,356.6327128620078,1000000000.0,6.124036398000044,13.688756219999048,0.9192627,88,fcm_soft,4471200,1,0.21336025900018285,137765,0.0137765,3.444915543093785e-05,0.01295540726442836,0.24105215793532497,0.9185568,0.9889933493353321,0.9390605639446981,0.03698064715383758,0.8864620938847877,0.31475160107840977,4.504017575496898,1.0,0.8892853056864584,22524,0.9413548030043856,0.9851368277525262,0.09651078762598428,0.6667065597926846,{}
exact-n10000000-d16-k100-sep1.5-s1,exact,10000000,16,100,1.5,1,614,True,30,44712,44712,0.0044712,152707,3976,2915,3504,10547790524.0,157.2105302350019,14809123297.0,356.6327128620078,1000000000.0,6.124036398000044,13.688756219999048,0.9192627,88,gmm_plugin_soft,4471200,1,0.20198374999927182,143446,0.0143446,4.601051758101882e-05,0.01295540726442836,0.24105215793532497,0.9187163,0.9878188316244498,0.4207976836851335,0.5111850019856381,0.27011172510553944,0.6800375148609066,0.9662637566872203,1.0,0.12066243990495419,22524,0.7665383961589798,1.1857999309961078,0.37330563895330554,0.5342648401387218,{}
exact-n10000000-d16-k100-sep1.5-s1,exact,10000000,16,100,1.5,1,614,True,30,44712,44712,0.0044712,152707,3976,2915,3504,10547790524.0,157.2105302350019,14809123297.0,356.6327128620078,1000000000.0,6.124036398000044,13.688756219999048,0.9192627,88,full_convergence,4261332773.0,584,199.4221826270059,0,0.0,0.0,0.0,0.0,0.9192627,1.0,0.0,1.0,0.0,nan,0.0,0.0,0.3804039419863076,22524,0.8787873202125646,1.7542177233173504,0.8771088616586752,0.5,{}
exact-n10000000-d16-k100-sep1.5-s1,exact,10000000,16,100,1.5,1,614,True,30,44712,44712,0.0044712,152707,3976,2915,3504,10547790524.0,157.2105302350019,14809123297.0,356.6327128620078,1000000000.0,6.124036398000044,13.688756219999048,0.9192627,88,true_posterior_oracle,0,0,0.0,,,,,,,,1.1508999780296023,0.34337114624324544,0.5419111272660723,0.6430427155328488,0.32027550959071244,0.971484165324745,0.579247885112994,22524,0.0,0.2376659387221493,0.005499029621481348,0.8793580525116074,{}
exact-n10000000-d16-k100-sep1.5-s1,exact,10000000,16,100,1.5,1,614,True,30,44712,44712,0.0044712,152707,3976,2915,3504,10547790524.0,157.2105302350019,14809123297.0,356.6327128620078,1000000000.0,6.124036398000044,13.688756219999048,0.9192627,88,model_posterior_oracle,0,0,0.0,,,,,,,,0.2743507163952662,0.6195960580136924,0.3005258218402231,0.8024230053196296,0.8817542924315016,1.0,0.0,22524,0.7668422347591717,1.2178168558910072,0.42406876257645526,0.4438817144872654,{}
exact-n10000000-d16-k100-sep1.5-s1,exact,10000000,16,100,1.5,1,614,True,40,21071,21071,0.0021071,134111,2475,1822,2047,10759967132.0,162.94745241200053,14809123297.0,356.6327128620078,1000000000.0,6.124036398000044,13.688756219999048,0.9192627,88,stop,0,1,0.2175337579992629,120785,0.0120785,2.7494610751022108e-05,0.011556893987116708,0.2364759580754677,0.9187215,0.9913403882353388,0.19429547719614637,0.9028522614019269,0.09714773859807313,0.5,0.0,0.0,0.41714678299163194,6696,0.88932853229113,1.7676224611708482,0.8838112305854241,0.5,{}
exact-n10000000-d16-k100-sep1.5-s1,exact,10000000,16,100,1.5,1,614,True,40,21071,21071,0.0021071,134111,2475,1822,2047,10759967132.0,162.94745241200053,14809123297.0,356.6327128620078,1000000000.0,6.124036398000044,13.688756219999048,0.9192627,88,reassign_U,2107100,2,0.4124492279988772,120771,0.0120771,2.749317027239684e-05,0.011556447037423916,0.2364709546138676,0.9187207,0.9913428669462723,0.19296663660955815,0.9035166816952209,0.09648331830477908,0.5,0.0,0.0,0.41711176864403976,6696,0.8893558902256175,1.7682198327359617,0.8841099163679809,0.5,{}
exact-n10000000-d16-k100-sep1.5-s1,exact,10000000,16,100,1.5,1,614,True,40,21071,21071,0.0021071,134111,2475,1822,2047,10759967132.0,162.94745241200053,14809123297.0,356.6327128620078,1000000000.0,6.124036398000044,13.688756219999048,0.9192627,88,majority,0,1,0.24743489599859458,128190,0.012819,3.0113011801002898e-05,0.012178492930830486,0.23887638202282832,0.9186433,0.9903828669234533,0.8971572303165488,0.5514213848417256,0.44857861515827435,0.5,0.0,0.0,0.5249326872411999,6696,0.8914678415912074,1.7807646356033453,0.8903823178016727,0.5,{}
exact-n10000000-d16-k100-sep1.5-s1,exact,10000000,16,100,1.5,1,614,True,40,21071,21071,0.0021071,134111,2475,1822,2047,10759967132.0,162.94745241200053,14809123297.0,356.6327128620078,1000000000.0,6.124036398000044,13.688756219999048,0.9192627,88,frequency_soft,0,1,0.2058153059988399,128190,0.012819,3.0176995290398523e-05,0.0122027329137669,0.2387890423810023,0.9186433,0.9903828669234533,0.5813002948316023,0.5293358817159302,0.17982060652081053,0.5331623713574183,0.5380257162402162,1.0,0.30853741800844564,6696,0.8286991992031048,1.425827186824254,0.6232214619311393,0.5163160964034708,{}
exact-n10000000-d16-k100-sep1.5-s1,exact,10000000,16,100,1.5,1,614,True,40,21071,21071,0.0021071,134111,2475,1822,2047,10759967132.0,162.94745241200053,14809123297.0,356.6327128620078,1000000000.0,6.124036398000044,13.688756219999048,0.9192627,88,markov,0,1,0.39876236700001755,120800,0.01208,2.7503321462729602e-05,0.011557887780869261,0.23648812822656218,0.9187224,0.9913391103288987,0.19571923496749086,0.9021403825162546,0.09785961748374539,0.5,0.0,0.0,0.4173205905276157,6696,0.889438586877956,1.767921146953405,0.8839605734767025,0.5,"{""markov_seconds"": 0.21157102399956784, ""mean_states"": 2.0023254710265292}"
exact-n10000000-d16-k100-sep1.5-s1,exact,10000000,16,100,1.5,1,614,True,40,21071,21071,0.0021071,134111,2475,1822,2047,10759967132.0,162.94745241200053,14809123297.0,356.6327128620078,1000000000.0,6.124036398000044,13.688756219999048,0.9192627,88,markov_soft,0,1,0.831359841999074,120800,0.01208,2.750336581058832e-05,0.01155796303796294,0.23648210313199525,0.9187224,0.9913391103288987,0.19388402322086937,0.9019808515299949,0.09644778230749475,0.5119080912131991,0.0031790255474689662,0.005647572492999858,0.41592237715722413,6696,0.8892875843867479,1.7676082275026919,0.8838278242400106,0.49832389771568686,"{""markov_seconds"": 0.6200847719992453, ""mean_states"": 2.0023254710265292}"
exact-n10000000-d16-k100-sep1.5-s1,exact,10000000,16,100,1.5,1,614,True,40,21071,21071,0.0021071,134111,2475,1822,2047,10759967132.0,162.94745241200053,14809123297.0,356.6327128620078,1000000000.0,6.124036398000044,13.688756219999048,0.9192627,88,markov_a0.5,0,1,0.4937389139995503,123633,0.0123633,2.8470693342219633e-05,0.011799061882293673,0.23744615226127272,0.9186967,0.990984553227215,0.4646196193820891,0.7676901903089555,0.23230980969104453,0.5,0.0,0.0,0.4589995569226229,6696,0.890058920752367,1.7721027479091995,0.8860513739545998,0.5,"{""markov_seconds"": 0.24263696699927095, ""mean_states"": 2.0023254710265292}"
exact-n10000000-d16-k100-sep1.5-s1,exact,10000000,16,100,1.5,1,614,True,40,21071,21071,0.0021071,134111,2475,1822,2047,10759967132.0,162.94745241200053,14809123297.0,356.6327128620078,1000000000.0,6.124036398000044,13.688756219999048,0.9192627,88,markov_a0.5_soft,0,1,0.6077870410008472,123633,0.0123633,2.9115537775403766e-05,0.011985530114752271,0.23802747670090463,0.9186967,0.990984553227215,0.36311422759275,0.6538783027893007,0.09799483078927967,0.6172017632758522,0.5011833132138531,1.0,0.28104371162869635,6696,0.8363837843628196,1.4629121698570287,0.6590921408703593,0.5160209716230542,"{""markov_seconds"": 0.4382930400006444, ""mean_states"": 2.0023254710265292}"
exact-n10000000-d16-k100-sep1.5-s1,exact,10000000,16,100,1.5,1,614,True,40,21071,21071,0.0021071,134111,2475,1822,2047,10759967132.0,162.94745241200053,14809123297.0,356.6327128620078,1000000000.0,6.124036398000044,13.688756219999048,0.9192627,88,markov_pooled,0,1,0.36332219500036445,121187,0.0121187,2.7683666371070004e-05,0.011593590694001909,0.23706950822818793,0.9187667,0.9913174548546028,0.232452185468179,0.8837739072659105,0.11622609273408946,0.5,0.0,0.0,0.42456619907733684,6696,0.8894568369275535,1.767921146953405,0.8839605734767025,0.5,"{""markov_seconds"": 0.188746063000508, ""mean_states"": 2.0023254710265292}"
exact-n10000000-d16-k100-sep1.5-s1,exact,10000000,16,100,1.5,1,614,True,40,21071,21071,0.0021071,134111,2475,1822,2047,10759967132.0,162.94745241200053,14809123297.0,356.6327128620078,1000000000.0,6.124036398000044,13.688756219999048,0.9192627,88,markov_pooled_soft,0,1,0.381358034999721,121187,0.0121187,2.80935994965148e-05,0.01172084710079052,0.23738372112702935,0.9187667,0.9913174548546028,0.19645114818263135,0.8138280538728899,0.051687555674609045,0.7194384935006866,0.2810089472085641,0.9185135968867163,0.3397123623481063,6696,0.8795825902000471,1.7407967293631148,0.8653731311499356,0.37615683890392454,"{""markov_seconds"": 0.1927681079996546, ""mean_states"": 2.0023254710265292}"
exact-n10000000-d16-k100-sep1.5-s1,exact,10000000,16,100,1.5,1,614,True,40,21071,21071,0.0021071,134111,2475,1822,2047,10759967132.0,162.94745241200053,14809123297.0,356.6327128620078,1000000000.0,6.124036398000044,13.688756219999048,0.9192627,88,markov_w5,0,1,0.3363911279993772,120787,0.0120787,2.749614748398521e-05,0.011556894256808852,0.23647657954427692,0.9187217,0.9913402073163348,0.19448531156565896,0.9027573442171705,0.09724265578282953,0.5,0.0,0.0,0.41711382747640974,6696,0.8893238796999231,1.7676224611708482,0.8838112305854241,0.5,"{""markov_seconds"": 0.1771777829999337, ""mean_states"": 1.4417920364481989}"
exact-n10000000-d16-k100-sep1.5-s1,exact,10000000,16,100,1.5,1,614,True,40,21071,21071,0.0021071,134111,2475,1822,2047,10759967132.0,162.94745241200053,14809123297.0,356.6327128620078,1000000000.0,6.124036398000044,13.688756219999048,0.9192627,88,markov_w20,0,1,0.3678571389991703,120946,0.0120946,2.7566980811410957e-05,0.011566769049101124,0.23650697226551487,0.9187192,0.9913172009050489,0.20957714394191068,0.8952114280290446,0.10478857197095537,0.5,0.0,0.0,0.41877681841828124,6696,0.8877885635721745,1.7646356033452808,0.8823178016726404,0.5,"{""markov_seconds"": 0.1919806019996031, ""mean_states"": 2.019173271320773}"
exact-n10000000-d16-k100-sep1.5-s1,exact,10000000,16,100,1.5,1,614,True,40,21071,21071,0.0021071,134111,2475,1822,2047,10759967132.0,162.94745241200053,14809123297.0,356.6327128620078,1000000000.0,6.124036398000044,13.688756219999048,0.9192627,88,active_set_U,8428400,2,0.46732700600114185,120772,0.0120772,2.7493086110386145e-05,0.011556521129439517,0.23647415618441453,0.9187209,0.991343169321895,0.19306155379431447,0.9034692231028427,0.09653077689715728,0.5,0.0,0.0,0.4171391500669505,6696,0.8893568317070241,1.7682198327359617,0.8841099163679809,0.5,"{""iters"": 4}"
exact-n10000000-d16-k100-sep1.5-s1,exact,10000000,16,100,1.5,1,614,True,40,21071,21071,0.0021071,134111,2475,1822,2047,10759967132.0,162.94745241200053,14809123297.0,356.6327128620078,1000000000.0,6.124036398000044,13.688756219999048,0.9192627,88,hartigan_U,6321300,2,0.435077177000494,120771,0.0120771,2.7493081272256248e-05,0.011556486936562686,0.23647415618441453,0.9187208,0.9913432123858188,0.19296663660955815,0.9035166816952209,0.09648331830477908,0.5,0.0,0.0,0.4171403913199496,6696,0.8893604818905994,1.7682198327359617,0.8841099163679809,0.5,"{""moves"": 53, ""sweeps"": 3}"
exact-n10000000-d16-k100-sep1.5-s1,exact,10000000,16,100,1.5,1,614,True,40,21071,21071,0.0021071,134111,2475,1822,2047,10759967132.0,162.94745241200053,14809123297.0,356.6327128620078,1000000000.0,6.124036398000044,13.688756219999048,0.9192627,88,fcm_soft,2107100,1,0.07751193599870021,120771,0.0120771,2.7493434016756524e-05,0.011556893987116708,0.2364759580754677,0.9187207,0.9913428669462723,0.9281094060967059,0.042841466042387255,0.8606223738684964,0.333012541722158,4.489118264594824,1.0,0.8899924482876366,6696,0.9425186225273791,0.9849954126044523,0.08942720204295873,0.686364368556701,{}
exact-n10000000-d16-k100-sep1.5-s1,exact,10000000,16,100,1.5,1,614,True,40,21071,21071,0.0021071,134111,2475,1822,2047,10759967132.0,162.94745241200053,14809123297.0,356.6327128620078,1000000000.0,6.124036398000044,13.688756219999048,0.9192627,88,gmm_plugin_soft,2107100,1,0.09968715700051689,125183,0.0125183,3.434065393537189e-05,0.011556893987116708,0.2364759580754677,0.9188855,0.9905057371124641,0.47948426641577746,0.48702912508238655,0.1849364717218391,0.6571434209056489,0.886531155444723,1.0,0.1282462219645544,6696,0.770007918950548,1.1622265966060736,0.33372655983413213,0.6940231403549891,{}
exact-n10000000-d16-k100-sep1.5-s1,exact,10000000,16,100,1.5,1,614,True,40,21071,21071,0.0021071,134111,2475,1822,2047,10759967132.0,162.94745241200053,14809123297.0,356.6327128620078,1000000000.0,6.124036398000044,13.688756219999048,0.9192627,88,full_convergence,4049156165.0,574,193.68526045000726,0,0.0,0.0,0.0,0.0,0.9192627,1.0,0.0,1.0,0.0,nan,0.0,0.0,0.38897866151504723,6696,0.8894694147828863,1.7676224611708482,0.8838112305854241,0.5,{}
exact-n10000000-d16-k100-sep1.5-s1,exact,10000000,16,100,1.5,1,614,True,40,21071,21071,0.0021071,134111,2475,1822,2047,10759967132.0,162.94745241200053,14809123297.0,356.6327128620078,1000000000.0,6.124036398000044,13.688756219999048,0.9192627,88,true_posterior_oracle,0,0,0.0,,,,,,,,1.0791418464553393,0.40924036558533144,0.5167965438095165,0.7480039925184567,0.20305563765097953,0.9501684780029425,0.5423029045975439,6696,0.0,0.23314999088188781,0.008734154977763047,0.8819842146665064,{}
exact-n10000000-d16-k100-sep1.5-s1,exact,10000000,16,100,1.5,1,614,True,40,21071,21071,0.0021071,134111,2475,1822,2047,10759967132.0,162.94745241200053,14809123297.0,356.6327128620078,1000000000.0,6.124036398000044,13.688756219999048,0.9192627,88,model_posterior_oracle,0,0,0.0,,,,,,,,0.30686354698044616,0.6110213384849528,0.2594690886390329,0.8026093042678974,0.8006863009594669,1.0,0.0,6696,0.7698490624308985,1.1647057047751426,0.3436289917622351,0.6078441003669643,{}
exact-n10000000-d16-k100-sep1.5-s1,exact,10000000,16,100,1.5,1,614,True,50,14592,14592,0.0014592,121580,2061,1351,1706,10900612406.0,167.52572725400205,14809123297.0,356.6327128620078,1000000000.0,6.124036398000044,13.688756219999048,0.9192627,88,stop,0,1,0.18082421400140447,109549,0.0109549,2.3673671698754006e-05,0.010574444751942415,0.230982695395831,0.9188129,0.9924721603898099,0.23382675438596492,0.8830866228070176,0.11691337719298245,0.5,0.0,0.0,0.3859668062250455,2300,0.886132125541641,1.768695652173913,0.8843478260869565,0.5,{}
exact-n10000000-d16-k100-sep1.5-s1,exact,10000000,16,100,1.5,1,614,True,50,14592,14592,0.0014592,121580,2061,1351,1706,10900612406.0,167.52572725400205,14809123297.0,356.6327128620078,1000000000.0,6.124036398000044,13.688756219999048,0.9192627,88,reassign_U,1459200,2,0.3754053009997733,109540,0.010954,2.3672681030317833e-05,0.01057394780724084,0.23098189672454453,0.9188131,0.9924727175863161,0.23259320175438597,0.883703399122807,0.11629660087719296,0.5,0.0,0.0,0.38581133297743786,2300,0.886139209702439,1.768695652173913,0.8843478260869565,0.5,{}
exact-n10000000-d16-k100-sep1.5-s1,exact,10000000,16,100,1.5,1,614,True,50,14592,14592,0.0014592,121580,2061,1351,1706,10900612406.0,167.52572725400205,14809123297.0,356.6327128620078,1000000000.0,6.124036398000044,13.688756219999048,0.9192627,88,majority,0,1,0.20730821899996954,114487,0.0114487,2.5412087196752253e-05,0.011014602491882625,0.23390352403757692,0.9187802,0.9920301444153664,0.9106359649122807,0.5446820175438597,0.4553179824561403,0.5,0.0,0.0,0.5124501067692752,2300,0.8939797261628558,1.7904347826086957,0.8952173913043479,0.5,{}
exact-n10000000-d16-k100-sep1.5-s1,exact,10000000,16,100,1.5,1,614,True,50,14592,14592,0.0014592,121580,2061,1351,1706,10900612406.0,167.52572725400205,14809123297.0,356.6327128620078,1000000000.0,6.124036398000044,13.688756219999048,0.9192627,88,frequency_soft,0,1,0.19089061100021354,114487,0.0114487,2.5437037680653418e-05,0.011031470081336594,0.2337849719504812,0.9187802,0.9920301444153664,0.5942053610265332,0.5238549142743221,0.18880208333333331,0.518731506068797,0.5355429446950465,1.0,0.306610381765837,2300,0.8297872268030524,1.4383327344592167,0.6369960474308299,0.49478556846876076,{}
exact-n10000000-d16-k100-sep1.5-s1,exact,10000000,16,100,1.5,1,614,True,50,14592,14592,0.0014592,121580,2061,1351,1706,10900612406.0,167.52572725400205,14809123297.0,356.6327128620078,1000000000.0,6.124036398000044,13.688756219999048,0.9192627,88,markov,0,1,0.41127850399971067,109546,0.0109546,2.3675639361231404e-05,0.010574612185561525,0.2309844193151368,0.9188125,0.9924723683142362,0.2334155701754386,0.8832922149122807,0.11670778508771928,0.5,0.0,0.0,0.3859832483463088,2300,0.8865149609371381,1.7695652173913043,0.8847826086956522,0.5,"{""markov_seconds"": 0.21597795200068504, ""mean_states"": 2.000548245614035}"
exact-n10000000-d16-k100-sep1.5-s1,exact,10000000,16,100,1.5,1,614,True,50,14592,14592,0.0014592,121580,2061,1351,1706,10900612406.0,167.52572725400205,14809123297.0,356.6327128620078,1000000000.0,6.124036398000044,13.688756219999048,0.9192627,88,markov_soft,0,1,0.32788580499982345,109546,0.0109546,2.3675671457334957e-05,0.01057480380030259,0.2309806549908789,0.9188125,0.9924723683142362,0.23239520730355973,0.8829048700142449,0.11565241572618705,0.5079425787018085,0.0026501830847048087,0.0047286184210526315,0.3848865372341692,2300,0.8864733507160012,1.7694695652173913,0.8849130434782608,0.50049115913556,"{""markov_seconds"": 0.1515432249998412, ""mean_states"": 2.000548245614035}"
exact-n10000000-d16-k100-sep1.5-s1,exact,10000000,16,100,1.5,1,614,True,50,14592,14592,0.0014592,121580,2061,1351,1706,10900612406.0,167.52572725400205,14809123297.0,356.6327128620078,1000000000.0,6.124036398000044,13.688756219999048,0.9192627,88,markov_a0.5,0,1,0.31791772699943976,111527,0.0111527,2.4411969503868036e-05,0.010751297584144028,0.23220391683805303,0.9188013,0.9922990448923122,0.5049342105263158,0.7475328947368421,0.25246710526315785,0.5,0.0,0.0,0.4371406160694322,2300,0.8887233834237996,1.7695652173913043,0.8847826086956522,0.5,"{""markov_seconds"": 0.14112836899948888, ""mean_states"": 2.000548245614035}"
exact-n10000000-d16-k100-sep1.5-s1,exact,10000000,16,100,1.5,1,614,True,50,14592,14592,0.0014592,121580,2061,1351,1706,10900612406.0,167.52572725400205,14809123297.0,356.6327128620078,1000000000.0,6.124036398000044,13.688756219999048,0.9192627,88,markov_a0.5_soft,0,1,0.291867332000038,111527,0.0111527,2.4740206722606572e-05,0.010879122835592234,0.23286746075353165,0.9188013,0.9922990448923122,0.382810655789752,0.6426136088035412,0.10458764778629417,0.6123635150308032,0.5042088010973255,1.0,0.26868752650126637,2300,0.8370890338989142,1.4838503248958,0.6760764744063947,0.48680102845746254,"{""markov_seconds"": 0.12561182100034785, ""mean_states"": 2.000548245614035}"
exact-n10000000-d16-k100-sep1.5-s1,exact,10000000,16,100,1.5,1,614,True,50,14592,14592,0.0014592,121580,2061,1351,1706,10900612406.0,167.52572725400205,14809123297.0,356.6327128620078,1000000000.0,6.124036398000044,13.688756219999048,0.9192627,88,markov_pooled,0,1,0.29046372399898246,109932,0.0109932,2.38747137044637e-05,0.010609314333615909,0.2317543151420673,0.9188629,0.9924511480836993,0.28632127192982454,0.8568393640350878,0.14316063596491224,0.5,0.0,0.0,0.39653175573953264,2300,0.8867448686915653,1.771304347826087,0.8856521739130435,0.5,"{""markov_seconds"": 0.13673158599885937, ""mean_states"": 2.000548245614035}"
exact-n10000000-d16-k100-sep1.5-s1,exact,10000000,16,100,1.5,1,614,True,50,14592,14592,0.0014592,121580,2061,1351,1706,10900612406.0,167.52572725400205,14809123297.0,356.6327128620078,1000000000.0,6.124036398000044,13.688756219999048,0.9192627,88,markov_pooled_soft,0,1,0.2845675899989146,109932,0.0109932,2.4244505996140475e-05,0.010721506415968923,0.2321001476750902,0.9188629,0.9924511480836993,0.2367712103153686,0.7704172719098595,0.058431426138384104,0.6842783773062489,0.3511439960763158,0.9235197368421053,0.2903507556187926,2300,0.8787562577409724,1.7480956997380652,0.8698539911907777,0.3835590996227584,"{""markov_seconds"": 0.12550223399921379, ""mean_states"": 2.000548245614035}"
exact-n10000000-d16-k100-sep1.5-s1,exact,10000000,16,100,1.5,1,614,True,50,14592,14592,0.0014592,121580,2061,1351,1706,10900612406.0,167.52572725400205,14809123297.0,356.6327128620078,1000000000.0,6.124036398000044,13.688756219999048,0.9192627,88,markov_w5,0,1,0.36944685200069216,109547,0.0109547,2.3673869666840375e-05,0.010574406597220167,0.230982695395831,0.9188129,0.9924722838795405,0.23355263157894737,0.8832236842105263,0.11677631578947367,0.5,0.0,0.0,0.38595288916352505,2300,0.886132125541641,1.768695652173913,0.8843478260869565,0.5,"{""markov_seconds"": 0.162227086000712, ""mean_states"": 1.4570997807017543}"
exact-n10000000-d16-k100-sep1.5-s1,exact,10000000,16,100,1.5,1,614,True,50,14592,14592,0.0014592,121580,2061,1351,1706,10900612406.0,167.52572725400205,14809123297.0,356.6327128620078,1000000000.0,6.124036398000044,13.688756219999048,0.9192627,88,markov_w20,0,1,0.33062533999873267,109601,0.0109601,2.371653003829799e-05,0.010578623289342561,0.23097356472774366,0.9188115,0.9924671568828753,0.24095394736842105,0.8795230263157895,0.12047697368421051,0.5,0.0,0.0,0.38674568332964293,2300,0.8868080885321122,1.7704347826086957,0.8852173913043478,0.5,"{""markov_seconds"": 0.1449807270000747, ""mean_states"": 2.004385964912281}"
exact-n10000000-d16-k100-sep1.5-s1,exact,10000000,16,100,1.5,1,614,True,50,14592,14592,0.0014592,121580,2061,1351,1706,10900612406.0,167.52572725400205,14809123297.0,356.6327128620078,1000000000.0,6.124036398000044,13.688756219999048,0.9192627,88,active_set_U,2918400,2,0.4374867530004849,109540,0.010954,2.3672681030317833e-05,0.01057394780724084,0.23098189672454453,0.9188131,0.9924727175863161,0.23259320175438597,0.883703399122807,0.11629660087719296,0.5,0.0,0.0,0.38581133297743786,2300,0.886139209702439,1.768695652173913,0.8843478260869565,0.5,"{""iters"": 2}"
exact-n10000000-d16-k100-sep1.5-s1,exact,10000000,16,100,1.5,1,614,True,50,14592,14592,0.0014592,121580,2061,1351,1706,10900612406.0,167.52572725400205,14809123297.0,356.6327128620078,1000000000.0,6.124036398000044,13.688756219999048,0.9192627,88,hartigan_U,5836800,2,0.4956756649989984,109539,0.0109539,2.3672668441721e-05,0.010573848805175716,0.23097223263803487,0.918813,0.9924727352051609,0.2324561403508772,0.8837719298245614,0.11622807017543857,0.5,0.0,0.0,0.3857549433299439,2300,0.886139209702439,1.768695652173913,0.8843478260869565,0.5,"{""moves"": 22, ""sweeps"": 4}"
exact-n10000000-d16-k100-sep1.5-s1,exact,10000000,16,100,1.5,1,614,True,50,14592,14592,0.0014592,121580,2061,1351,1706,10900612406.0,167.52572725400205,14809123297.0,356.6327128620078,1000000000.0,6.124036398000044,13.688756219999048,0.9192627,88,fcm_soft,1459200,1,0.07193407000158913,109540,0.010954,2.3672821710229996e-05,0.010574444751942415,0.230982695395831,0.9188131,0.9924727175863161,0.9189528691264898,0.04773435929335872,0.83588756051199,0.40800216973913095,4.4770486997299885,1.0,0.8917844867357387,2300,0.9431083596502257,0.9848868622529934,0.08933587191919284,0.69638698516202,{}
exact-n10000000-d16-k100-sep1.5-s1,exact,10000000,16,100,1.5,1,614,True,50,14592,14592,0.0014592,121580,2061,1351,1706,10900612406.0,167.52572725400205,14809123297.0,356.6327128620078,1000000000.0,6.124036398000044,13.688756219999048,0.9192627,88,gmm_plugin_soft,1459200,1,0.06866713399904256,112238,0.0112238,2.6521661138811936e-05,0.010574444751942415,0.230982695395831,0.9189403,0.9920062710302,0.47653524854222074,0.5000320736412005,0.18291285042271396,0.6690234686125869,0.7987346702465539,1.0,0.15402654686682787,2300,0.7658672678712967,1.1579277091040934,0.3286489082365627,0.7390196652485097,{}
exact-n10000000-d16-k100-sep1.5-s1,exact,10000000,16,100,1.5,1,614,True,50,14592,14592,0.0014592,121580,2061,1351,1706,10900612406.0,167.52572725400205,14809123297.0,356.6327128620078,1000000000.0,6.124036398000044,13.688756219999048,0.9192627,88,full_convergence,3908510891.0,564,189.10698560800574,0,0.0,0.0,0.0,0.0,0.9192627,1.0,0.0,1.0,0.0,nan,0.0,0.0,0.3477104483026741,2300,0.8861629915196415,1.7660869565217392,0.8830434782608696,0.5,{}
exact-n10000000-d16-k100-sep1.5-s1,exact,10000000,16,100,1.5,1,614,True,50,14592,14592,0.0014592,121580,2061,1351,1706,10900612406.0,167.52572725400205,14809123297.0,356.6327128620078,1000000000.0,6.124036398000044,13.688756219999048,0.9192627,88,true_posterior_oracle,0,0,0.0,,,,,,,,1.0042590255711095,0.4680176672957899,0.48698335596188513,0.7702584074002816,0.11768728136929725,0.9397615131578947,0.5024672061465835,2300,0.0,0.22489338700154532,0.011345210259129334,0.8958207522753742,{}
exact-n10000000-d16-k100-sep1.5-s1,exact,10000000,16,100,1.5,1,614,True,50,14592,14592,0.0014592,121580,2061,1351,1706,10900612406.0,167.52572725400205,14809123297.0,356.6327128620078,1000000000.0,6.124036398000044,13.688756219999048,0.9192627,88,model_posterior_oracle,0,0,0.0,,,,,,,,0.2700433260961994,0.6522895516973259,0.2160310997347611,0.8760716879766627,0.6854109454130963,1.0,0.0,2300,0.7656716296142899,1.1562866717895026,0.3232823571563526,0.7032792614662158,{}
exact-n10000000-d16-k100-sep1.5-s1,exact,10000000,16,100,1.5,1,614,True,60,11459,11459,0.0011459,112007,1886,1055,1534,11044889061.0,172.01939182200385,14809123297.0,356.6327128620078,1000000000.0,6.124036398000044,13.688756219999048,0.9192627,88,stop,0,1,0.20974523499899078,101130,0.010113,2.0746391183212864e-05,0.00981643706955292,0.22442129570079608,0.9189,0.9931775797320941,0.26773714983855484,0.8661314250807226,0.1338685749192774,0.5,0.0,0.0,0.3760563894216568,1058,0.8635058812723546,1.7372400756143667,0.8686200378071833,0.5,{}
exact-n10000000-d16-k100-sep1.5-s1,exact,10000000,16,100,1.5,1,614,True,60,11459,11459,0.0011459,112007,1886,1055,1534,11044889061.0,172.01939182200385,14809123297.0,356.6327128620078,1000000000.0,6.124036398000044,13.688756219999048,0.9192627,88,reassign_U,1145900,2,0.4072311700001592,101125,0.0101125,2.0745658114940113e-05,0.00981619782893891,0.22442129570079608,0.9188999,0.9931780424238259,0.26686447333973295,0.8665677633301335,0.13343223666986648,0.5,0.0,0.0,0.3759671081309136,1058,0.8635058812723546,1.7372400756143667,0.8686200378071833,0.5,{}
exact-n10000000-d16-k100-sep1.5-s1,exact,10000000,16,100,1.5,1,614,True,60,11459,11459,0.0011459,112007,1886,1055,1534,11044889061.0,172.01939182200385,14809123297.0,356.6327128620078,1000000000.0,6.124036398000044,13.688756219999048,0.9192627,88,majority,0,1,0.2216216019987769,105045,0.0105045,2.2034433983852963e-05,0.010176531272812437,0.22769359913709417,0.9188629,0.9928519126149354,0.9510428484160921,0.5244785757919539,0.4755214242080461,0.5,0.0,0.0,0.5029366546847875,1058,0.8867568647353404,1.7882797731568998,0.8941398865784499,0.5,{}
exact-n10000000-d16-k100-sep1.5-s1,exact,10000000,16,100,1.5,1,614,True,60,11459,11459,0.0011459,112007,1886,1055,1534,11044889061.0,172.01939182200385,14809123297.0,356.6327128620078,1000000000.0,6.124036398000044,13.688756219999048,0.9192627,88,frequency_soft,0,1,0.21019860600063112,105045,0.0105045,2.2048031082855246e-05,0.010178990630088607,0.2275979006642887,0.9188629,0.9928519126149354,0.6114144643605408,0.5133162500297503,0.2048568413870797,0.5133071784378456,0.5400567273521248,1.0,0.2928251320676815,1058,0.816137129844273,1.4162539642862721,0.6192644784327204,0.4933790773180308,{}
exact-n10000000-d16-k100-sep1.5-s1,exact,10000000,16,100,1.5,1,614,True,60,11459,11459,0.0011459,112007,1886,1055,1534,11044889061.0,172.01939182200385,14809123297.0,356.6327128620078,1000000000.0,6.124036398000044,13.688756219999048,0.9192627,88,markov,0,1,0.3305932319999556,101132,0.0101132,2.0748100516554402e-05,0.009816501309554122,0.2244155926065772,0.9189,0.9931773014183217,0.2680862204380836,0.8659568897809582,0.1340431102190418,0.5,0.0,0.0,0.37606342728325753,1058,0.8635058812723546,1.7372400756143667,0.8686200378071833,0.5,"{""markov_seconds"": 0.16479342300044664, ""mean_states"": 2.0005236058992932}"
exact-n10000000-d16-k100-sep1.5-s1,exact,10000000,16,100,1.5,1,614,True,60,11459,11459,0.0011459,112007,1886,1055,1534,11044889061.0,172.01939182200385,14809123297.0,356.6327128620078,1000000000.0,6.124036398000044,13.688756219999048,0.9192627,88,markov_soft,0,1,0.33987142099977063,101132,0.0101132,2.0748134564207987e-05,0.009816581652052923,0.2244189365818958,0.9189,0.9931773014183217,0.2661067574099957,0.8658370880608217,0.13240120097945693,0.5087498609081594,0.0032603532948707564,0.0056723972423422635,0.37449837531601304,1058,0.8635058812723546,1.7372400756143667,0.8686200378071833,0.5,"{""markov_seconds"": 0.13914610800020455, ""mean_states"": 2.0005236058992932}"
exact-n10000000-d16-k100-sep1.5-s1,exact,10000000,16,100,1.5,1,614,True,60,11459,11459,0.0011459,112007,1886,1055,1534,11044889061.0,172.01939182200385,14809123297.0,356.6327128620078,1000000000.0,6.124036398000044,13.688756219999048,0.9192627,88,markov_a0.5,0,1,0.298803138999574,102660,0.010266,2.1234670598335725e-05,0.009958086514682826,0.22570252834653287,0.9188859,0.9930540182134495,0.5347761584780522,0.7326119207609739,0.2673880792390261,0.5,0.0,0.0,0.4262607524604092,1058,0.8720397055198721,1.7466918714555766,0.8733459357277883,0.5,"{""markov_seconds"": 0.11611051900035818, ""mean_states"": 2.0005236058992932}"
exact-n10000000-d16-k100-sep1.5-s1,exact,10000000,16,100,1.5,1,614,True,60,11459,11459,0.0011459,112007,1886,1055,1534,11044889061.0,172.01939182200385,14809123297.0,356.6327128620078,1000000000.0,6.124036398000044,13.688756219999048,0.9192627,88,markov_a0.5_soft,0,1,0.31860210500053654,102660,0.010266,2.151409384931746e-05,0.010058824591450135,0.22655463693918632,0.9188859,0.9930540182134495,0.40385450920067345,0.6295454094240797,0.10326119075228218,0.5861491671811363,0.5102691925186695,1.0,0.2518530850678532,1058,0.8167418497691107,1.4389672725839824,0.6344859475338918,0.47995008722620663,"{""markov_seconds"": 0.14455181500125036, ""mean_states"": 2.0005236058992932}"
exact-n10000000-d16-k100-sep1.5-s1,exact,10000000,16,100,1.5,1,614,True,60,11459,11459,0.0011459,112007,1886,1055,1534,11044889061.0,172.01939182200385,14809123297.0,356.6327128620078,1000000000.0,6.124036398000044,13.688756219999048,0.9192627,88,markov_pooled,0,1,0.30847006399926613,101418,0.0101418,2.0878619881647964e-05,0.009843168083004084,0.22511675071581444,0.9189437,0.993160674297822,0.31800331617069555,0.8409983419146523,0.15900165808534772,0.5,0.0,0.0,0.3852396151453053,1058,0.8643827887683462,1.7391304347826086,0.8695652173913043,0.5,"{""markov_seconds"": 0.14713656599997194, ""mean_states"": 2.0005236058992932}"
exact-n10000000-d16-k100-sep1.5-s1,exact,10000000,16,100,1.5,1,614,True,60,11459,11459,0.0011459,112007,1886,1055,1534,11044889061.0,172.01939182200385,14809123297.0,356.6327128620078,1000000000.0,6.124036398000044,13.688756219999048,0.9192627,88,markov_pooled_soft,0,1,0.32741859199995815,101418,0.0101418,2.117830148429256e-05,0.009940292731506832,0.22567905717326747,0.9189437,0.993160674297822,0.2655417008253679,0.747068519695328,0.06533799491227624,0.6377403706237861,0.37969653237273404,0.9359455449864735,0.2673364500706342,1058,0.8552112556742708,1.7142746061283363,0.8497015244026425,0.34756222432262135,"{""markov_seconds"": 0.13697589699950186, ""mean_states"": 2.0005236058992932}"
exact-n10000000-d16-k100-sep1.5-s1,exact,10000000,16,100,1.5,1,614,True,60,11459,11459,0.0011459,112007,1886,1055,1534,11044889061.0,172.01939182200385,14809123297.0,356.6327128620078,1000000000.0,6.124036398000044,13.688756219999048,0.9192627,88,markov_w5,0,1,0.26402720699843485,101131,0.0101131,2.074667898055438e-05,0.00981647443837749,0.22442129570079608,0.9189001,0.9931776170908739,0.2679116851383192,0.8660441574308404,0.1339558425691596,0.5,0.0,0.0,0.37611810186658595,1058,0.8635058812723546,1.7372400756143667,0.8686200378071833,0.5,"{""markov_seconds"": 0.10499813800015545, ""mean_states"": 1.4701980975652327}"
exact-n10000000-d16-k100-sep1.5-s1,exact,10000000,16,100,1.5,1,614,True,60,11459,11459,0.0011459,112007,1886,1055,1534,11044889061.0,172.01939182200385,14809123297.0,356.6327128620078,1000000000.0,6.124036398000044,13.688756219999048,0.9192627,88,markov_w20,0,1,0.32648020799933875,101177,0.0101177,2.0772159343929175e-05,0.009819402503774636,0.22447624159043914,0.9189001,0.9931741537769231,0.27594030892748056,0.8620298455362597,0.13797015446374028,0.5,0.0,0.0,0.37705590977809744,1058,0.8643955147170664,1.7372400756143667,0.8686200378071833,0.5,"{""markov_seconds"": 0.13474246699843206, ""mean_states"": 2.0017453529976437}"
exact-n10000000-d16-k100-sep1.5-s1,exact,10000000,16,100,1.5,1,614,True,60,11459,11459,0.0011459,112007,1886,1055,1534,11044889061.0,172.01939182200385,14809123297.0,356.6327128620078,1000000000.0,6.124036398000044,13.688756219999048,0.9192627,88,active_set_U,4583600,2,0.42205922399989504,101124,0.0101124,2.0745631884810933e-05,0.009816144135589509,0.22442129570079608,0.9188998,0.9931781866296011,0.2666899380399686,0.8666550309800157,0.13334496901998427,0.5,0.0,0.0,0.3759403393121951,1058,0.8635058812723546,1.7372400756143667,0.8686200378071833,0.5,"{""iters"": 4}"
exact-n10000000-d16-k100-sep1.5-s1,exact,10000000,16,100,1.5,1,614,True,60,11459,11459,0.0011459,112007,1886,1055,1534,11044889061.0,172.01939182200385,14809123297.0,356.6327128620078,1000000000.0,6.124036398000044,13.688756219999048,0.9192627,88,hartigan_U,4583600,2,0.43765015000099083,101123,0.0101123,2.074562981757566e-05,0.009816139504928906,0.22442129570079608,0.9188999,0.9931782947031523,0.2665154027402042,0.8667422986298979,0.13325770137010207,0.5,0.0,0.0,0.3759635533651433,1058,0.8635058812723546,1.7372400756143667,0.8686200378071833,0.5,"{""moves"": 25, ""sweeps"": 4}"
exact-n10000000-d16-k100-sep1.5-s1,exact,10000000,16,100,1.5,1,614,True,60,11459,11459,0.0011459,112007,1886,1055,1534,11044889061.0,172.01939182200385,14809123297.0,356.6327128620078,1000000000.0,6.124036398000044,13.688756219999048,0.9192627,88,fcm_soft,1145900,1,0.06639605500095058,101125,0.0101125,2.074580465594167e-05,0.00981643706955292,0.22442129570079608,0.9188999,0.9931780424238259,0.9145111613716128,0.050108346699708387,0.8163606208914289,0.4416807120082566,4.471108233602909,1.0,0.8922500087199103,1058,0.9436572483676743,0.9839448588967373,0.10485483749068661,0.6793355304874708,{}
exact-n10000000-d16-k100-sep1.5-s1,exact,10000000,16,100,1.5,1,614,True,60,11459,11459,0.0011459,112007,1886,1055,1534,11044889061.0,172.01939182200385,14809123297.0,356.6327128620078,1000000000.0,6.124036398000044,13.688756219999048,0.9192627,88,gmm_plugin_soft,1145900,1,0.05840209199959645,102861,0.0102861,2.2096376619540337e-05,0.00981643706955292,0.22442129570079608,0.9189915,0.9928973822460478,0.47377625646381594,0.5065685971854574,0.20418874962559724,0.6467776257307012,0.7590228640579242,1.0,0.1602405591810841,1058,0.7483889909718918,1.1487045888429885,0.3360791052843702,0.7612485615650172,{}
exact-n10000000-d16-k100-sep1.5-s1,exact,10000000,16,100,1.5,1,614,True,60,11459,11459,0.0011459,112007,1886,1055,1534,11044889061.0,172.01939182200385,14809123297.0,356.6327128620078,1000000000.0,6.124036398000044,13.688756219999048,0.9192627,88,full_convergence,3764234236.0,554,184.61332104000394,0,0.0,0.0,0.0,0.0,0.9192627,1.0,0.0,1.0,0.0,nan,0.0,0.0,0.33461887004070706,1058,0.8639217098514262,1.7391304347826086,0.8695652173913043,0.5,{}
exact-n10000000-d16-k100-sep1.5-s1,exact,10000000,16,100,1.5,1,614,True,60,11459,11459,0.0011459,112007,1886,1055,1534,11044889061.0,172.01939182200385,14809123297.0,356.6327128620078,1000000000.0,6.124036398000044,13.688756219999048,0.9192627,88,true_posterior_oracle,0,0,0.0,,,,,,,,0.9655518376074257,0.4965911394777715,0.4723425786865726,0.7949255133381308,0.08022780983425983,0.9429269569770486,0.48392652609776937,1058,0.0,0.2189107156326797,0.02495733863603343,0.8777419532627866,{}
exact-n10000000-d16-k100-sep1.5-s1,exact,10000000,16,100,1.5,1,614,True,60,11459,11459,0.0011459,112007,1886,1055,1534,11044889061.0,172.01939182200385,14809123297.0,356.6327128620078,1000000000.0,6.124036398000044,13.688756219999048,0.9192627,88,model_posterior_oracle,0,0,0.0,,,,,,,,0.25819736103535024,0.6653811299592929,0.20540590413979803,0.9021331280204874,0.6408237019390105,1.0,0.0,1058,0.7470120676309225,1.146795667908952,0.33150666421330094,0.7538344681162604,{}
exact-n10000000-d16-k100-sep1.5-s1,exact,10000000,16,100,1.5,1,614,True,70,8655,8655,0.0008655,104917,1565,732,1242,11184810604.0,176.4022166090026,14809123297.0,356.6327128620078,1000000000.0,6.124036398000044,13.688756219999048,0.9192627,88,stop,0,1,0.2231515080002282,94936,0.0094936,1.9082300388939544e-05,0.00924875860483721,0.2195856258104083,0.9189483,0.9936429738287307,0.287001733102253,0.8564991334488735,0.14350086655112648,0.5,0.0,0.0,0.37152229459275277,485,0.8457247142944709,1.711340206185567,0.8556701030927836,0.5,{}
exact-n10000000-d16-k100-sep1.5-s1,exact,10000000,16,100,1.5,1,614,True,70,8655,8655,0.0008655,104917,1565,732,1242,11184810604.0,176.4022166090026,14809123297.0,356.6327128620078,1000000000.0,6.124036398000044,13.688756219999048,0.9192627,88,reassign_U,865500,2,0.43517893300122523,94928,0.0094928,1.9081743841686816e-05,0.009248365551335326,0.21958749828006732,0.9189483,0.9936436928791633,0.2851530906990179,0.8574234546504911,0.14257654534950892,0.5,0.0,0.0,0.37146671808821213,485,0.8457247142944709,1.711340206185567,0.8556701030927836,0.5,{}
exact-n10000000-d16-k100-sep1.5-s1,exact,10000000,16,100,1.5,1,614,True,70,8655,8655,0.0008655,104917,1565,732,1242,11184810604.0,176.4022166090026,14809123297.0,356.6327128620078,1000000000.0,6.124036398000044,13.688756219999048,0.9192627,88,majority,0,1,0.1888212210014899,97834,0.0097834,1.981129310624219e-05,0.009516975976930546,0.22156802928581007,0.9189215,0.9934332946566501,0.9566724436741768,0.5216637781629117,0.47833622183708835,0.5,0.0,0.0,0.5041582255536403,485,0.869110719625096,1.7649484536082474,0.8824742268041237,0.5,{}
exact-n10000000-d16-k100-sep1.5-s1,exact,10000000,16,100,1.5,1,614,True,70,8655,8655,0.0008655,104917,1565,732,1242,11184810604.0,176.4022166090026,14809123297.0,356.6327128620078,1000000000.0,6.124036398000044,13.688756219999048,0.9192627,88,frequency_soft,0,1,0.21913179399962246,97834,0.0097834,1.982277923451292e-05,0.009520276449780348,0.2216916907216196,0.9189215,0.9934332946566501,0.6072026392807864,0.5140591355496035,0.20425397825744435,0.5232201839279695,0.5430334665344632,1.0,0.2932416269003735,485,0.7906150284310647,1.3881911902530462,0.6029990627928772,0.4534144941793737,{}
exact-n10000000-d16-k100-sep1.5-s1,exact,10000000,16,100,1.5,1,614,True,70,8655,8655,0.0008655,104917,1565,732,1242,11184810604.0,176.4022166090026,14809123297.0,356.6327128620078,1000000000.0,6.124036398000044,13.688756219999048,0.9192627,88,markov,0,1,0.3507021599998552,94935,0.0094935,1.9084826010651312e-05,0.009248525418964364,0.21957214375476936,0.9189478,0.993642808808207,0.28677065280184866,0.8566146735990757,0.14338532640092427,0.5,0.0,0.0,0.3713235142267261,485,0.8457247142944709,1.711340206185567,0.8556701030927836,0.5,"{""markov_seconds"": 0.17639119300110906, ""mean_states"": 2.000115540150202}"
exact-n10000000-d16-k100-sep1.5-s1,exact,10000000,16,100,1.5,1,614,True,70,8655,8655,0.0008655,104917,1565,732,1242,11184810604.0,176.4022166090026,14809123297.0,356.6327128620078,1000000000.0,6.124036398000044,13.688756219999048,0.9192627,88,markov_soft,0,1,0.3054823590009619,94935,0.0094935,1.9084872031394085e-05,0.009248476477259517,0.21956172036485766,0.9189478,0.993642808808207,0.28387947764349314,0.856323264000907,0.140643165166562,0.5102772279381377,0.005119232563675359,0.00901213171577123,0.3688079364949344,485,0.845923505596619,1.711505154639175,0.8560824742268041,0.4928571428571429,"{""markov_seconds"": 0.11662546400111751, ""mean_states"": 2.000115540150202}"
exact-n10000000-d16-k100-sep1.5-s1,exact,10000000,16,100,1.5,1,614,True,70,8655,8655,0.0008655,104917,1565,732,1242,11184810604.0,176.4022166090026,14809123297.0,356.6327128620078,1000000000.0,6.124036398000044,13.688756219999048,0.9192627,88,markov_a0.5,0,1,0.26274042399927566,96048,0.0096048,1.9342270992428467e-05,0.009356622127927618,0.22037476873163114,0.9189415,0.9935631651959362,0.5439630271519353,0.7280184864240323,0.27198151357596767,0.5,0.0,0.0,0.4224652327549259,485,0.8549063670676013,1.7278350515463918,0.8639175257731959,0.5,"{""markov_seconds"": 0.09011818599901744, ""mean_states"": 2.000115540150202}"
exact-n10000000-d16-k100-sep1.5-s1,exact,10000000,16,100,1.5,1,614,True,70,8655,8655,0.0008655,104917,1565,732,1242,11184810604.0,176.4022166090026,14809123297.0,356.6327128620078,1000000000.0,6.124036398000044,13.688756219999048,0.9192627,88,markov_a0.5_soft,0,1,0.3257058830004098,96048,0.0096048,1.9508765155551444e-05,0.00943005196617468,0.22096378392532734,0.9189415,0.9935631651959362,0.4067911507101559,0.627521972033453,0.09555863182469429,0.5876829217797007,0.5114748353126591,1.0,0.2518118021179606,485,0.7954108751780434,1.42371304386289,0.6318272449200285,0.4439864034136111,"{""markov_seconds"": 0.12010578700028418, ""mean_states"": 2.000115540150202}"
exact-n10000000-d16-k100-sep1.5-s1,exact,10000000,16,100,1.5,1,614,True,70,8655,8655,0.0008655,104917,1565,732,1242,11184810604.0,176.4022166090026,14809123297.0,356.6327128620078,1000000000.0,6.124036398000044,13.688756219999048,0.9192627,88,markov_pooled,0,1,0.32887656099956075,95168,0.0095168,1.9151387439686474e-05,0.009272759120885037,0.21954396727629785,0.9189484,0.9936290061845012,0.34061236279607165,0.8296938186019642,0.17030618139803577,0.5,0.0,0.0,0.3834582195357265,485,0.8470907568733116,1.715463917525773,0.8577319587628867,0.5,"{""markov_seconds"": 0.14785076599946478, ""mean_states"": 2.000115540150202}"
exact-n10000000-d16-k100-sep1.5-s1,exact,10000000,16,100,1.5,1,614,True,70,8655,8655,0.0008655,104917,1565,732,1242,11184810604.0,176.4022166090026,14809123297.0,356.6327128620078,1000000000.0,6.124036398000044,13.688756219999048,0.9192627,88,markov_pooled_soft,0,1,0.25699838399850705,95168,0.0095168,1.9319855066424196e-05,0.009345288134115375,0.22034580739785062,0.9189484,0.9936290061845012,0.2817546903993186,0.7355249372920163,0.07103500235366182,0.6237415673843062,0.3910024340062654,0.9483535528596188,0.2610572650697753,485,0.8404099367614419,1.6949736938577573,0.8413621269750406,0.3609078874024526,"{""markov_seconds"": 0.07586825299949851, ""mean_states"": 2.000115540150202}"
exact-n10000000-d16-k100-sep1.5-s1,exact,10000000,16,100,1.5,1,614,True,70,8655,8655,0.0008655,104917,1565,732,1242,11184810604.0,176.4022166090026,14809123297.0,356.6327128620078,1000000000.0,6.124036398000044,13.688756219999048,0.9192627,88,markov_w5,0,1,0.2714070870006253,94945,0.0094945,1.9083138460329607e-05,0.009248989773237088,0.2195856258104083,0.9189486,0.9936425656557234,0.28908145580589256,0.8554592720970537,0.14454072790294625,0.5,0.0,0.0,0.3716738092697846,485,0.8457247142944709,1.711340206185567,0.8556701030927836,0.5,"{""markov_seconds"": 0.0974769180011208, ""mean_states"": 1.4689774696707105}"
exact-n10000000-d16-k100-sep1.5-s1,exact,10000000,16,100,1.5,1,614,True,70,8655,8655,0.0008655,104917,1565,732,1242,11184810604.0,176.4022166090026,14809123297.0,356.6327128620078,1000000000.0,6.124036398000044,13.688756219999048,0.9192627,88,markov_w20,0,1,0.2422465799991187,94971,0.0094971,1.9111559168782932e-05,0.009249479223069124,0.2196011665330405,0.9189475,0.9936401137889933,0.2950895436164067,0.8524552281917966,0.14754477180820336,0.5,0.0,0.0,0.3723294521597543,485,0.8500744825699645,1.711340206185567,0.8556701030927836,0.5,"{""markov_seconds"": 0.07679305799865688, ""mean_states"": 2.0006932409012133}"
exact-n10000000-d16-k100-sep1.5-s1,exact,10000000,16,100,1.5,1,614,True,70,8655,8655,0.0008655,104917,1565,732,1242,11184810604.0,176.4022166090026,14809123297.0,356.6327128620078,1000000000.0,6.124036398000044,13.688756219999048,0.9192627,88,active_set_U,5193000,2,0.46174857299956784,94927,0.0094927,1.908167424269358e-05,0.009248396804842301,0.2195949192469679,0.9189482,0.9936437145289584,0.28492201039861353,0.8575389948006933,0.1424610051993067,0.5,0.0,0.0,0.37146702726915104,485,0.8457247142944709,1.711340206185567,0.8556701030927836,0.5,"{""iters"": 6}"
exact-n10000000-d16-k100-sep1.5-s1,exact,10000000,16,100,1.5,1,614,True,70,8655,8655,0.0008655,104917,1565,732,1242,11184810604.0,176.4022166090026,14809123297.0,356.6327128620078,1000000000.0,6.124036398000044,13.688756219999048,0.9192627,88,hartigan_U,3462000,2,0.4070369290002418,94922,0.0094922,1.9081665038500617e-05,0.009248211418013479,0.2195949192469679,0.918948,0.9936439562705021,0.28376660889659155,0.8581166955517042,0.14188330444829578,0.5,0.0,0.0,0.3713840366527399,485,0.845856163149733,1.715463917525773,0.8577319587628867,0.5,"{""moves"": 32, ""sweeps"": 4}"
exact-n10000000-d16-k100-sep1.5-s1,exact,10000000,16,100,1.5,1,614,True,70,8655,8655,0.0008655,104917,1565,732,1242,11184810604.0,176.4022166090026,14809123297.0,356.6327128620078,1000000000.0,6.124036398000044,13.688756219999048,0.9192627,88,fcm_soft,865500,1,0.0647068649996072,94928,0.0094928,1.9081848094515408e-05,0.00924875860483721,0.2195856258104083,0.9189483,0.9936436928791633,0.9112205672958339,0.05189072421903292,0.8054425621104416,0.47494549284882337,4.466384275408811,1.0,0.8912816528586757,485,0.940477836049436,0.981949334791211,0.11765835708409689,0.7039586919104991,{}
exact-n10000000-d16-k100-sep1.5-s1,exact,10000000,16,100,1.5,1,614,True,70,8655,8655,0.0008655,104917,1565,732,1242,11184810604.0,176.4022166090026,14809123297.0,356.6327128620078,1000000000.0,6.124036398000044,13.688756219999048,0.9192627,88,gmm_plugin_soft,865500,1,0.06469150299926696,96005,0.0096005,1.9698111074717417e-05,0.00924875860483721,0.2195856258104083,0.919022,0.9934887033242461,0.4821235606265865,0.5045690046361805,0.2229822970070631,0.6105220495431958,0.7394066645534458,1.0,0.1709464590943619,485,0.7149258374113857,1.1159579950543776,0.3115094043998397,0.7250670052193539,{}
exact-n10000000-d16-k100-sep1.5-s1,exact,10000000,16,100,1.5,1,614,True,70,8655,8655,0.0008655,104917,1565,732,1242,11184810604.0,176.4022166090026,14809123297.0,356.6327128620078,1000000000.0,6.124036398000044,13.688756219999048,0.9192627,88,full_convergence,3624312693.0,544,180.23049625300519,0,0.0,0.0,0.0,0.0,0.9192627,1.0,0.0,1.0,0.0,nan,0.0,0.0,0.3253812006862962,485,0.8459358738852599,1.711340206185567,0.8556701030927836,0.5,{}
exact-n10000000-d16-k100-sep1.5-s1,exact,10000000,16,100,1.5,1,614,True,70,8655,8655,0.0008655,104917,1565,732,1242,11184810604.0,176.4022166090026,14809123297.0,356.6327128620078,1000000000.0,6.124036398000044,13.688756219999048,0.9192627,88,true_posterior_oracle,0,0,0.0,,,,,,,,0.9515658566650124,0.5079653688270149,0.4670359406032113,0.7528129977090693,0.06249472409729841,0.922472559214327,0.480979661839874,485,0.0,0.23654613187377668,0.025107590354637634,0.8859940549047036,{}
exact-n10000000-d16-k100-sep1.5-s1,exact,10000000,16,100,1.5,1,614,True,70,8655,8655,0.0008655,104917,1565,732,1242,11184810604.0,176.4022166090026,14809123297.0,356.6327128620078,1000000000.0,6.124036398000044,13.688756219999048,0.9192627,88,model_posterior_oracle,0,0,0.0,,,,,,,,0.24873312317547625,0.6746187993137038,0.21330808780104216,0.9099465264525446,0.6159848211521715,1.0,0.0,485,0.7136584889609446,1.1148793660697984,0.31048807497740916,0.7477683353567092,{}
exact-n10000000-d16-k100-sep1.5-s1,exact,10000000,16,100,1.5,1,614,True,80,7677,7677,0.0007677,98412,1172,753,853,11329584626.0,180.97370921900256,14809123297.0,356.6327128620078,1000000000.0,6.124036398000044,13.688756219999048,0.9192627,88,stop,0,1,0.20676927500062448,88951,0.0088951,1.764920314628604e-05,0.008680350062708078,0.2159925519540875,0.9189439,0.9940979383628217,0.2222222222222222,0.8888888888888888,0.11111111111111116,0.5,0.0,0.0,0.3735893761292507,321,0.8528169061414949,1.7258566978193146,0.8629283489096573,0.5,{}
exact-n10000000-d16-k100-sep1.5-s1,exact,10000000,16,100,1.5,1,614,True,80,7677,7677,0.0007677,98412,1172,753,853,11329584626.0,180.97370921900256,14809123297.0,356.6327128620078,1000000000.0,6.124036398000044,13.688756219999048,0.9192627,88,reassign_U,767700,2,0.3634864870000456,88953,0.0088953,1.764895660039123e-05,0.008680417908324434,0.2160013425035813,0.9189439,0.9940979526957071,0.2227432590855803,0.8886283704572099,0.11137162954279012,0.5,0.0,0.0,0.3737758593907887,321,0.8528169061414949,1.7258566978193146,0.8629283489096573,0.5,{}
exact-n10000000-d16-k100-sep1.5-s1,exact,10000000,16,100,1.5,1,614,True,80,7677,7677,0.0007677,98412,1172,753,853,11329584626.0,180.97370921900256,14809123297.0,356.6327128620078,1000000000.0,6.124036398000044,13.688756219999048,0.9192627,88,majority,0,1,0.21999649600002158,91850,0.009185,1.8389361846393726e-05,0.008952253436060063,0.21751629898301775,0.9189486,0.9938656444449838,0.9774651556597629,0.5112674221701186,0.48873257782988144,0.5,0.0,0.0,0.49542498883695923,321,0.8618544153551526,1.6884735202492211,0.8442367601246106,0.5,{}
exact-n10000000-d16-k100-sep1.5-s1,exact,10000000,16,100,1.5,1,614,True,80,7677,7677,0.0007677,98412,1172,753,853,11329584626.0,180.97370921900256,14809123297.0,356.6327128620078,1000000000.0,6.124036398000044,13.688756219999048,0.9192627,88,frequency_soft,0,1,0.20251889700011816,91850,0.009185,1.8397871141662137e-05,0.008955217631422268,0.21764351465189105,0.9189486,0.9938656444449838,0.6204084972069626,0.5060570535365377,0.21183701019574405,0.5078062146048646,0.5462418173287362,1.0,0.2765291135997129,321,0.7893609908039738,1.3484719754898173,0.5681110167091477,0.47483394833948345,{}
exact-n10000000-d16-k100-sep1.5-s1,exact,10000000,16,100,1.5,1,614,True,80,7677,7677,0.0007677,98412,1172,753,853,11329584626.0,180.97370921900256,14809123297.0,356.6327128620078,1000000000.0,6.124036398000044,13.688756219999048,0.9192627,88,markov,0,1,0.3092377190005209,88951,0.0088951,1.765171446055369e-05,0.008680272938005135,0.21598316556631128,0.9189443,0.9940973809459938,0.2222222222222222,0.8888888888888888,0.11111111111111116,0.5,0.0,0.0,0.37330222959107756,321,0.8528169061414949,1.7258566978193146,0.8629283489096573,0.5,"{""markov_seconds"": 0.08773682600076427, ""mean_states"": 2.0001302592158394}"
exact-n10000000-d16-k100-sep1.5-s1,exact,10000000,16,100,1.5,1,614,True,80,7677,7677,0.0007677,98412,1172,753,853,11329584626.0,180.97370921900256,14809123297.0,356.6327128620078,1000000000.0,6.124036398000044,13.688756219999048,0.9192627,88,markov_soft,0,1,0.25014086099872657,88951,0.0088951,1.765176582613215e-05,0.008680292955781157,0.2159886948892279,0.9189443,0.9940973809459938,0.21892926529730852,0.8888741911912728,0.10834439143521284,0.5137494435288038,0.004867926678294346,0.008466849029568842,0.37125673771456363,321,0.8528169061277763,1.7259190031152647,0.8626168224299064,0.48863636363636365,"{""markov_seconds"": 0.07863946199904603, ""mean_states"": 2.0001302592158394}"
exact-n10000000-d16-k100-sep1.5-s1,exact,10000000,16,100,1.5,1,614,True,80,7677,7677,0.0007677,98412,1172,753,853,11329584626.0,180.97370921900256,14809123297.0,356.6327128620078,1000000000.0,6.124036398000044,13.688756219999048,0.9192627,88,markov_a0.5,0,1,0.29231182799958333,90035,0.0090035,1.7920664197479397e-05,0.008781913058339846,0.21661299897630065,0.918945,0.9940097549914299,0.504624202162303,0.7476878989188485,0.25231210108115154,0.5,0.0,0.0,0.41824268154490846,321,0.8559704945806382,1.67601246105919,0.838006230529595,0.5,"{""markov_seconds"": 0.10576850600045873, ""mean_states"": 2.0001302592158394}"
exact-n10000000-d16-k100-sep1.5-s1,exact,10000000,16,100,1.5,1,614,True,80,7677,7677,0.0007677,98412,1172,753,853,11329584626.0,180.97370921900256,14809123297.0,356.6327128620078,1000000000.0,6.124036398000044,13.688756219999048,0.9192627,88,markov_a0.5_soft,0,1,0.2880175150003197,90035,0.0090035,1.807322905866826e-05,0.008862672479422046,0.21708076200864374,0.918945,0.9940097549914299,0.386174299065275,0.6330142301638398,0.10501521900277232,0.590037639155522,0.5230734243274408,1.0,0.22898098972173797,321,0.7914904231606226,1.3545114230592332,0.5663938994546469,0.4908135544752645,"{""markov_seconds"": 0.07613579099961498, ""mean_states"": 2.0001302592158394}"
exact-n10000000-d16-k100-sep1.5-s1,exact,10000000,16,100,1.5,1,614,True,80,7677,7677,0.0007677,98412,1172,753,853,11329584626.0,180.97370921900256,14809123297.0,356.6327128620078,1000000000.0,6.124036398000044,13.688756219999048,0.9192627,88,markov_pooled,0,1,0.2485562830006529,89048,0.0089048,1.7671920913731043e-05,0.008688290625239037,0.21597918998696597,0.9189351,0.9940929391912806,0.24749251009508924,0.8762537449524553,0.12374625504754466,0.5,0.0,0.0,0.3791109312608265,321,0.8528169061414949,1.7258566978193146,0.8629283489096573,0.5,"{""markov_seconds"": 0.09103524000056495, ""mean_states"": 2.0001302592158394}"
exact-n10000000-d16-k100-sep1.5-s1,exact,10000000,16,100,1.5,1,614,True,80,7677,7677,0.0007677,98412,1172,753,853,11329584626.0,180.97370921900256,14809123297.0,356.6327128620078,1000000000.0,6.124036398000044,13.688756219999048,0.9192627,88,markov_pooled_soft,0,1,0.22952037300092343,89048,0.0089048,1.7916006502805004e-05,0.008779980589863992,0.21657920856338572,0.9189351,0.9940929391912806,0.23675149202203594,0.7497614563120748,0.08906509643721904,0.6112795255568684,0.41322680937769046,0.943206981893969,0.2401782952498694,321,0.8462903847083016,1.7010997538932684,0.8474717694741616,0.3837791270101739,"{""markov_seconds"": 0.06904680600018764, ""mean_states"": 2.0001302592158394}"
exact-n10000000-d16-k100-sep1.5-s1,exact,10000000,16,100,1.5,1,614,True,80,7677,7677,0.0007677,98412,1172,753,853,11329584626.0,180.97370921900256,14809123297.0,356.6327128620078,1000000000.0,6.124036398000044,13.688756219999048,0.9192627,88,markov_w5,0,1,0.25183481000021857,88955,0.0088955,1.7649544520992322e-05,0.008680675471754272,0.21600196466752142,0.9189439,0.9940978641154059,0.22326429594893837,0.8883678520255308,0.11163214797446919,0.5,0.0,0.0,0.3738726763520065,321,0.8528169061414949,1.7258566978193146,0.8629283489096573,0.5,"{""markov_seconds"": 0.08050033200015605, ""mean_states"": 1.5052754982415006}"
exact-n10000000-d16-k100-sep1.5-s1,exact,10000000,16,100,1.5,1,614,True,80,7677,7677,0.0007677,98412,1172,753,853,11329584626.0,180.97370921900256,14809123297.0,356.6327128620078,1000000000.0,6.124036398000044,13.688756219999048,0.9192627,88,markov_w20,0,1,0.2766935260005994,88976,0.0088976,1.7672254811529342e-05,0.008681792025613375,0.216010441493548,0.9189451,0.994095801790674,0.22873518301419826,0.8856324084929009,0.11436759150709908,0.5,0.0,0.0,0.37410212604266135,321,0.8529139583244271,1.7258566978193146,0.8629283489096573,0.5,"{""markov_seconds"": 0.069210170999213, ""mean_states"": 2.000260518431679}"
exact-n10000000-d16-k100-sep1.5-s1,exact,10000000,16,100,1.5,1,614,True,80,7677,7677,0.0007677,98412,1172,753,853,11329584626.0,180.97370921900256,14809123297.0,356.6327128620078,1000000000.0,6.124036398000044,13.688756219999048,0.9192627,88,active_set_U,2303100,2,0.4455518890008534,88952,0.0088952,1.7648947372439494e-05,0.008680364648660304,0.2160013425035813,0.9189438,0.9940980318160194,0.22248274065390125,0.8887586296730494,0.11124137032695058,0.5,0.0,0.0,0.3737592934112158,321,0.8528169061414949,1.7258566978193146,0.8629283489096573,0.5,"{""iters"": 3}"
exact-n10000000-d16-k100-sep1.5-s1,exact,10000000,16,100,1.5,1,614,True,80,7677,7677,0.0007677,98412,1172,753,853,11329584626.0,180.97370921900256,14809123297.0,356.6327128620078,1000000000.0,6.124036398000044,13.688756219999048,0.9192627,88,hartigan_U,2303100,2,0.3730343970000831,88955,0.0088955,1.764893555322722e-05,0.008680530766933299,0.2160013425035813,0.9189439,0.9940978682096469,0.22326429594893837,0.8883678520255308,0.11163214797446919,0.5,0.0,0.0,0.37393487005574233,321,0.8528169061414949,1.7258566978193146,0.8629283489096573,0.5,"{""moves"": 16, ""sweeps"": 3}"
exact-n10000000-d16-k100-sep1.5-s1,exact,10000000,16,100,1.5,1,614,True,80,7677,7677,0.0007677,98412,1172,753,853,11329584626.0,180.97370921900256,14809123297.0,356.6327128620078,1000000000.0,6.124036398000044,13.688756219999048,0.9192627,88,fcm_soft,767700,1,0.04570849599986104,88953,0.0088953,1.7649000011665805e-05,0.008680350062708078,0.2159925519540875,0.9189439,0.9940979526957071,0.9096961985765506,0.0527190959418527,0.8358664638465394,0.47787361494716957,4.464319273222291,1.0,0.8906761377996237,321,0.9429709561457289,0.982256475440856,0.11029198483481506,0.7343288480472596,{}
exact-n10000000-d16-k100-sep1.5-s1,exact,10000000,16,100,1.5,1,614,True,80,7677,7677,0.0007677,98412,1172,753,853,11329584626.0,180.97370921900256,14809123297.0,356.6327128620078,1000000000.0,6.124036398000044,13.688756219999048,0.9192627,88,gmm_plugin_soft,767700,1,0.049516009999933885,89924,0.0089924,1.8211295647052594e-05,0.008680350062708078,0.2159925519540875,0.9190272,0.9939699426528981,0.477862178574664,0.507729308708275,0.2412922493424707,0.5993735823329364,0.73055142471539,1.0,0.1490287069982851,321,0.7183593096956381,1.1139189333733972,0.3143565048632902,0.7962188388823824,{}
exact-n10000000-d16-k100-sep1.5-s1,exact,10000000,16,100,1.5,1,614,True,80,7677,7677,0.0007677,98412,1172,753,853,11329584626.0,180.97370921900256,14809123297.0,356.6327128620078,1000000000.0,6.124036398000044,13.688756219999048,0.9192627,88,full_convergence,3479538671.0,534,175.65900364300524,0,0.0,0.0,0.0,0.0,0.9192627,1.0,0.0,1.0,0.0,nan,0.0,0.0,0.3439100012125242,321,0.8528968943024574,1.7445482866043613,0.8722741433021807,0.5,{}
exact-n10000000-d16-k100-sep1.5-s1,exact,10000000,16,100,1.5,1,614,True,80,7677,7677,0.0007677,98412,1172,753,853,11329584626.0,180.97370921900256,14809123297.0,356.6327128620078,1000000000.0,6.124036398000044,13.688756219999048,0.9192627,88,true_posterior_oracle,0,0,0.0,,,,,,,,0.9790929936065654,0.49700924927240275,0.4832642919788147,0.7345345203690608,0.051955158222326846,0.9187182493161391,0.482529370605792,321,0.0,0.23420736452215848,0.043086353453125996,0.8909489633173843,{}
exact-n10000000-d16-k100-sep1.5-s1,exact,10000000,16,100,1.5,1,614,True,80,7677,7677,0.0007677,98412,1172,753,853,11329584626.0,180.97370921900256,14809123297.0,356.6327128620078,1000000000.0,6.124036398000044,13.688756219999048,0.9192627,88,model_posterior_oracle,0,0,0.0,,,,,,,,0.2711738962929093,0.6560899987874759,0.22201025948333186,0.8990060519753278,0.6269392498788903,1.0,0.0,321,0.715799693875467,1.1107372061307033,0.31867211251226435,0.8029111594445374,{}
exact-n10000000-d16-k100-sep1.5-s1,exact,10000000,16,100,1.5,1,614,True,90,6320,6320,0.000632,93334,1242,548,991,11443801596.0,185.05774229600138,14809123297.0,356.6327128620078,1000000000.0,6.124036398000044,13.688756219999048,0.9192627,88,stop,0,1,0.20266754500153183,84597,0.0084597,1.6692989152522486e-05,0.008283543020096252,0.21300812831992874,0.9189573,0.9944504638690205,0.31360759493670887,0.8431962025316456,0.15680379746835438,0.5,0.0,0.0,0.39593929517377935,387,0.836431253467107,1.6330749354005167,0.8165374677002584,0.5,{}
exact-n10000000-d16-k100-sep1.5-s1,exact,10000000,16,100,1.5,1,614,True,90,6320,6320,0.000632,93334,1242,548,991,11443801596.0,185.05774229600138,14809123297.0,356.6327128620078,1000000000.0,6.124036398000044,13.688756219999048,0.9192627,88,reassign_U,632000,2,0.3635440029993333,84595,0.0084595,1.6692637745396866e-05,0.00828354497247116,0.21300652351184146,0.9189571,0.9944506587373791,0.3129746835443038,0.8435126582278482,0.15648734177215184,0.5,0.0,0.0,0.3959519202094134,387,0.836431253467107,1.6330749354005167,0.8165374677002584,0.5,{}
exact-n10000000-d16-k100-sep1.5-s1,exact,10000000,16,100,1.5,1,614,True,90,6320,6320,0.000632,93334,1242,548,991,11443801596.0,185.05774229600138,14809123297.0,356.6327128620078,1000000000.0,6.124036398000044,13.688756219999048,0.9192627,88,majority,0,1,0.18909022200023173,86423,0.0086423,1.707229022596124e-05,0.008453540108667638,0.2141998629866483,0.9189485,0.9943007514565968,0.8914556962025316,0.5542721518987341,0.44572784810126587,0.5,0.0,0.0,0.4913875340085148,387,0.851755675354807,1.6795865633074936,0.8397932816537468,0.5,{}
exact-n10000000-d16-k100-sep1.5-s1,exact,10000000,16,100,1.5,1,614,True,90,6320,6320,0.000632,93334,1242,548,991,11443801596.0,185.05774229600138,14809123297.0,356.6327128620078,1000000000.0,6.124036398000044,13.688756219999048,0.9192627,88,frequency_soft,0,1,0.1830620649998309,86423,0.0086423,1.7080286719428628e-05,0.008462588138392185,0.21431901213471413,0.9189485,0.9943007514565968,0.5799194476409666,0.5293440736478712,0.17554660529344077,0.5223327010845514,0.5393088749864203,1.0,0.27469170924838027,387,0.7828084088084462,1.3286778995024235,0.5637773079633545,0.5766997518610422,{}
exact-n10000000-d16-k100-sep1.5-s1,exact,10000000,16,100,1.5,1,614,True,90,6320,6320,0.000632,93334,1242,548,991,11443801596.0,185.05774229600138,14809123297.0,356.6327128620078,1000000000.0,6.124036398000044,13.688756219999048,0.9192627,88,markov,0,1,0.24220292500103824,84602,0.0084602,1.6694579559217715e-05,0.008283796398426994,0.21299818838431697,0.9189566,0.9944501096108377,0.31518987341772153,0.8424050632911393,0.1575949367088607,0.5,0.0,0.0,0.39627020301336163,387,0.836431253467107,1.6330749354005167,0.8165374677002584,0.5,"{""markov_seconds"": 0.07673396300015156, ""mean_states"": 2.0}"
exact-n10000000-d16-k100-sep1.5-s1,exact,10000000,16,100,1.5,1,614,True,90,6320,6320,0.000632,93334,1242,548,991,11443801596.0,185.05774229600138,14809123297.0,356.6327128620078,1000000000.0,6.124036398000044,13.688756219999048,0.9192627,88,markov_soft,0,1,0.24375214300016523,84602,0.0084602,1.6694624084268028e-05,0.008283820593610387,0.21299869546453534,0.9189566,0.9944501096108377,0.31033221377555315,0.8426860867683652,0.15428857359237103,0.5150725931524747,0.006277952429654902,0.010759493670886076,0.39348236799488745,387,0.8364999888340732,1.6336491530289978,0.8173987941429802,0.49295774647887325,"{""markov_seconds"": 0.05755476699960127, ""mean_states"": 2.0}"
exact-n10000000-d16-k100-sep1.5-s1,exact,10000000,16,100,1.5,1,614,True,90,6320,6320,0.000632,93334,1242,548,991,11443801596.0,185.05774229600138,14809123297.0,356.6327128620078,1000000000.0,6.124036398000044,13.688756219999048,0.9192627,88,markov_a0.5,0,1,0.23723146600059408,85316,0.0085316,1.6837920593149036e-05,0.008349504535589122,0.21347245929498268,0.918952,0.9943951228078286,0.5411392405063291,0.7294303797468354,0.27056962025316456,0.5,0.0,0.0,0.43317452976516685,387,0.8398600011159983,1.6330749354005167,0.8165374677002584,0.5,"{""markov_seconds"": 0.07790359200043895, ""mean_states"": 2.0}"
exact-n10000000-d16-k100-sep1.5-s1,exact,10000000,16,100,1.5,1,614,True,90,6320,6320,0.000632,93334,1242,548,991,11443801596.0,185.05774229600138,14809123297.0,356.6327128620078,1000000000.0,6.124036398000044,13.688756219999048,0.9192627,88,markov_a0.5_soft,0,1,0.2455293660004827,85316,0.0085316,1.692713396606038e-05,0.00840172963796385,0.2138672777068934,0.918952,0.9943951228078286,0.3988650696674098,0.6349751901828642,0.09555036375378974,0.6077511385114993,0.5033299011532516,1.0,0.2505795254547737,387,0.781611504176372,1.3435020100288046,0.5791855754065056,0.5551123194865395,"{""markov_seconds"": 0.08357302600052208, ""mean_states"": 2.0}"
exact-n10000000-d16-k100-sep1.5-s1,exact,10000000,16,100,1.5,1,614,True,90,6320,6320,0.000632,93334,1242,548,991,11443801596.0,185.05774229600138,14809123297.0,356.6327128620078,1000000000.0,6.124036398000044,13.688756219999048,0.9192627,88,markov_pooled,0,1,0.2448971329995402,84762,0.0084762,1.6732502912342184e-05,0.008297952679700057,0.21297985434713962,0.9189644,0.9944405727525564,0.3658227848101266,0.8170886075949367,0.18291139240506327,0.5,0.0,0.0,0.4053097807230492,387,0.8377051509916479,1.6330749354005167,0.8165374677002584,0.5,"{""markov_seconds"": 0.07385262999923725, ""mean_states"": 2.0}"
exact-n10000000-d16-k100-sep1.5-s1,exact,10000000,16,100,1.5,1,614,True,90,6320,6320,0.000632,93334,1242,548,991,11443801596.0,185.05774229600138,14809123297.0,356.6327128620078,1000000000.0,6.124036398000044,13.688756219999048,0.9192627,88,markov_pooled_soft,0,1,0.22864693399969838,84762,0.0084762,1.68279409786809e-05,0.008348566518702211,0.21346770181941807,0.9189644,0.9944405727525564,0.2914719362300103,0.7307682986158065,0.06282821522036128,0.6383227038936047,0.3912265921194888,0.9511075949367088,0.27080431122918314,387,0.8317416170942495,1.6180240292649852,0.8055143995235963,0.5177393474772687,"{""markov_seconds"": 0.06709855100052664, ""mean_states"": 2.0}"
exact-n10000000-d16-k100-sep1.5-s1,exact,10000000,16,100,1.5,1,614,True,90,6320,6320,0.000632,93334,1242,548,991,11443801596.0,185.05774229600138,14809123297.0,356.6327128620078,1000000000.0,6.124036398000044,13.688756219999048,0.9192627,88,markov_w5,0,1,0.23238885299906542,84594,0.0084594,1.6693584208082868e-05,0.008283639262254281,0.21300923153000967,0.918957,0.9944505452683322,0.31265822784810127,0.8436708860759494,0.15632911392405058,0.5,0.0,0.0,0.3958525698242534,387,0.836431253467107,1.6330749354005167,0.8165374677002584,0.5,"{""markov_seconds"": 0.07164252899929124, ""mean_states"": 1.4490506329113924}"
exact-n10000000-d16-k100-sep1.5-s1,exact,10000000,16,100,1.5,1,614,True,90,6320,6320,0.000632,93334,1242,548,991,11443801596.0,185.05774229600138,14809123297.0,356.6327128620078,1000000000.0,6.124036398000044,13.688756219999048,0.9192627,88,markov_w20,0,1,0.23745532700013428,84592,0.0084592,1.6705194367139242e-05,0.008283442057159078,0.21298543028801356,0.9189569,0.9944499569492153,0.3120253164556962,0.8439873417721518,0.15601265822784816,0.5,0.0,0.0,0.39510685061947315,387,0.8382315727337066,1.6382428940568476,0.8191214470284238,0.5,"{""markov_seconds"": 0.056501323999327724, ""mean_states"": 2.0003164556962023}"
exact-n10000000-d16-k100-sep1.5-s1,exact,10000000,16,100,1.5,1,614,True,90,6320,6320,0.000632,93334,1242,548,991,11443801596.0,185.05774229600138,14809123297.0,356.6327128620078,1000000000.0,6.124036398000044,13.688756219999048,0.9192627,88,active_set_U,1896000,2,0.42777560399918,84593,0.0084593,1.6692625281145013e-05,0.008283471199214056,0.21300652351184146,0.9189573,0.9944509019035258,0.31234177215189873,0.8438291139240506,0.15617088607594942,0.5,0.0,0.0,0.39588091674154585,387,0.836431253467107,1.6330749354005167,0.8165374677002584,0.5,"{""iters"": 3}"
exact-n10000000-d16-k100-sep1.5-s1,exact,10000000,16,100,1.5,1,614,True,90,6320,6320,0.000632,93334,1242,548,991,11443801596.0,185.05774229600138,14809123297.0,356.6327128620078,1000000000.0,6.124036398000044,13.688756219999048,0.9192627,88,hartigan_U,2528000,2,0.36475330899884284,84592,0.0084592,1.669261677816891e-05,0.00828327630439206,0.21300427370674238,0.918957,0.9944507564757292,0.3120253164556962,0.8439873417721518,0.15601265822784816,0.5,0.0,0.0,0.3955955391118149,387,0.8363877255094176,1.6382428940568476,0.8191214470284238,0.5,"{""moves"": 27, ""sweeps"": 4}"
exact-n10000000-d16-k100-sep1.5-s1,exact,10000000,16,100,1.5,1,614,True,90,6320,6320,0.000632,93334,1242,548,991,11443801596.0,185.05774229600138,14809123297.0,356.6327128620078,1000000000.0,6.124036398000044,13.688756219999048,0.9192627,88,fcm_soft,632000,1,0.0439562779993139,84595,0.0084595,1.6692737642820532e-05,0.008283543020096252,0.21300812831992874,0.9189571,0.9944506587373791,0.9103584901201959,0.052357742419181216,0.7910928943876057,0.4527620368795069,4.465199941361614,1.0,0.8903188917854987,387,0.9389054390915129,0.9816012175651833,0.15647698641383953,0.639418791228383,{}
exact-n10000000-d16-k100-sep1.5-s1,exact,10000000,16,100,1.5,1,614,True,90,6320,6320,0.000632,93334,1242,548,991,11443801596.0,185.05774229600138,14809123297.0,356.6327128620078,1000000000.0,6.124036398000044,13.688756219999048,0.9192627,88,gmm_plugin_soft,632000,1,0.05567594000058307,85342,0.0085342,1.698183802623099e-05,0.008283543020096252,0.21300812831992874,0.919017,0.9943405568288879,0.4858710753996647,0.5022104542708963,0.21467670293148372,0.6299737214595347,0.7376817536391287,1.0,0.14861218629260922,387,0.7056268540993014,1.097171759633536,0.3237997916641178,0.7758107389686337,{}
exact-n10000000-d16-k100-sep1.5-s1,exact,10000000,16,100,1.5,1,614,True,90,6320,6320,0.000632,93334,1242,548,991,11443801596.0,185.05774229600138,14809123297.0,356.6327128620078,1000000000.0,6.124036398000044,13.688756219999048,0.9192627,88,full_convergence,3365321701.0,524,171.5749705660064,0,0.0,0.0,0.0,0.0,0.9192627,1.0,0.0,1.0,0.0,nan,0.0,0.0,0.3498962803191148,387,0.8365330130099665,1.6382428940568476,0.8191214470284238,0.5,{}
exact-n10000000-d16-k100-sep1.5-s1,exact,10000000,16,100,1.5,1,614,True,90,6320,6320,0.000632,93334,1242,548,991,11443801596.0,185.05774229600138,14809123297.0,356.6327128620078,1000000000.0,6.124036398000044,13.688756219999048,0.9192627,88,true_posterior_oracle,0,0,0.0,,,,,,,,0.9727669520727518,0.4979960490302535,0.47787166757778254,0.7258730297501432,0.06048617778922609,0.9229430379746836,0.4856179585195228,387,0.0,0.25764178749087224,0.0341376105214885,0.8607887618881424,{}
exact-n10000000-d16-k100-sep1.5-s1,exact,10000000,16,100,1.5,1,614,True,90,6320,6320,0.000632,93334,1242,548,991,11443801596.0,185.05774229600138,14809123297.0,356.6327128620078,1000000000.0,6.124036398000044,13.688756219999048,0.9192627,88,model_posterior_oracle,0,0,0.0,,,,,,,,0.27804739196337225,0.6501037196808852,0.24178412201367033,0.896262827152676,0.6365039424310794,1.0,0.0,387,0.7037949604517099,1.0965241317725032,0.31897471152874773,0.7805954279638491,{}
exact-n10000000-d16-k100-sep2.0-s0,exact,10000000,16,100,2.0,0,619,True,10,1548171,200000,0.1548171,179345,67972,66410,59033,5426898644.0,78.26195911399736,7364228832.0,245.43143068699646,1000000000.0,6.240872587500235,12.668198060000577,0.9234627,85,stop,0,1,0.20227983400036464,158286,0.0158286,0.00015487511631162576,0.01171249659134205,0.13161446662794493,0.9230342,0.9893533876479217,0.07738,0.96131,0.03869,0.5,0.0,0.0,0.05664805360514352,132648,0.028441103756688527,0.05670647126228816,0.028353235631144114,0.5,{}
exact-n10000000-d16-k100-sep2.0-s0,exact,10000000,16,100,2.0,0,619,True,10,1548171,200000,0.1548171,179345,67972,66410,59033,5426898644.0,78.26195911399736,7364228832.0,245.43143068699646,1000000000.0,6.240872587500235,12.668198060000577,0.9234627,85,reassign_U,154817100,2,2.3825350610004534,154872,0.0154872,5.60305617147705e-05,0.011460144606853583,0.1308849321500313,0.9232126,0.9899273286879253,0.07301,0.963495,0.03650500000000001,0.5,0.0,0.0,0.055140265361852965,132648,0.026775783393897152,0.05341957662384657,0.026709788311923277,0.5,{}
exact-n10000000-d16-k100-sep2.0-s0,exact,10000000,16,100,2.0,0,619,True,10,1548171,200000,0.1548171,179345,67972,66410,59033,5426898644.0,78.26195911399736,7364228832.0,245.43143068699646,1000000000.0,6.240872587500235,12.668198060000577,0.9234627,85,majority,0,1,1.827775797999493,345501,0.0345501,0.021709640514484985,0.03267348150613689,1.0224567238947888,0.9053071,0.9651188731451127,0.3186,0.8407,0.1593,0.5,0.0,0.0,0.17149919173958486,132648,0.19360975246545764,0.3872806223991315,0.19364031119956582,0.5,{}
exact-n10000000-d16-k100-sep2.0-s0,exact,10000000,16,100,2.0,0,619,True,10,1548171,200000,0.1548171,179345,67972,66410,59033,5426898644.0,78.26195911399736,7364228832.0,245.43143068699646,1000000000.0,6.240872587500235,12.668198060000577,0.9234627,85,frequency_soft,0,1,1.1957637659998,345501,0.0345501,0.027825732135907222,0.04525357776117571,0.7480830922663827,0.9053071,0.9651188731451127,0.2539762809917355,0.7254972727272726,0.04260045454545454,0.7501418266710702,0.4858032553524673,1.0,0.2547835034322448,132648,0.27467215105029724,0.28212092801628463,0.0662786266866239,0.8313376908550033,{}
exact-n10000000-d16-k100-sep2.0-s0,exact,10000000,16,100,2.0,0,619,True,10,1548171,200000,0.1548171,179345,67972,66410,59033,5426898644.0,78.26195911399736,7364228832.0,245.43143068699646,1000000000.0,6.240872587500235,12.668198060000577,0.9234627,85,markov,0,1,15.382874107999669,167931,0.0167931,0.0021645612801470815,0.012719716684804488,0.13209308240801665,0.9221641,0.9876475482690666,0.08975,0.955125,0.044875,0.5,0.0,0.0,0.06251687807031867,132648,0.03685041309456737,0.07354803690971594,0.03677401845485795,0.5,"{""markov_seconds"": 15.201200252999115, ""mean_states"": 2.1767259559828984}"
exact-n10000000-d16-k100-sep2.0-s0,exact,10000000,16,100,2.0,0,619,True,10,1548171,200000,0.1548171,179345,67972,66410,59033,5426898644.0,78.26195911399736,7364228832.0,245.43143068699646,1000000000.0,6.240872587500235,12.668198060000577,0.9234627,85,markov_soft,0,1,13.75032158400063,167931,0.0167931,0.002242005139832415,0.014047173204609756,0.13226056935329852,0.9221641,0.9876475482690666,0.08950033735869758,0.9463676096713743,0.04274048758920823,0.5801999525341615,0.027027278890136577,0.05112,0.06870648718637336,132648,0.043398962813309336,0.0696898674743139,0.027483992251769965,0.6528311993639085,"{""markov_seconds"": 13.430112224999903, ""mean_states"": 2.1767259559828984}"
exact-n10000000-d16-k100-sep2.0-s0,exact,10000000,16,100,2.0,0,619,True,10,1548171,200000,0.1548171,179345,67972,66410,59033,5426898644.0,78.26195911399736,7364228832.0,245.43143068699646,1000000000.0,6.240872587500235,12.668198060000577,0.9234627,85,markov_a0.5,0,1,14.078391332999672,270016,0.0270016,0.016152030655318006,0.02559810060676306,0.7237859359665575,0.9121477,0.976429603036943,0.22114,0.88943,0.11056999999999995,0.5,0.0,0.0,0.12706469638084444,132648,0.13260274128280702,0.26528858331825583,0.13264429165912794,0.5,"{""markov_seconds"": 13.897309658999802, ""mean_states"": 2.1767259559828984}"
exact-n10000000-d16-k100-sep2.0-s0,exact,10000000,16,100,2.0,0,619,True,10,1548171,200000,0.1548171,179345,67972,66410,59033,5426898644.0,78.26195911399736,7364228832.0,245.43143068699646,1000000000.0,6.240872587500235,12.668198060000577,0.9234627,85,markov_a0.5_soft,0,1,14.32719995700063,270016,0.0270016,0.020307688582941408,0.03665332610242102,0.5357981895233875,0.9121477,0.976429603036943,0.1809044906142242,0.7849928246084298,0.05996804345558199,0.8035943911579995,0.4274430072542165,1.0,0.2025730101110581,132648,0.2150237920540077,0.19428163900383483,0.05770743777118516,0.8748915271757157,"{""markov_seconds"": 14.040692347000004, ""mean_states"": 2.1767259559828984}"
exact-n10000000-d16-k100-sep2.0-s0,exact,10000000,16,100,2.0,0,619,True,10,1548171,200000,0.1548171,179345,67972,66410,59033,5426898644.0,78.26195911399736,7364228832.0,245.43143068699646,1000000000.0,6.240872587500235,12.668198060000577,0.9234627,85,markov_pooled,0,1,14.27842779599996,174935,0.0174935,0.0030163003148195866,0.01344599795227189,0.13266210080639462,0.9215645,0.9865057124049726,0.09891,0.950545,0.04945500000000003,0.5,0.0,0.0,0.06681526699053371,132648,0.042885745265155914,0.08565526807792051,0.04282763403896028,0.5,"{""markov_seconds"": 14.096402851000676, ""mean_states"": 2.1767259559828984}"
exact-n10000000-d16-k100-sep2.0-s0,exact,10000000,16,100,2.0,0,619,True,10,1548171,200000,0.1548171,179345,67972,66410,59033,5426898644.0,78.26195911399736,7364228832.0,245.43143068699646,1000000000.0,6.240872587500235,12.668198060000577,0.9234627,85,markov_pooled_soft,0,1,15.5235668360001,174935,0.0174935,0.0033269737064378635,0.016286566101039856,0.18387654398205652,0.9215645,0.9865057124049726,0.09632774950287595,0.9308608603979417,0.045649360698231216,0.5898108284189645,0.07372905894767297,0.96325,0.08167144374117001,132648,0.060130823414639455,0.07696564433805793,0.02992895287923139,0.7690148152557987,"{""markov_seconds"": 15.176513557000362, ""mean_states"": 2.1767259559828984}"
exact-n10000000-d16-k100-sep2.0-s0,exact,10000000,16,100,2.0,0,619,True,10,1548171,200000,0.1548171,179345,67972,66410,59033,5426898644.0,78.26195911399736,7364228832.0,245.43143068699646,1000000000.0,6.240872587500235,12.668198060000577,0.9234627,85,markov_w5,0,1,12.150291173000369,160262,0.0160262,0.0005131925649597413,0.011908099321773566,0.1317449560390546,0.9228807,0.989016498623873,0.0797,0.96015,0.03985000000000005,0.5,0.0,0.0,0.0576813853739628,132648,0.029829970157698952,0.05951088595380254,0.029755442976901247,0.5,"{""markov_seconds"": 11.974927504999869, ""mean_states"": 1.1973089535975032}"
exact-n10000000-d16-k100-sep2.0-s0,exact,10000000,16,100,2.0,0,619,True,10,1548171,200000,0.1548171,179345,67972,66410,59033,5426898644.0,78.26195911399736,7364228832.0,245.43143068699646,1000000000.0,6.240872587500235,12.668198060000577,0.9234627,85,markov_w20,0,1,17.12100011199982,167931,0.0167931,0.0021645612801470815,0.012719716684804488,0.13209308240801665,0.9221641,0.9876475482690666,0.08975,0.955125,0.044875,0.5,0.0,0.0,0.06251687807031867,132648,0.03685041309456737,0.07354803690971594,0.03677401845485795,0.5,"{""markov_seconds"": 16.913116248000733, ""mean_states"": 2.1767259559828984}"
exact-n10000000-d16-k100-sep2.0-s0,exact,10000000,16,100,2.0,0,619,True,10,1548171,200000,0.1548171,179345,67972,66410,59033,5426898644.0,78.26195911399736,7364228832.0,245.43143068699646,1000000000.0,6.240872587500235,12.668198060000577,0.9234627,85,active_set_U,3870427500,2,51.50158809899949,152653,0.0152653,5.563246475737138e-05,0.01132049066065095,0.13043365003513246,0.9231377,0.9900419352774217,0.07021,0.964895,0.03510500000000005,0.5,0.0,0.0,0.05444228015454021,132648,0.026775331656850337,0.05341957662384657,0.026709788311923277,0.5,"{""iters"": 25}"
exact-n10000000-d16-k100-sep2.0-s0,exact,10000000,16,100,2.0,0,619,True,10,1548171,200000,0.1548171,179345,67972,66410,59033,5426898644.0,78.26195911399736,7364228832.0,245.43143068699646,1000000000.0,6.240872587500235,12.668198060000577,0.9234627,85,hartigan_U,2631890700,2,37.09075192599994,152621,0.0152621,5.563232822169972e-05,0.011318380494030658,0.13039968429907856,0.9231369,0.9900426738078627,0.07017,0.964915,0.03508500000000003,0.5,0.0,0.0,0.05442699901295629,132648,0.026775331656850337,0.05341957662384657,0.026709788311923277,0.5,"{""moves"": 7393, ""sweeps"": 17}"
exact-n10000000-d16-k100-sep2.0-s0,exact,10000000,16,100,2.0,0,619,True,10,1548171,200000,0.1548171,179345,67972,66410,59033,5426898644.0,78.26195911399736,7364228832.0,245.43143068699646,1000000000.0,6.240872587500235,12.668198060000577,0.9234627,85,fcm_soft,154817100,1,6.2118560050003,154872,0.0154872,5.846136103948574e-05,0.01171249659134205,0.13161446662794493,0.9232126,0.9899273286879253,0.8876996480077793,0.06384608399165352,0.8993812528103451,0.25540102573041396,4.468905839414897,1.0,0.9245802418422594,132648,0.930201703486293,0.8802257935168585,0.9053697351518525,0.9588373233675037,{}
exact-n10000000-d16-k100-sep2.0-s0,exact,10000000,16,100,2.0,0,619,True,10,1548171,200000,0.1548171,179345,67972,66410,59033,5426898644.0,78.26195911399736,7364228832.0,245.43143068699646,1000000000.0,6.240872587500235,12.668198060000577,0.9234627,85,gmm_plugin_soft,154817100,1,6.869217580999248,160082,0.0160082,8.166243715601595e-05,0.01171249659134205,0.13161446662794493,0.9232387,0.9883740491360137,0.053676883789266785,0.9414126485920418,0.008738291074072028,0.9650251395385985,0.0986974728747951,0.90081,0.020784841427915635,132648,0.02116554394643088,0.04135787942217705,0.012458574966540683,0.9855044731533467,{}
exact-n10000000-d16-k100-sep2.0-s0,exact,10000000,16,100,2.0,0,619,True,10,1548171,200000,0.1548171,179345,67972,66410,59033,5426898644.0,78.26195911399736,7364228832.0,245.43143068699646,1000000000.0,6.240872587500235,12.668198060000577,0.9234627,85,full_convergence,1937330188.0,609,167.1694715729991,0,0.0,0.0,0.0,0.0,0.9234627,1.0,0.0,1.0,0.0,nan,0.0,0.0,0.041753015439371266,132648,0.026775331656850337,0.05341957662384657,0.026709788311923277,0.5,{}
exact-n10000000-d16-k100-sep2.0-s0,exact,10000000,16,100,2.0,0,619,True,10,1548171,200000,0.1548171,179345,67972,66410,59033,5426898644.0,78.26195911399736,7364228832.0,245.43143068699646,1000000000.0,6.240872587500235,12.668198060000577,0.9234627,85,true_posterior_oracle,0,0,0.0,,,,,,,,0.3561162696513967,0.8170079519646154,0.17483907226023396,0.4707804438337312,0.018360106729851545,0.7974,0.18130437684106496,132648,0.0,0.012272049414097435,0.00042032036312036317,0.9856272413280522,{}
exact-n10000000-d16-k100-sep2.0-s0,exact,10000000,16,100,2.0,0,619,True,10,1548171,200000,0.1548171,179345,67972,66410,59033,5426898644.0,78.26195911399736,7364228832.0,245.43143068699646,1000000000.0,6.240872587500235,12.668198060000577,0.9234627,85,model_posterior_oracle,0,0,0.0,,,,,,,,0.027240998796472127,0.9582469845606287,0.03674148523441671,0.9834577061749529,0.09007992491971949,0.90069,0.0,132648,0.021116146134392957,0.04132491466306679,0.012438870361474954,0.9854869303836172,{}
exact-n10000000-d16-k100-sep2.0-s0,exact,10000000,16,100,2.0,0,619,True,20,27414,27414,0.0027414,156245,4314,2367,3686,5745007759.0,85.45388179900328,7364228832.0,245.43143068699646,1000000000.0,6.240872587500235,12.668198060000577,0.9234627,85,stop,0,1,0.19328522000068915,138311,0.0138311,3.1160260185680855e-05,0.010322389932092762,0.12347953233300546,0.9233704,0.9907077193217738,0.26891369373312907,0.8655431531334354,0.13445684686656456,0.5,0.0,0.0,0.28586613288805474,2919,0.18896887687044026,0.3802672147995889,0.19013360739979446,0.5,{}
exact-n10000000-d16-k100-sep2.0-s0,exact,10000000,16,100,2.0,0,619,True,20,27414,27414,0.0027414,156245,4314,2367,3686,5745007759.0,85.45388179900328,7364228832.0,245.43143068699646,1000000000.0,6.240872587500235,12.668198060000577,0.9234627,85,reassign_U,2741400,2,0.4320792500002426,138300,0.01383,3.115814962884045e-05,0.01032177747243647,0.12345805802036425,0.923371,0.9907083045319848,0.26811118406653534,0.8659444079667323,0.13405559203326767,0.5,0.0,0.0,0.2857452780993715,2919,0.18896887687044026,0.3802672147995889,0.19013360739979446,0.5,{}
exact-n10000000-d16-k100-sep2.0-s0,exact,10000000,16,100,2.0,0,619,True,20,27414,27414,0.0027414,156245,4314,2367,3686,5745007759.0,85.45388179900328,7364228832.0,245.43143068699646,1000000000.0,6.240872587500235,12.668198060000577,0.9234627,85,majority,0,1,0.2629698750006355,146302,0.0146302,3.54236780528705e-05,0.010872595421726527,0.12732673601360617,0.9233391,0.9903679987364082,0.8519004888013424,0.5740497555993288,0.4259502444006712,0.5,0.0,0.0,0.451028406311219,2919,0.19058651618320363,0.3830078794107571,0.1915039397053786,0.5,{}
exact-n10000000-d16-k100-sep2.0-s0,exact,10000000,16,100,2.0,0,619,True,20,27414,27414,0.0027414,156245,4314,2367,3686,5745007759.0,85.45388179900328,7364228832.0,245.43143068699646,1000000000.0,6.240872587500235,12.668198060000577,0.9234627,85,frequency_soft,0,1,0.19960753400118847,146302,0.0146302,3.549195679686257e-05,0.010894417970617352,0.12739202520992834,0.9233391,0.9903679987364082,0.5483733653613675,0.5567825331449757,0.17743422405274004,0.588153707782604,0.511462477767403,1.0,0.28441417954893505,2919,0.18777833130977548,0.33384579231538025,0.09433492167305085,0.5812573906188411,{}
exact-n10000000-d16-k100-sep2.0-s0,exact,10000000,16,100,2.0,0,619,True,20,27414,27414,0.0027414,156245,4314,2367,3686,5745007759.0,85.45388179900328,7364228832.0,245.43143068699646,1000000000.0,6.240872587500235,12.668198060000577,0.9234627,85,markov,0,1,0.3801108350016875,138329,0.0138329,3.1173195363942696e-05,0.01032309832954137,0.12348952870090242,0.923372,0.9907069560276737,0.27022689136937333,0.8648865543153134,0.13511344568468664,0.5,0.0,0.0,0.2861308605717639,2919,0.18896887687044026,0.3802672147995889,0.19013360739979446,0.5,"{""markov_seconds"": 0.22415013700083364, ""mean_states"": 2.000036477712118}"
exact-n10000000-d16-k100-sep2.0-s0,exact,10000000,16,100,2.0,0,619,True,20,27414,27414,0.0027414,156245,4314,2367,3686,5745007759.0,85.45388179900328,7364228832.0,245.43143068699646,1000000000.0,6.240872587500235,12.668198060000577,0.9234627,85,markov_soft,0,1,0.5224254559998371,138329,0.0138329,3.117329897261989e-05,0.010323887667923904,0.1235031497402544,0.923372,0.9907069560276737,0.2680838129813576,0.8644691970847778,0.13324194005511825,0.5114240300784451,0.004416828062210643,0.007988618953819216,0.2845340697161417,2919,0.18892551730588125,0.3791778006166496,0.1894826995546419,0.5114967759637811,"{""markov_seconds"": 0.34330942500128003, ""mean_states"": 2.000036477712118}"
exact-n10000000-d16-k100-sep2.0-s0,exact,10000000,16,100,2.0,0,619,True,20,27414,27414,0.0027414,156245,4314,2367,3686,5745007759.0,85.45388179900328,7364228832.0,245.43143068699646,1000000000.0,6.240872587500235,12.668198060000577,0.9234627,85,markov_a0.5,0,1,0.5098659319992294,141478,0.0141478,3.287174202437626e-05,0.010542012240734424,0.12514568989816963,0.9233675,0.9905707653005712,0.4999635222878821,0.7500182388560589,0.2499817611439411,0.5,0.0,0.0,0.35110734938486354,2919,0.18955142618197188,0.3802672147995889,0.19013360739979446,0.5,"{""markov_seconds"": 0.2909349809997366, ""mean_states"": 2.000036477712118}"
exact-n10000000-d16-k100-sep2.0-s0,exact,10000000,16,100,2.0,0,619,True,20,27414,27414,0.0027414,156245,4314,2367,3686,5745007759.0,85.45388179900328,7364228832.0,245.43143068699646,1000000000.0,6.240872587500235,12.668198060000577,0.9234627,85,markov_a0.5_soft,0,1,0.511650799000563,141478,0.0141478,3.372845813509606e-05,0.010705184742167972,0.12611173548340956,0.9233675,0.9905707653005712,0.37147045342069873,0.6575564072794956,0.0877563894808517,0.639016445334876,0.4803757551109068,1.0,0.22184525775988984,2919,0.18295729112012638,0.3441652609243576,0.12427168662815334,0.5879220591149525,"{""markov_seconds"": 0.3116491260007024, ""mean_states"": 2.000036477712118}"
exact-n10000000-d16-k100-sep2.0-s0,exact,10000000,16,100,2.0,0,619,True,20,27414,27414,0.0027414,156245,4314,2367,3686,5745007759.0,85.45388179900328,7364228832.0,245.43143068699646,1000000000.0,6.240872587500235,12.668198060000577,0.9234627,85,markov_pooled,0,1,0.5520249689998309,139091,0.0139091,3.164796161514438e-05,0.010376056555850081,0.12417238244245987,0.9234042,0.990673629231849,0.32581892463704676,0.8370905376814766,0.16290946231852343,0.5,0.0,0.0,0.30153362238265574,2919,0.18921100642801034,0.38095238095238093,0.19047619047619047,0.5,"{""markov_seconds"": 0.33002806800141116, ""mean_states"": 2.000036477712118}"
exact-n10000000-d16-k100-sep2.0-s0,exact,10000000,16,100,2.0,0,619,True,20,27414,27414,0.0027414,156245,4314,2367,3686,5745007759.0,85.45388179900328,7364228832.0,245.43143068699646,1000000000.0,6.240872587500235,12.668198060000577,0.9234627,85,markov_pooled_soft,0,1,0.5894420570002694,139091,0.0139091,3.2676109241069895e-05,0.010541416465429937,0.12510551535104514,0.9234042,0.990673629231849,0.2657112806301257,0.7447110591369243,0.06221766561989661,0.6596512600656903,0.38457626858396693,0.9788429269716203,0.19495050981813372,2919,0.18632513434589573,0.3727220487455417,0.18563882294486836,0.6080015801155098,"{""markov_seconds"": 0.39781801699973585, ""mean_states"": 2.000036477712118}"
exact-n10000000-d16-k100-sep2.0-s0,exact,10000000,16,100,2.0,0,619,True,20,27414,27414,0.0027414,156245,4314,2367,3686,5745007759.0,85.45388179900328,7364228832.0,245.43143068699646,1000000000.0,6.240872587500235,12.668198060000577,0.9234627,85,markov_w5,0,1,0.45203141899946786,138312,0.0138312,3.11612467212008e-05,0.010322486257682952,0.1234794512287591,0.9233705,0.9907076745558495,0.26898664915736487,0.8655066754213175,0.13449332457868246,0.5,0.0,0.0,0.28589463021637906,2919,0.18896887687044026,0.3802672147995889,0.19013360739979446,0.5,"{""markov_seconds"": 0.2512584969990712, ""mean_states"": 1.4276646968702122}"
exact-n10000000-d16-k100-sep2.0-s0,exact,10000000,16,100,2.0,0,619,True,20,27414,27414,0.0027414,156245,4314,2367,3686,5745007759.0,85.45388179900328,7364228832.0,245.43143068699646,1000000000.0,6.240872587500235,12.668198060000577,0.9234627,85,markov_w20,0,1,0.45785721499851206,142998,0.0142998,3.703923176057167e-05,0.010656557277509963,0.12757116377011674,0.9235367,0.9905058554898775,0.6108557671262859,0.6945721164368571,0.3054278835631429,0.5,0.0,0.0,0.3848018786433566,2919,0.18955744862191098,0.3802672147995889,0.19013360739979446,0.5,"{""markov_seconds"": 0.2779663309993339, ""mean_states"": 2.0958269497337128}"
exact-n10000000-d16-k100-sep2.0-s0,exact,10000000,16,100,2.0,0,619,True,20,27414,27414,0.0027414,156245,4314,2367,3686,5745007759.0,85.45388179900328,7364228832.0,245.43143068699646,1000000000.0,6.240872587500235,12.668198060000577,0.9234627,85,active_set_U,10965600,2,0.5164281060006033,138298,0.0138298,3.115803742814727e-05,0.010321736626253306,0.12345850094437931,0.9233698,0.9907083995872221,0.26796527321806374,0.8660173633909681,0.13398263660903187,0.5,0.0,0.0,0.28573780083614037,2919,0.18896887687044026,0.3802672147995889,0.19013360739979446,0.5,"{""iters"": 4}"
exact-n10000000-d16-k100-sep2.0-s0,exact,10000000,16,100,2.0,0,619,True,20,27414,27414,0.0027414,156245,4314,2367,3686,5745007759.0,85.45388179900328,7364228832.0,245.43143068699646,1000000000.0,6.240872587500235,12.668198060000577,0.9234627,85,hartigan_U,10965600,2,0.6363367379999545,138298,0.0138298,3.115802051323335e-05,0.010321685218620986,0.12345248571501172,0.9233698,0.9907080864682182,0.26796527321806374,0.8660173633909681,0.13398263660903187,0.5,0.0,0.0,0.28570760644514187,2919,0.18896887687044026,0.3802672147995889,0.19013360739979446,0.5,"{""moves"": 59, ""sweeps"": 4}"
exact-n10000000-d16-k100-sep2.0-s0,exact,10000000,16,100,2.0,0,619,True,20,27414,27414,0.0027414,156245,4314,2367,3686,5745007759.0,85.45388179900328,7364228832.0,245.43143068699646,1000000000.0,6.240872587500235,12.668198060000577,0.9234627,85,fcm_soft,2741400,1,0.1120446479999373,138300,0.01383,3.1158451829771394e-05,0.010322389932092762,0.12347953233300546,0.923371,0.9907083045319848,0.8687109687948578,0.0759894655781148,0.7897866591062849,0.4205696702203354,4.375054317664065,1.0,0.8523377418947656,2919,0.9329863723068714,0.9283874909983253,0.7663557458334751,0.7823569762656057,{}
exact-n10000000-d16-k100-sep2.0-s0,exact,10000000,16,100,2.0,0,619,True,20,27414,27414,0.0027414,156245,4314,2367,3686,5745007759.0,85.45388179900328,7364228832.0,245.43143068699646,1000000000.0,6.240872587500235,12.668198060000577,0.9234627,85,gmm_plugin_soft,2741400,1,0.11393550100001448,138553,0.0138553,3.1539304136796176e-05,0.010322389932092762,0.12347953233300546,0.9233809,0.9906559423603682,0.39933978688053867,0.5693115056204365,0.2781240285041506,0.6996398643174865,0.6505495020571068,1.0,0.18248636135127289,2919,0.06680002175277734,0.25125449227409,0.028413893030017255,0.8787175891249263,{}
exact-n10000000-d16-k100-sep2.0-s0,exact,10000000,16,100,2.0,0,619,True,20,27414,27414,0.0027414,156245,4314,2367,3686,5745007759.0,85.45388179900328,7364228832.0,245.43143068699646,1000000000.0,6.240872587500235,12.668198060000577,0.9234627,85,full_convergence,1619221073.0,599,159.97754888799318,0,0.0,0.0,0.0,0.0,0.9234627,1.0,0.0,1.0,0.0,nan,0.0,0.0,0.24957964281404854,2919,0.18896887687044026,0.3802672147995889,0.19013360739979446,0.5,{}
exact-n10000000-d16-k100-sep2.0-s0,exact,10000000,16,100,2.0,0,619,True,20,27414,27414,0.0027414,156245,4314,2367,3686,5745007759.0,85.45388179900328,7364228832.0,245.43143068699646,1000000000.0,6.240872587500235,12.668198060000577,0.9234627,85,true_posterior_oracle,0,0,0.0,,,,,,,,0.8785894769439676,0.550942749357641,0.4408410043168341,0.44596152381739423,0.032349408590107494,0.43725833515721896,0.4413444818537188,2919,0.0,0.17495428159090554,0.013009162646233174,0.8690880903367985,{}
exact-n10000000-d16-k100-sep2.0-s0,exact,10000000,16,100,2.0,0,619,True,20,27414,27414,0.0027414,156245,4314,2367,3686,5745007759.0,85.45388179900328,7364228832.0,245.43143068699646,1000000000.0,6.240872587500235,12.668198060000577,0.9234627,85,model_posterior_oracle,0,0,0.0,,,,,,,,0.16411236118970216,0.7504203571859515,0.23780646483806675,0.9044480669494298,0.5068832527648742,1.0,0.0,2919,0.06638662225001346,0.25095818069622167,0.029373610203737344,0.879150265342874,{}
exact-n10000000-d16-k100-sep2.0-s0,exact,10000000,16,100,2.0,0,619,True,30,19775,19775,0.0019775,140080,3610,1848,3037,5816722332.0,89.0687091100026,7364228832.0,245.43143068699646,1000000000.0,6.240872587500235,12.668198060000577,0.9234627,85,stop,0,1,0.20627383700048085,124617,0.0124617,2.4897301841297903e-05,0.00935795851972539,0.11477783388269452,0.9233801,0.9913471217435721,0.3071554993678888,0.8464222503160557,0.15357774968394433,0.5,0.0,0.0,0.3133354479372351,2,0.1951149134145334,0.0,0.0,nan,{}
exact-n10000000-d16-k100-sep2.0-s0,exact,10000000,16,100,2.0,0,619,True,30,19775,19775,0.0019775,140080,3610,1848,3037,5816722332.0,89.0687091100026,7364228832.0,245.43143068699646,1000000000.0,6.240872587500235,12.668198060000577,0.9234627,85,reassign_U,1977500,2,0.3596903019988531,124619,0.0124619,2.4896400789842232e-05,0.009358266087178425,0.11478067552056538,0.9233793,0.9913471659487298,0.30735777496839445,0.8463211125158028,0.15367888748419722,0.5,0.0,0.0,0.3134956859367832,2,0.1951149134145334,0.0,0.0,nan,{}
exact-n10000000-d16-k100-sep2.0-s0,exact,10000000,16,100,2.0,0,619,True,30,19775,19775,0.0019775,140080,3610,1848,3037,5816722332.0,89.0687091100026,7364228832.0,245.43143068699646,1000000000.0,6.240872587500235,12.668198060000577,0.9234627,85,majority,0,1,0.2228040099998907,130885,0.0130885,2.7609788729066054e-05,0.00980620545518789,0.11911348404589814,0.9233842,0.9910383330710251,0.9410872313527181,0.529456384323641,0.47054361567635905,0.5,0.0,0.0,0.4797022109145066,2,0.45201065680517044,1.0,0.5,0.5,{}
exact-n10000000-d16-k100-sep2.0-s0,exact,10000000,16,100,2.0,0,619,True,30,19775,19775,0.0019775,140080,3610,1848,3037,5816722332.0,89.0687091100026,7364228832.0,245.43143068699646,1000000000.0,6.240872587500235,12.668198060000577,0.9234627,85,frequency_soft,0,1,0.1766391040000599,130885,0.0130885,2.76509391345936e-05,0.009815251832619165,0.1190786181405346,0.9233842,0.9910383330710251,0.606069521789554,0.5162027353177796,0.1999999999999999,0.5118840401197454,0.5393990935613419,1.0,0.28856785477947056,2,0.560327815741141,1.0330578512396693,0.6818181818181819,0.0,{}
exact-n10000000-d16-k100-sep2.0-s0,exact,10000000,16,100,2.0,0,619,True,30,19775,19775,0.0019775,140080,3610,1848,3037,5816722332.0,89.0687091100026,7364228832.0,245.43143068699646,1000000000.0,6.240872587500235,12.668198060000577,0.9234627,85,markov,0,1,0.49414824999985285,124623,0.0124623,2.489988320308889e-05,0.009358161110066477,0.11477783388269452,0.9233791,0.9913467240339465,0.3077623261694058,0.8461188369152971,0.1538811630847029,0.5,0.0,0.0,0.3134050300876269,2,0.1951149134145334,0.0,0.0,nan,"{""markov_seconds"": 0.33353330899990397, ""mean_states"": 2.0}"
exact-n10000000-d16-k100-sep2.0-s0,exact,10000000,16,100,2.0,0,619,True,30,19775,19775,0.0019775,140080,3610,1848,3037,5816722332.0,89.0687091100026,7364228832.0,245.43143068699646,1000000000.0,6.240872587500235,12.668198060000577,0.9234627,85,markov_soft,0,1,0.3321836320010334,124623,0.0124623,2.489994393339856e-05,0.009358045373347028,0.11477805825381847,0.9233791,0.9913467240339465,0.3054843279022468,0.8462110969354222,0.1522015212091809,0.5075336384184481,0.0031119942626249304,0.005663716814159292,0.3119366086697778,2,0.1951149134145334,0.0,0.0,nan,"{""markov_seconds"": 0.17031252299966582, ""mean_states"": 2.0}"
exact-n10000000-d16-k100-sep2.0-s0,exact,10000000,16,100,2.0,0,619,True,30,19775,19775,0.0019775,140080,3610,1848,3037,5816722332.0,89.0687091100026,7364228832.0,245.43143068699646,1000000000.0,6.240872587500235,12.668198060000577,0.9234627,85,markov_a0.5,0,1,0.35247119199993904,127129,0.0127129,2.596591343606569e-05,0.00953920623060726,0.11664654520946666,0.9233905,0.9912209727850984,0.5612136536030341,0.719393173198483,0.28060682680151705,0.5,0.0,0.0,0.379285746769574,2,0.45201065680517044,1.0,0.5,0.5,"{""markov_seconds"": 0.18046816300011415, ""mean_states"": 2.0}"
exact-n10000000-d16-k100-sep2.0-s0,exact,10000000,16,100,2.0,0,619,True,30,19775,19775,0.0019775,140080,3610,1848,3037,5816722332.0,89.0687091100026,7364228832.0,245.43143068699646,1000000000.0,6.240872587500235,12.668198060000577,0.9234627,85,markov_a0.5_soft,0,1,0.34696352499850036,127129,0.0127129,2.6540785372342057e-05,0.009663330275917502,0.11768235608711214,0.9233905,0.9912209727850984,0.4147874532854903,0.6249153987147721,0.1005806941368421,0.5859252360245686,0.5083598185403904,1.0,0.22498427428506584,2,0.39636677678010196,0.6798469387755102,0.2678571428571428,0.0,"{""markov_seconds"": 0.17263988199920277, ""mean_states"": 2.0}"
exact-n10000000-d16-k100-sep2.0-s0,exact,10000000,16,100,2.0,0,619,True,30,19775,19775,0.0019775,140080,3610,1848,3037,5816722332.0,89.0687091100026,7364228832.0,245.43143068699646,1000000000.0,6.240872587500235,12.668198060000577,0.9234627,85,markov_pooled,0,1,0.3820284499997797,125392,0.0125392,2.5269047364995245e-05,0.009413038672106412,0.11576654048583801,0.9233771,0.9913105105423505,0.3855372945638432,0.8072313527180783,0.19276864728192167,0.5,0.0,0.0,0.3341582488005528,2,0.45201065680517044,1.0,0.5,0.5,"{""markov_seconds"": 0.18074605199944926, ""mean_states"": 2.0}"
exact-n10000000-d16-k100-sep2.0-s0,exact,10000000,16,100,2.0,0,619,True,30,19775,19775,0.0019775,140080,3610,1848,3037,5816722332.0,89.0687091100026,7364228832.0,245.43143068699646,1000000000.0,6.240872587500235,12.668198060000577,0.9234627,85,markov_pooled_soft,0,1,0.34234601100069995,125392,0.0125392,2.5864784762408277e-05,0.009540258121435823,0.11651963655848614,0.9233771,0.9913105105423505,0.30084196105045485,0.7128639136875665,0.07368673915580254,0.6238065758572471,0.4310068822978072,0.9985335018963337,0.20006728099848864,2,0.2930249275906994,0.4651629315175445,0.34101427078552904,1.0,"{""markov_seconds"": 0.16591749100007291, ""mean_states"": 2.0}"
exact-n10000000-d16-k100-sep2.0-s0,exact,10000000,16,100,2.0,0,619,True,30,19775,19775,0.0019775,140080,3610,1848,3037,5816722332.0,89.0687091100026,7364228832.0,245.43143068699646,1000000000.0,6.240872587500235,12.668198060000577,0.9234627,85,markov_w5,0,1,0.3648072560008586,124616,0.0124616,2.4898310766241494e-05,0.009357856654411382,0.11477629710329613,0.9233798,0.9913471416339662,0.3070543615676359,0.846472819216182,0.153527180783818,0.5,0.0,0.0,0.31331073822795746,2,0.1951149134145334,0.0,0.0,nan,"{""markov_seconds"": 0.20532098000148835, ""mean_states"": 1.4655372945638432}"
exact-n10000000-d16-k100-sep2.0-s0,exact,10000000,16,100,2.0,0,619,True,30,19775,19775,0.0019775,140080,3610,1848,3037,5816722332.0,89.0687091100026,7364228832.0,245.43143068699646,1000000000.0,6.240872587500235,12.668198060000577,0.9234627,85,markov_w20,0,1,0.3349270800008526,124672,0.0124672,2.4945248430885414e-05,0.009359825021012836,0.11479408955712175,0.9233798,0.991344113729828,0.3127180783817952,0.8436409608091024,0.15635903919089755,0.5,0.0,0.0,0.31409458526431855,2,0.1951149134145334,0.0,0.0,nan,"{""markov_seconds"": 0.16634214899931976, ""mean_states"": 2.0000505689001264}"
exact-n10000000-d16-k100-sep2.0-s0,exact,10000000,16,100,2.0,0,619,True,30,19775,19775,0.0019775,140080,3610,1848,3037,5816722332.0,89.0687091100026,7364228832.0,245.43143068699646,1000000000.0,6.240872587500235,12.668198060000577,0.9234627,85,active_set_U,5932500,2,0.5970592829999077,124618,0.0124618,2.4896385617978467e-05,0.009358160409498684,0.11477367099459078,0.9233792,0.9913472000662864,0.3072566371681416,0.8463716814159292,0.15362831858407078,0.5,0.0,0.0,0.313446319407339,2,0.1951149134145334,0.0,0.0,nan,"{""iters"": 3}"
exact-n10000000-d16-k100-sep2.0-s0,exact,10000000,16,100,2.0,0,619,True,30,19775,19775,0.0019775,140080,3610,1848,3037,5816722332.0,89.0687091100026,7364228832.0,245.43143068699646,1000000000.0,6.240872587500235,12.668198060000577,0.9234627,85,hartigan_U,5932500,2,0.436718593000478,124618,0.0124618,2.4896380345085234e-05,0.009358123844416248,0.11477367099459078,0.9233792,0.991347181346294,0.3072566371681416,0.8463716814159292,0.15362831858407078,0.5,0.0,0.0,0.3134287927790464,2,0.1951149134145334,0.0,0.0,nan,"{""moves"": 35, ""sweeps"": 3}"
exact-n10000000-d16-k100-sep2.0-s0,exact,10000000,16,100,2.0,0,619,True,30,19775,19775,0.0019775,140080,3610,1848,3037,5816722332.0,89.0687091100026,7364228832.0,245.43143068699646,1000000000.0,6.240872587500235,12.668198060000577,0.9234627,85,fcm_soft,1977500,1,0.08647145699978864,124619,0.0124619,2.4896561845233478e-05,0.00935795851972539,0.11477783388269452,0.9233793,0.9913471659487298,0.8602652137447558,0.08080138142859913,0.7653559710945693,0.482176829483131,4.3561139218626606,1.0,0.8409357956465502,2,0.9319957028386012,0.941285169117914,0.9643136579712962,nan,{}
exact-n10000000-d16-k100-sep2.0-s0,exact,10000000,16,100,2.0,0,619,True,30,19775,19775,0.0019775,140080,3610,1848,3037,5816722332.0,89.0687091100026,7364228832.0,245.43143068699646,1000000000.0,6.240872587500235,12.668198060000577,0.9234627,85,gmm_plugin_soft,1977500,1,0.1168064379999123,124717,0.0124717,2.503326633340741e-05,0.00935795851972539,0.11477783388269452,0.9233906,0.9913393439253335,0.44695702191837416,0.5284620183141511,0.30628960537098365,0.6832975989342408,0.6901062753282661,1.0,0.20018674718404364,2,0.20465143943200587,0.20920418394817242,0.33004375067176295,nan,{}
exact-n10000000-d16-k100-sep2.0-s0,exact,10000000,16,100,2.0,0,619,True,30,19775,19775,0.0019775,140080,3610,1848,3037,5816722332.0,89.0687091100026,7364228832.0,245.43143068699646,1000000000.0,6.240872587500235,12.668198060000577,0.9234627,85,full_convergence,1547506500.0,589,156.36272157699386,0,0.0,0.0,0.0,0.0,0.9234627,1.0,0.0,1.0,0.0,nan,0.0,0.0,0.2725004417433878,2,0.1951149134145334,0.0,0.0,nan,{}
exact-n10000000-d16-k100-sep2.0-s0,exact,10000000,16,100,2.0,0,619,True,30,19775,19775,0.0019775,140080,3610,1848,3037,5816722332.0,89.0687091100026,7364228832.0,245.43143068699646,1000000000.0,6.240872587500235,12.668198060000577,0.9234627,85,true_posterior_oracle,0,0,0.0,,,,,,,,1.0028922033241447,0.49816291234686755,0.5010848949131574,0.526587479132911,0.0013576087962938038,0.3454361567635904,0.49696485644660787,2,0.0,0.08070929342102087,0.19511491341453346,nan,{}
exact-n10000000-d16-k100-sep2.0-s0,exact,10000000,16,100,2.0,0,619,True,30,19775,19775,0.0019775,140080,3610,1848,3037,5816722332.0,89.0687091100026,7364228832.0,245.43143068699646,1000000000.0,6.240872587500235,12.668198060000577,0.9234627,85,model_posterior_oracle,0,0,0.0,,,,,,,,0.1808146305321801,0.7274995582566122,0.26876753762635863,0.9656264832192506,0.5422852880618221,1.0,0.0,2,0.1771966342891923,0.08453150756249296,0.2053369066750636,nan,{}
exact-n10000000-d16-k100-sep2.0-s0,exact,10000000,16,100,2.0,0,619,True,40,17093,17093,0.0017093,126347,3360,1620,2774,5890453835.0,92.64069538200238,7364228832.0,245.43143068699646,1000000000.0,6.240872587500235,12.668198060000577,0.9234627,85,stop,0,1,0.21683678699992015,113064,0.0113064,2.016903212131993e-05,0.00853755896668557,0.10646073705690376,0.9233512,0.9919740114867869,0.32457731235008486,0.8377113438249576,0.1622886561750424,0.5,0.0,0.0,0.33944491302856566,9,0.2269291054719014,0.2222222222222222,0.11111111111111116,0.5,{}
exact-n10000000-d16-k100-sep2.0-s0,exact,10000000,16,100,2.0,0,619,True,40,17093,17093,0.0017093,126347,3360,1620,2774,5890453835.0,92.64069538200238,7364228832.0,245.43143068699646,1000000000.0,6.240872587500235,12.668198060000577,0.9234627,85,reassign_U,1709300,2,0.4243380629995954,113049,0.0113049,2.016754508726848e-05,0.00853687870974723,0.10645410978844237,0.9233509,0.991974874474666,0.32282220792137134,0.8385888960393143,0.1614111039606857,0.5,0.0,0.0,0.3391930879286669,9,0.2269291054719014,0.2222222222222222,0.11111111111111116,0.5,{}
exact-n10000000-d16-k100-sep2.0-s0,exact,10000000,16,100,2.0,0,619,True,40,17093,17093,0.0017093,126347,3360,1620,2774,5890453835.0,92.64069538200238,7364228832.0,245.43143068699646,1000000000.0,6.240872587500235,12.668198060000577,0.9234627,85,majority,0,1,0.20129417899988766,118404,0.0118404,2.230384560952814e-05,0.00891709231321338,0.10999588311005612,0.9233783,0.9916760421376498,0.9493944889720939,0.5253027555139531,0.4746972444860469,0.5,0.0,0.0,0.48401548414541107,9,0.4204482229665502,0.4444444444444444,0.2222222222222222,0.5,{}
exact-n10000000-d16-k100-sep2.0-s0,exact,10000000,16,100,2.0,0,619,True,40,17093,17093,0.0017093,126347,3360,1620,2774,5890453835.0,92.64069538200238,7364228832.0,245.43143068699646,1000000000.0,6.240872587500235,12.668198060000577,0.9234627,85,frequency_soft,0,1,0.19125586999871302,118404,0.0118404,2.2329516093488877e-05,0.00892350476922304,0.11017702429045348,0.9233783,0.9916760421376498,0.6071713663657201,0.514772128941672,0.20252841407700117,0.5143933673408743,0.5414552552708866,1.0,0.2762808719787975,9,0.4150179187877099,0.40955004591368227,0.25252525252525254,0.3571428571428572,{}
exact-n10000000-d16-k100-sep2.0-s0,exact,10000000,16,100,2.0,0,619,True,40,17093,17093,0.0017093,126347,3360,1620,2774,5890453835.0,92.64069538200238,7364228832.0,245.43143068699646,1000000000.0,6.240872587500235,12.668198060000577,0.9234627,85,markov,0,1,0.42274318900126673,113060,0.011306,2.017338863513629e-05,0.008537264828974924,0.10644463068440876,0.9233516,0.991974110365225,0.3241092845024279,0.8379453577487861,0.1620546422512139,0.5,0.0,0.0,0.33925531767791095,9,0.2269291054719014,0.2222222222222222,0.11111111111111116,0.5,"{""markov_seconds"": 0.23394607000045653, ""mean_states"": 2.0}"
exact-n10000000-d16-k100-sep2.0-s0,exact,10000000,16,100,2.0,0,619,True,40,17093,17093,0.0017093,126347,3360,1620,2774,5890453835.0,92.64069538200238,7364228832.0,245.43143068699646,1000000000.0,6.240872587500235,12.668198060000577,0.9234627,85,markov_soft,0,1,0.41248060900034034,113060,0.011306,2.0173470955731077e-05,0.008537214227858364,0.10643791684729181,0.9233516,0.991974110365225,0.3212802738661881,0.8378160422623068,0.15969796436654202,0.5089039687109115,0.004571571890031885,0.008190487333996372,0.337143383662476,9,0.25569027748781065,0.2577777777777778,0.15555555555555553,0.4375,"{""markov_seconds"": 0.22176743899944995, ""mean_states"": 2.0}"
exact-n10000000-d16-k100-sep2.0-s0,exact,10000000,16,100,2.0,0,619,True,40,17093,17093,0.0017093,126347,3360,1620,2774,5890453835.0,92.64069538200238,7364228832.0,245.43143068699646,1000000000.0,6.240872587500235,12.668198060000577,0.9234627,85,markov_a0.5,0,1,0.3857091499994567,115140,0.011514,2.0991297607686477e-05,0.008684187182596786,0.10769621158882672,0.92337,0.9918576384728041,0.5674837652840344,0.7162581173579828,0.28374188264201716,0.5,0.0,0.0,0.3952898161618636,9,0.4204482229665502,0.4444444444444444,0.2222222222222222,0.5,"{""markov_seconds"": 0.2144259750002675, ""mean_states"": 2.0}"
exact-n10000000-d16-k100-sep2.0-s0,exact,10000000,16,100,2.0,0,619,True,40,17093,17093,0.0017093,126347,3360,1620,2774,5890453835.0,92.64069538200238,7364228832.0,245.43143068699646,1000000000.0,6.240872587500235,12.668198060000577,0.9234627,85,markov_a0.5_soft,0,1,0.31212472900006105,115140,0.011514,2.1447904062332768e-05,0.00879367572390211,0.1088699624782861,0.92337,0.9918576384728041,0.4172419832002989,0.621740082061845,0.09691818930660025,0.5837518053379321,0.5129627077749577,1.0,0.22228128109430298,9,0.330690671960463,0.26519041292278467,0.2154202279202279,0.7857142857142857,"{""markov_seconds"": 0.13299978800023382, ""mean_states"": 2.0}"
exact-n10000000-d16-k100-sep2.0-s0,exact,10000000,16,100,2.0,0,619,True,40,17093,17093,0.0017093,126347,3360,1620,2774,5890453835.0,92.64069538200238,7364228832.0,245.43143068699646,1000000000.0,6.240872587500235,12.668198060000577,0.9234627,85,markov_pooled,0,1,0.3593718500014802,113563,0.0113563,2.0401182702523002e-05,0.008571578834078558,0.10658081423199285,0.9233465,0.9919460119678035,0.38296378634528755,0.8085181068273563,0.19148189317264375,0.5,0.0,0.0,0.35229226658479557,9,0.2269291054719014,0.2222222222222222,0.11111111111111116,0.5,"{""markov_seconds"": 0.16220180399977835, ""mean_states"": 2.0}"
exact-n10000000-d16-k100-sep2.0-s0,exact,10000000,16,100,2.0,0,619,True,40,17093,17093,0.0017093,126347,3360,1620,2774,5890453835.0,92.64069538200238,7364228832.0,245.43143068699646,1000000000.0,6.240872587500235,12.668198060000577,0.9234627,85,markov_pooled_soft,0,1,0.3370867419998831,113563,0.0113563,2.09350222413196e-05,0.008689552295538132,0.10784218048467255,0.9233465,0.9919460119678035,0.3075486958199628,0.7079842233431313,0.06986362796117528,0.6084607407092986,0.434718297134941,0.9980693851284151,0.20965933749685528,9,0.2946866921303922,0.3214685673997493,0.22204096642980087,0.1875,"{""markov_seconds"": 0.15190122300009534, ""mean_states"": 2.0}"
exact-n10000000-d16-k100-sep2.0-s0,exact,10000000,16,100,2.0,0,619,True,40,17093,17093,0.0017093,126347,3360,1620,2774,5890453835.0,92.64069538200238,7364228832.0,245.43143068699646,1000000000.0,6.240872587500235,12.668198060000577,0.9234627,85,markov_w5,0,1,0.3595533660009096,113061,0.0113061,2.017142531274274e-05,0.008537392114821822,0.10645804810310106,0.9233513,0.9919741152890553,0.3242262914643421,0.8378868542678289,0.16211314573217106,0.5,0.0,0.0,0.3393908194351272,9,0.32235694415447724,0.4444444444444444,0.2222222222222222,0.5,"{""markov_seconds"": 0.15890012599993497, ""mean_states"": 1.4768618732814602}"
exact-n10000000-d16-k100-sep2.0-s0,exact,10000000,16,100,2.0,0,619,True,40,17093,17093,0.0017093,126347,3360,1620,2774,5890453835.0,92.64069538200238,7364228832.0,245.43143068699646,1000000000.0,6.240872587500235,12.668198060000577,0.9234627,85,markov_w20,0,1,0.40841646199987736,113096,0.0113096,2.0204481434582533e-05,0.00853872322298648,0.10645274608907611,0.9233512,0.9919719210706538,0.3283215351313403,0.8358392324343299,0.1641607675656701,0.5,0.0,0.0,0.3398093761542057,9,0.2269291054719014,0.2222222222222222,0.11111111111111116,0.5,"{""markov_seconds"": 0.23434954900039884, ""mean_states"": 2.000058503480957}"
exact-n10000000-d16-k100-sep2.0-s0,exact,10000000,16,100,2.0,0,619,True,40,17093,17093,0.0017093,126347,3360,1620,2774,5890453835.0,92.64069538200238,7364228832.0,245.43143068699646,1000000000.0,6.240872587500235,12.668198060000577,0.9234627,85,active_set_U,5127900,2,0.47732644099960453,113048,0.0113048,2.0167457581710124e-05,0.00853672065354577,0.10645410978844237,0.9233506,0.9919749158419517,0.3227052009594571,0.8386473995202715,0.16135260047972855,0.5,0.0,0.0,0.33914102298188376,9,0.2269291054719014,0.2222222222222222,0.11111111111111116,0.5,"{""iters"": 3}"
exact-n10000000-d16-k100-sep2.0-s0,exact,10000000,16,100,2.0,0,619,True,40,17093,17093,0.0017093,126347,3360,1620,2774,5890453835.0,92.64069538200238,7364228832.0,245.43143068699646,1000000000.0,6.240872587500235,12.668198060000577,0.9234627,85,hartigan_U,5127900,2,0.45600342099896807,113046,0.0113046,2.0167455750730312e-05,0.008536624283529687,0.10645410978844237,0.9233506,0.9919750001161641,0.3224711870356286,0.8387644064821856,0.16123559351781436,0.5,0.0,0.0,0.3390877791249603,9,0.2269291054719014,0.2222222222222222,0.11111111111111116,0.5,"{""moves"": 40, ""sweeps"": 3}"
exact-n10000000-d16-k100-sep2.0-s0,exact,10000000,16,100,2.0,0,619,True,40,17093,17093,0.0017093,126347,3360,1620,2774,5890453835.0,92.64069538200238,7364228832.0,245.43143068699646,1000000000.0,6.240872587500235,12.668198060000577,0.9234627,85,fcm_soft,1709300,1,0.07409069599998475,113049,0.0113049,2.0167828737038818e-05,0.00853755896668557,0.10646073705690376,0.9233509,0.991974874474666,0.8601703626813865,0.08086770503905576,0.7575651621737001,0.4722195124011107,4.356073392504289,1.0,0.8400522582393151,9,0.9208825059570585,0.9282653499396978,0.8460517729604131,0.875,{}
exact-n10000000-d16-k100-sep2.0-s0,exact,10000000,16,100,2.0,0,619,True,40,17093,17093,0.0017093,126347,3360,1620,2774,5890453835.0,92.64069538200238,7364228832.0,245.43143068699646,1000000000.0,6.240872587500235,12.668198060000577,0.9234627,85,gmm_plugin_soft,1709300,1,0.08888230199954705,113149,0.0113149,2.0254048122891888e-05,0.00853755896668557,0.10646073705690376,0.9233626,0.9919670340022336,0.45364391390315356,0.5247054264860944,0.30155462901295016,0.6777923315701195,0.6908916449007202,1.0,0.18025881010585676,9,0.24774739335620793,0.2814484293829062,0.36281881087578816,1.0,{}
exact-n10000000-d16-k100-sep2.0-s0,exact,10000000,16,100,2.0,0,619,True,40,17093,17093,0.0017093,126347,3360,1620,2774,5890453835.0,92.64069538200238,7364228832.0,245.43143068699646,1000000000.0,6.240872587500235,12.668198060000577,0.9234627,85,full_convergence,1473774997.0,579,152.7907353049941,0,0.0,0.0,0.0,0.0,0.9234627,1.0,0.0,1.0,0.0,nan,0.0,0.0,0.2959961502271498,9,0.2269291054719014,0.2222222222222222,0.11111111111111116,0.5,{}
exact-n10000000-d16-k100-sep2.0-s0,exact,10000000,16,100,2.0,0,619,True,40,17093,17093,0.0017093,126347,3360,1620,2774,5890453835.0,92.64069538200238,7364228832.0,245.43143068699646,1000000000.0,6.240872587500235,12.668198060000577,0.9234627,85,true_posterior_oracle,0,0,0.0,,,,,,,,1.0151819297002136,0.4920073743301636,0.5072328874371823,0.4888146681078097,0.0013320179811033258,0.3324167787983385,0.5010800698256997,9,0.0,0.16083248505670963,0.1467801875445914,1.0,{}
exact-n10000000-d16-k100-sep2.0-s0,exact,10000000,16,100,2.0,0,619,True,40,17093,17093,0.0017093,126347,3360,1620,2774,5890453835.0,92.64069538200238,7364228832.0,245.43143068699646,1000000000.0,6.240872587500235,12.668198060000577,0.9234627,85,model_posterior_oracle,0,0,0.0,,,,,,,,0.20538268915125937,0.7040038497728502,0.29147074911853443,0.9920451065961902,0.5686090837271783,1.0,0.0,9,0.21491583725122984,0.2228959896320214,0.18869795872393558,1.0,{}
exact-n10000000-d16-k100-sep2.0-s0,exact,10000000,16,100,2.0,0,619,True,50,14338,14338,0.0014338,115022,3013,1345,2502,5956526095.0,95.91139762600142,7364228832.0,245.43143068699646,1000000000.0,6.240872587500235,12.668198060000577,0.9234627,85,stop,0,1,0.20321109700125817,103771,0.0103771,1.683005284047745e-05,0.007866348148417244,0.10101830176614623,0.9233557,0.9924965490610101,0.34900265029990235,0.8254986748500488,0.1745013251499512,0.5,0.0,0.0,0.3502427267749306,9,0.4464691702783265,0.6666666666666666,0.33333333333333337,0.5,{}
exact-n10000000-d16-k100-sep2.0-s0,exact,10000000,16,100,2.0,0,619,True,50,14338,14338,0.0014338,115022,3013,1345,2502,5956526095.0,95.91139762600142,7364228832.0,245.43143068699646,1000000000.0,6.240872587500235,12.668198060000577,0.9234627,85,reassign_U,1433800,2,0.39118726500055345,103766,0.0103766,1.6828306696359263e-05,0.007865695088342294,0.1010173385561061,0.923355,0.9924969401229894,0.3483052029571767,0.8258473985214116,0.17415260147858835,0.5,0.0,0.0,0.3500096144471745,9,0.4464691702783265,0.6666666666666666,0.33333333333333337,0.5,{}
exact-n10000000-d16-k100-sep2.0-s0,exact,10000000,16,100,2.0,0,619,True,50,14338,14338,0.0014338,115022,3013,1345,2502,5956526095.0,95.91139762600142,7364228832.0,245.43143068699646,1000000000.0,6.240872587500235,12.668198060000577,0.9234627,85,majority,0,1,0.22048735200041847,108300,0.01083,1.8365121155605735e-05,0.008197394180125907,0.10331811632613168,0.9233462,0.9922357103343329,0.9807504533407728,0.5096247733296136,0.49037522667038635,0.5,0.0,0.0,0.492557974395508,9,0.6710900277149019,1.1111111111111112,0.5555555555555556,0.5,{}
exact-n10000000-d16-k100-sep2.0-s0,exact,10000000,16,100,2.0,0,619,True,50,14338,14338,0.0014338,115022,3013,1345,2502,5956526095.0,95.91139762600142,7364228832.0,245.43143068699646,1000000000.0,6.240872587500235,12.668198060000577,0.9234627,85,frequency_soft,0,1,0.20927419699910388,108300,0.01083,1.8386052877295e-05,0.008192181763783756,0.10342010878590141,0.9233462,0.9922357103343329,0.6213022321773383,0.5079445592766837,0.21864340151409475,0.5156485919158731,0.5408923795033409,1.0,0.27958106300937957,9,0.5192124472869928,0.6336088154269972,0.42424242424242425,0.775,{}
exact-n10000000-d16-k100-sep2.0-s0,exact,10000000,16,100,2.0,0,619,True,50,14338,14338,0.0014338,115022,3013,1345,2502,5956526095.0,95.91139762600142,7364228832.0,245.43143068699646,1000000000.0,6.240872587500235,12.668198060000577,0.9234627,85,markov,0,1,0.33371600799910084,103789,0.0103789,1.6838290402887424e-05,0.007867381285744483,0.10101033543630265,0.9233561,0.9924955486461448,0.3515134607337146,0.8242432696331427,0.17575673036685735,0.5,0.0,0.0,0.35074298432071577,9,0.4464691702783265,0.6666666666666666,0.33333333333333337,0.5,"{""markov_seconds"": 0.14825819299949217, ""mean_states"": 2.0}"
exact-n10000000-d16-k100-sep2.0-s0,exact,10000000,16,100,2.0,0,619,True,50,14338,14338,0.0014338,115022,3013,1345,2502,5956526095.0,95.91139762600142,7364228832.0,245.43143068699646,1000000000.0,6.240872587500235,12.668198060000577,0.9234627,85,markov_soft,0,1,0.39862829899902863,103789,0.0103789,1.6838369752969484e-05,0.007867643906817415,0.10100856322132727,0.9233561,0.9924955486461448,0.3477932901107562,0.8241752358086576,0.17304586503219505,0.5119041893941406,0.005682849105574518,0.010112986469521551,0.34861994098805754,9,0.4464691702783265,0.6666666666666666,0.33333333333333337,0.5,"{""markov_seconds"": 0.192769851999401, ""mean_states"": 2.0}"
exact-n10000000-d16-k100-sep2.0-s0,exact,10000000,16,100,2.0,0,619,True,50,14338,14338,0.0014338,115022,3013,1345,2502,5956526095.0,95.91139762600142,7364228832.0,245.43143068699646,1000000000.0,6.240872587500235,12.668198060000577,0.9234627,85,markov_a0.5,0,1,0.3523538080007711,105521,0.0105521,1.741040259894966e-05,0.007996712316180498,0.1018525622222036,0.9233518,0.9923930160722951,0.5931092202538708,0.7034453898730646,0.2965546101269354,0.5,0.0,0.0,0.4042219368447086,9,0.5220654681501488,0.6666666666666666,0.33333333333333337,0.5,"{""markov_seconds"": 0.1713993040011701, ""mean_states"": 2.0}"
exact-n10000000-d16-k100-sep2.0-s0,exact,10000000,16,100,2.0,0,619,True,50,14338,14338,0.0014338,115022,3013,1345,2502,5956526095.0,95.91139762600142,7364228832.0,245.43143068699646,1000000000.0,6.240872587500235,12.668198060000577,0.9234627,85,markov_a0.5_soft,0,1,0.3133485610014759,105521,0.0105521,1.77398041114607e-05,0.008084618724102153,0.10257234960886857,0.9233518,0.9923930160722951,0.4375286470159114,0.6113250569299258,0.11026785274398787,0.5641276192179019,0.5134234729927776,1.0,0.22866996921070182,9,0.45734376041830604,0.4956072237300384,0.12502913752913755,1.0,"{""markov_seconds"": 0.1357710570009658, ""mean_states"": 2.0}"
exact-n10000000-d16-k100-sep2.0-s0,exact,10000000,16,100,2.0,0,619,True,50,14338,14338,0.0014338,115022,3013,1345,2502,5956526095.0,95.91139762600142,7364228832.0,245.43143068699646,1000000000.0,6.240872587500235,12.668198060000577,0.9234627,85,markov_pooled,0,1,0.30882475700127543,104278,0.0104278,1.702078841825383e-05,0.007903187821141706,0.1014352262288804,0.923364,0.9924676783438153,0.41972381085228067,0.7901380945738596,0.20986190542614036,0.5,0.0,0.0,0.3667241588649851,9,0.4464691702783265,0.6666666666666666,0.33333333333333337,0.5,"{""markov_seconds"": 0.14578147800057195, ""mean_states"": 2.0}"
exact-n10000000-d16-k100-sep2.0-s0,exact,10000000,16,100,2.0,0,619,True,50,14338,14338,0.0014338,115022,3013,1345,2502,5956526095.0,95.91139762600142,7364228832.0,245.43143068699646,1000000000.0,6.240872587500235,12.668198060000577,0.9234627,85,markov_pooled_soft,0,1,0.30165398999997706,104278,0.0104278,1.735530273117014e-05,0.00799722773390028,0.10193405729085955,0.923364,0.9924676783438153,0.33028841442636275,0.6956424521133612,0.08375334538602296,0.5944405287095725,0.4371864041211879,0.9983958711117311,0.21690245382555579,9,0.4431637442842447,0.666863331804709,0.33002790733925147,0.4166666666666667,"{""markov_seconds"": 0.12001978199987207, ""mean_states"": 2.0}"
exact-n10000000-d16-k100-sep2.0-s0,exact,10000000,16,100,2.0,0,619,True,50,14338,14338,0.0014338,115022,3013,1345,2502,5956526095.0,95.91139762600142,7364228832.0,245.43143068699646,1000000000.0,6.240872587500235,12.668198060000577,0.9234627,85,markov_w5,0,1,0.3189902840003924,103771,0.0103771,1.6831142823248157e-05,0.007866452752720667,0.10101999186144611,0.9233559,0.9924965385411572,0.34900265029990235,0.8254986748500488,0.1745013251499512,0.5,0.0,0.0,0.35028783116473694,9,0.4464691702783265,0.6666666666666666,0.33333333333333337,0.5,"{""markov_seconds"": 0.13574290900032793, ""mean_states"": 1.4820756032919515}"
exact-n10000000-d16-k100-sep2.0-s0,exact,10000000,16,100,2.0,0,619,True,50,14338,14338,0.0014338,115022,3013,1345,2502,5956526095.0,95.91139762600142,7364228832.0,245.43143068699646,1000000000.0,6.240872587500235,12.668198060000577,0.9234627,85,markov_w20,0,1,0.32988172200020927,103808,0.0103808,1.68780711422567e-05,0.007868382710913087,0.10099370431051383,0.9233546,0.9924945136201654,0.35416376063607197,0.822918119681964,0.17708188031803596,0.5,0.0,0.0,0.35137897572159893,9,0.4464691702783265,0.6666666666666666,0.33333333333333337,0.5,"{""markov_seconds"": 0.1272785510009271, ""mean_states"": 2.0}"
exact-n10000000-d16-k100-sep2.0-s0,exact,10000000,16,100,2.0,0,619,True,50,14338,14338,0.0014338,115022,3013,1345,2502,5956526095.0,95.91139762600142,7364228832.0,245.43143068699646,1000000000.0,6.240872587500235,12.668198060000577,0.9234627,85,active_set_U,5735200,2,0.4372017040004721,103760,0.010376,1.682823781301579e-05,0.00786553912457029,0.10102292262177137,0.9233548,0.9924973247334296,0.347468266145906,0.826265866927047,0.17373413307295305,0.5,0.0,0.0,0.3499482281768538,9,0.4464691702783265,0.6666666666666666,0.33333333333333337,0.5,"{""iters"": 4}"
exact-n10000000-d16-k100-sep2.0-s0,exact,10000000,16,100,2.0,0,619,True,50,14338,14338,0.0014338,115022,3013,1345,2502,5956526095.0,95.91139762600142,7364228832.0,245.43143068699646,1000000000.0,6.240872587500235,12.668198060000577,0.9234627,85,hartigan_U,4301400,2,0.45355079200089676,103759,0.0103759,1.6828235744226205e-05,0.007865496093887042,0.10102292262177137,0.9233547,0.992497370624582,0.34732877667736084,0.8263356116613195,0.17366438833868048,0.5,0.0,0.0,0.34992140492358775,9,0.4464691702783265,0.6666666666666666,0.33333333333333337,0.5,"{""moves"": 50, ""sweeps"": 3}"
exact-n10000000-d16-k100-sep2.0-s0,exact,10000000,16,100,2.0,0,619,True,50,14338,14338,0.0014338,115022,3013,1345,2502,5956526095.0,95.91139762600142,7364228832.0,245.43143068699646,1000000000.0,6.240872587500235,12.668198060000577,0.9234627,85,fcm_soft,1433800,1,0.10851482300131465,103766,0.0103766,1.682864981300547e-05,0.007866348148417244,0.10101830176614623,0.923355,0.9924969401229894,0.8598332227168046,0.0810819794222689,0.7446116821849704,0.47035785903983357,4.354431824831254,1.0,0.8392128312027983,9,0.9302754212779573,0.9356910468922381,0.6253252708462801,0.8333333333333333,{}
exact-n10000000-d16-k100-sep2.0-s0,exact,10000000,16,100,2.0,0,619,True,50,14338,14338,0.0014338,115022,3013,1345,2502,5956526095.0,95.91139762600142,7364228832.0,245.43143068699646,1000000000.0,6.240872587500235,12.668198060000577,0.9234627,85,gmm_plugin_soft,1433800,1,0.07195301100000506,103830,0.010383,1.687982589881898e-05,0.007866348148417244,0.10101830176614623,0.9233642,0.9924916464566622,0.46223755777471404,0.5199159597792586,0.29507347435288994,0.6629047869498046,0.6918957627804253,1.0,0.17364990060752927,9,0.4047356520089033,0.5752813416270468,0.017849917366217105,0.6111111111111112,{}
exact-n10000000-d16-k100-sep2.0-s0,exact,10000000,16,100,2.0,0,619,True,50,14338,14338,0.0014338,115022,3013,1345,2502,5956526095.0,95.91139762600142,7364228832.0,245.43143068699646,1000000000.0,6.240872587500235,12.668198060000577,0.9234627,85,full_convergence,1407702737.0,569,149.52003306099505,0,0.0,0.0,0.0,0.0,0.9234627,1.0,0.0,1.0,0.0,nan,0.0,0.0,0.30737082453823894,9,0.4464691702783265,0.6666666666666666,0.33333333333333337,0.5,{}
exact-n10000000-d16-k100-sep2.0-s0,exact,10000000,16,100,2.0,0,619,True,50,14338,14338,0.0014338,115022,3013,1345,2502,5956526095.0,95.91139762600142,7364228832.0,245.43143068699646,1000000000.0,6.240872587500235,12.668198060000577,0.9234627,85,true_posterior_oracle,0,0,0.0,,,,,,,,1.0010897775647407,0.4989950831845543,0.5001115530516124,0.48563102496610533,0.001527858684306009,0.3384014506904729,0.49729388094035104,9,0.0,0.2259408060698065,0.11578728680088453,0.75,{}
exact-n10000000-d16-k100-sep2.0-s0,exact,10000000,16,100,2.0,0,619,True,50,14338,14338,0.0014338,115022,3013,1345,2502,5956526095.0,95.91139762600142,7364228832.0,245.43143068699646,1000000000.0,6.240872587500235,12.668198060000577,0.9234627,85,model_posterior_oracle,0,0,0.0,,,,,,,,0.2202408179059436,0.6926291754617611,0.30194590040826785,0.9687658042954965,0.5774286027689541,1.0,0.0,9,0.3434846568502826,0.516863835893854,0.12284800935389822,0.7222222222222222,{}
exact-n10000000-d16-k100-sep2.0-s0,exact,10000000,16,100,2.0,0,619,True,60,11511,11511,0.0011511,105564,2053,1043,1679,6013016480.0,99.3551565600028,7364228832.0,245.43143068699646,1000000000.0,6.240872587500235,12.668198060000577,0.9234627,85,stop,0,1,0.2213834220001445,95647,0.0095647,1.4611333324809905e-05,0.00726760541748754,0.09805540345064696,0.9233798,0.9929852923319769,0.29172096255755364,0.8541395187212232,0.14586048127877682,0.5,0.0,0.0,0.34814577491046556,4,0.3939044886804776,1.5,0.75,0.5,{}
exact-n10000000-d16-k100-sep2.0-s0,exact,10000000,16,100,2.0,0,619,True,60,11511,11511,0.0011511,105564,2053,1043,1679,6013016480.0,99.3551565600028,7364228832.0,245.43143068699646,1000000000.0,6.240872587500235,12.668198060000577,0.9234627,85,reassign_U,1151100,2,0.375543973999811,95648,0.0095648,1.4610175876450526e-05,0.007267496124069683,0.09805255812619637,0.9233793,0.9929852182617243,0.29189470940839196,0.854052645295804,0.14594735470419595,0.5,0.0,0.0,0.34809571134568623,4,0.3939044886804776,1.5,0.75,0.5,{}
exact-n10000000-d16-k100-sep2.0-s0,exact,10000000,16,100,2.0,0,619,True,60,11511,11511,0.0011511,105564,2053,1043,1679,6013016480.0,99.3551565600028,7364228832.0,245.43143068699646,1000000000.0,6.240872587500235,12.668198060000577,0.9234627,85,majority,0,1,0.26644299600047816,99513,0.0099513,1.5599870171634223e-05,0.0075559430219819335,0.09909896510630331,0.9233759,0.992754482496215,0.9634262878985318,0.5182868560507341,0.4817131439492659,0.5,0.0,0.0,0.4951865413100049,4,0.6120499784389517,1.5,0.75,0.5,{}
exact-n10000000-d16-k100-sep2.0-s0,exact,10000000,16,100,2.0,0,619,True,60,11511,11511,0.0011511,105564,2053,1043,1679,6013016480.0,99.3551565600028,7364228832.0,245.43143068699646,1000000000.0,6.240872587500235,12.668198060000577,0.9234627,85,frequency_soft,0,1,0.2267906690012751,99513,0.0099513,1.5620550720241155e-05,0.007558147876510147,0.09928263319690978,0.9233759,0.992754482496215,0.6196616818551568,0.5079647135941115,0.20794339011696328,0.49877692859476924,0.5426795917355155,1.0,0.275910769264384,4,0.437143031399821,0.9752066115702478,0.5,1.0,{}
exact-n10000000-d16-k100-sep2.0-s0,exact,10000000,16,100,2.0,0,619,True,60,11511,11511,0.0011511,105564,2053,1043,1679,6013016480.0,99.3551565600028,7364228832.0,245.43143068699646,1000000000.0,6.240872587500235,12.668198060000577,0.9234627,85,markov,0,1,0.31226469399916823,95644,0.0095644,1.4615800827622039e-05,0.0072674560555305,0.0980356742746129,0.9233795,0.9929853290502774,0.2911997220050387,0.8544001389974807,0.14559986100251932,0.5,0.0,0.0,0.34804932956974105,4,0.3939044886804776,1.5,0.75,0.5,"{""markov_seconds"": 0.11606245099937951, ""mean_states"": 2.0}"
exact-n10000000-d16-k100-sep2.0-s0,exact,10000000,16,100,2.0,0,619,True,60,11511,11511,0.0011511,105564,2053,1043,1679,6013016480.0,99.3551565600028,7364228832.0,245.43143068699646,1000000000.0,6.240872587500235,12.668198060000577,0.9234627,85,markov_soft,0,1,0.32698942699971667,95644,0.0095644,1.4615869285750094e-05,0.00726827632934464,0.09805223629373086,0.9233795,0.9929853290502774,0.2900732107372165,0.8529850037798957,0.14429461695554993,0.5088624704449164,0.005841821491879616,0.010424811050299713,0.34579092918226917,4,0.3939044886804776,1.5,0.75,0.5,"{""markov_seconds"": 0.12372654699902341, ""mean_states"": 2.0}"
exact-n10000000-d16-k100-sep2.0-s0,exact,10000000,16,100,2.0,0,619,True,60,11511,11511,0.0011511,105564,2053,1043,1679,6013016480.0,99.3551565600028,7364228832.0,245.43143068699646,1000000000.0,6.240872587500235,12.668198060000577,0.9234627,85,markov_a0.5,0,1,0.31348415200045565,97159,0.0097159,1.499798936199781e-05,0.007383270942935604,0.0984072643197989,0.923382,0.9928956591351534,0.5544262010251064,0.7227868994874468,0.2772131005125532,0.5,0.0,0.0,0.4076332095214519,4,0.3939044886804776,1.5,0.75,0.5,"{""markov_seconds"": 0.13943779799956246, ""mean_states"": 2.0}"
exact-n10000000-d16-k100-sep2.0-s0,exact,10000000,16,100,2.0,0,619,True,60,11511,11511,0.0011511,105564,2053,1043,1679,6013016480.0,99.3551565600028,7364228832.0,245.43143068699646,1000000000.0,6.240872587500235,12.668198060000577,0.9234627,85,markov_a0.5_soft,0,1,0.2984010029995261,97159,0.0097159,1.5211501278589168e-05,0.007462288943723285,0.09884041874254058,0.923382,0.9928956591351534,0.41797894505703126,0.6215934379938187,0.10583519424325766,0.567079790808866,0.5123719588310182,1.0,0.22957922175453152,4,0.41397300321218844,1.1304738350591717,0.5694711538461539,1.0,"{""markov_seconds"": 0.09445993200097291, ""mean_states"": 2.0}"
exact-n10000000-d16-k100-sep2.0-s0,exact,10000000,16,100,2.0,0,619,True,60,11511,11511,0.0011511,105564,2053,1043,1679,6013016480.0,99.3551565600028,7364228832.0,245.43143068699646,1000000000.0,6.240872587500235,12.668198060000577,0.9234627,85,markov_pooled,0,1,0.30795385700002953,96028,0.0096028,1.4722580883530512e-05,0.007296427647577184,0.09825109612149684,0.9233953,0.9929627634508851,0.35791851272695685,0.8210407436365216,0.17895925636347843,0.5,0.0,0.0,0.3629237117761375,4,0.3939044886804776,1.5,0.75,0.5,"{""markov_seconds"": 0.13138531900040107, ""mean_states"": 2.0}"
exact-n10000000-d16-k100-sep2.0-s0,exact,10000000,16,100,2.0,0,619,True,60,11511,11511,0.0011511,105564,2053,1043,1679,6013016480.0,99.3551565600028,7364228832.0,245.43143068699646,1000000000.0,6.240872587500235,12.668198060000577,0.9234627,85,markov_pooled_soft,0,1,0.2667495499990764,96028,0.0096028,1.4956138719268708e-05,0.007383990423912821,0.09852566374428418,0.9233953,0.9929627634508851,0.2967813698590998,0.7139889490023589,0.0754075865044743,0.5868132051573112,0.43335246290069085,0.9978281643645209,0.21980330498688438,4,0.3691969101065754,1.4060534012162755,0.7252924214260978,0.6666666666666666,"{""markov_seconds"": 0.09675383600006171, ""mean_states"": 2.0}"
exact-n10000000-d16-k100-sep2.0-s0,exact,10000000,16,100,2.0,0,619,True,60,11511,11511,0.0011511,105564,2053,1043,1679,6013016480.0,99.3551565600028,7364228832.0,245.43143068699646,1000000000.0,6.240872587500235,12.668198060000577,0.9234627,85,markov_w5,0,1,0.3223764079993998,95650,0.009565,1.4611815004395012e-05,0.007267768465074085,0.09805540345064696,0.9233799,0.9929849942107819,0.29224220311006865,0.8538788984449657,0.14612110155503433,0.5,0.0,0.0,0.34820706961209574,4,0.3939044886804776,1.5,0.75,0.5,"{""markov_seconds"": 0.13585335700008727, ""mean_states"": 1.4725045608548346}"
exact-n10000000-d16-k100-sep2.0-s0,exact,10000000,16,100,2.0,0,619,True,60,11511,11511,0.0011511,105564,2053,1043,1679,6013016480.0,99.3551565600028,7364228832.0,245.43143068699646,1000000000.0,6.240872587500235,12.668198060000577,0.9234627,85,markov_w20,0,1,0.29351807500097493,95733,0.0095733,1.4661429640572265e-05,0.007272734149132534,0.09806263429323915,0.9233776,0.9929797598010289,0.3066631917296499,0.8466684041351751,0.15333159586482492,0.5,0.0,0.0,0.35077938024920097,4,0.3939044886804776,1.5,0.75,0.5,"{""markov_seconds"": 0.10518565300117189, ""mean_states"": 2.0}"
exact-n10000000-d16-k100-sep2.0-s0,exact,10000000,16,100,2.0,0,619,True,60,11511,11511,0.0011511,105564,2053,1043,1679,6013016480.0,99.3551565600028,7364228832.0,245.43143068699646,1000000000.0,6.240872587500235,12.668198060000577,0.9234627,85,active_set_U,4604400,2,0.4936203109991766,95642,0.0095642,1.4610108138413125e-05,0.007267365241031135,0.09805255812619637,0.9233791,0.992985548909865,0.290852228303362,0.854573885848319,0.14542611415168105,0.5,0.0,0.0,0.3480125453878365,4,0.3939044886804776,1.5,0.75,0.5,"{""iters"": 4}"
exact-n10000000-d16-k100-sep2.0-s0,exact,10000000,16,100,2.0,0,619,True,60,11511,11511,0.0011511,105564,2053,1043,1679,6013016480.0,99.3551565600028,7364228832.0,245.43143068699646,1000000000.0,6.240872587500235,12.668198060000577,0.9234627,85,hartigan_U,3453300,2,0.39309360699917306,95641,0.0095641,1.4610105388390693e-05,0.0072673531612725585,0.09805255812619637,0.923379,0.992985610479239,0.2906784814525237,0.8546607592737382,0.1453392407262618,0.5,0.0,0.0,0.3480074463993294,4,0.3939044886804776,1.5,0.75,0.5,"{""moves"": 42, ""sweeps"": 3}"
exact-n10000000-d16-k100-sep2.0-s0,exact,10000000,16,100,2.0,0,619,True,60,11511,11511,0.0011511,105564,2053,1043,1679,6013016480.0,99.3551565600028,7364228832.0,245.43143068699646,1000000000.0,6.240872587500235,12.668198060000577,0.9234627,85,fcm_soft,1151100,1,0.060979060999670764,95648,0.0095648,1.4610491048561158e-05,0.00726760541748754,0.09805540345064696,0.9233793,0.9929852182617243,0.8597230599499902,0.08117624114958889,0.7727893624649954,0.4813773607296647,4.353730263092957,1.0,0.8388264737831926,4,0.9336426256137828,0.9491943928412689,0.21179730023983567,0.3333333333333333,{}
exact-n10000000-d16-k100-sep2.0-s0,exact,10000000,16,100,2.0,0,619,True,60,11511,11511,0.0011511,105564,2053,1043,1679,6013016480.0,99.3551565600028,7364228832.0,245.43143068699646,1000000000.0,6.240872587500235,12.668198060000577,0.9234627,85,gmm_plugin_soft,1151100,1,0.0806567260005977,95734,0.0095734,1.4661123701520395e-05,0.00726760541748754,0.09805540345064696,0.9233952,0.9929776878713882,0.46670599734250684,0.5173274206027597,0.3260520423277012,0.7043674864189726,0.6926022152052773,1.0,0.16695054504127566,4,0.42222368937528476,1.0494328609869137,0.4097564954486045,0.3333333333333333,{}
exact-n10000000-d16-k100-sep2.0-s0,exact,10000000,16,100,2.0,0,619,True,60,11511,11511,0.0011511,105564,2053,1043,1679,6013016480.0,99.3551565600028,7364228832.0,245.43143068699646,1000000000.0,6.240872587500235,12.668198060000577,0.9234627,85,full_convergence,1351212352.0,559,146.07627412699367,0,0.0,0.0,0.0,0.0,0.9234627,1.0,0.0,1.0,0.0,nan,0.0,0.0,0.3162697647212023,4,0.3939044886804776,1.5,0.75,0.5,{}
exact-n10000000-d16-k100-sep2.0-s0,exact,10000000,16,100,2.0,0,619,True,60,11511,11511,0.0011511,105564,2053,1043,1679,6013016480.0,99.3551565600028,7364228832.0,245.43143068699646,1000000000.0,6.240872587500235,12.668198060000577,0.9234627,85,true_posterior_oracle,0,0,0.0,,,,,,,,0.9811576963745965,0.508978880242645,0.49021877971399497,0.4835287553998004,0.0015120382096443928,0.3350708018417166,0.49558536867636444,4,0.0,0.5963233768925742,0.3560961432501193,1.0,{}
exact-n10000000-d16-k100-sep2.0-s0,exact,10000000,16,100,2.0,0,619,True,60,11511,11511,0.0011511,105564,2053,1043,1679,6013016480.0,99.3551565600028,7364228832.0,245.43143068699646,1000000000.0,6.240872587500235,12.668198060000577,0.9234627,85,model_posterior_oracle,0,0,0.0,,,,,,,,0.23217688588329177,0.6837302352787977,0.3093855033735241,0.9494948565116332,0.5840738359301987,1.0,0.0,4,0.3821947841915532,1.157558476432872,0.4936402276415237,0.6666666666666666,{}
exact-n10000000-d16-k100-sep2.0-s0,exact,10000000,16,100,2.0,0,619,True,70,10648,10648,0.0010648,96640,1724,1109,1356,6076411265.0,102.87451896100174,7364228832.0,245.43143068699646,1000000000.0,6.240872587500235,12.668198060000577,0.9234627,85,stop,0,1,0.20899333499983186,87721,0.0087721,1.2512653293939024e-05,0.006685034857744914,0.0961105510045046,0.9233804,0.9934467776785113,0.25469571750563486,0.8726521412471826,0.1273478587528174,0.5,0.0,0.0,0.3304302464598155,3,0.4953923395112443,0.6666666666666666,0.33333333333333337,0.5,{}
exact-n10000000-d16-k100-sep2.0-s0,exact,10000000,16,100,2.0,0,619,True,70,10648,10648,0.0010648,96640,1724,1109,1356,6076411265.0,102.87451896100174,7364228832.0,245.43143068699646,1000000000.0,6.240872587500235,12.668198060000577,0.9234627,85,reassign_U,1064800,2,0.3894347329987795,87719,0.0087719,1.2512275054943345e-05,0.0066849331852711635,0.09611436714085204,0.9233794,0.9934468480995676,0.2543200601051841,0.872839969947408,0.12716003005259202,0.5,0.0,0.0,0.33042095423218854,3,0.4953923395112443,0.6666666666666666,0.33333333333333337,0.5,{}
exact-n10000000-d16-k100-sep2.0-s0,exact,10000000,16,100,2.0,0,619,True,70,10648,10648,0.0010648,96640,1724,1109,1356,6076411265.0,102.87451896100174,7364228832.0,245.43143068699646,1000000000.0,6.240872587500235,12.668198060000577,0.9234627,85,majority,0,1,0.1973445340008766,91797,0.0091797,1.3675546400637728e-05,0.006984095925590825,0.09702948565097741,0.9233778,0.9932084789961183,1.0202854996243427,0.4898572501878287,0.5101427498121713,0.5,0.0,0.0,0.5044044088626872,3,0.5769564013103216,1.3333333333333333,0.6666666666666667,0.5,{}
exact-n10000000-d16-k100-sep2.0-s0,exact,10000000,16,100,2.0,0,619,True,70,10648,10648,0.0010648,96640,1724,1109,1356,6076411265.0,102.87451896100174,7364228832.0,245.43143068699646,1000000000.0,6.240872587500235,12.668198060000577,0.9234627,85,frequency_soft,0,1,0.1904388460006885,91797,0.0091797,1.368829312675679e-05,0.006977290128714686,0.0970419687661932,0.9233778,0.9932084789961183,0.6446762205760908,0.4957567789085445,0.2371849600437128,0.5015802953075165,0.5420326423575395,1.0,0.29001938230884927,3,0.49898621568351914,0.8925619834710744,0.3333333333333333,0.25,{}
exact-n10000000-d16-k100-sep2.0-s0,exact,10000000,16,100,2.0,0,619,True,70,10648,10648,0.0010648,96640,1724,1109,1356,6076411265.0,102.87451896100174,7364228832.0,245.43143068699646,1000000000.0,6.240872587500235,12.668198060000577,0.9234627,85,markov,0,1,0.3069688169998699,87730,0.008773,1.2517229511344041e-05,0.0066853005098413305,0.09610776316917717,0.9233807,0.9934463165508196,0.25638617580766343,0.8718069120961683,0.12819308790383166,0.5,0.0,0.0,0.3306625873732129,3,0.4953923395112443,0.6666666666666666,0.33333333333333337,0.5,"{""markov_seconds"": 0.12377890599964303, ""mean_states"": 2.0}"
exact-n10000000-d16-k100-sep2.0-s0,exact,10000000,16,100,2.0,0,619,True,70,10648,10648,0.0010648,96640,1724,1109,1356,6076411265.0,102.87451896100174,7364228832.0,245.43143068699646,1000000000.0,6.240872587500235,12.668198060000577,0.9234627,85,markov_soft,0,1,0.3045151580008678,87730,0.008773,1.2517278679791133e-05,0.006685270448403297,0.09610504821793583,0.9233807,0.9934463165508196,0.2524370684172935,0.8719783224796595,0.1254700948460064,0.5164245300779192,0.005318181991093319,0.00948534936138242,0.3281902547601132,3,0.4953923395112443,0.6666666666666666,0.33333333333333337,0.5,"{""markov_seconds"": 0.11408521100020153, ""mean_states"": 2.0}"
exact-n10000000-d16-k100-sep2.0-s0,exact,10000000,16,100,2.0,0,619,True,70,10648,10648,0.0010648,96640,1724,1109,1356,6076411265.0,102.87451896100174,7364228832.0,245.43143068699646,1000000000.0,6.240872587500235,12.668198060000577,0.9234627,85,markov_a0.5,0,1,0.3043384420016082,89348,0.0089348,1.2969356436132173e-05,0.00680477564138422,0.09646928760209555,0.9233814,0.9933507634592236,0.5602930127723517,0.7198534936138242,0.2801465063861758,0.5,0.0,0.0,0.3990870797463434,3,0.4953923395112443,0.6666666666666666,0.33333333333333337,0.5,"{""markov_seconds"": 0.11069685900110926, ""mean_states"": 2.0}"
exact-n10000000-d16-k100-sep2.0-s0,exact,10000000,16,100,2.0,0,619,True,70,10648,10648,0.0010648,96640,1724,1109,1356,6076411265.0,102.87451896100174,7364228832.0,245.43143068699646,1000000000.0,6.240872587500235,12.668198060000577,0.9234627,85,markov_a0.5_soft,0,1,0.27647016599985363,89348,0.0089348,1.3172285234341885e-05,0.006881972317279921,0.09673260672262768,0.9233814,0.9933507634592236,0.41446923134121666,0.6172076533466099,0.11214175599577628,0.5755521913111857,0.5267130591906769,1.0,0.22043144782235566,3,0.36308877978608317,0.6313214990138067,0.36410256410256414,1.0,"{""markov_seconds"": 0.09171157000128005, ""mean_states"": 2.0}"
exact-n10000000-d16-k100-sep2.0-s0,exact,10000000,16,100,2.0,0,619,True,70,10648,10648,0.0010648,96640,1724,1109,1356,6076411265.0,102.87451896100174,7364228832.0,245.43143068699646,1000000000.0,6.240872587500235,12.668198060000577,0.9234627,85,markov_pooled,0,1,0.35681600700081617,88272,0.0088272,1.267570604235324e-05,0.006725215424876177,0.09616431865715241,0.9234063,0.9934152162681116,0.3581893313298272,0.8209053343350864,0.1790946656649136,0.5,0.0,0.0,0.35429261004277274,3,0.4953923395112443,0.6666666666666666,0.33333333333333337,0.5,"{""markov_seconds"": 0.1437936689999333, ""mean_states"": 2.0}"
exact-n10000000-d16-k100-sep2.0-s0,exact,10000000,16,100,2.0,0,619,True,70,10648,10648,0.0010648,96640,1724,1109,1356,6076411265.0,102.87451896100174,7364228832.0,245.43143068699646,1000000000.0,6.240872587500235,12.668198060000577,0.9234627,85,markov_pooled_soft,0,1,0.29049707900048816,88272,0.0088272,1.2882826714077922e-05,0.006802986816527811,0.09648025632890658,0.9234063,0.9934152162681116,0.27137786730273994,0.7182628733355636,0.08437274567265665,0.6804882594949562,0.45399232339995027,0.998779113448535,0.19536808780236697,3,0.3769964448542156,0.71848902944142,0.45744913378584406,0.0,"{""markov_seconds"": 0.09584811700005957, ""mean_states"": 2.0}"
exact-n10000000-d16-k100-sep2.0-s0,exact,10000000,16,100,2.0,0,619,True,70,10648,10648,0.0010648,96640,1724,1109,1356,6076411265.0,102.87451896100174,7364228832.0,245.43143068699646,1000000000.0,6.240872587500235,12.668198060000577,0.9234627,85,markov_w5,0,1,0.3139029819994903,87715,0.0087715,1.2513230019939314e-05,0.006684819536373079,0.09610390799451006,0.9233804,0.9934471597235346,0.2535687453042825,0.8732156273478587,0.12678437265214126,0.5,0.0,0.0,0.3303339099229144,3,0.4953923395112443,0.6666666666666666,0.33333333333333337,0.5,"{""markov_seconds"": 0.14920955399975355, ""mean_states"": 1.5291134485349362}"
exact-n10000000-d16-k100-sep2.0-s0,exact,10000000,16,100,2.0,0,619,True,70,10648,10648,0.0010648,96640,1724,1109,1356,6076411265.0,102.87451896100174,7364228832.0,245.43143068699646,1000000000.0,6.240872587500235,12.668198060000577,0.9234627,85,markov_w20,0,1,0.25318596299985074,87766,0.0087766,1.2550569036262615e-05,0.006687568412263662,0.09610601192509417,0.9233817,0.993443856833347,0.2631480090157776,0.8684259954921112,0.1315740045078888,0.5,0.0,0.0,0.3318687164810775,3,0.4953923395112443,0.6666666666666666,0.33333333333333337,0.5,"{""markov_seconds"": 0.08926107899969793, ""mean_states"": 2.0}"
exact-n10000000-d16-k100-sep2.0-s0,exact,10000000,16,100,2.0,0,619,True,70,10648,10648,0.0010648,96640,1724,1109,1356,6076411265.0,102.87451896100174,7364228832.0,245.43143068699646,1000000000.0,6.240872587500235,12.668198060000577,0.9234627,85,active_set_U,3194400,2,0.4136360219999915,87719,0.0087719,1.2512266661879323e-05,0.006684899244526694,0.09611436714085204,0.9233794,0.9934468486712389,0.2543200601051841,0.872839969947408,0.12716003005259202,0.5,0.0,0.0,0.33039370987535943,3,0.4953923395112443,0.6666666666666666,0.33333333333333337,0.5,"{""iters"": 3}"
exact-n10000000-d16-k100-sep2.0-s0,exact,10000000,16,100,2.0,0,619,True,70,10648,10648,0.0010648,96640,1724,1109,1356,6076411265.0,102.87451896100174,7364228832.0,245.43143068699646,1000000000.0,6.240872587500235,12.668198060000577,0.9234627,85,hartigan_U,3194400,2,0.37103173800096556,87718,0.0087718,1.251226404153094e-05,0.006684863584559243,0.09611436714085204,0.9233793,0.9934469373837774,0.25413223140495866,0.8729338842975206,0.1270661157024794,0.5,0.0,0.0,0.33038921364045043,3,0.4953923395112443,0.6666666666666666,0.33333333333333337,0.5,"{""moves"": 19, ""sweeps"": 3}"
exact-n10000000-d16-k100-sep2.0-s0,exact,10000000,16,100,2.0,0,619,True,70,10648,10648,0.0010648,96640,1724,1109,1356,6076411265.0,102.87451896100174,7364228832.0,245.43143068699646,1000000000.0,6.240872587500235,12.668198060000577,0.9234627,85,fcm_soft,1064800,1,0.4741434389998176,87719,0.0087719,1.2512344480963833e-05,0.006685034857744914,0.0961105510045046,0.9233794,0.9934468480995676,0.8592781357661265,0.08143595173921274,0.7913354170350809,0.49061504396508737,4.351914800307831,1.0,0.8382752155387421,3,0.9270105733055329,0.9365654720952058,0.6280033272982433,1.0,{}
exact-n10000000-d16-k100-sep2.0-s0,exact,10000000,16,100,2.0,0,619,True,70,10648,10648,0.0010648,96640,1724,1109,1356,6076411265.0,102.87451896100174,7364228832.0,245.43143068699646,1000000000.0,6.240872587500235,12.668198060000577,0.9234627,85,gmm_plugin_soft,1064800,1,0.0617236239995691,87825,0.0087825,1.2573775802326992e-05,0.006685034857744914,0.0961105510045046,0.9233952,0.9934392912325793,0.4626309257003452,0.5195027474995961,0.3404511291950631,0.7262379905892736,0.6922377831572178,1.0,0.1749742132715572,3,0.32234284358277376,0.38545559239615584,0.37771578253504423,1.0,{}
exact-n10000000-d16-k100-sep2.0-s0,exact,10000000,16,100,2.0,0,619,True,70,10648,10648,0.0010648,96640,1724,1109,1356,6076411265.0,102.87451896100174,7364228832.0,245.43143068699646,1000000000.0,6.240872587500235,12.668198060000577,0.9234627,85,full_convergence,1287817567.0,549,142.55691172599472,0,0.0,0.0,0.0,0.0,0.9234627,1.0,0.0,1.0,0.0,nan,0.0,0.0,0.3059019203610995,3,0.4953923395112443,0.6666666666666666,0.33333333333333337,0.5,{}
exact-n10000000-d16-k100-sep2.0-s0,exact,10000000,16,100,2.0,0,619,True,70,10648,10648,0.0010648,96640,1724,1109,1356,6076411265.0,102.87451896100174,7364228832.0,245.43143068699646,1000000000.0,6.240872587500235,12.668198060000577,0.9234627,85,true_posterior_oracle,0,0,0.0,,,,,,,,0.9937379560060569,0.502802130539238,0.4966524424699169,0.511283404979852,0.0011941962739389809,0.35236664162284,0.49434890039602947,3,0.0,0.10577306735604329,0.16909288653081625,nan,{}
exact-n10000000-d16-k100-sep2.0-s0,exact,10000000,16,100,2.0,0,619,True,70,10648,10648,0.0010648,96640,1724,1109,1356,6076411265.0,102.87451896100174,7364228832.0,245.43143068699646,1000000000.0,6.240872587500235,12.668198060000577,0.9234627,85,model_posterior_oracle,0,0,0.0,,,,,,,,0.21896872715145346,0.6940980796389005,0.29874608716536155,0.9646442830195431,0.5760282413202944,1.0,0.0,3,0.3219914767615362,0.3001837960539104,0.29096604776817475,1.0,{}
exact-n10000000-d16-k100-sep2.0-s0,exact,10000000,16,100,2.0,0,619,True,80,9939,9939,0.0009939,88213,1512,926,1182,6137956455.0,106.33549715300433,7364228832.0,245.43143068699646,1000000000.0,6.240872587500235,12.668198060000577,0.9234627,85,stop,0,1,0.20791701300004206,80160,0.008016,1.0682318769550392e-05,0.0061277310016876925,0.09306367348064824,0.9233372,0.9939111454487382,0.23785089043163296,0.8810745547841835,0.1189254452158165,0.5,0.0,0.0,0.33892036633547046,4,0.2851408071184982,1.5,0.75,0.5,{}
exact-n10000000-d16-k100-sep2.0-s0,exact,10000000,16,100,2.0,0,619,True,80,9939,9939,0.0009939,88213,1512,926,1182,6137956455.0,106.33549715300433,7364228832.0,245.43143068699646,1000000000.0,6.240872587500235,12.668198060000577,0.9234627,85,reassign_U,993900,2,0.35751355799948215,80160,0.008016,1.0681616257945947e-05,0.006127621092047602,0.09305621525446417,0.9233372,0.9939112621705242,0.23785089043163296,0.8810745547841835,0.1189254452158165,0.5,0.0,0.0,0.3389092413870979,4,0.2851408071184982,1.5,0.75,0.5,{}
exact-n10000000-d16-k100-sep2.0-s0,exact,10000000,16,100,2.0,0,619,True,80,9939,9939,0.0009939,88213,1512,926,1182,6137956455.0,106.33549715300433,7364228832.0,245.43143068699646,1000000000.0,6.240872587500235,12.668198060000577,0.9234627,85,majority,0,1,0.22376905499913846,83977,0.0083977,1.1585807091929468e-05,0.006407979724468018,0.09469898032523767,0.9233571,0.9936734938701063,1.0059362108864072,0.49703189455679647,0.5029681054432036,0.5,0.0,0.0,0.497891384619678,4,0.7576900897243737,2.0,1.0,nan,{}
exact-n10000000-d16-k100-sep2.0-s0,exact,10000000,16,100,2.0,0,619,True,80,9939,9939,0.0009939,88213,1512,926,1182,6137956455.0,106.33549715300433,7364228832.0,245.43143068699646,1000000000.0,6.240872587500235,12.668198060000577,0.9234627,85,frequency_soft,0,1,0.21326058500017098,83977,0.0083977,1.1600188390747945e-05,0.006402762869433622,0.09465579582050898,0.9233571,0.9936734938701063,0.6299351664991156,0.5018887943729476,0.2270120462091484,0.5141889106566252,0.544843740752689,1.0,0.27697623519190695,4,0.5827359848466063,1.4793388429752066,0.6590909090909091,nan,{}
exact-n10000000-d16-k100-sep2.0-s0,exact,10000000,16,100,2.0,0,619,True,80,9939,9939,0.0009939,88213,1512,926,1182,6137956455.0,106.33549715300433,7364228832.0,245.43143068699646,1000000000.0,6.240872587500235,12.668198060000577,0.9234627,85,markov,0,1,0.35638620000099763,80156,0.0080156,1.0687414776722193e-05,0.006127681526530395,0.09306580713187255,0.9233368,0.9939113983093069,0.2370459804809337,0.8814770097595331,0.11852299024046686,0.5,0.0,0.0,0.3388876892429961,4,0.2851408071184982,1.5,0.75,0.5,"{""markov_seconds"": 0.14809602100103803, ""mean_states"": 2.0}"
exact-n10000000-d16-k100-sep2.0-s0,exact,10000000,16,100,2.0,0,619,True,80,9939,9939,0.0009939,88213,1512,926,1182,6137956455.0,106.33549715300433,7364228832.0,245.43143068699646,1000000000.0,6.240872587500235,12.668198060000577,0.9234627,85,markov_soft,0,1,0.32025570899895683,80156,0.0080156,1.0687492170813329e-05,0.006128183412611585,0.09306833169969723,0.9233368,0.9939113983093069,0.2346284429941699,0.8807496669857068,0.11596096383298307,0.5146308079241979,0.0056571905280751525,0.009759533152228595,0.33626042691540015,4,0.2851408071184982,1.5,0.75,0.5,"{""markov_seconds"": 0.1250440490002802, ""mean_states"": 2.0}"
exact-n10000000-d16-k100-sep2.0-s0,exact,10000000,16,100,2.0,0,619,True,80,9939,9939,0.0009939,88213,1512,926,1182,6137956455.0,106.33549715300433,7364228832.0,245.43143068699646,1000000000.0,6.240872587500235,12.668198060000577,0.9234627,85,markov_a0.5,0,1,0.27380836799966346,81560,0.008156,1.1015313023721163e-05,0.006231222009282661,0.09374589762144453,0.9233388,0.9938234256546562,0.5195693731763759,0.740215313411812,0.259784686588188,0.5,0.0,0.0,0.39718896730293063,4,0.4278860488140679,2.0,1.0,nan,"{""markov_seconds"": 0.10794844299925899, ""mean_states"": 2.0}"
exact-n10000000-d16-k100-sep2.0-s0,exact,10000000,16,100,2.0,0,619,True,80,9939,9939,0.0009939,88213,1512,926,1182,6137956455.0,106.33549715300433,7364228832.0,245.43143068699646,1000000000.0,6.240872587500235,12.668198060000577,0.9234627,85,markov_a0.5_soft,0,1,0.27183459300067625,81560,0.008156,1.1197020974851313e-05,0.006311375359275791,0.09414975945384588,0.9233388,0.9938234256546562,0.4014477711473352,0.6264004805772087,0.1054384268870352,0.5639653549407706,0.5204421258250633,1.0,0.21526071614510975,4,0.3651223484829699,1.3615625,0.64375,nan,"{""markov_seconds"": 0.1056993380007043, ""mean_states"": 2.0}"
exact-n10000000-d16-k100-sep2.0-s0,exact,10000000,16,100,2.0,0,619,True,80,9939,9939,0.0009939,88213,1512,926,1182,6137956455.0,106.33549715300433,7364228832.0,245.43143068699646,1000000000.0,6.240872587500235,12.668198060000577,0.9234627,85,markov_pooled,0,1,0.3087744830008887,80523,0.0080523,1.0778789915733e-05,0.006153003172030572,0.09318097014244965,0.9233069,0.9938884835028328,0.3108964684575913,0.8445517657712044,0.1554482342287956,0.5,0.0,0.0,0.35383491085117874,4,0.2851408071184982,1.5,0.75,0.5,"{""markov_seconds"": 0.11618052400081069, ""mean_states"": 2.0}"
exact-n10000000-d16-k100-sep2.0-s0,exact,10000000,16,100,2.0,0,619,True,80,9939,9939,0.0009939,88213,1512,926,1182,6137956455.0,106.33549715300433,7364228832.0,245.43143068699646,1000000000.0,6.240872587500235,12.668198060000577,0.9234627,85,markov_pooled_soft,0,1,0.26389933499922336,80523,0.0080523,1.0988425320546114e-05,0.006237419881089916,0.09368720736870403,0.9233069,0.9938884835028328,0.26243896803745664,0.7279287647781352,0.08310710644157839,0.6232396695744301,0.44128370312485493,0.9982895663547641,0.2000573371964037,4,0.2851408071184982,1.5,0.75,0.5,"{""markov_seconds"": 0.09292135400028201, ""mean_states"": 2.0}"
exact-n10000000-d16-k100-sep2.0-s0,exact,10000000,16,100,2.0,0,619,True,80,9939,9939,0.0009939,88213,1512,926,1182,6137956455.0,106.33549715300433,7364228832.0,245.43143068699646,1000000000.0,6.240872587500235,12.668198060000577,0.9234627,85,markov_w5,0,1,0.2670873749993916,80163,0.0080163,1.0682496811575959e-05,0.0061279114325024295,0.09306884121231987,0.9233373,0.993910916012625,0.2384545728946574,0.8807727135526713,0.11922728644732872,0.5,0.0,0.0,0.33899596186663716,4,0.2851408071184982,1.5,0.75,0.5,"{""markov_seconds"": 0.09165440899960231, ""mean_states"": 1.5005533755911058}"
exact-n10000000-d16-k100-sep2.0-s0,exact,10000000,16,100,2.0,0,619,True,80,9939,9939,0.0009939,88213,1512,926,1182,6137956455.0,106.33549715300433,7364228832.0,245.43143068699646,1000000000.0,6.240872587500235,12.668198060000577,0.9234627,85,markov_w20,0,1,0.2555676060001133,80181,0.0080181,1.0701565116733036e-05,0.006129324352440869,0.09308608404159963,0.9233374,0.993909640410921,0.2420766676728041,0.8789616661635979,0.12103833383640206,0.5,0.0,0.0,0.33971455915770166,4,0.2851408071184982,1.5,0.75,0.5,"{""markov_seconds"": 0.10046545399927709, ""mean_states"": 2.0}"
exact-n10000000-d16-k100-sep2.0-s0,exact,10000000,16,100,2.0,0,619,True,80,9939,9939,0.0009939,88213,1512,926,1182,6137956455.0,106.33549715300433,7364228832.0,245.43143068699646,1000000000.0,6.240872587500235,12.668198060000577,0.9234627,85,active_set_U,3975600,2,0.41317260899995745,80162,0.0080162,1.0681574196924615e-05,0.0061276990822882816,0.09305621525446417,0.923337,0.9939110717243043,0.2382533454069826,0.8808733272965087,0.11912667270349131,0.5,0.0,0.0,0.33891098147269544,4,0.2851408071184982,1.5,0.75,0.5,"{""iters"": 4}"
exact-n10000000-d16-k100-sep2.0-s0,exact,10000000,16,100,2.0,0,619,True,80,9939,9939,0.0009939,88213,1512,926,1182,6137956455.0,106.33549715300433,7364228832.0,245.43143068699646,1000000000.0,6.240872587500235,12.668198060000577,0.9234627,85,hartigan_U,4969500,2,0.43062812899916025,80160,0.008016,1.0681568926695917e-05,0.006127704635065591,0.09305621525446417,0.9233372,0.993911119895984,0.23785089043163296,0.8810745547841835,0.1189254452158165,0.5,0.0,0.0,0.3388507830554163,4,0.2851408071184982,1.5,0.75,0.5,"{""moves"": 34, ""sweeps"": 5}"
exact-n10000000-d16-k100-sep2.0-s0,exact,10000000,16,100,2.0,0,619,True,80,9939,9939,0.0009939,88213,1512,926,1182,6137956455.0,106.33549715300433,7364228832.0,245.43143068699646,1000000000.0,6.240872587500235,12.668198060000577,0.9234627,85,fcm_soft,993900,1,0.05843250399993849,80160,0.008016,1.0681779830878924e-05,0.0061277310016876925,0.09306367348064824,0.9233372,0.9939112621705242,0.8595212791975075,0.08128547284557419,0.7997263629312686,0.48604355577660174,4.3525265607204116,1.0,0.8382833597339822,4,0.9187286167206645,0.9427333843608219,0.21112870777723727,0.6666666666666666,{}
exact-n10000000-d16-k100-sep2.0-s0,exact,10000000,16,100,2.0,0,619,True,80,9939,9939,0.0009939,88213,1512,926,1182,6137956455.0,106.33549715300433,7364228832.0,245.43143068699646,1000000000.0,6.240872587500235,12.668198060000577,0.9234627,85,gmm_plugin_soft,993900,1,0.052778087001570384,80293,0.0080293,1.073130077444695e-05,0.0061277310016876925,0.09306367348064824,0.9233425,0.9939007505088837,0.46584607529719485,0.5177137275856253,0.34757649108300165,0.7282013410272509,0.6927585277591505,1.0,0.16592814895261512,4,0.2554135543390953,1.1170802208082402,0.3930094215688418,0.6666666666666666,{}
exact-n10000000-d16-k100-sep2.0-s0,exact,10000000,16,100,2.0,0,619,True,80,9939,9939,0.0009939,88213,1512,926,1182,6137956455.0,106.33549715300433,7364228832.0,245.43143068699646,1000000000.0,6.240872587500235,12.668198060000577,0.9234627,85,full_convergence,1226272377.0,539,139.09593353399214,0,0.0,0.0,0.0,0.0,0.9234627,1.0,0.0,1.0,0.0,nan,0.0,0.0,0.31663757900434814,4,0.2851408071184982,1.5,0.75,0.5,{}
exact-n10000000-d16-k100-sep2.0-s0,exact,10000000,16,100,2.0,0,619,True,80,9939,9939,0.0009939,88213,1512,926,1182,6137956455.0,106.33549715300433,7364228832.0,245.43143068699646,1000000000.0,6.240872587500235,12.668198060000577,0.9234627,85,true_posterior_oracle,0,0,0.0,,,,,,,,1.028094306992266,0.485564637788996,0.513726321386405,0.5186401448732909,0.001400428286502301,0.36412113894758025,0.5010671389669712,4,0.0,0.7805711901319701,0.4648591928815018,1.0,{}
exact-n10000000-d16-k100-sep2.0-s0,exact,10000000,16,100,2.0,0,619,True,80,9939,9939,0.0009939,88213,1512,926,1182,6137956455.0,106.33549715300433,7364228832.0,245.43143068699646,1000000000.0,6.240872587500235,12.668198060000577,0.9234627,85,model_posterior_oracle,0,0,0.0,,,,,,,,0.22985920134960675,0.6833624209956519,0.3104986963288597,0.9408355987981113,0.5887686493733243,1.0,0.0,4,0.14804322901493425,1.0232029755702738,0.45913842321539877,0.6666666666666666,{}
exact-n10000000-d16-k100-sep2.0-s0,exact,10000000,16,100,2.0,0,619,True,90,8996,8996,0.0008996,80655,1438,906,1075,6198182218.0,109.44374230200629,7364228832.0,245.43143068699646,1000000000.0,6.240872587500235,12.668198060000577,0.9234627,85,stop,0,1,0.18790884199916036,73323,0.0073323,9.204352432456986e-06,0.0056169902157386185,0.08901566911246456,0.923321,0.9943533095840681,0.23899510893730547,0.8805024455313473,0.11949755446865273,0.5,0.0,0.0,0.3509164413786837,4,0.4408966378396885,0.5,0.25,0.5,{}
exact-n10000000-d16-k100-sep2.0-s0,exact,10000000,16,100,2.0,0,619,True,90,8996,8996,0.0008996,80655,1438,906,1075,6198182218.0,109.44374230200629,7364228832.0,245.43143068699646,1000000000.0,6.240872587500235,12.668198060000577,0.9234627,85,reassign_U,899600,2,0.3226263159995142,73318,0.0073318,9.203289346837451e-06,0.005616818282968685,0.08900555520399286,0.9233203,0.9943537055802286,0.23788350377945755,0.8810582481102712,0.11894175188972878,0.5,0.0,0.0,0.35082731894734986,4,0.4408966378396885,0.5,0.25,0.5,{}
exact-n10000000-d16-k100-sep2.0-s0,exact,10000000,16,100,2.0,0,619,True,90,8996,8996,0.0008996,80655,1438,906,1075,6198182218.0,109.44374230200629,7364228832.0,245.43143068699646,1000000000.0,6.240872587500235,12.668198060000577,0.9234627,85,majority,0,1,0.1874566019996564,76737,0.0076737,9.958390321918031e-06,0.005876335152332902,0.09112594651990721,0.9233184,0.9941311086779144,0.9979991107158738,0.5010004446420632,0.49899955535793683,0.5,0.0,0.0,0.5015450333969709,4,0.5897945866197922,0.5,0.25,0.5,{}
exact-n10000000-d16-k100-sep2.0-s0,exact,10000000,16,100,2.0,0,619,True,90,8996,8996,0.0008996,80655,1438,906,1075,6198182218.0,109.44374230200629,7364228832.0,245.43143068699646,1000000000.0,6.240872587500235,12.668198060000577,0.9234627,85,frequency_soft,0,1,0.17615988800025661,76737,0.0076737,9.969053593961164e-06,0.005870769357648365,0.09104651313875117,0.9233184,0.9941311086779144,0.6360200493148469,0.5012429766765026,0.2283742269291401,0.5034787350663602,0.5393405636895626,1.0,0.27579042249233837,4,0.46673348650126195,0.4214876033057851,0.2727272727272727,0.5,{}
exact-n10000000-d16-k100-sep2.0-s0,exact,10000000,16,100,2.0,0,619,True,90,8996,8996,0.0008996,80655,1438,906,1075,6198182218.0,109.44374230200629,7364228832.0,245.43143068699646,1000000000.0,6.240872587500235,12.668198060000577,0.9234627,85,markov,0,1,0.28210928900080035,73322,0.0073322,9.207889954288007e-06,0.005616906586084163,0.08900502561407604,0.9233213,0.9943532367853148,0.2387727879057359,0.880613606047132,0.11938639395286799,0.5,0.0,0.0,0.35072323419810375,4,0.4408966378396885,0.5,0.25,0.5,"{""markov_seconds"": 0.09626748700065946, ""mean_states"": 2.0}"
exact-n10000000-d16-k100-sep2.0-s0,exact,10000000,16,100,2.0,0,619,True,90,8996,8996,0.0008996,80655,1438,906,1075,6198182218.0,109.44374230200629,7364228832.0,245.43143068699646,1000000000.0,6.240872587500235,12.668198060000577,0.9234627,85,markov_soft,0,1,0.3171505110003636,73322,0.0073322,9.207945126821215e-06,0.00561696073486969,0.08900707521200057,0.9233213,0.9943532367853148,0.23491466780014936,0.88014187161586,0.11584258708536159,0.5183651347756772,0.007058480862865574,0.01233881725211205,0.3472418748689975,4,0.4408966378396885,0.5,0.25,0.5,"{""markov_seconds"": 0.12651548800022283, ""mean_states"": 2.0}"
exact-n10000000-d16-k100-sep2.0-s0,exact,10000000,16,100,2.0,0,619,True,90,8996,8996,0.0008996,80655,1438,906,1075,6198182218.0,109.44374230200629,7364228832.0,245.43143068699646,1000000000.0,6.240872587500235,12.668198060000577,0.9234627,85,markov_a0.5,0,1,0.3141441549996671,74698,0.0074698,9.515203175824993e-06,0.005720720482034492,0.08980455204879875,0.9233207,0.9942633916816805,0.5446865273454868,0.7276567363272566,0.2723432636727434,0.5,0.0,0.0,0.4109127643103336,4,0.4408966378396885,0.5,0.25,0.5,"{""markov_seconds"": 0.11551724799937801, ""mean_states"": 2.0}"
exact-n10000000-d16-k100-sep2.0-s0,exact,10000000,16,100,2.0,0,619,True,90,8996,8996,0.0008996,80655,1438,906,1075,6198182218.0,109.44374230200629,7364228832.0,245.43143068699646,1000000000.0,6.240872587500235,12.668198060000577,0.9234627,85,markov_a0.5_soft,0,1,0.31578695600001083,74698,0.0074698,9.648311940280152e-06,0.005787811179391751,0.09038129442584439,0.9233207,0.9942633916816805,0.40743443909909766,0.6240324311903226,0.11304904465560411,0.5797143025453199,0.5188552545175956,1.0,0.22179987577352217,4,0.3397945865962628,0.28624999999999995,0.08750000000000005,0.8333333333333334,"{""markov_seconds"": 0.124783491000926, ""mean_states"": 2.0}"
exact-n10000000-d16-k100-sep2.0-s0,exact,10000000,16,100,2.0,0,619,True,90,8996,8996,0.0008996,80655,1438,906,1075,6198182218.0,109.44374230200629,7364228832.0,245.43143068699646,1000000000.0,6.240872587500235,12.668198060000577,0.9234627,85,markov_pooled,0,1,0.31229368400090607,73643,0.0073643,9.291447119474938e-06,0.005641891665879628,0.08929581019933415,0.9233074,0.9943321886910028,0.31013783903957315,0.8449310804802135,0.15506891951978652,0.5,0.0,0.0,0.36539489503996353,4,0.4408966378396885,0.5,0.25,0.5,"{""markov_seconds"": 0.1501836910010752, ""mean_states"": 2.0}"
exact-n10000000-d16-k100-sep2.0-s0,exact,10000000,16,100,2.0,0,619,True,90,8996,8996,0.0008996,80655,1438,906,1075,6198182218.0,109.44374230200629,7364228832.0,245.43143068699646,1000000000.0,6.240872587500235,12.668198060000577,0.9234627,85,markov_pooled_soft,0,1,0.2801175879994844,73643,0.0073643,9.473322675646045e-06,0.0057193528090352715,0.08984437503374595,0.9233074,0.9943321886910028,0.26395910783171966,0.725236775072092,0.08109976510484261,0.6250449030711389,0.4457497622985858,0.9987772343263672,0.20664980208126335,4,0.3460192205729587,0.2421435820516384,0.09423568161231466,1.0,"{""markov_seconds"": 0.08656577299916535, ""mean_states"": 2.0}"
exact-n10000000-d16-k100-sep2.0-s0,exact,10000000,16,100,2.0,0,619,True,90,8996,8996,0.0008996,80655,1438,906,1075,6198182218.0,109.44374230200629,7364228832.0,245.43143068699646,1000000000.0,6.240872587500235,12.668198060000577,0.9234627,85,markov_w5,0,1,0.25960521699926176,73321,0.0073321,9.20510484103687e-06,0.005616875468379744,0.08901389724504946,0.923321,0.9943533658071825,0.23855046687416628,0.8807247665629169,0.11927523343708313,0.5,0.0,0.0,0.35081151438692504,4,0.4408966378396885,0.5,0.25,0.5,"{""markov_seconds"": 0.08753754799909075, ""mean_states"": 1.504779902178746}"
exact-n10000000-d16-k100-sep2.0-s0,exact,10000000,16,100,2.0,0,619,True,90,8996,8996,0.0008996,80655,1438,906,1075,6198182218.0,109.44374230200629,7364228832.0,245.43143068699646,1000000000.0,6.240872587500235,12.668198060000577,0.9234627,85,markov_w20,0,1,0.2384532969990687,73361,0.0073361,9.228854866760727e-06,0.005618860045903662,0.08901933617261987,0.9233212,0.9943501969161317,0.24744330813694976,0.8762783459315251,0.1237216540684749,0.5,0.0,0.0,0.3516887067999441,4,0.4408966378396885,0.5,0.25,0.5,"{""markov_seconds"": 0.07869803900030092, ""mean_states"": 2.0}"
exact-n10000000-d16-k100-sep2.0-s0,exact,10000000,16,100,2.0,0,619,True,90,8996,8996,0.0008996,80655,1438,906,1075,6198182218.0,109.44374230200629,7364228832.0,245.43143068699646,1000000000.0,6.240872587500235,12.668198060000577,0.9234627,85,active_set_U,3598400,2,0.41790578499967523,73317,0.0073317,9.20327293596479e-06,0.0056167746998425925,0.08900555520399286,0.92332,0.9943537982346331,0.23766118274788794,0.881169408626056,0.11883059137394403,0.5,0.0,0.0,0.3508236723412054,4,0.4408966378396885,0.5,0.25,0.5,"{""iters"": 4}"
exact-n10000000-d16-k100-sep2.0-s0,exact,10000000,16,100,2.0,0,619,True,90,8996,8996,0.0008996,80655,1438,906,1075,6198182218.0,109.44374230200629,7364228832.0,245.43143068699646,1000000000.0,6.240872587500235,12.668198060000577,0.9234627,85,hartigan_U,3598400,2,0.38437696499931917,73318,0.0073318,9.203266237989283e-06,0.00561682837862461,0.08900883242217504,0.9233203,0.9943537605397045,0.23788350377945755,0.8810582481102712,0.11894175188972878,0.5,0.0,0.0,0.35088567759111217,4,0.4408966378396885,0.5,0.25,0.5,"{""moves"": 35, ""sweeps"": 4}"
exact-n10000000-d16-k100-sep2.0-s0,exact,10000000,16,100,2.0,0,619,True,90,8996,8996,0.0008996,80655,1438,906,1075,6198182218.0,109.44374230200629,7364228832.0,245.43143068699646,1000000000.0,6.240872587500235,12.668198060000577,0.9234627,85,fcm_soft,899600,1,0.05612685599953693,73318,0.0073318,9.20345586652438e-06,0.0056169902157386185,0.08901566911246456,0.9233203,0.9943537055802286,0.8595467048300024,0.08127310820999083,0.7997338075452727,0.48928582377647445,4.352868837800348,1.0,0.8382074294162938,4,0.9225175714920344,0.9336182837931297,0.710067866153318,0.6666666666666667,{}
exact-n10000000-d16-k100-sep2.0-s0,exact,10000000,16,100,2.0,0,619,True,90,8996,8996,0.0008996,80655,1438,906,1075,6198182218.0,109.44374230200629,7364228832.0,245.43143068699646,1000000000.0,6.240872587500235,12.668198060000577,0.9234627,85,gmm_plugin_soft,899600,1,0.052071834999878774,73405,0.0073405,9.23202542035817e-06,0.0056169902157386185,0.08901566911246456,0.9233212,0.9943454865458355,0.4693348864326048,0.5158332923651898,0.3533259607933247,0.7257310945439018,0.6929497619387551,1.0,0.15402252487825763,4,0.2926659624694167,0.39964114916976673,0.23347623892043112,1.0,{}
exact-n10000000-d16-k100-sep2.0-s0,exact,10000000,16,100,2.0,0,619,True,90,8996,8996,0.0008996,80655,1438,906,1075,6198182218.0,109.44374230200629,7364228832.0,245.43143068699646,1000000000.0,6.240872587500235,12.668198060000577,0.9234627,85,full_convergence,1166046614.0,529,135.98768838499018,0,0.0,0.0,0.0,0.0,0.9234627,1.0,0.0,1.0,0.0,nan,0.0,0.0,0.33049742260108417,4,0.4408966378396885,0.5,0.25,0.5,{}
exact-n10000000-d16-k100-sep2.0-s0,exact,10000000,16,100,2.0,0,619,True,90,8996,8996,0.0008996,80655,1438,906,1075,6198182218.0,109.44374230200629,7364228832.0,245.43143068699646,1000000000.0,6.240872587500235,12.668198060000577,0.9234627,85,true_posterior_oracle,0,0,0.0,,,,,,,,0.9982107033474716,0.5004891032545474,0.4988800940235208,0.5073401705371527,0.001350857816733496,0.35615829257447756,0.49842485244365964,4,0.0,0.40078261034533436,0.19089663783968858,1.0,{}
exact-n10000000-d16-k100-sep2.0-s0,exact,10000000,16,100,2.0,0,619,True,90,8996,8996,0.0008996,80655,1438,906,1075,6198182218.0,109.44374230200629,7364228832.0,245.43143068699646,1000000000.0,6.240872587500235,12.668198060000577,0.9234627,85,model_posterior_oracle,0,0,0.0,,,,,,,,0.24764864022912889,0.6695025773989158,0.32139191409312384,0.9528251398622742,0.5999188803132047,1.0,0.0,4,0.24167022644061528,0.43111817930947766,0.4286565662208027,1.0,{}
exact-n10000000-d16-k100-sep2.0-s1,exact,10000000,16,100,2.0,1,406,True,10,888856,200000,0.0888856,96756,35834,8979,32386,3326265219.0,49.245733010997355,4083607171.0,156.09136400799252,1000000000.0,5.9982279044997995,12.959476949999953,0.9528622,91,stop,0,1,0.21291306399871246,88041,0.0088041,6.862779102534411e-05,0.006552803323053183,0.10500256876025034,0.9532178,0.991591991922676,0.07332,0.96334,0.036660000000000026,0.5,0.0,0.0,0.0591775327550426,143963,0.02652407797595251,0.052569062884213306,0.02628453144210663,0.5,{}
exact-n10000000-d16-k100-sep2.0-s1,exact,10000000,16,100,2.0,1,406,True,10,888856,200000,0.0888856,96756,35834,8979,32386,3326265219.0,49.245733010997355,4083607171.0,156.09136400799252,1000000000.0,5.9982279044997995,12.959476949999953,0.9528622,91,reassign_U,88885600,2,1.9648511430004874,85128,0.0085128,5.5312279527930386e-05,0.006337707268377076,0.10468087923042879,0.9531708,0.992271749827947,0.067,0.9665,0.033499999999999974,0.5,0.0,0.0,0.057382909105024645,143963,0.026513627486073308,0.052569062884213306,0.02628453144210663,0.5,{}
exact-n10000000-d16-k100-sep2.0-s1,exact,10000000,16,100,2.0,1,406,True,10,888856,200000,0.0888856,96756,35834,8979,32386,3326265219.0,49.245733010997355,4083607171.0,156.09136400799252,1000000000.0,5.9982279044997995,12.959476949999953,0.9528622,91,majority,0,1,0.6607301620006183,122582,0.0122582,0.0004541973203513461,0.009209629643526722,0.12715487715422033,0.9542274,0.984188803031883,0.15092,0.92454,0.07545999999999997,0.5,0.0,0.0,0.09143763106723571,143963,0.02541097814999266,0.05019345248431889,0.025096726242159417,0.5,{}
exact-n10000000-d16-k100-sep2.0-s1,exact,10000000,16,100,2.0,1,406,True,10,888856,200000,0.0888856,96756,35834,8979,32386,3326265219.0,49.245733010997355,4083607171.0,156.09136400799252,1000000000.0,5.9982279044997995,12.959476949999953,0.9528622,91,frequency_soft,0,1,0.7452359810013149,122582,0.0122582,0.002209306115968479,0.016221992131380304,0.19502436171946222,0.9542274,0.984188803031883,0.14408504132231403,0.8033168181818181,0.08423000000000011,0.7580068676833571,0.4166220371209744,1.0,0.1761132408178307,143963,0.14573260610217736,0.08687321690725974,0.11229147893429722,0.632042726959209,{}
exact-n10000000-d16-k100-sep2.0-s1,exact,10000000,16,100,2.0,1,406,True,10,888856,200000,0.0888856,96756,35834,8979,32386,3326265219.0,49.245733010997355,4083607171.0,156.09136400799252,1000000000.0,5.9982279044997995,12.959476949999953,0.9528622,91,markov,0,1,9.656991809999454,95748,0.0095748,0.00027033818873034576,0.007103761111635016,0.10554872224933344,0.9534026,0.9897126090125389,0.09055,0.954725,0.045274999999999954,0.5,0.0,0.0,0.06596098085342487,143963,0.02582434451801406,0.0512492793287164,0.02562463966435824,0.5,"{""markov_seconds"": 9.47752522600058, ""mean_states"": 2.0735462212101847}"
exact-n10000000-d16-k100-sep2.0-s1,exact,10000000,16,100,2.0,1,406,True,10,888856,200000,0.0888856,96756,35834,8979,32386,3326265219.0,49.245733010997355,4083607171.0,156.09136400799252,1000000000.0,5.9982279044997995,12.959476949999953,0.9528622,91,markov_soft,0,1,8.906172261999018,95748,0.0095748,0.00027739387184100295,0.007316479583158559,0.10553112445219646,0.9534026,0.9897126090125389,0.08259331328629188,0.94829596260847,0.03226231214373854,0.6557251896665433,0.03208205437149626,0.063175,0.0656211166658599,143963,0.027187419199497607,0.05017124993160479,0.02335228948194447,0.5583262144663933,"{""markov_seconds"": 8.63425454299977, ""mean_states"": 2.0735462212101847}"
exact-n10000000-d16-k100-sep2.0-s1,exact,10000000,16,100,2.0,1,406,True,10,888856,200000,0.0888856,96756,35834,8979,32386,3326265219.0,49.245733010997355,4083607171.0,156.09136400799252,1000000000.0,5.9982279044997995,12.959476949999953,0.9528622,91,markov_a0.5,0,1,9.950757979000628,111993,0.0111993,0.0003745851095904307,0.008409174011050024,0.10738073246432617,0.9536309,0.9859996883371623,0.12699,0.936505,0.06349499999999997,0.5,0.0,0.0,0.08171859849571295,143963,0.025529068394116988,0.050499086570855015,0.0252495432854275,0.5,"{""markov_seconds"": 9.743487281000853, ""mean_states"": 2.0735462212101847}"
exact-n10000000-d16-k100-sep2.0-s1,exact,10000000,16,100,2.0,1,406,True,10,888856,200000,0.0888856,96756,35834,8979,32386,3326265219.0,49.245733010997355,4083607171.0,156.09136400799252,1000000000.0,5.9982279044997995,12.959476949999953,0.9528622,91,markov_a0.5_soft,0,1,8.663706514000296,111993,0.0111993,0.001106374481235628,0.01326978690989779,0.12466922693259548,0.9536309,0.9859996883371623,0.10978683253412412,0.8487095044779905,0.05429650428136665,0.80911617172147,0.341816884781813,1.0,0.13655797999581593,143963,0.10259163127418863,0.06179954715845313,0.06637756392661268,0.6503825100312022,"{""markov_seconds"": 8.386806653999884, ""mean_states"": 2.0735462212101847}"
exact-n10000000-d16-k100-sep2.0-s1,exact,10000000,16,100,2.0,1,406,True,10,888856,200000,0.0888856,96756,35834,8979,32386,3326265219.0,49.245733010997355,4083607171.0,156.09136400799252,1000000000.0,5.9982279044997995,12.959476949999953,0.9528622,91,markov_pooled,0,1,9.150448498001424,95981,0.0095981,0.000272888783991343,0.007117324518295058,0.10580086457873743,0.9533869,0.9897114283943754,0.09111,0.954445,0.04555500000000001,0.5,0.0,0.0,0.06620735259417629,143963,0.02602352353094249,0.05170773045852059,0.025853865229260253,0.5,"{""markov_seconds"": 8.95714171200052, ""mean_states"": 2.0735462212101847}"
exact-n10000000-d16-k100-sep2.0-s1,exact,10000000,16,100,2.0,1,406,True,10,888856,200000,0.0888856,96756,35834,8979,32386,3326265219.0,49.245733010997355,4083607171.0,156.09136400799252,1000000000.0,5.9982279044997995,12.959476949999953,0.9528622,91,markov_pooled_soft,0,1,8.712150723000377,95981,0.0095981,0.0003148314897709614,0.007963438957028059,0.10575362420579022,0.9533869,0.9897114283943754,0.0816190193913669,0.93532865326381,0.025738730527507855,0.7230769686507552,0.08558216914750297,0.90614,0.07006417672801936,143963,0.03317302452825314,0.049890960308334044,0.01797949347214092,0.6365958054220939,"{""markov_seconds"": 8.46773328800009, ""mean_states"": 2.0735462212101847}"
exact-n10000000-d16-k100-sep2.0-s1,exact,10000000,16,100,2.0,1,406,True,10,888856,200000,0.0888856,96756,35834,8979,32386,3326265219.0,49.245733010997355,4083607171.0,156.09136400799252,1000000000.0,5.9982279044997995,12.959476949999953,0.9528622,91,markov_w5,0,1,7.140321144999689,88107,0.0088107,6.867142248401237e-05,0.006556722978930833,0.10502024733303783,0.9532173,0.9915855945375786,0.07344,0.96328,0.036719999999999975,0.5,0.0,0.0,0.059203645996518735,143963,0.02651934143980336,0.05255517042573439,0.02627758521286716,0.5,"{""markov_seconds"": 6.982276611999623, ""mean_states"": 1.060130099813693}"
exact-n10000000-d16-k100-sep2.0-s1,exact,10000000,16,100,2.0,1,406,True,10,888856,200000,0.0888856,96756,35834,8979,32386,3326265219.0,49.245733010997355,4083607171.0,156.09136400799252,1000000000.0,5.9982279044997995,12.959476949999953,0.9528622,91,markov_w20,0,1,8.285049403999437,95748,0.0095748,0.00027033818873034576,0.007103761111635016,0.10554872224933344,0.9534026,0.9897126090125389,0.09055,0.954725,0.045274999999999954,0.5,0.0,0.0,0.06596098085342487,143963,0.02582434451801406,0.0512492793287164,0.02562463966435824,0.5,"{""markov_seconds"": 8.056721664999714, ""mean_states"": 2.0735462212101847}"
exact-n10000000-d16-k100-sep2.0-s1,exact,10000000,16,100,2.0,1,406,True,10,888856,200000,0.0888856,96756,35834,8979,32386,3326265219.0,49.245733010997355,4083607171.0,156.09136400799252,1000000000.0,5.9982279044997995,12.959476949999953,0.9528622,91,active_set_U,2488796800,2,34.573599321000074,83055,0.0083055,5.413711321078374e-05,0.00619884096394059,0.10434082214376734,0.9531893,0.9925748868473524,0.06206,0.96897,0.031030000000000002,0.5,0.0,0.0,0.05622328731241895,143963,0.02651005918252992,0.052569062884213306,0.02628453144210663,0.5,"{""iters"": 28}"
exact-n10000000-d16-k100-sep2.0-s1,exact,10000000,16,100,2.0,1,406,True,10,888856,200000,0.0888856,96756,35834,8979,32386,3326265219.0,49.245733010997355,4083607171.0,156.09136400799252,1000000000.0,5.9982279044997995,12.959476949999953,0.9528622,91,hartigan_U,1688826400,2,24.56454702800147,83024,0.0083024,5.41366236199714e-05,0.006196514455744047,0.10433754900136046,0.9531929,0.9925769378793299,0.06205,0.968975,0.03102499999999997,0.5,0.0,0.0,0.056216339246806205,143963,0.02651005918252992,0.052569062884213306,0.02628453144210663,0.5,"{""moves"": 6044, ""sweeps"": 19}"
exact-n10000000-d16-k100-sep2.0-s1,exact,10000000,16,100,2.0,1,406,True,10,888856,200000,0.0888856,96756,35834,8979,32386,3326265219.0,49.245733010997355,4083607171.0,156.09136400799252,1000000000.0,5.9982279044997995,12.959476949999953,0.9528622,91,fcm_soft,88885600,1,4.388708082999074,85128,0.0085128,5.8310676468220635e-05,0.006552803323053183,0.10500256876025034,0.9531708,0.992271749827947,0.8958781934063055,0.05941074995433644,0.9069368636910259,0.3296956003737134,4.47428451411188,1.0,0.928492080315113,143963,0.9350400132366183,0.8927103740809783,0.9125261433049688,0.8933392426207344,{}
exact-n10000000-d16-k100-sep2.0-s1,exact,10000000,16,100,2.0,1,406,True,10,888856,200000,0.0888856,96756,35834,8979,32386,3326265219.0,49.245733010997355,4083607171.0,156.09136400799252,1000000000.0,5.9982279044997995,12.959476949999953,0.9528622,91,gmm_plugin_soft,88885600,1,4.552662176998638,86191,0.0086191,7.487730826727379e-05,0.006552803323053183,0.10500256876025034,0.9533261,0.991867195855843,0.05135451460655881,0.9382743770371492,0.020236889407532082,0.9658465410440772,0.11483242545317568,0.975815,0.021151870425201277,143963,0.016323609501709895,0.04010452504971391,0.00782596962906083,0.9772463796654602,{}
exact-n10000000-d16-k100-sep2.0-s1,exact,10000000,16,100,2.0,1,406,True,10,888856,200000,0.0888856,96756,35834,8979,32386,3326265219.0,49.245733010997355,4083607171.0,156.09136400799252,1000000000.0,5.9982279044997995,12.959476949999953,0.9528622,91,full_convergence,757341952.0,396,106.84563099699517,0,0.0,0.0,0.0,0.0,0.9528622,1.0,0.0,1.0,0.0,nan,0.0,0.0,0.046150570935621096,143963,0.026502714017870736,0.052541277967255474,0.026270638983627692,0.5,{}
exact-n10000000-d16-k100-sep2.0-s1,exact,10000000,16,100,2.0,1,406,True,10,888856,200000,0.0888856,96756,35834,8979,32386,3326265219.0,49.245733010997355,4083607171.0,156.09136400799252,1000000000.0,5.9982279044997995,12.959476949999953,0.9528622,91,true_posterior_oracle,0,0,0.0,,,,,,,,0.2897583451095027,0.8454758068542828,0.13805223971814062,0.5374953455650343,0.03551176747768147,0.930375,0.14245930730915546,143963,0.0,0.021194170958685987,0.00027758731743622817,0.9779341877610995,{}
exact-n10000000-d16-k100-sep2.0-s1,exact,10000000,16,100,2.0,1,406,True,10,888856,200000,0.0888856,96756,35834,8979,32386,3326265219.0,49.245733010997355,4083607171.0,156.09136400799252,1000000000.0,5.9982279044997995,12.959476949999953,0.9528622,91,model_posterior_oracle,0,0,0.0,,,,,,,,0.029320687843479933,0.953849429064379,0.04101601830847402,0.9818112673698309,0.10275532570959862,0.97549,0.0,143963,0.016616548873360993,0.04068869063746235,0.00830249543946345,0.9784035710054623,{}
exact-n10000000-d16-k100-sep2.0-s1,exact,10000000,16,100,2.0,1,406,True,20,24125,24125,0.0024125,74567,1936,1389,1561,3470855592.0,54.02465460599524,4083607171.0,156.09136400799252,1000000000.0,5.9982279044997995,12.959476949999953,0.9528622,91,stop,0,1,0.20405815400044958,67106,0.0067106,1.396998740421651e-05,0.005025626323442786,0.09333007342977369,0.9528806,0.9949490188719083,0.12940932642487046,0.9352953367875647,0.06470466321243529,0.5,0.0,0.0,0.2903464157610068,2249,0.8485905691344442,1.6754112939084038,0.8377056469542019,0.5,{}
exact-n10000000-d16-k100-sep2.0-s1,exact,10000000,16,100,2.0,1,406,True,20,24125,24125,0.0024125,74567,1936,1389,1561,3470855592.0,54.02465460599524,4083607171.0,156.09136400799252,1000000000.0,5.9982279044997995,12.959476949999953,0.9528622,91,reassign_U,2412500,2,0.37577959800000826,67099,0.0067099,1.3968304702460799e-05,0.005025230534497391,0.09333618189580065,0.9528811,0.9949494129331219,0.12882901554404144,0.9355854922279793,0.06441450777202073,0.5,0.0,0.0,0.2902160505036467,2249,0.8485905691344442,1.6754112939084038,0.8377056469542019,0.5,{}
exact-n10000000-d16-k100-sep2.0-s1,exact,10000000,16,100,2.0,1,406,True,20,24125,24125,0.0024125,74567,1936,1389,1561,3470855592.0,54.02465460599524,4083607171.0,156.09136400799252,1000000000.0,5.9982279044997995,12.959476949999953,0.9528622,91,majority,0,1,0.21250157199938258,72820,0.007282,1.6511875836400236e-05,0.0054351875314524525,0.09951994128896718,0.952898,0.9945913998399939,0.6031088082901555,0.6984455958549223,0.3015544041450777,0.5,0.0,0.0,0.4139887510938056,2249,0.8284549307175448,1.6345042240995997,0.8172521120498,0.5,{}
exact-n10000000-d16-k100-sep2.0-s1,exact,10000000,16,100,2.0,1,406,True,20,24125,24125,0.0024125,74567,1936,1389,1561,3470855592.0,54.02465460599524,4083607171.0,156.09136400799252,1000000000.0,5.9982279044997995,12.959476949999953,0.9528622,91,frequency_soft,0,1,0.20669260699833103,72820,0.007282,1.7791467009198314e-05,0.005544715686471805,0.09934981880130125,0.952898,0.9945913998399939,0.4097159251488032,0.6338162976919453,0.07066603862458773,0.6398507503444291,0.49434777238138006,1.0,0.2354477528479096,2249,0.6625580023120495,1.1248709251862168,0.6156675694247947,0.4715091512248848,{}
exact-n10000000-d16-k100-sep2.0-s1,exact,10000000,16,100,2.0,1,406,True,20,24125,24125,0.0024125,74567,1936,1389,1561,3470855592.0,54.02465460599524,4083607171.0,156.09136400799252,1000000000.0,5.9982279044997995,12.959476949999953,0.9528622,91,markov,0,1,0.39726305499971204,67135,0.0067135,1.398343451808337e-05,0.0050273117517959185,0.09335404308474914,0.9528773,0.9949474369811518,0.13181347150259068,0.9340932642487046,0.06590673575129535,0.5,0.0,0.0,0.29090287469981413,2249,0.8485905691344442,1.6754112939084038,0.8377056469542019,0.5,"{""markov_seconds"": 0.21303894499942544, ""mean_states"": 2.002321243523316}"
exact-n10000000-d16-k100-sep2.0-s1,exact,10000000,16,100,2.0,1,406,True,20,24125,24125,0.0024125,74567,1936,1389,1561,3470855592.0,54.02465460599524,4083607171.0,156.09136400799252,1000000000.0,5.9982279044997995,12.959476949999953,0.9528622,91,markov_soft,0,1,0.3711630259986123,67135,0.0067135,1.3983591448107902e-05,0.005027471276033658,0.09335520830126157,0.9528773,0.9949474369811518,0.12932694976383247,0.9339915843579359,0.06391212988981958,0.52227007312781,0.003934960329697986,0.006797927461139897,0.28920947896386395,2249,0.8485642408726457,1.6754201867496665,0.8376611827478879,0.4986301369863014,"{""markov_seconds"": 0.20731340000020282, ""mean_states"": 2.002321243523316}"
exact-n10000000-d16-k100-sep2.0-s1,exact,10000000,16,100,2.0,1,406,True,20,24125,24125,0.0024125,74567,1936,1389,1561,3470855592.0,54.02465460599524,4083607171.0,156.09136400799252,1000000000.0,5.9982279044997995,12.959476949999953,0.9528622,91,markov_a0.5,0,1,0.3620480340014183,69318,0.0069318,1.4966645757841235e-05,0.005184931806163754,0.09596524035137671,0.952884,0.994827350962066,0.3127875647668394,0.8436062176165803,0.15639378238341972,0.5,0.0,0.0,0.3393287076241996,2249,0.8488569699598949,1.6754112939084038,0.8377056469542019,0.5,"{""markov_seconds"": 0.20742278100078693, ""mean_states"": 2.002321243523316}"
exact-n10000000-d16-k100-sep2.0-s1,exact,10000000,16,100,2.0,1,406,True,20,24125,24125,0.0024125,74567,1936,1389,1561,3470855592.0,54.02465460599524,4083607171.0,156.09136400799252,1000000000.0,5.9982279044997995,12.959476949999953,0.9528622,91,markov_a0.5_soft,0,1,0.5589248859996587,69318,0.0069318,1.6000812896876937e-05,0.005363495021516057,0.09742412740453299,0.952884,0.994827350962066,0.24995627214541016,0.7379781269014697,0.08996624170572382,0.7358525535548741,0.43363481999711356,1.0,0.21113152979855274,2249,0.739892467161066,1.3310051346352396,0.7176025830217185,0.5245448332024547,"{""markov_seconds"": 0.36775937099992007, ""mean_states"": 2.002321243523316}"
exact-n10000000-d16-k100-sep2.0-s1,exact,10000000,16,100,2.0,1,406,True,20,24125,24125,0.0024125,74567,1936,1389,1561,3470855592.0,54.02465460599524,4083607171.0,156.09136400799252,1000000000.0,5.9982279044997995,12.959476949999953,0.9528622,91,markov_pooled,0,1,0.4517156759993668,67667,0.0067667,1.4251738514658996e-05,0.005065504871627214,0.09385171069320836,0.9528601,0.9949187073908415,0.17591709844559586,0.9120414507772021,0.08795854922279789,0.5,0.0,0.0,0.3027760857813644,2249,0.8485279895708694,1.676300578034682,0.838150289017341,0.5,"{""markov_seconds"": 0.2512623900001927, ""mean_states"": 2.002321243523316}"
exact-n10000000-d16-k100-sep2.0-s1,exact,10000000,16,100,2.0,1,406,True,20,24125,24125,0.0024125,74567,1936,1389,1561,3470855592.0,54.02465460599524,4083607171.0,156.09136400799252,1000000000.0,5.9982279044997995,12.959476949999953,0.9528622,91,markov_pooled_soft,0,1,0.41098699100075464,67667,0.0067667,1.4837809567236349e-05,0.005180376004168295,0.09574469183306693,0.9528601,0.9949187073908415,0.1535241429735278,0.8426570027533169,0.049916938769627356,0.785970782495044,0.25479458136154853,0.9447046632124352,0.23181558897650012,2249,0.8338912629931498,1.6346656767252647,0.8227541065126147,0.46265776663654645,"{""markov_seconds"": 0.227490838000449, ""mean_states"": 2.002321243523316}"
exact-n10000000-d16-k100-sep2.0-s1,exact,10000000,16,100,2.0,1,406,True,20,24125,24125,0.0024125,74567,1936,1389,1561,3470855592.0,54.02465460599524,4083607171.0,156.09136400799252,1000000000.0,5.9982279044997995,12.959476949999953,0.9528622,91,markov_w5,0,1,0.43040686499989533,67104,0.0067104,1.3971156726189093e-05,0.0050257161534761645,0.0933335016872742,0.9528806,0.9949491359117989,0.12924352331606218,0.9353782383419689,0.06462176165803113,0.5,0.0,0.0,0.2903746295694934,2249,0.8485905691344442,1.6754112939084038,0.8377056469542019,0.5,"{""markov_seconds"": 0.23056790699956764, ""mean_states"": 1.2951295336787565}"
exact-n10000000-d16-k100-sep2.0-s1,exact,10000000,16,100,2.0,1,406,True,20,24125,24125,0.0024125,74567,1936,1389,1561,3470855592.0,54.02465460599524,4083607171.0,156.09136400799252,1000000000.0,5.9982279044997995,12.959476949999953,0.9528622,91,markov_w20,0,1,0.5908011299998179,70429,0.0070429,1.852052329787135e-05,0.00525657245325558,0.09659240173915451,0.952855,0.9946698506715482,0.40489119170984456,0.7975544041450777,0.20244559585492228,0.5,0.0,0.0,0.35955085037527845,2249,0.8136872925243285,1.604268563806136,0.802134281903068,0.5,"{""markov_seconds"": 0.41064179400018475, ""mean_states"": 2.175461139896373}"
exact-n10000000-d16-k100-sep2.0-s1,exact,10000000,16,100,2.0,1,406,True,20,24125,24125,0.0024125,74567,1936,1389,1561,3470855592.0,54.02465460599524,4083607171.0,156.09136400799252,1000000000.0,5.9982279044997995,12.959476949999953,0.9528622,91,active_set_U,7237500,2,0.456349128000511,67094,0.0067094,1.3968185379242826e-05,0.005024998368367957,0.0933366197326046,0.9528814,0.9949496977146763,0.12841450777202074,0.9357927461139897,0.06420725388601034,0.5,0.0,0.0,0.2901405304524233,2249,0.8485905691344442,1.6754112939084038,0.8377056469542019,0.5,"{""iters"": 3}"
exact-n10000000-d16-k100-sep2.0-s1,exact,10000000,16,100,2.0,1,406,True,20,24125,24125,0.0024125,74567,1936,1389,1561,3470855592.0,54.02465460599524,4083607171.0,156.09136400799252,1000000000.0,5.9982279044997995,12.959476949999953,0.9528622,91,hartigan_U,9650000,2,0.49726743300016096,67094,0.0067094,1.3968173066425393e-05,0.005024992482179413,0.0933366197326046,0.9528816,0.9949496932870474,0.12841450777202074,0.9357927461139897,0.06420725388601034,0.5,0.0,0.0,0.29013762180938607,2249,0.8485905691344442,1.6754112939084038,0.8377056469542019,0.5,"{""moves"": 48, ""sweeps"": 4}"
exact-n10000000-d16-k100-sep2.0-s1,exact,10000000,16,100,2.0,1,406,True,20,24125,24125,0.0024125,74567,1936,1389,1561,3470855592.0,54.02465460599524,4083607171.0,156.09136400799252,1000000000.0,5.9982279044997995,12.959476949999953,0.9528622,91,fcm_soft,2412500,1,0.09948378799890634,67099,0.0067099,1.3968597405877858e-05,0.005025626323442786,0.09333007342977369,0.9528811,0.9949494129331219,0.9013661328567965,0.057842987162518664,0.8776847455198771,0.2598770121476249,4.432070574555073,1.0,0.8809959414562767,2249,0.9411439905180665,0.9481660137459891,0.12789984600945437,0.6774670622109764,{}
exact-n10000000-d16-k100-sep2.0-s1,exact,10000000,16,100,2.0,1,406,True,20,24125,24125,0.0024125,74567,1936,1389,1561,3470855592.0,54.02465460599524,4083607171.0,156.09136400799252,1000000000.0,5.9982279044997995,12.959476949999953,0.9528622,91,gmm_plugin_soft,2412500,1,0.10561482799857913,68486,0.0068486,1.8601818650987312e-05,0.005025626323442786,0.09333007342977369,0.9529772,0.9945636548564593,0.3377611660452664,0.6088607852927422,0.2577019420408744,0.7277515200760988,0.6566360689312221,1.0,0.11476419986264542,2249,0.4138131611714791,0.5615480403738408,0.04541630468768732,0.6123121808196679,{}
exact-n10000000-d16-k100-sep2.0-s1,exact,10000000,16,100,2.0,1,406,True,20,24125,24125,0.0024125,74567,1936,1389,1561,3470855592.0,54.02465460599524,4083607171.0,156.09136400799252,1000000000.0,5.9982279044997995,12.959476949999953,0.9528622,91,full_convergence,612751579.0,386,102.06670940199729,0,0.0,0.0,0.0,0.0,0.9528622,1.0,0.0,1.0,0.0,nan,0.0,0.0,0.2769243048783055,2249,0.8485905691344442,1.6754112939084038,0.8377056469542019,0.5,{}
exact-n10000000-d16-k100-sep2.0-s1,exact,10000000,16,100,2.0,1,406,True,20,24125,24125,0.0024125,74567,1936,1389,1561,3470855592.0,54.02465460599524,4083607171.0,156.09136400799252,1000000000.0,5.9982279044997995,12.959476949999953,0.9528622,91,true_posterior_oracle,0,0,0.0,,,,,,,,1.401302061892822,0.2819107054058321,0.6927880643565658,0.7922288249896217,0.0630221819416738,0.6744041450777202,0.6520354993916224,2249,0.0,0.1835185595601042,0.02142986138529377,0.8775881626797452,{}
exact-n10000000-d16-k100-sep2.0-s1,exact,10000000,16,100,2.0,1,406,True,20,24125,24125,0.0024125,74567,1936,1389,1561,3470855592.0,54.02465460599524,4083607171.0,156.09136400799252,1000000000.0,5.9982279044997995,12.959476949999953,0.9528622,91,model_posterior_oracle,0,0,0.0,,,,,,,,0.18859304596663812,0.7230756951216946,0.20957085880541393,0.8950790558226941,0.5679389142266414,1.0,0.0,2249,0.41311692041288617,0.5613996078815587,0.04399103699765011,0.6122343623493951,{}
exact-n10000000-d16-k100-sep2.0-s1,exact,10000000,16,100,2.0,1,406,True,30,11795,11795,0.0011795,64218,1446,1134,1205,3529881801.0,57.26107382499504,4083607171.0,156.09136400799252,1000000000.0,5.9982279044997995,12.959476949999953,0.9528622,91,stop,0,1,0.22109916699992027,57741,0.0057741,1.0225392294005431e-05,0.0043502388159668455,0.0817103628809376,0.9528759,0.9954852888569993,0.2043238660449343,0.8978380669775329,0.10216193302246712,0.5,0.0,0.0,0.29842732063441746,20,0.3981491093317702,0.5,0.25,0.5,{}
exact-n10000000-d16-k100-sep2.0-s1,exact,10000000,16,100,2.0,1,406,True,30,11795,11795,0.0011795,64218,1446,1134,1205,3529881801.0,57.26107382499504,4083607171.0,156.09136400799252,1000000000.0,5.9982279044997995,12.959476949999953,0.9528622,91,reassign_U,1179500,2,0.4340392710000742,57732,0.0057732,1.0224594244601093e-05,0.004349931213300833,0.08170499255903559,0.9528756,0.9954857887124423,0.20279779567613396,0.898601102161933,0.10139889783806699,0.5,0.0,0.0,0.29821559140839593,20,0.3981491093317702,0.5,0.25,0.5,{}
exact-n10000000-d16-k100-sep2.0-s1,exact,10000000,16,100,2.0,1,406,True,30,11795,11795,0.0011795,64218,1446,1134,1205,3529881801.0,57.26107382499504,4083607171.0,156.09136400799252,1000000000.0,5.9982279044997995,12.959476949999953,0.9528622,91,majority,0,1,0.18268056299893942,62146,0.0062146,1.1848138333769853e-05,0.004671268252901111,0.08710744334455839,0.952882,0.9952268050420565,0.9512505298855447,0.5243747350572276,0.47562526494277235,0.5,0.0,0.0,0.4842064769585021,20,0.7485549587302175,1.4,0.7,0.5,{}
exact-n10000000-d16-k100-sep2.0-s1,exact,10000000,16,100,2.0,1,406,True,30,11795,11795,0.0011795,64218,1446,1134,1205,3529881801.0,57.26107382499504,4083607171.0,156.09136400799252,1000000000.0,5.9982279044997995,12.959476949999953,0.9528622,91,frequency_soft,0,1,0.2596385150009155,62146,0.0062146,1.1866225638978989e-05,0.004674727467889735,0.08726901610633912,0.952882,0.9952268050420565,0.611659934346743,0.5133762380053181,0.20513314578596475,0.5096404244066997,0.5394783183419662,1.0,0.28354618792042013,20,0.529645986125461,0.7884297520661158,0.3954545454545454,0.5357142857142857,{}
exact-n10000000-d16-k100-sep2.0-s1,exact,10000000,16,100,2.0,1,406,True,30,11795,11795,0.0011795,64218,1446,1134,1205,3529881801.0,57.26107382499504,4083607171.0,156.09136400799252,1000000000.0,5.9982279044997995,12.959476949999953,0.9528622,91,markov,0,1,0.3030192509995686,57749,0.0057749,1.0229234778780238e-05,0.0043506386939163024,0.08172067770808085,0.9528749,0.9954848370820439,0.2056803730394235,0.8971598134802883,0.10284018651971172,0.5,0.0,0.0,0.2986901716799468,20,0.3981491093317702,0.5,0.25,0.5,"{""markov_seconds"": 0.12310751000040909, ""mean_states"": 2.0}"
exact-n10000000-d16-k100-sep2.0-s1,exact,10000000,16,100,2.0,1,406,True,30,11795,11795,0.0011795,64218,1446,1134,1205,3529881801.0,57.26107382499504,4083607171.0,156.09136400799252,1000000000.0,5.9982279044997995,12.959476949999953,0.9528622,91,markov_soft,0,1,0.3346844150000834,57749,0.0057749,1.0229250564153247e-05,0.00435078410047414,0.0817238567388857,0.9528749,0.9954848370820439,0.2041281762269134,0.8969030387777116,0.1016443683156897,0.5106962185646554,0.0030699825704459264,0.005510809665112336,0.29736811305383104,20,0.3981491093317702,0.5,0.25,0.5,"{""markov_seconds"": 0.13082298500012257, ""mean_states"": 2.0}"
exact-n10000000-d16-k100-sep2.0-s1,exact,10000000,16,100,2.0,1,406,True,30,11795,11795,0.0011795,64218,1446,1134,1205,3529881801.0,57.26107382499504,4083607171.0,156.09136400799252,1000000000.0,5.9982279044997995,12.959476949999953,0.9528622,91,markov_a0.5,0,1,0.3007287210002687,59487,0.0059487,1.0877963304567473e-05,0.00447925581657071,0.08392406721187387,0.9528695,0.9953814914465516,0.5003815175922001,0.7498092412038999,0.2501907587961001,0.5,0.0,0.0,0.37187065497642197,20,0.5558513548174056,0.9,0.44999999999999996,0.5,"{""markov_seconds"": 0.1329268970002886, ""mean_states"": 2.0}"
exact-n10000000-d16-k100-sep2.0-s1,exact,10000000,16,100,2.0,1,406,True,30,11795,11795,0.0011795,64218,1446,1134,1205,3529881801.0,57.26107382499504,4083607171.0,156.09136400799252,1000000000.0,5.9982279044997995,12.959476949999953,0.9528622,91,markov_a0.5_soft,0,1,0.3108653819999745,59487,0.0059487,1.1216796445889798e-05,0.004567712296608855,0.08543074273097807,0.9528695,0.9953814914465516,0.3844545561057044,0.6393235914855245,0.10564822912003927,0.5939489405212948,0.5101593055575817,1.0,0.21152875462764054,20,0.4773984527246875,0.6251884245406193,0.26623813686313685,0.4696969696969697,"{""markov_seconds"": 0.11922376500115206, ""mean_states"": 2.0}"
exact-n10000000-d16-k100-sep2.0-s1,exact,10000000,16,100,2.0,1,406,True,30,11795,11795,0.0011795,64218,1446,1134,1205,3529881801.0,57.26107382499504,4083607171.0,156.09136400799252,1000000000.0,5.9982279044997995,12.959476949999953,0.9528622,91,markov_pooled,0,1,0.35034490899852244,58363,0.0058363,1.048156253835586e-05,0.004395837751688233,0.08279174582887588,0.9528783,0.9954488583853826,0.30979228486646887,0.8451038575667655,0.15489614243323446,0.5,0.0,0.0,0.3248464577120977,20,0.438992637102262,0.6,0.30000000000000004,0.5,"{""markov_seconds"": 0.17554181099876587, ""mean_states"": 2.0}"
exact-n10000000-d16-k100-sep2.0-s1,exact,10000000,16,100,2.0,1,406,True,30,11795,11795,0.0011795,64218,1446,1134,1205,3529881801.0,57.26107382499504,4083607171.0,156.09136400799252,1000000000.0,5.9982279044997995,12.959476949999953,0.9528622,91,markov_pooled_soft,0,1,0.3724850819999119,58363,0.0058363,1.0801970056650845e-05,0.004480236058043665,0.08394464064938369,0.9528783,0.9954488583853826,0.24127739254532274,0.7419660309321316,0.09045194290897154,0.6847480080757603,0.43249550220080357,0.9977108944467995,0.18060676786577054,20,0.42441379778063515,0.519821605922321,0.25196856295473186,0.44047619047619047,"{""markov_seconds"": 0.182329879999088, ""mean_states"": 2.0}"
exact-n10000000-d16-k100-sep2.0-s1,exact,10000000,16,100,2.0,1,406,True,30,11795,11795,0.0011795,64218,1446,1134,1205,3529881801.0,57.26107382499504,4083607171.0,156.09136400799252,1000000000.0,5.9982279044997995,12.959476949999953,0.9528622,91,markov_w5,0,1,0.26755038400006015,57745,0.0057745,1.0225436518185305e-05,0.004350482082388041,0.0817103628809376,0.9528761,0.9954850470164958,0.2050021195421789,0.8974989402289105,0.10250105977108948,0.5,0.0,0.0,0.29857400827551805,20,0.3981491093317702,0.5,0.25,0.5,"{""markov_seconds"": 0.10832981100065808, ""mean_states"": 1.471131835523527}"
exact-n10000000-d16-k100-sep2.0-s1,exact,10000000,16,100,2.0,1,406,True,30,11795,11795,0.0011795,64218,1446,1134,1205,3529881801.0,57.26107382499504,4083607171.0,156.09136400799252,1000000000.0,5.9982279044997995,12.959476949999953,0.9528622,91,markov_w20,0,1,0.2704375749999599,57806,0.0057806,1.0301051356131907e-05,0.00435393620752006,0.08176653191966818,0.9528712,0.9954814645447366,0.21534548537515896,0.8923272573124205,0.10767274268757954,0.5,0.0,0.0,0.3009374894842612,20,0.3981491093317702,0.5,0.25,0.5,"{""markov_seconds"": 0.11420016800002486, ""mean_states"": 2.0}"
exact-n10000000-d16-k100-sep2.0-s1,exact,10000000,16,100,2.0,1,406,True,30,11795,11795,0.0011795,64218,1446,1134,1205,3529881801.0,57.26107382499504,4083607171.0,156.09136400799252,1000000000.0,5.9982279044997995,12.959476949999953,0.9528622,91,active_set_U,3538500,2,0.3983291309996275,57730,0.005773,1.0224583753881689e-05,0.004349863415082838,0.08170499255903559,0.9528758,0.9954859064338895,0.20245866892751166,0.8987706655362442,0.10122933446375582,0.5,0.0,0.0,0.29817056319967206,20,0.3981491093317702,0.5,0.25,0.5,"{""iters"": 3}"
exact-n10000000-d16-k100-sep2.0-s1,exact,10000000,16,100,2.0,1,406,True,30,11795,11795,0.0011795,64218,1446,1134,1205,3529881801.0,57.26107382499504,4083607171.0,156.09136400799252,1000000000.0,5.9982279044997995,12.959476949999953,0.9528622,91,hartigan_U,3538500,2,0.3944483390005189,57730,0.005773,1.0224583753881689e-05,0.004349863415082838,0.08170499255903559,0.9528758,0.9954859064338895,0.20245866892751166,0.8987706655362442,0.10122933446375582,0.5,0.0,0.0,0.29817056319967206,20,0.3981491093317702,0.5,0.25,0.5,"{""moves"": 19, ""sweeps"": 3}"
exact-n10000000-d16-k100-sep2.0-s1,exact,10000000,16,100,2.0,1,406,True,30,11795,11795,0.0011795,64218,1446,1134,1205,3529881801.0,57.26107382499504,4083607171.0,156.09136400799252,1000000000.0,5.9982279044997995,12.959476949999953,0.9528622,91,fcm_soft,1179500,1,0.06377083000006678,57732,0.0057732,1.0224757029275722e-05,0.0043502388159668455,0.0817103628809376,0.9528756,0.9954857887124423,0.8686920883984983,0.07591368542608291,0.822612366230568,0.48316967493304885,4.373974355550965,1.0,0.8496014742110392,20,0.9317832602017292,0.938406804058989,0.7126647135190879,0.7733333333333333,{}
exact-n10000000-d16-k100-sep2.0-s1,exact,10000000,16,100,2.0,1,406,True,30,11795,11795,0.0011795,64218,1446,1134,1205,3529881801.0,57.26107382499504,4083607171.0,156.09136400799252,1000000000.0,5.9982279044997995,12.959476949999953,0.9528622,91,gmm_plugin_soft,1179500,1,0.0613468310002645,57764,0.0057764,1.0275629824363364e-05,0.0043502388159668455,0.0817103628809376,0.9528807,0.9954818158988172,0.43835418070103077,0.5328561895640821,0.3592123578471003,0.7496418849290813,0.6899935206489721,1.0,0.18537813907158482,20,0.27119085309432855,0.27226308743141164,0.3087537658614906,0.9722222222222222,{}
exact-n10000000-d16-k100-sep2.0-s1,exact,10000000,16,100,2.0,1,406,True,30,11795,11795,0.0011795,64218,1446,1134,1205,3529881801.0,57.26107382499504,4083607171.0,156.09136400799252,1000000000.0,5.9982279044997995,12.959476949999953,0.9528622,91,full_convergence,553725370.0,376,98.83029018299749,0,0.0,0.0,0.0,0.0,0.9528622,1.0,0.0,1.0,0.0,nan,0.0,0.0,0.28262718480375926,20,0.3981491093317702,0.5,0.25,0.5,{}
exact-n10000000-d16-k100-sep2.0-s1,exact,10000000,16,100,2.0,1,406,True,30,11795,11795,0.0011795,64218,1446,1134,1205,3529881801.0,57.26107382499504,4083607171.0,156.09136400799252,1000000000.0,5.9982279044997995,12.959476949999953,0.9528622,91,true_posterior_oracle,0,0,0.0,,,,,,,,1.0007400484131226,0.4989436753044819,0.49993809642505144,0.5813424715794083,0.0024030341405458498,0.42272149215769395,0.49992564672779616,20,0.0,0.14951049193979218,0.14268273394895264,1.0,{}
exact-n10000000-d16-k100-sep2.0-s1,exact,10000000,16,100,2.0,1,406,True,30,11795,11795,0.0011795,64218,1446,1134,1205,3529881801.0,57.26107382499504,4083607171.0,156.09136400799252,1000000000.0,5.9982279044997995,12.959476949999953,0.9528622,91,model_posterior_oracle,0,0,0.0,,,,,,,,0.18842387195758922,0.7173728151962407,0.2780642290175806,0.9284478501489996,0.5588373478081571,1.0,0.0,20,0.1975495227313932,0.19796515225779165,0.24343989510208042,0.9722222222222222,{}
exact-n10000000-d16-k100-sep2.0-s1,exact,10000000,16,100,2.0,1,406,True,40,9615,9615,0.0009615,55779,1176,835,921,3579540156.0,60.57801535499493,4083607171.0,156.09136400799252,1000000000.0,5.9982279044997995,12.959476949999953,0.9528622,91,stop,0,1,0.19610386600106722,49983,0.0049983,7.633890417135802e-06,0.00378735868740741,0.07232308870264871,0.9528915,0.9959712116365863,0.19157566302652107,0.9042121684867395,0.09578783151326054,0.5,0.0,0.0,0.31530427306950515,13,0.2320204613243546,0.46153846153846156,0.23076923076923073,0.5,{}
exact-n10000000-d16-k100-sep2.0-s1,exact,10000000,16,100,2.0,1,406,True,40,9615,9615,0.0009615,55779,1176,835,921,3579540156.0,60.57801535499493,4083607171.0,156.09136400799252,1000000000.0,5.9982279044997995,12.959476949999953,0.9528622,91,reassign_U,961500,2,0.3741745240004093,49982,0.0049982,7.633552525643239e-06,0.0037873233038279654,0.07232139068638672,0.9528912,0.9959712935739136,0.19136765470618824,0.9043161726469059,0.09568382735309411,0.5,0.0,0.0,0.31530700433778847,13,0.2320204613243546,0.46153846153846156,0.23076923076923073,0.5,{}
exact-n10000000-d16-k100-sep2.0-s1,exact,10000000,16,100,2.0,1,406,True,40,9615,9615,0.0009615,55779,1176,835,921,3579540156.0,60.57801535499493,4083607171.0,156.09136400799252,1000000000.0,5.9982279044997995,12.959476949999953,0.9528622,91,majority,0,1,0.18478701200001524,53471,0.0053471,8.63501058034899e-06,0.004043368231894884,0.07620960176665709,0.9528856,0.9957473963791399,0.9171086843473739,0.541445657826313,0.45855434217368696,0.5,0.0,0.0,0.47735573073148263,13,0.624187428621913,1.3846153846153846,0.6923076923076923,0.5,{}
exact-n10000000-d16-k100-sep2.0-s1,exact,10000000,16,100,2.0,1,406,True,40,9615,9615,0.0009615,55779,1176,835,921,3579540156.0,60.57801535499493,4083607171.0,156.09136400799252,1000000000.0,5.9982279044997995,12.959476949999953,0.9528622,91,frequency_soft,0,1,0.20816064499922504,53471,0.0053471,8.655776177590724e-06,0.004049953132300479,0.07652681642415189,0.9528856,0.9957473963791399,0.587836670491613,0.5253344679241715,0.18798279203895418,0.5280946657933555,0.5393203917387505,1.0,0.2642571101855488,13,0.5180722143620902,0.9256198347107437,0.4545454545454546,0.6111111111111112,{}
exact-n10000000-d16-k100-sep2.0-s1,exact,10000000,16,100,2.0,1,406,True,40,9615,9615,0.0009615,55779,1176,835,921,3579540156.0,60.57801535499493,4083607171.0,156.09136400799252,1000000000.0,5.9982279044997995,12.959476949999953,0.9528622,91,markov,0,1,0.2628697380005178,49992,0.0049992,7.636094704333019e-06,0.003787657352206191,0.07232518726405425,0.9528916,0.9959706148646634,0.1934477379095164,0.9032761310452418,0.09672386895475815,0.5,0.0,0.0,0.3155094680889001,13,0.2320204613243546,0.46153846153846156,0.23076923076923073,0.5,"{""markov_seconds"": 0.09621180400063167, ""mean_states"": 2.0}"
exact-n10000000-d16-k100-sep2.0-s1,exact,10000000,16,100,2.0,1,406,True,40,9615,9615,0.0009615,55779,1176,835,921,3579540156.0,60.57801535499493,4083607171.0,156.09136400799252,1000000000.0,5.9982279044997995,12.959476949999953,0.9528622,91,markov_soft,0,1,0.2667303580001317,49992,0.0049992,7.636126271970411e-06,0.0037876501754650267,0.07232276641845843,0.9528916,0.9959706148646634,0.19047421245133309,0.9034330224749605,0.09487864332500459,0.5169012732194871,0.0039326997397164005,0.007072282891315652,0.31354120792207896,13,0.2320204613243546,0.46153846153846156,0.23076923076923073,0.5,"{""markov_seconds"": 0.09701522599971213, ""mean_states"": 2.0}"
exact-n10000000-d16-k100-sep2.0-s1,exact,10000000,16,100,2.0,1,406,True,40,9615,9615,0.0009615,55779,1176,835,921,3579540156.0,60.57801535499493,4083607171.0,156.09136400799252,1000000000.0,5.9982279044997995,12.959476949999953,0.9528622,91,markov_a0.5,0,1,0.30698628400023154,51327,0.0051327,8.001968706095042e-06,0.0038872821083760596,0.0737891588504765,0.9528929,0.9958837341749233,0.4711388455538221,0.7644305772230889,0.23556942277691106,0.5,0.0,0.0,0.3773269597602829,13,0.5030442715653984,1.0769230769230769,0.5384615384615384,0.5,"{""markov_seconds"": 0.11933540800055198, ""mean_states"": 2.0}"
exact-n10000000-d16-k100-sep2.0-s1,exact,10000000,16,100,2.0,1,406,True,40,9615,9615,0.0009615,55779,1176,835,921,3579540156.0,60.57801535499493,4083607171.0,156.09136400799252,1000000000.0,5.9982279044997995,12.959476949999953,0.9528622,91,markov_a0.5_soft,0,1,0.3107825339993724,51327,0.0051327,8.244740682616936e-06,0.003962411908355796,0.0750852156574438,0.9528929,0.9958837341749233,0.3680515027731368,0.6511026582979375,0.10331793565362041,0.6045607986016979,0.5017073132433989,1.0,0.2083746312777069,13,0.41028246433777965,0.7151263608538544,0.2899196956889265,0.6904761904761905,"{""markov_seconds"": 0.14077150499906566, ""mean_states"": 2.0}"
exact-n10000000-d16-k100-sep2.0-s1,exact,10000000,16,100,2.0,1,406,True,40,9615,9615,0.0009615,55779,1176,835,921,3579540156.0,60.57801535499493,4083607171.0,156.09136400799252,1000000000.0,5.9982279044997995,12.959476949999953,0.9528622,91,markov_pooled,0,1,0.2616002920003666,50314,0.0050314,7.736874660047022e-06,0.0038116217117399537,0.07276192176744005,0.9529082,0.9959497156505046,0.2604264170566823,0.8697867914716588,0.13021320852834117,0.5,0.0,0.0,0.33017828341316524,13,0.2320204613243546,0.46153846153846156,0.23076923076923073,0.5,"{""markov_seconds"": 0.0978384450008889, ""mean_states"": 2.0}"
exact-n10000000-d16-k100-sep2.0-s1,exact,10000000,16,100,2.0,1,406,True,40,9615,9615,0.0009615,55779,1176,835,921,3579540156.0,60.57801535499493,4083607171.0,156.09136400799252,1000000000.0,5.9982279044997995,12.959476949999953,0.9528622,91,markov_pooled_soft,0,1,0.33875153200096975,50314,0.0050314,8.001602223028925e-06,0.0038921764716499836,0.07399629091360639,0.9529082,0.9959497156505046,0.23102811098612963,0.7516280558112057,0.0801100612603666,0.6263369497241578,0.42150137345029554,0.9986479459178367,0.18919645058975823,13,0.26195662290036625,0.48743288585890987,0.2835905663559432,0.39999999999999997,"{""markov_seconds"": 0.15425123800014262, ""mean_states"": 2.0}"
exact-n10000000-d16-k100-sep2.0-s1,exact,10000000,16,100,2.0,1,406,True,40,9615,9615,0.0009615,55779,1176,835,921,3579540156.0,60.57801535499493,4083607171.0,156.09136400799252,1000000000.0,5.9982279044997995,12.959476949999953,0.9528622,91,markov_w5,0,1,0.2960605009993742,49988,0.0049988,7.634451253624164e-06,0.0037875924884355795,0.07232308870264871,0.9528918,0.995970865033652,0.1926157046281851,0.9036921476859074,0.09630785231409256,0.5,0.0,0.0,0.3154433524655106,13,0.2320204613243546,0.46153846153846156,0.23076923076923073,0.5,"{""markov_seconds"": 0.10622901500028092, ""mean_states"": 1.4412896515860634}"
exact-n10000000-d16-k100-sep2.0-s1,exact,10000000,16,100,2.0,1,406,True,40,9615,9615,0.0009615,55779,1176,835,921,3579540156.0,60.57801535499493,4083607171.0,156.09136400799252,1000000000.0,5.9982279044997995,12.959476949999953,0.9528622,91,markov_w20,0,1,0.261891578000359,50027,0.0050027,7.67168320536804e-06,0.003789434338329216,0.07236105765136444,0.9528901,0.9959682509780003,0.20072802912116486,0.8996359854394176,0.10036401456058242,0.5,0.0,0.0,0.3168411921230227,13,0.36770878419745306,0.7692307692307693,0.3846153846153846,0.5,"{""markov_seconds"": 0.10812950400031696, ""mean_states"": 2.0}"
exact-n10000000-d16-k100-sep2.0-s1,exact,10000000,16,100,2.0,1,406,True,40,9615,9615,0.0009615,55779,1176,835,921,3579540156.0,60.57801535499493,4083607171.0,156.09136400799252,1000000000.0,5.9982279044997995,12.959476949999953,0.9528622,91,active_set_U,1923000,2,0.4229660720011452,49982,0.0049982,7.633552525643239e-06,0.0037873233038279654,0.07232139068638672,0.9528912,0.9959712935739136,0.19136765470618824,0.9043161726469059,0.09568382735309411,0.5,0.0,0.0,0.31530700433778847,13,0.2320204613243546,0.46153846153846156,0.23076923076923073,0.5,"{""iters"": 2}"
exact-n10000000-d16-k100-sep2.0-s1,exact,10000000,16,100,2.0,1,406,True,40,9615,9615,0.0009615,55779,1176,835,921,3579540156.0,60.57801535499493,4083607171.0,156.09136400799252,1000000000.0,5.9982279044997995,12.959476949999953,0.9528622,91,hartigan_U,2884500,2,0.38340665999930934,49981,0.0049981,7.63353910393505e-06,0.003787314324432087,0.07232049744410604,0.9528907,0.9959713457673833,0.19115964638585545,0.9044201768070723,0.09557982319292768,0.5,0.0,0.0,0.3152914980285505,13,0.2320204613243546,0.46153846153846156,0.23076923076923073,0.5,"{""moves"": 22, ""sweeps"": 3}"
exact-n10000000-d16-k100-sep2.0-s1,exact,10000000,16,100,2.0,1,406,True,40,9615,9615,0.0009615,55779,1176,835,921,3579540156.0,60.57801535499493,4083607171.0,156.09136400799252,1000000000.0,5.9982279044997995,12.959476949999953,0.9528622,91,fcm_soft,961500,1,0.07064859500133025,49982,0.0049982,7.633608249069113e-06,0.00378735868740741,0.07232308870264871,0.9528912,0.9959712935739136,0.8688506103137424,0.07582245755360086,0.8284337671034651,0.4754922869215191,4.374035182555034,1.0,0.8493824646504289,13,0.9162194409220619,0.9392908258538473,0.7315152511649633,0.8333333333333333,{}
exact-n10000000-d16-k100-sep2.0-s1,exact,10000000,16,100,2.0,1,406,True,40,9615,9615,0.0009615,55779,1176,835,921,3579540156.0,60.57801535499493,4083607171.0,156.09136400799252,1000000000.0,5.9982279044997995,12.959476949999953,0.9528622,91,gmm_plugin_soft,961500,1,0.0550081230012438,50044,0.0050044,7.689637408381245e-06,0.00378735868740741,0.07232308870264871,0.9528988,0.9959661254836975,0.4479169609605837,0.527424994513093,0.3677644476794802,0.7473294937273566,0.6913520553165475,1.0,0.17119093635126956,13,0.3148514486568318,0.48481155513382834,0.1827245712683041,0.8333333333333334,{}
exact-n10000000-d16-k100-sep2.0-s1,exact,10000000,16,100,2.0,1,406,True,40,9615,9615,0.0009615,55779,1176,835,921,3579540156.0,60.57801535499493,4083607171.0,156.09136400799252,1000000000.0,5.9982279044997995,12.959476949999953,0.9528622,91,full_convergence,504067015.0,366,95.51334865299759,0,0.0,0.0,0.0,0.0,0.9528622,1.0,0.0,1.0,0.0,nan,0.0,0.0,0.3020905161356373,13,0.2320204613243546,0.46153846153846156,0.23076923076923073,0.5,{}
exact-n10000000-d16-k100-sep2.0-s1,exact,10000000,16,100,2.0,1,406,True,40,9615,9615,0.0009615,55779,1176,835,921,3579540156.0,60.57801535499493,4083607171.0,156.09136400799252,1000000000.0,5.9982279044997995,12.959476949999953,0.9528622,91,true_posterior_oracle,0,0,0.0,,,,,,,,0.9777949295205806,0.5105378348370178,0.48857802191721944,0.5617995789432857,0.002130099414381676,0.4375455018200728,0.4964841434804769,13,0.0,0.20946774960498565,0.10403492263447278,0.8181818181818181,{}
exact-n10000000-d16-k100-sep2.0-s1,exact,10000000,16,100,2.0,1,406,True,40,9615,9615,0.0009615,55779,1176,835,921,3579540156.0,60.57801535499493,4083607171.0,156.09136400799252,1000000000.0,5.9982279044997995,12.959476949999953,0.9528622,91,model_posterior_oracle,0,0,0.0,,,,,,,,0.20812532079877494,0.6979094838643628,0.2974969564292719,0.9495878786069948,0.5813533899753746,1.0,0.0,13,0.28709503459094093,0.4328772897915923,0.33361391538428703,1.0,{}
exact-n10000000-d16-k100-sep2.0-s1,exact,10000000,16,100,2.0,1,406,True,50,7345,7345,0.0007345,49560,1126,609,929,3621382660.0,63.89707993299453,4083607171.0,156.09136400799252,1000000000.0,5.9982279044997995,12.959476949999953,0.9528622,91,stop,0,1,0.6091895569988992,44490,0.004449,6.1436321876495725e-06,0.0033823587929805053,0.06556392659048814,0.9528722,0.9963391559355392,0.25296119809394146,0.8735194009530293,0.12648059904697073,0.5,0.0,0.0,0.3434023560460895,10,0.19553979204662847,0.4,0.19999999999999996,0.5,{}
exact-n10000000-d16-k100-sep2.0-s1,exact,10000000,16,100,2.0,1,406,True,50,7345,7345,0.0007345,49560,1126,609,929,3621382660.0,63.89707993299453,4083607171.0,156.09136400799252,1000000000.0,5.9982279044997995,12.959476949999953,0.9528622,91,reassign_U,734500,2,0.35354989799998293,44492,0.0044492,6.142993273394737e-06,0.003382334619471875,0.06555859057649031,0.9528722,0.9963389983353208,0.2535057862491491,0.8732471068754255,0.1267528931245745,0.5,0.0,0.0,0.3433676123382514,10,0.19553979204662847,0.4,0.19999999999999996,0.5,{}
exact-n10000000-d16-k100-sep2.0-s1,exact,10000000,16,100,2.0,1,406,True,50,7345,7345,0.0007345,49560,1126,609,929,3621382660.0,63.89707993299453,4083607171.0,156.09136400799252,1000000000.0,5.9982279044997995,12.959476949999953,0.9528622,91,majority,0,1,0.25763298600031703,46979,0.0046979,6.781038004000095e-06,0.003565450693969586,0.06851010004777201,0.9528681,0.9961702488020171,0.9307011572498298,0.5346494213750851,0.4653505786249149,0.5,0.0,0.0,0.4822920410614434,10,0.503515606660291,1.0,0.5,0.5,{}
exact-n10000000-d16-k100-sep2.0-s1,exact,10000000,16,100,2.0,1,406,True,50,7345,7345,0.0007345,49560,1126,609,929,3621382660.0,63.89707993299453,4083607171.0,156.09136400799252,1000000000.0,5.9982279044997995,12.959476949999953,0.9528622,91,frequency_soft,0,1,0.18006732399953762,46979,0.0046979,6.793592377540847e-06,0.0035710701516406523,0.06870280065674175,0.9528681,0.9961702488020171,0.5892848904916483,0.521356519586608,0.1881056996101243,0.5262321003724646,0.546919767437538,1.0,0.2544323114358121,10,0.5022944828880221,0.793388429752066,0.22727272727272727,0.44,{}
exact-n10000000-d16-k100-sep2.0-s1,exact,10000000,16,100,2.0,1,406,True,50,7345,7345,0.0007345,49560,1126,609,929,3621382660.0,63.89707993299453,4083607171.0,156.09136400799252,1000000000.0,5.9982279044997995,12.959476949999953,0.9528622,91,markov,0,1,0.23652601899993897,44489,0.0044489,6.1450493682446705e-06,0.0033823108948089907,0.06556280504507421,0.9528723,0.9963391981176153,0.25268890401633765,0.8736555479918312,0.1263444520081688,0.5,0.0,0.0,0.3433466405636216,10,0.19553979204662847,0.4,0.19999999999999996,0.5,"{""markov_seconds"": 0.0861817160002829, ""mean_states"": 2.0}"
exact-n10000000-d16-k100-sep2.0-s1,exact,10000000,16,100,2.0,1,406,True,50,7345,7345,0.0007345,49560,1126,609,929,3621382660.0,63.89707993299453,4083607171.0,156.09136400799252,1000000000.0,5.9982279044997995,12.959476949999953,0.9528622,91,markov_soft,0,1,0.23775516900059301,44489,0.0044489,6.145088271791721e-06,0.0033823366473195067,0.06556440550162737,0.9528723,0.9963391981176153,0.2496144552459331,0.8735302109715345,0.12401320771551927,0.5129902818495581,0.004886926443486677,0.008577263444520082,0.34090962477244846,10,0.19553979204662847,0.4,0.19999999999999996,0.5,"{""markov_seconds"": 0.07695341900034691, ""mean_states"": 2.0}"
exact-n10000000-d16-k100-sep2.0-s1,exact,10000000,16,100,2.0,1,406,True,50,7345,7345,0.0007345,49560,1126,609,929,3621382660.0,63.89707993299453,4083607171.0,156.09136400799252,1000000000.0,5.9982279044997995,12.959476949999953,0.9528622,91,markov_a0.5,0,1,0.2409292539996386,45393,0.0045393,6.356226962767053e-06,0.0034487716789351947,0.06663680632070064,0.9528684,0.9962775053748109,0.4988427501701838,0.7505786249149081,0.24942137508509188,0.5,0.0,0.0,0.3930161278183786,10,0.3781022338056495,0.8,0.4,0.5,"{""markov_seconds"": 0.0839851880009519, ""mean_states"": 2.0}"
exact-n10000000-d16-k100-sep2.0-s1,exact,10000000,16,100,2.0,1,406,True,50,7345,7345,0.0007345,49560,1126,609,929,3621382660.0,63.89707993299453,4083607171.0,156.09136400799252,1000000000.0,5.9982279044997995,12.959476949999953,0.9528622,91,markov_a0.5_soft,0,1,0.23905490299875964,45393,0.0045393,6.5137517821778346e-06,0.0035068254262571796,0.0676274660955207,0.9528684,0.9962775053748109,0.3805352958830993,0.6402235367142118,0.08773980735372525,0.5973950524032268,0.5126655723602355,1.0,0.20296330472584037,10,0.35384248332924284,0.5748204039966027,0.23776973026973028,0.7916666666666667,"{""markov_seconds"": 0.07695428300030471, ""mean_states"": 2.0}"
exact-n10000000-d16-k100-sep2.0-s1,exact,10000000,16,100,2.0,1,406,True,50,7345,7345,0.0007345,49560,1126,609,929,3621382660.0,63.89707993299453,4083607171.0,156.09136400799252,1000000000.0,5.9982279044997995,12.959476949999953,0.9528622,91,markov_pooled,0,1,0.2544776569993701,44710,0.004471,6.204013312194334e-06,0.0033991895155322488,0.06594688123772545,0.952842,0.9963241844370699,0.31286589516678015,0.8435670524166099,0.1564329475833901,0.5,0.0,0.0,0.3559640667710376,10,0.19553979204662847,0.4,0.19999999999999996,0.5,"{""markov_seconds"": 0.08543812499920023, ""mean_states"": 2.0}"
exact-n10000000-d16-k100-sep2.0-s1,exact,10000000,16,100,2.0,1,406,True,50,7345,7345,0.0007345,49560,1126,609,929,3621382660.0,63.89707993299453,4083607171.0,156.09136400799252,1000000000.0,5.9982279044997995,12.959476949999953,0.9528622,91,markov_pooled_soft,0,1,0.26846659100010584,44710,0.004471,6.361098688234534e-06,0.003456469946186532,0.06681076974865263,0.952842,0.9963241844370699,0.2603834766194836,0.7334151531500586,0.06726784209755468,0.6316652816803677,0.43055637296519045,0.9967324710687543,0.19791062116465344,10,0.19553979204662847,0.4,0.19999999999999996,0.5,"{""markov_seconds"": 0.0950986070001818, ""mean_states"": 2.0}"
exact-n10000000-d16-k100-sep2.0-s1,exact,10000000,16,100,2.0,1,406,True,50,7345,7345,0.0007345,49560,1126,609,929,3621382660.0,63.89707993299453,4083607171.0,156.09136400799252,1000000000.0,5.9982279044997995,12.959476949999953,0.9528622,91,markov_w5,0,1,0.2307421469995461,44490,0.004449,6.144055645140867e-06,0.003382357321646173,0.06555931350529637,0.9528726,0.9963391412650523,0.25296119809394146,0.8735194009530293,0.12648059904697073,0.5,0.0,0.0,0.34340376745140705,10,0.19553979204662847,0.4,0.19999999999999996,0.5,"{""markov_seconds"": 0.07544025800052623, ""mean_states"": 1.4648059904697073}"
exact-n10000000-d16-k100-sep2.0-s1,exact,10000000,16,100,2.0,1,406,True,50,7345,7345,0.0007345,49560,1126,609,929,3621382660.0,63.89707993299453,4083607171.0,156.09136400799252,1000000000.0,5.9982279044997995,12.959476949999953,0.9528622,91,markov_w20,0,1,0.2922980789990106,44501,0.0044501,6.167373227006223e-06,0.00338283142000663,0.06556584322418846,0.9528729,0.9963383573479445,0.2559564329475834,0.8720217835262083,0.1279782164737917,0.5,0.0,0.0,0.3438104431828901,10,0.19553979204662847,0.4,0.19999999999999996,0.5,"{""markov_seconds"": 0.08815111500007333, ""mean_states"": 2.0}"
exact-n10000000-d16-k100-sep2.0-s1,exact,10000000,16,100,2.0,1,406,True,50,7345,7345,0.0007345,49560,1126,609,929,3621382660.0,63.89707993299453,4083607171.0,156.09136400799252,1000000000.0,5.9982279044997995,12.959476949999953,0.9528622,91,active_set_U,2203500,2,0.39733583999986877,44492,0.0044492,6.142975879086521e-06,0.003382320875247706,0.06555859057649031,0.9528722,0.9963390065036168,0.2535057862491491,0.8732471068754255,0.1267528931245745,0.5,0.0,0.0,0.3433601476721248,10,0.19553979204662847,0.4,0.19999999999999996,0.5,"{""iters"": 3}"
exact-n10000000-d16-k100-sep2.0-s1,exact,10000000,16,100,2.0,1,406,True,50,7345,7345,0.0007345,49560,1126,609,929,3621382660.0,63.89707993299453,4083607171.0,156.09136400799252,1000000000.0,5.9982279044997995,12.959476949999953,0.9528622,91,hartigan_U,2203500,2,0.37718275300176174,44491,0.0044491,6.1429742110874486e-06,0.003382259961440761,0.06555859057649031,0.9528723,0.9963390812485534,0.2532334921715453,0.8733832539142273,0.12661674608577267,0.5,0.0,0.0,0.3433211903576016,10,0.19553979204662847,0.4,0.19999999999999996,0.5,"{""moves"": 21, ""sweeps"": 3}"
exact-n10000000-d16-k100-sep2.0-s1,exact,10000000,16,100,2.0,1,406,True,50,7345,7345,0.0007345,49560,1126,609,929,3621382660.0,63.89707993299453,4083607171.0,156.09136400799252,1000000000.0,5.9982279044997995,12.959476949999953,0.9528622,91,fcm_soft,734500,1,0.04859015100009856,44492,0.0044492,6.143109058553975e-06,0.0033823587929805053,0.06556392659048814,0.9528722,0.9963389983353208,0.8679697897126009,0.07638866350810214,0.7967873049372413,0.4809208307418285,4.370751831217497,1.0,0.8478752385348564,10,0.9255395586417645,0.9418373182294172,0.7640823714153929,0.8125,{}
exact-n10000000-d16-k100-sep2.0-s1,exact,10000000,16,100,2.0,1,406,True,50,7345,7345,0.0007345,49560,1126,609,929,3621382660.0,63.89707993299453,4083607171.0,156.09136400799252,1000000000.0,5.9982279044997995,12.959476949999953,0.9528622,91,gmm_plugin_soft,734500,1,0.05796376599937503,44696,0.0044696,6.217673780950506e-06,0.0033823587929805053,0.06556392659048814,0.9528748,0.9963243927663396,0.4623840123141143,0.5196350326976956,0.3219169411026019,0.7441953081217589,0.6923092489542356,1.0,0.15601897205103696,10,0.31229929516504046,0.41147215348405874,0.2583542919853382,1.0,{}
exact-n10000000-d16-k100-sep2.0-s1,exact,10000000,16,100,2.0,1,406,True,50,7345,7345,0.0007345,49560,1126,609,929,3621382660.0,63.89707993299453,4083607171.0,156.09136400799252,1000000000.0,5.9982279044997995,12.959476949999953,0.9528622,91,full_convergence,462224511.0,356,92.194284074998,0,0.0,0.0,0.0,0.0,0.9528622,1.0,0.0,1.0,0.0,nan,0.0,0.0,0.3247732445273107,10,0.19553979204662847,0.4,0.19999999999999996,0.5,{}
exact-n10000000-d16-k100-sep2.0-s1,exact,10000000,16,100,2.0,1,406,True,50,7345,7345,0.0007345,49560,1126,609,929,3621382660.0,63.89707993299453,4083607171.0,156.09136400799252,1000000000.0,5.9982279044997995,12.959476949999953,0.9528622,91,true_posterior_oracle,0,0,0.0,,,,,,,,1.0195085886100994,0.4896472165120501,0.5093073454546118,0.5767572738939716,0.002129312323395279,0.4268209666439755,0.5055630907054766,10,0.0,0.15943999706266396,0.11377710802887982,0.8888888888888888,{}
exact-n10000000-d16-k100-sep2.0-s1,exact,10000000,16,100,2.0,1,406,True,50,7345,7345,0.0007345,49560,1126,609,929,3621382660.0,63.89707993299453,4083607171.0,156.09136400799252,1000000000.0,5.9982279044997995,12.959476949999953,0.9528622,91,model_posterior_oracle,0,0,0.0,,,,,,,,0.23285688880439895,0.6752267554726893,0.3206407801598674,0.9490582756735356,0.6048189163448803,1.0,0.0,10,0.2217024268664583,0.3164508771635862,0.3006871854149967,1.0,{}
exact-n10000000-d16-k100-sep2.0-s1,exact,10000000,16,100,2.0,1,406,True,60,6218,6218,0.0006218,44336,994,622,818,3659298972.0,67.04950413299775,4083607171.0,156.09136400799252,1000000000.0,5.9982279044997995,12.959476949999953,0.9528622,91,stop,0,1,0.18034437099959177,39918,0.0039918,5.054324391684517e-06,0.00304191486312751,0.059443752439833436,0.952869,0.9966582479470172,0.2631071083949823,0.8684464458025088,0.13155355419749115,0.5,0.0,0.0,0.3565469114938866,9,0.2122644088218898,0.0,0.0,nan,{}
exact-n10000000-d16-k100-sep2.0-s1,exact,10000000,16,100,2.0,1,406,True,60,6218,6218,0.0006218,44336,994,622,818,3659298972.0,67.04950413299775,4083607171.0,156.09136400799252,1000000000.0,5.9982279044997995,12.959476949999953,0.9528622,91,reassign_U,621800,2,0.3654360069995164,39920,0.003992,5.054057755637942e-06,0.003041873144785051,0.05943724413712844,0.952869,0.9966580947655866,0.2637504020585397,0.8681247989707301,0.13187520102926986,0.5,0.0,0.0,0.3565159802310916,9,0.2122644088218898,0.0,0.0,nan,{}
exact-n10000000-d16-k100-sep2.0-s1,exact,10000000,16,100,2.0,1,406,True,60,6218,6218,0.0006218,44336,994,622,818,3659298972.0,67.04950413299775,4083607171.0,156.09136400799252,1000000000.0,5.9982279044997995,12.959476949999953,0.9528622,91,majority,0,1,0.21714785800031677,42139,0.0042139,5.564992030970828e-06,0.0032071114987131024,0.062287998847170734,0.952876,0.9965017559545987,0.9774847217754905,0.5112576391122547,0.48874236088774525,0.5,0.0,0.0,0.4915627866404149,9,0.37241686027139953,0.4444444444444444,0.2222222222222222,0.5,{}
exact-n10000000-d16-k100-sep2.0-s1,exact,10000000,16,100,2.0,1,406,True,60,6218,6218,0.0006218,44336,994,622,818,3659298972.0,67.04950413299775,4083607171.0,156.09136400799252,1000000000.0,5.9982279044997995,12.959476949999953,0.9528622,91,frequency_soft,0,1,0.18586497399883228,42139,0.0042139,5.572212503635043e-06,0.003206743878194928,0.06236877035075793,0.952876,0.9965017559545987,0.6236413079595629,0.5067545834673528,0.2165414193397468,0.5071046097699602,0.5409137735011109,1.0,0.2590479780999668,9,0.3233701452475125,0.24609733700642789,0.12121212121212119,0.8928571428571428,{}
exact-n10000000-d16-k100-sep2.0-s1,exact,10000000,16,100,2.0,1,406,True,60,6218,6218,0.0006218,44336,994,622,818,3659298972.0,67.04950413299775,4083607171.0,156.09136400799252,1000000000.0,5.9982279044997995,12.959476949999953,0.9528622,91,markov,0,1,0.24137897100081318,39923,0.0039923,5.055529343378495e-06,0.0030420838143263157,0.05944725915795529,0.9528681,0.9966579065942401,0.26471534255387585,0.8676423287230621,0.13235767127693787,0.5,0.0,0.0,0.35670196972437196,9,0.2122644088218898,0.0,0.0,nan,"{""markov_seconds"": 0.07517886500136228, ""mean_states"": 2.0}"
exact-n10000000-d16-k100-sep2.0-s1,exact,10000000,16,100,2.0,1,406,True,60,6218,6218,0.0006218,44336,994,622,818,3659298972.0,67.04950413299775,4083607171.0,156.09136400799252,1000000000.0,5.9982279044997995,12.959476949999953,0.9528622,91,markov_soft,0,1,0.26689693099979195,39923,0.0039923,5.055553904842469e-06,0.0030422180041288103,0.059447386697985986,0.9528681,0.9966579065942401,0.2624056503988377,0.8673260640935134,0.1305189021335692,0.5118950323679238,0.004277630214496955,0.007237053715020907,0.35452538117765986,9,0.2122644088218898,0.0,0.0,nan,"{""markov_seconds"": 0.07988899600059085, ""mean_states"": 2.0}"
exact-n10000000-d16-k100-sep2.0-s1,exact,10000000,16,100,2.0,1,406,True,60,6218,6218,0.0006218,44336,994,622,818,3659298972.0,67.04950413299775,4083607171.0,156.09136400799252,1000000000.0,5.9982279044997995,12.959476949999953,0.9528622,91,markov_a0.5,0,1,0.2429871420008567,40821,0.0040821,5.254190015291371e-06,0.0031082735698794582,0.060589058698617686,0.9528734,0.9965944645692848,0.5535541974911548,0.7232229012544227,0.2767770987455773,0.5,0.0,0.0,0.410628147969477,9,0.2122644088218898,0.0,0.0,nan,"{""markov_seconds"": 0.07120399400082533, ""mean_states"": 2.0}"
exact-n10000000-d16-k100-sep2.0-s1,exact,10000000,16,100,2.0,1,406,True,60,6218,6218,0.0006218,44336,994,622,818,3659298972.0,67.04950413299775,4083607171.0,156.09136400799252,1000000000.0,5.9982279044997995,12.959476949999953,0.9528622,91,markov_a0.5_soft,0,1,0.2842185720000998,40821,0.0040821,5.3545447811220725e-06,0.003152323051417519,0.0613985075988682,0.9528734,0.9965944645692848,0.40989880324483907,0.6244256566197076,0.10815189473240434,0.5873643589751533,0.5153488976693082,1.0,0.20958780267507307,9,0.24593126127565204,0.09648509093720131,0.17047258297258294,nan,"{""markov_seconds"": 0.08029377700040641, ""mean_states"": 2.0}"
exact-n10000000-d16-k100-sep2.0-s1,exact,10000000,16,100,2.0,1,406,True,60,6218,6218,0.0006218,44336,994,622,818,3659298972.0,67.04950413299775,4083607171.0,156.09136400799252,1000000000.0,5.9982279044997995,12.959476949999953,0.9528622,91,markov_pooled,0,1,0.2446628059988143,40168,0.0040168,5.111957590786531e-06,0.003059651479689538,0.05977066786497752,0.952883,0.9966403842534557,0.343518816339659,0.8282405918301705,0.17175940816982949,0.5,0.0,0.0,0.3704891891684263,9,0.2122644088218898,0.0,0.0,nan,"{""markov_seconds"": 0.07630025099933846, ""mean_states"": 2.0}"
exact-n10000000-d16-k100-sep2.0-s1,exact,10000000,16,100,2.0,1,406,True,60,6218,6218,0.0006218,44336,994,622,818,3659298972.0,67.04950413299775,4083607171.0,156.09136400799252,1000000000.0,5.9982279044997995,12.959476949999953,0.9528622,91,markov_pooled_soft,0,1,0.3016367229993193,40168,0.0040168,5.234182429258993e-06,0.0031081429298949453,0.060625345589670206,0.952883,0.9966403842534557,0.2779665923769268,0.7206998088451209,0.07786883300560271,0.6278104432566088,0.43975634900520094,0.9980701190093277,0.20231054515452812,9,0.21226440882188208,0.004604831891294483,0.021522798242834144,nan,"{""markov_seconds"": 0.10848887199972523, ""mean_states"": 2.0}"
exact-n10000000-d16-k100-sep2.0-s1,exact,10000000,16,100,2.0,1,406,True,60,6218,6218,0.0006218,44336,994,622,818,3659298972.0,67.04950413299775,4083607171.0,156.09136400799252,1000000000.0,5.9982279044997995,12.959476949999953,0.9528622,91,markov_w5,0,1,0.32307151799977873,39918,0.0039918,5.054644558022403e-06,0.003041877895107994,0.059442565393054196,0.9528688,0.9966582529979965,0.2631071083949823,0.8684464458025088,0.13155355419749115,0.5,0.0,0.0,0.3565161140165402,9,0.2122644088218898,0.0,0.0,nan,"{""markov_seconds"": 0.08461713599899667, ""mean_states"": 1.4879382438082984}"
exact-n10000000-d16-k100-sep2.0-s1,exact,10000000,16,100,2.0,1,406,True,60,6218,6218,0.0006218,44336,994,622,818,3659298972.0,67.04950413299775,4083607171.0,156.09136400799252,1000000000.0,5.9982279044997995,12.959476949999953,0.9528622,91,markov_w20,0,1,0.25087468400124635,39924,0.0039924,5.0629714016814376e-06,0.0030420411549989023,0.05945407449534475,0.9528678,0.9966578835343286,0.26503698938565456,0.8674815053071727,0.13251849469282728,0.5,0.0,0.0,0.35682004909614495,9,0.2122644088218898,0.0,0.0,nan,"{""markov_seconds"": 0.07954443500057096, ""mean_states"": 2.0}"
exact-n10000000-d16-k100-sep2.0-s1,exact,10000000,16,100,2.0,1,406,True,60,6218,6218,0.0006218,44336,994,622,818,3659298972.0,67.04950413299775,4083607171.0,156.09136400799252,1000000000.0,5.9982279044997995,12.959476949999953,0.9528622,91,active_set_U,2487200,2,0.37536733399974764,39918,0.0039918,5.054029140749705e-06,0.0030417434788201424,0.05943724413712844,0.9528692,0.9966582417523203,0.2631071083949823,0.8684464458025088,0.13155355419749115,0.5,0.0,0.0,0.3564148204558012,9,0.2122644088218898,0.0,0.0,nan,"{""iters"": 4}"
exact-n10000000-d16-k100-sep2.0-s1,exact,10000000,16,100,2.0,1,406,True,60,6218,6218,0.0006218,44336,994,622,818,3659298972.0,67.04950413299775,4083607171.0,156.09136400799252,1000000000.0,5.9982279044997995,12.959476949999953,0.9528622,91,hartigan_U,1865400,2,0.40319538900075713,39918,0.0039918,5.054029140749705e-06,0.0030417434788201424,0.05943724413712844,0.9528692,0.9966582417523203,0.2631071083949823,0.8684464458025088,0.13155355419749115,0.5,0.0,0.0,0.3564148204558012,9,0.2122644088218898,0.0,0.0,nan,"{""moves"": 16, ""sweeps"": 3}"
exact-n10000000-d16-k100-sep2.0-s1,exact,10000000,16,100,2.0,1,406,True,60,6218,6218,0.0006218,44336,994,622,818,3659298972.0,67.04950413299775,4083607171.0,156.09136400799252,1000000000.0,5.9982279044997995,12.959476949999953,0.9528622,91,fcm_soft,621800,1,0.03974069600008079,39920,0.003992,5.054109360358439e-06,0.00304191486312751,0.059443752439833436,0.952869,0.9966580947655866,0.8685255516374244,0.07607069307386807,0.7919867187823123,0.5133475361244906,4.371670091531674,1.0,0.8483984337547701,9,0.9295592658984168,0.94092073279589,0.9640607835749463,nan,{}
exact-n10000000-d16-k100-sep2.0-s1,exact,10000000,16,100,2.0,1,406,True,60,6218,6218,0.0006218,44336,994,622,818,3659298972.0,67.04950413299775,4083607171.0,156.09136400799252,1000000000.0,5.9982279044997995,12.959476949999953,0.9528622,91,gmm_plugin_soft,621800,1,0.0455493329991441,40135,0.0040135,5.1311642685902825e-06,0.00304191486312751,0.059443752439833436,0.9528736,0.9966418968993591,0.46802715272244827,0.5166096590806288,0.31349091519779737,0.7328350488078361,0.6927268509349825,1.0,0.14546519848310085,9,0.28717989997255955,0.22782134883512983,0.35199711798900485,nan,{}
exact-n10000000-d16-k100-sep2.0-s1,exact,10000000,16,100,2.0,1,406,True,60,6218,6218,0.0006218,44336,994,622,818,3659298972.0,67.04950413299775,4083607171.0,156.09136400799252,1000000000.0,5.9982279044997995,12.959476949999953,0.9528622,91,full_convergence,424308199.0,346,89.04185987499477,0,0.0,0.0,0.0,0.0,0.9528622,1.0,0.0,1.0,0.0,nan,0.0,0.0,0.33840493708289254,9,0.2122644088218898,0.0,0.0,nan,{}
exact-n10000000-d16-k100-sep2.0-s1,exact,10000000,16,100,2.0,1,406,True,60,6218,6218,0.0006218,44336,994,622,818,3659298972.0,67.04950413299775,4083607171.0,156.09136400799252,1000000000.0,5.9982279044997995,12.959476949999953,0.9528622,91,true_posterior_oracle,0,0,0.0,,,,,,,,1.0131754195040263,0.49271522617025676,0.5059670981306797,0.5789370617098282,0.0023419254207545323,0.45078803473785783,0.5018772145449686,9,0.0,0.11761137405500656,0.21226440882188974,nan,{}
exact-n10000000-d16-k100-sep2.0-s1,exact,10000000,16,100,2.0,1,406,True,60,6218,6218,0.0006218,44336,994,622,818,3659298972.0,67.04950413299775,4083607171.0,156.09136400799252,1000000000.0,5.9982279044997995,12.959476949999953,0.9528622,91,model_posterior_oracle,0,0,0.0,,,,,,,,0.24924077302725944,0.6615950629171073,0.33337668197386233,0.9099709114414997,0.61700837529214,1.0,0.0,9,0.22387334167787104,0.1491576620301449,0.2833191620407929,nan,{}
exact-n10000000-d16-k100-sep2.0-s1,exact,10000000,16,100,2.0,1,406,True,70,5339,5339,0.0005339,39917,920,499,752,3690611332.0,69.81132046799758,4083607171.0,156.09136400799252,1000000000.0,5.9982279044997995,12.959476949999953,0.9528622,91,stop,0,1,0.20101324500137707,36081,0.0036081,4.215738486967879e-06,0.002755187830176124,0.05513865953520828,0.9528859,0.9969384183374274,0.28170069301367295,0.8591496534931635,0.14085034650683648,0.5,0.0,0.0,0.37379816968618695,8,0.15027732997063972,0.5,0.25,0.5,{}
exact-n10000000-d16-k100-sep2.0-s1,exact,10000000,16,100,2.0,1,406,True,70,5339,5339,0.0005339,39917,920,499,752,3690611332.0,69.81132046799758,4083607171.0,156.09136400799252,1000000000.0,5.9982279044997995,12.959476949999953,0.9528622,91,reassign_U,533900,2,0.3502877089995309,36075,0.0036075,4.215241217853105e-06,0.0027549664847923206,0.05513865953520828,0.9528861,0.9969389085742653,0.2794530811013298,0.8602734594493351,0.1397265405506649,0.5,0.0,0.0,0.37368789770246225,8,0.15027732997063972,0.5,0.25,0.5,{}
exact-n10000000-d16-k100-sep2.0-s1,exact,10000000,16,100,2.0,1,406,True,70,5339,5339,0.0005339,39917,920,499,752,3690611332.0,69.81132046799758,4083607171.0,156.09136400799252,1000000000.0,5.9982279044997995,12.959476949999953,0.9528622,91,majority,0,1,0.19637624799906916,37897,0.0037897,4.6092223116023234e-06,0.002891157012242789,0.05708384877588538,0.9528758,0.9968037322835109,0.961977898482862,0.519011050758569,0.480988949241431,0.5,0.0,0.0,0.4893755142212613,8,0.6543424108891844,1.25,0.625,0.5,{}
exact-n10000000-d16-k100-sep2.0-s1,exact,10000000,16,100,2.0,1,406,True,70,5339,5339,0.0005339,39917,920,499,752,3690611332.0,69.81132046799758,4083607171.0,156.09136400799252,1000000000.0,5.9982279044997995,12.959476949999953,0.9528622,91,frequency_soft,0,1,0.17938804700133915,37897,0.0037897,4.6163702285273445e-06,0.0028931836056343735,0.057169176353693826,0.9528758,0.9968037322835109,0.617827029855159,0.5104973692724207,0.2123312162645371,0.5078882192175076,0.5392952332153074,1.0,0.253749166611987,8,0.49999614645827595,0.7768595041322314,0.5,0.8,{}
exact-n10000000-d16-k100-sep2.0-s1,exact,10000000,16,100,2.0,1,406,True,70,5339,5339,0.0005339,39917,920,499,752,3690611332.0,69.81132046799758,4083607171.0,156.09136400799252,1000000000.0,5.9982279044997995,12.959476949999953,0.9528622,91,markov,0,1,0.2335193300004903,36080,0.003608,4.217698445385665e-06,0.002755246887045923,0.05513287780991647,0.952886,0.9969384502283031,0.28132609102828243,0.8593369544858588,0.14066304551414122,0.5,0.0,0.0,0.37375929686680415,8,0.15027732997063972,0.5,0.25,0.5,"{""markov_seconds"": 0.07103541000105906, ""mean_states"": 2.0}"
exact-n10000000-d16-k100-sep2.0-s1,exact,10000000,16,100,2.0,1,406,True,70,5339,5339,0.0005339,39917,920,499,752,3690611332.0,69.81132046799758,4083607171.0,156.09136400799252,1000000000.0,5.9982279044997995,12.959476949999953,0.9528622,91,markov_soft,0,1,0.2565363610010536,36080,0.003608,4.217720737997865e-06,0.002755242020960466,0.05513255167063267,0.952886,0.9969384502283031,0.27761906485120513,0.8593085594044135,0.13780700530807952,0.5144714051709026,0.0055449579803398446,0.009739651620153587,0.37103874490957867,8,0.15027732997063972,0.5,0.25,0.5,"{""markov_seconds"": 0.07308801900035178, ""mean_states"": 2.0}"
exact-n10000000-d16-k100-sep2.0-s1,exact,10000000,16,100,2.0,1,406,True,70,5339,5339,0.0005339,39917,920,499,752,3690611332.0,69.81132046799758,4083607171.0,156.09136400799252,1000000000.0,5.9982279044997995,12.959476949999953,0.9528622,91,markov_a0.5,0,1,0.2423418969992781,36793,0.0036793,4.3765842190346405e-06,0.0028099824141331604,0.055892352101140595,0.9528825,0.99688541076574,0.548417306611725,0.7257913466941375,0.2742086533058625,0.5,0.0,0.0,0.4191310873466713,8,0.15027732997063972,0.5,0.25,0.5,"{""markov_seconds"": 0.06528284999876632, ""mean_states"": 2.0}"
exact-n10000000-d16-k100-sep2.0-s1,exact,10000000,16,100,2.0,1,406,True,70,5339,5339,0.0005339,39917,920,499,752,3690611332.0,69.81132046799758,4083607171.0,156.09136400799252,1000000000.0,5.9982279044997995,12.959476949999953,0.9528622,91,markov_a0.5_soft,0,1,0.23490332899928035,36793,0.0036793,4.455764912592031e-06,0.002847450591040698,0.0564908392238566,0.9528825,0.99688541076574,0.40767778620499484,0.6252875057628023,0.10714666707972734,0.5874703860391328,0.5156746214515532,1.0,0.2103188464804022,8,0.3228632042819377,0.5478199422954667,0.15699300699300694,0.7083333333333333,"{""markov_seconds"": 0.06984041999930923, ""mean_states"": 2.0}"
exact-n10000000-d16-k100-sep2.0-s1,exact,10000000,16,100,2.0,1,406,True,70,5339,5339,0.0005339,39917,920,499,752,3690611332.0,69.81132046799758,4083607171.0,156.09136400799252,1000000000.0,5.9982279044997995,12.959476949999953,0.9528622,91,markov_pooled,0,1,0.23027524600001925,36241,0.0036241,4.260324705240848e-06,0.002768026845537335,0.05524835837149289,0.9528895,0.9969263844553179,0.3416370106761566,0.8291814946619217,0.1708185053380783,0.5,0.0,0.0,0.38419212927239954,8,0.15027732997063972,0.5,0.25,0.5,"{""markov_seconds"": 0.07335747300021467, ""mean_states"": 2.0}"
exact-n10000000-d16-k100-sep2.0-s1,exact,10000000,16,100,2.0,1,406,True,70,5339,5339,0.0005339,39917,920,499,752,3690611332.0,69.81132046799758,4083607171.0,156.09136400799252,1000000000.0,5.9982279044997995,12.959476949999953,0.9528622,91,markov_pooled_soft,0,1,0.24123532500016154,36241,0.0036241,4.357456403480953e-06,0.002810038000639414,0.05592774383812762,0.9528895,0.9969263844553179,0.28177015503803454,0.7194606765816814,0.07087273852030541,0.6218031596384229,0.43788236843592426,0.9986888930511332,0.21086591040077007,8,0.15027683979994055,0.524022136677061,0.2788460508933487,0.33333333333333337,"{""markov_seconds"": 0.07933932100058882, ""mean_states"": 2.0}"
exact-n10000000-d16-k100-sep2.0-s1,exact,10000000,16,100,2.0,1,406,True,70,5339,5339,0.0005339,39917,920,499,752,3690611332.0,69.81132046799758,4083607171.0,156.09136400799252,1000000000.0,5.9982279044997995,12.959476949999953,0.9528622,91,markov_w5,0,1,0.2276636189999408,36082,0.0036082,4.21602450728642e-06,0.002755359747564337,0.05513907302430198,0.9528858,0.9969383263286732,0.2820752949990635,0.8589623525004683,0.14103764749953174,0.5,0.0,0.0,0.37390682264196456,8,0.15027732997063972,0.5,0.25,0.5,"{""markov_seconds"": 0.0633367829996132, ""mean_states"": 1.4873571829930698}"
exact-n10000000-d16-k100-sep2.0-s1,exact,10000000,16,100,2.0,1,406,True,70,5339,5339,0.0005339,39917,920,499,752,3690611332.0,69.81132046799758,4083607171.0,156.09136400799252,1000000000.0,5.9982279044997995,12.959476949999953,0.9528622,91,markov_w20,0,1,0.22679927500030317,36086,0.0036086,4.2274440723577555e-06,0.0027558225987227365,0.05513453097530061,0.9528868,0.9969379702500032,0.28357370294062556,0.8582131485296872,0.14178685147031278,0.5,0.0,0.0,0.37426762130324953,8,0.15027732997063972,0.5,0.25,0.5,"{""markov_seconds"": 0.06957966600020882, ""mean_states"": 2.0}"
exact-n10000000-d16-k100-sep2.0-s1,exact,10000000,16,100,2.0,1,406,True,70,5339,5339,0.0005339,39917,920,499,752,3690611332.0,69.81132046799758,4083607171.0,156.09136400799252,1000000000.0,5.9982279044997995,12.959476949999953,0.9528622,91,active_set_U,1601700,2,0.3887328700002399,36072,0.0036072,4.215222959125242e-06,0.002754867541885029,0.05513865953520828,0.9528864,0.9969391412313128,0.27832927514515826,0.8608353624274209,0.13916463757257913,0.5,0.0,0.0,0.3736077881876747,8,0.15027732997063972,0.5,0.25,0.5,"{""iters"": 3}"
exact-n10000000-d16-k100-sep2.0-s1,exact,10000000,16,100,2.0,1,406,True,70,5339,5339,0.0005339,39917,920,499,752,3690611332.0,69.81132046799758,4083607171.0,156.09136400799252,1000000000.0,5.9982279044997995,12.959476949999953,0.9528622,91,hartigan_U,2135600,2,0.40354599400052393,36068,0.0036068,4.2151990782279825e-06,0.0027547595618841137,0.05513981766903061,0.9528864,0.9969394742849206,0.2768308672035962,0.8615845663982019,0.1384154336017981,0.5,0.0,0.0,0.37353886008249937,8,0.15027732997063972,0.5,0.25,0.5,"{""moves"": 25, ""sweeps"": 4}"
exact-n10000000-d16-k100-sep2.0-s1,exact,10000000,16,100,2.0,1,406,True,70,5339,5339,0.0005339,39917,920,499,752,3690611332.0,69.81132046799758,4083607171.0,156.09136400799252,1000000000.0,5.9982279044997995,12.959476949999953,0.9528622,91,fcm_soft,533900,1,0.041012854999280535,36075,0.0036075,4.215361216308722e-06,0.002755187830176124,0.05513865953520828,0.9528861,0.9969389085742653,0.8691941318574824,0.07565955844217984,0.7845516043843181,0.500286308165649,4.373527863100736,1.0,0.84912369558101,8,0.9336055602691521,0.9409156238846255,0.7119402108537565,0.6666666666666667,{}
exact-n10000000-d16-k100-sep2.0-s1,exact,10000000,16,100,2.0,1,406,True,70,5339,5339,0.0005339,39917,920,499,752,3690611332.0,69.81132046799758,4083607171.0,156.09136400799252,1000000000.0,5.9982279044997995,12.959476949999953,0.9528622,91,gmm_plugin_soft,533900,1,0.04441249999945285,36177,0.0036177,4.2574875795953204e-06,0.002755187830176124,0.05513865953520828,0.9528902,0.9969313828321633,0.47157552917139206,0.5146329215212911,0.323475226842142,0.7158635930141205,0.6931128336202941,1.0,0.13099869373901668,8,0.31656761804147865,0.5369458131005953,0.08057942027022302,0.6666666666666667,{}
exact-n10000000-d16-k100-sep2.0-s1,exact,10000000,16,100,2.0,1,406,True,70,5339,5339,0.0005339,39917,920,499,752,3690611332.0,69.81132046799758,4083607171.0,156.09136400799252,1000000000.0,5.9982279044997995,12.959476949999953,0.9528622,91,full_convergence,392995839.0,336,86.28004353999495,0,0.0,0.0,0.0,0.0,0.9528622,1.0,0.0,1.0,0.0,nan,0.0,0.0,0.35485273675514806,8,0.15027732997063972,0.5,0.25,0.5,{}
exact-n10000000-d16-k100-sep2.0-s1,exact,10000000,16,100,2.0,1,406,True,70,5339,5339,0.0005339,39917,920,499,752,3690611332.0,69.81132046799758,4083607171.0,156.09136400799252,1000000000.0,5.9982279044997995,12.959476949999953,0.9528622,91,true_posterior_oracle,0,0,0.0,,,,,,,,0.9697732776419117,0.5146498116388281,0.4845132368013498,0.5718686050806823,0.0017039515022806288,0.4607604420303428,0.4917674559373952,8,0.0,0.37524816902447644,0.24051232010394735,0.7500000000000001,{}
exact-n10000000-d16-k100-sep2.0-s1,exact,10000000,16,100,2.0,1,406,True,70,5339,5339,0.0005339,39917,920,499,752,3690611332.0,69.81132046799758,4083607171.0,156.09136400799252,1000000000.0,5.9982279044997995,12.959476949999953,0.9528622,91,model_posterior_oracle,0,0,0.0,,,,,,,,0.2687161469650838,0.6451472632448519,0.3496656390406746,0.9696564033913431,0.6318368125552541,1.0,0.0,8,0.25985563589868155,0.4997462499708283,0.04949010786011511,0.16666666666666663,{}
exact-n10000000-d16-k100-sep2.0-s1,exact,10000000,16,100,2.0,1,406,True,80,4001,4001,0.0004001,36580,664,415,519,3713190115.0,72.38323418199616,4083607171.0,156.09136400799252,1000000000.0,5.9982279044997995,12.959476949999953,0.9528622,91,stop,0,1,0.1746666239996557,33127,0.0033127,3.749822358400934e-06,0.0025305295242298038,0.05085263115049479,0.9528711,0.9971620718572971,0.25943514121469635,0.8702824293926519,0.12971757060734812,0.5,0.0,0.0,0.38174917225507277,7,0.2377862690963264,0.5714285714285714,0.2857142857142857,0.5,{}
exact-n10000000-d16-k100-sep2.0-s1,exact,10000000,16,100,2.0,1,406,True,80,4001,4001,0.0004001,36580,664,415,519,3713190115.0,72.38323418199616,4083607171.0,156.09136400799252,1000000000.0,5.9982279044997995,12.959476949999953,0.9528622,91,reassign_U,400100,2,0.36808352500156616,33123,0.0033123,3.7495074354243485e-06,0.0025306437703805067,0.050849047142223484,0.9528707,0.9971623744604956,0.25743564108972755,0.8712821794551362,0.1287178205448638,0.5,0.0,0.0,0.3819051127921208,7,0.2377862690963264,0.5714285714285714,0.2857142857142857,0.5,{}
exact-n10000000-d16-k100-sep2.0-s1,exact,10000000,16,100,2.0,1,406,True,80,4001,4001,0.0004001,36580,664,415,519,3713190115.0,72.38323418199616,4083607171.0,156.09136400799252,1000000000.0,5.9982279044997995,12.959476949999953,0.9528622,91,majority,0,1,0.19316936300128873,34521,0.0034521,3.95027186961272e-06,0.0026365896332038725,0.05322824448337815,0.9528816,0.9970562366644624,0.9562609347663085,0.5218695326168458,0.47813046738315423,0.5,0.0,0.0,0.49192310599465455,7,0.6099101351392976,1.4285714285714286,0.7142857142857143,0.5,{}
exact-n10000000-d16-k100-sep2.0-s1,exact,10000000,16,100,2.0,1,406,True,80,4001,4001,0.0004001,36580,664,415,519,3713190115.0,72.38323418199616,4083607171.0,156.09136400799252,1000000000.0,5.9982279044997995,12.959476949999953,0.9528622,91,frequency_soft,0,1,0.19045125099910365,34521,0.0034521,3.955483993012265e-06,0.0026392503306590675,0.05314584568995411,0.9528816,0.9970562366644624,0.6226707785863451,0.5112585489991138,0.21494626343414142,0.5037321522633003,0.5316977169980468,1.0,0.25680313260178744,7,0.5032085698257461,0.9704840613931521,0.4675324675324675,0.39999999999999997,{}
exact-n10000000-d16-k100-sep2.0-s1,exact,10000000,16,100,2.0,1,406,True,80,4001,4001,0.0004001,36580,664,415,519,3713190115.0,72.38323418199616,4083607171.0,156.09136400799252,1000000000.0,5.9982279044997995,12.959476949999953,0.9528622,91,markov,0,1,0.2325271870013239,33128,0.0033128,3.7507876500253445e-06,0.002530725034840069,0.050862150909537614,0.9528714,0.9971620034209381,0.2599350162459385,0.8700324918770307,0.1299675081229693,0.5,0.0,0.0,0.38201563425568164,7,0.2377862690963264,0.5714285714285714,0.2857142857142857,0.5,"{""markov_seconds"": 0.05836722500134783, ""mean_states"": 2.0}"
exact-n10000000-d16-k100-sep2.0-s1,exact,10000000,16,100,2.0,1,406,True,80,4001,4001,0.0004001,36580,664,415,519,3713190115.0,72.38323418199616,4083607171.0,156.09136400799252,1000000000.0,5.9982279044997995,12.959476949999953,0.9528622,91,markov_soft,0,1,0.2134650120005972,33128,0.0033128,3.7508068468916633e-06,0.002530785309232247,0.05085998875390213,0.9528714,0.9971620034209381,0.255929523854864,0.8696105735470894,0.12641899049047256,0.5159227914770043,0.007166400086815717,0.01274681329667583,0.37862907237210147,7,0.2377862690963264,0.5714285714285714,0.2857142857142857,0.5,"{""markov_seconds"": 0.05449587099974451, ""mean_states"": 2.0}"
exact-n10000000-d16-k100-sep2.0-s1,exact,10000000,16,100,2.0,1,406,True,80,4001,4001,0.0004001,36580,664,415,519,3713190115.0,72.38323418199616,4083607171.0,156.09136400799252,1000000000.0,5.9982279044997995,12.959476949999953,0.9528622,91,markov_a0.5,0,1,0.23427417499988223,33743,0.0033743,3.845106990807423e-06,0.002576589979564824,0.0519797758425856,0.9528773,0.997115239613558,0.5673581604598851,0.7163209197700575,0.2836790802299425,0.5,0.0,0.0,0.42935970223682346,7,0.3628323776023436,0.8571428571428571,0.4285714285714286,0.5,"{""markov_seconds"": 0.07564243500019074, ""mean_states"": 2.0}"
exact-n10000000-d16-k100-sep2.0-s1,exact,10000000,16,100,2.0,1,406,True,80,4001,4001,0.0004001,36580,664,415,519,3713190115.0,72.38323418199616,4083607171.0,156.09136400799252,1000000000.0,5.9982279044997995,12.959476949999953,0.9528622,91,markov_a0.5_soft,0,1,0.20927155100071104,33743,0.0033743,3.879954854069112e-06,0.002604051559268851,0.05244415669746349,0.9528773,0.997115239613558,0.41582460021679063,0.6261562427227533,0.11899368891941396,0.5957472952880463,0.5042075722159112,1.0,0.2243444718855846,7,0.3863773480678344,0.7440184339796782,0.3181907378335949,0.25,"{""markov_seconds"": 0.05397244900086662, ""mean_states"": 2.0}"
exact-n10000000-d16-k100-sep2.0-s1,exact,10000000,16,100,2.0,1,406,True,80,4001,4001,0.0004001,36580,664,415,519,3713190115.0,72.38323418199616,4083607171.0,156.09136400799252,1000000000.0,5.9982279044997995,12.959476949999953,0.9528622,91,markov_pooled,0,1,0.21804409499964095,33274,0.0033274,3.7761571403116534e-06,0.0025411558469975526,0.051136744792700146,0.9528606,0.9971508585849296,0.3329167708072982,0.8335416145963509,0.1664583854036491,0.5,0.0,0.0,0.392620639409834,7,0.2377862690963264,0.5714285714285714,0.2857142857142857,0.5,"{""markov_seconds"": 0.06052692099910928, ""mean_states"": 2.0}"
exact-n10000000-d16-k100-sep2.0-s1,exact,10000000,16,100,2.0,1,406,True,80,4001,4001,0.0004001,36580,664,415,519,3713190115.0,72.38323418199616,4083607171.0,156.09136400799252,1000000000.0,5.9982279044997995,12.959476949999953,0.9528622,91,markov_pooled_soft,0,1,0.21379103000072064,33274,0.0033274,3.82882294003295e-06,0.00257489582704297,0.05182024596624154,0.9528606,0.9971508585849296,0.2803412447639399,0.7220620350671079,0.07679395255872665,0.607590799194997,0.4328072328343618,0.9972506873281679,0.2217799539239198,7,0.2377862690963264,0.5714285714285714,0.2857142857142857,0.5,"{""markov_seconds"": 0.05631859200002509, ""mean_states"": 2.0}"
exact-n10000000-d16-k100-sep2.0-s1,exact,10000000,16,100,2.0,1,406,True,80,4001,4001,0.0004001,36580,664,415,519,3713190115.0,72.38323418199616,4083607171.0,156.09136400799252,1000000000.0,5.9982279044997995,12.959476949999953,0.9528622,91,markov_w5,0,1,0.2458552839998447,33126,0.0033126,3.7498360996313096e-06,0.002530451903100827,0.05085263115049479,0.9528712,0.9971621448557203,0.25893526618345414,0.870532366908273,0.12946763309172704,0.5,0.0,0.0,0.38165446881147513,7,0.2377862690963264,0.5714285714285714,0.2857142857142857,0.5,"{""markov_seconds"": 0.06671262999952887, ""mean_states"": 1.461634591352162}"
exact-n10000000-d16-k100-sep2.0-s1,exact,10000000,16,100,2.0,1,406,True,80,4001,4001,0.0004001,36580,664,415,519,3713190115.0,72.38323418199616,4083607171.0,156.09136400799252,1000000000.0,5.9982279044997995,12.959476949999953,0.9528622,91,markov_w20,0,1,0.23315304099924106,33144,0.0033144,3.756056002668373e-06,0.002531377070006927,0.050860719380362886,0.9528712,0.9971607460517888,0.26793301674581355,0.8660334916270932,0.1339665083729068,0.5,0.0,0.0,0.3825784194082754,7,0.2377862690963264,0.5714285714285714,0.2857142857142857,0.5,"{""markov_seconds"": 0.07350975500048662, ""mean_states"": 2.0}"
exact-n10000000-d16-k100-sep2.0-s1,exact,10000000,16,100,2.0,1,406,True,80,4001,4001,0.0004001,36580,664,415,519,3713190115.0,72.38323418199616,4083607171.0,156.09136400799252,1000000000.0,5.9982279044997995,12.959476949999953,0.9528622,91,active_set_U,1200300,2,0.39585813200028497,33121,0.0033121,3.749472733627357e-06,0.00253061739092428,0.050849047142223484,0.9528707,0.9971625204320443,0.2564358910272432,0.8717820544863784,0.12821794551362165,0.5,0.0,0.0,0.3818703497998031,7,0.2377862690963264,0.5714285714285714,0.2857142857142857,0.5,"{""iters"": 3}"
exact-n10000000-d16-k100-sep2.0-s1,exact,10000000,16,100,2.0,1,406,True,80,4001,4001,0.0004001,36580,664,415,519,3713190115.0,72.38323418199616,4083607171.0,156.09136400799252,1000000000.0,5.9982279044997995,12.959476949999953,0.9528622,91,hartigan_U,800200,2,0.3945713599987357,33121,0.0033121,3.7494696740747457e-06,0.002530681758704749,0.05084777895053548,0.9528705,0.9971625181636524,0.2564358910272432,0.8717820544863784,0.12821794551362165,0.5,0.0,0.0,0.3819395815162517,7,0.2377862690963264,0.5714285714285714,0.2857142857142857,0.5,"{""moves"": 20, ""sweeps"": 2}"
exact-n10000000-d16-k100-sep2.0-s1,exact,10000000,16,100,2.0,1,406,True,80,4001,4001,0.0004001,36580,664,415,519,3713190115.0,72.38323418199616,4083607171.0,156.09136400799252,1000000000.0,5.9982279044997995,12.959476949999953,0.9528622,91,fcm_soft,400100,1,0.0357888290000119,33123,0.0033123,3.749602910163574e-06,0.0025305295242298038,0.05085263115049479,0.9528707,0.9971623744604956,0.8702649137340244,0.07504247766243996,0.7961987750371662,0.4807646675467473,4.37585018168242,1.0,0.850137724179039,7,0.9264623132331578,0.9456213975181013,0.6792333210403546,0.7,{}
exact-n10000000-d16-k100-sep2.0-s1,exact,10000000,16,100,2.0,1,406,True,80,4001,4001,0.0004001,36580,664,415,519,3713190115.0,72.38323418199616,4083607171.0,156.09136400799252,1000000000.0,5.9982279044997995,12.959476949999953,0.9528622,91,gmm_plugin_soft,400100,1,0.03579779299980146,33257,0.0033257,3.785644593801152e-06,0.0025305295242298038,0.05085263115049479,0.9528789,0.9971523761959248,0.4789055202929201,0.5106433232144637,0.32454836269532567,0.7279057003431018,0.6940721073555121,1.0,0.1277257010578761,7,0.29257179740407047,0.5081247862523246,0.21294243921219813,0.5,{}
exact-n10000000-d16-k100-sep2.0-s1,exact,10000000,16,100,2.0,1,406,True,80,4001,4001,0.0004001,36580,664,415,519,3713190115.0,72.38323418199616,4083607171.0,156.09136400799252,1000000000.0,5.9982279044997995,12.959476949999953,0.9528622,91,full_convergence,370417056.0,326,83.70812982599637,0,0.0,0.0,0.0,0.0,0.9528622,1.0,0.0,1.0,0.0,nan,0.0,0.0,0.36186176736948056,7,0.2377862690963264,0.5714285714285714,0.2857142857142857,0.5,{}
exact-n10000000-d16-k100-sep2.0-s1,exact,10000000,16,100,2.0,1,406,True,80,4001,4001,0.0004001,36580,664,415,519,3713190115.0,72.38323418199616,4083607171.0,156.09136400799252,1000000000.0,5.9982279044997995,12.959476949999953,0.9528622,91,true_posterior_oracle,0,0,0.0,,,,,,,,1.028294498135814,0.485060921825235,0.5138240868345879,0.5405869286531363,0.002694614961715972,0.44713821544613847,0.5044353430470314,7,0.0,0.32646678575871835,0.25103854599305353,0.5,{}
exact-n10000000-d16-k100-sep2.0-s1,exact,10000000,16,100,2.0,1,406,True,80,4001,4001,0.0004001,36580,664,415,519,3713190115.0,72.38323418199616,4083607171.0,156.09136400799252,1000000000.0,5.9982279044997995,12.959476949999953,0.9528622,91,model_posterior_oracle,0,0,0.0,,,,,,,,0.27668995569703136,0.6381382326305196,0.356406050231416,0.9492821249102655,0.6387453321893979,1.0,0.0,7,0.28224667426367306,0.48452150746396555,0.17314116681446973,0.6,{}
exact-n10000000-d16-k100-sep2.0-s1,exact,10000000,16,100,2.0,1,406,True,90,4192,4192,0.0004192,33036,648,416,485,3737743059.0,74.92413550999117,4083607171.0,156.09136400799252,1000000000.0,5.9982279044997995,12.959476949999953,0.9528622,91,stop,0,1,0.2038645450011245,29924,0.0029924,3.1979038310758767e-06,0.0022838302813785486,0.04629481086711402,0.9528805,0.9974073263481059,0.23139312977099236,0.8843034351145038,0.11569656488549618,0.5,0.0,0.0,0.3814899535581578,2,0.24067550404483923,0.0,0.0,nan,{}
exact-n10000000-d16-k100-sep2.0-s1,exact,10000000,16,100,2.0,1,406,True,90,4192,4192,0.0004192,33036,648,416,485,3737743059.0,74.92413550999117,4083607171.0,156.09136400799252,1000000000.0,5.9982279044997995,12.959476949999953,0.9528622,91,reassign_U,419200,2,0.3592020420001063,29916,0.0029916,3.197723856596113e-06,0.0022835146492370525,0.04628926296433375,0.9528805,0.9974079286968847,0.2275763358778626,0.8862118320610687,0.11378816793893132,0.5,0.0,0.0,0.38116207555049425,2,0.24067550404483923,0.0,0.0,nan,{}
exact-n10000000-d16-k100-sep2.0-s1,exact,10000000,16,100,2.0,1,406,True,90,4192,4192,0.0004192,33036,648,416,485,3737743059.0,74.92413550999117,4083607171.0,156.09136400799252,1000000000.0,5.9982279044997995,12.959476949999953,0.9528622,91,majority,0,1,0.22693757100023504,31594,0.0031594,3.4664797050609764e-06,0.0024120913121718295,0.04762884338780305,0.9528802,0.9972790910119983,1.028148854961832,0.48592557251908397,0.514074427480916,0.5,0.0,0.0,0.5022773756226889,2,0.24067550404483923,0.0,0.0,nan,{}
exact-n10000000-d16-k100-sep2.0-s1,exact,10000000,16,100,2.0,1,406,True,90,4192,4192,0.0004192,33036,648,416,485,3737743059.0,74.92413550999117,4083607171.0,156.09136400799252,1000000000.0,5.9982279044997995,12.959476949999953,0.9528622,91,frequency_soft,0,1,0.19192225499864435,31594,0.0031594,3.4694371719989903e-06,0.0024103979719881053,0.04761472160857401,0.9528802,0.9972790910119983,0.6548364456501167,0.49065319222761977,0.24130378209576683,0.4869082074430462,0.542104128118095,1.0,0.2580193736073646,2,0.2558773268726179,0.06611570247933882,0.18181818181818177,nan,{}
exact-n10000000-d16-k100-sep2.0-s1,exact,10000000,16,100,2.0,1,406,True,90,4192,4192,0.0004192,33036,648,416,485,3737743059.0,74.92413550999117,4083607171.0,156.09136400799252,1000000000.0,5.9982279044997995,12.959476949999953,0.9528622,91,markov,0,1,0.2515426659992954,29933,0.0029933,3.1998679037581468e-06,0.0022843551307427713,0.04631672315348053,0.9528802,0.9974066394684412,0.23568702290076335,0.8821564885496184,0.11784351145038163,0.5,0.0,0.0,0.38205974369094886,2,0.24067550404483923,0.0,0.0,nan,"{""markov_seconds"": 0.06293163199916307, ""mean_states"": 2.0}"
exact-n10000000-d16-k100-sep2.0-s1,exact,10000000,16,100,2.0,1,406,True,90,4192,4192,0.0004192,33036,648,416,485,3737743059.0,74.92413550999117,4083607171.0,156.09136400799252,1000000000.0,5.9982279044997995,12.959476949999953,0.9528622,91,markov_soft,0,1,0.2511809070001618,29933,0.0029933,3.1998955110079663e-06,0.00228449367125868,0.046321915600024424,0.9528802,0.9974066394684412,0.2312729020788721,0.8815070306601794,0.1137662790453822,0.5225645691428759,0.008411176875170139,0.014790076335877863,0.3779532366861378,2,0.24067550404483923,0.0,0.0,nan,"{""markov_seconds"": 0.06591823899907467, ""mean_states"": 2.0}"
exact-n10000000-d16-k100-sep2.0-s1,exact,10000000,16,100,2.0,1,406,True,90,4192,4192,0.0004192,33036,648,416,485,3737743059.0,74.92413550999117,4083607171.0,156.09136400799252,1000000000.0,5.9982279044997995,12.959476949999953,0.9528622,91,markov_a0.5,0,1,0.23510395000084827,30609,0.0030609,3.310946363077605e-06,0.0023383850750904297,0.04675379340674303,0.9528833,0.9973545716134875,0.558206106870229,0.7208969465648855,0.27910305343511455,0.5,0.0,0.0,0.4324631197707588,2,0.24067550404483923,0.0,0.0,nan,"{""markov_seconds"": 0.06289108999953896, ""mean_states"": 2.0}"
exact-n10000000-d16-k100-sep2.0-s1,exact,10000000,16,100,2.0,1,406,True,90,4192,4192,0.0004192,33036,648,416,485,3737743059.0,74.92413550999117,4083607171.0,156.09136400799252,1000000000.0,5.9982279044997995,12.959476949999953,0.9528622,91,markov_a0.5_soft,0,1,0.2624683569993067,30609,0.0030609,3.3631847748960553e-06,0.002369971998833147,0.046934815440205106,0.9528833,0.9973545716134875,0.4245644333986894,0.6154627571009449,0.12147595224950128,0.5550204927590555,0.5191234206159004,1.0,0.2174598695844768,2,0.24067536817191154,0.019999999999999993,0.09999999999999998,nan,"{""markov_seconds"": 0.0552846070004307, ""mean_states"": 2.0}"
exact-n10000000-d16-k100-sep2.0-s1,exact,10000000,16,100,2.0,1,406,True,90,4192,4192,0.0004192,33036,648,416,485,3737743059.0,74.92413550999117,4083607171.0,156.09136400799252,1000000000.0,5.9982279044997995,12.959476949999953,0.9528622,91,markov_pooled,0,1,0.22031962599976396,30142,0.0030142,3.2343209994678546e-06,0.0023004158919615898,0.046529635038631015,0.9528967,0.9973905763679016,0.3354007633587786,0.8322996183206107,0.16770038167938928,0.5,0.0,0.0,0.39732180205954265,2,0.24067550404483923,0.0,0.0,nan,"{""markov_seconds"": 0.0626011499989545, ""mean_states"": 2.0}"
exact-n10000000-d16-k100-sep2.0-s1,exact,10000000,16,100,2.0,1,406,True,90,4192,4192,0.0004192,33036,648,416,485,3737743059.0,74.92413550999117,4083607171.0,156.09136400799252,1000000000.0,5.9982279044997995,12.959476949999953,0.9528622,91,markov_pooled_soft,0,1,0.22254751500076964,30142,0.0030142,3.295194158647874e-06,0.0023361395434377636,0.046692226359947624,0.9528967,0.9973905763679016,0.2746434533316185,0.7199227233447274,0.1016424224425371,0.6198006170174336,0.44596820301970763,0.9985687022900763,0.21604097082169832,2,0.24067550404483923,0.0,0.0,nan,"{""markov_seconds"": 0.06245920199944521, ""mean_states"": 2.0}"
exact-n10000000-d16-k100-sep2.0-s1,exact,10000000,16,100,2.0,1,406,True,90,4192,4192,0.0004192,33036,648,416,485,3737743059.0,74.92413550999117,4083607171.0,156.09136400799252,1000000000.0,5.9982279044997995,12.959476949999953,0.9528622,91,markov_w5,0,1,0.22736833999988448,29925,0.0029925,3.198212687571811e-06,0.002283804090610827,0.04629481086711402,0.9528804,0.9974072413819062,0.2318702290076336,0.8840648854961832,0.11593511450381677,0.5,0.0,0.0,0.3814570667690089,2,0.24067550404483923,0.0,0.0,nan,"{""markov_seconds"": 0.06184245499935059, ""mean_states"": 1.494513358778626}"
exact-n10000000-d16-k100-sep2.0-s1,exact,10000000,16,100,2.0,1,406,True,90,4192,4192,0.0004192,33036,648,416,485,3737743059.0,74.92413550999117,4083607171.0,156.09136400799252,1000000000.0,5.9982279044997995,12.959476949999953,0.9528622,91,markov_w20,0,1,0.22150704300111101,29942,0.0029942,3.2045400482072495e-06,0.0022847266985759718,0.046322873219137056,0.9528801,0.9974059413966585,0.23998091603053434,0.8800095419847328,0.1199904580152672,0.5,0.0,0.0,0.38242815975095706,2,0.24067550404483923,0.0,0.0,nan,"{""markov_seconds"": 0.061057763999997405, ""mean_states"": 2.0}"
exact-n10000000-d16-k100-sep2.0-s1,exact,10000000,16,100,2.0,1,406,True,90,4192,4192,0.0004192,33036,648,416,485,3737743059.0,74.92413550999117,4083607171.0,156.09136400799252,1000000000.0,5.9982279044997995,12.959476949999953,0.9528622,91,active_set_U,1257600,2,0.3578991569993377,29913,0.0029913,3.197696215817558e-06,0.002283432461373761,0.046287513204733066,0.9528806,0.9974081614805972,0.22614503816793893,0.8869274809160306,0.11307251908396942,0.5,0.0,0.0,0.3810799135483409,2,0.24067550404483923,0.0,0.0,nan,"{""iters"": 3}"
exact-n10000000-d16-k100-sep2.0-s1,exact,10000000,16,100,2.0,1,406,True,90,4192,4192,0.0004192,33036,648,416,485,3737743059.0,74.92413550999117,4083607171.0,156.09136400799252,1000000000.0,5.9982279044997995,12.959476949999953,0.9528622,91,hartigan_U,1257600,2,0.36272896099944774,29911,0.0029911,3.197693107193089e-06,0.0022833737980051403,0.04628726440232523,0.9528806,0.9974083092980786,0.22519083969465647,0.8874045801526718,0.11259541984732824,0.5,0.0,0.0,0.3810117508049508,2,0.24067550404483923,0.0,0.0,nan,"{""moves"": 15, ""sweeps"": 3}"
exact-n10000000-d16-k100-sep2.0-s1,exact,10000000,16,100,2.0,1,406,True,90,4192,4192,0.0004192,33036,648,416,485,3737743059.0,74.92413550999117,4083607171.0,156.09136400799252,1000000000.0,5.9982279044997995,12.959476949999953,0.9528622,91,fcm_soft,419200,1,0.0374815219984157,29916,0.0029916,3.197756684336639e-06,0.0022838302813785486,0.04629481086711402,0.9528805,0.9974079286968847,0.8673854857831164,0.07675884173707412,0.8094186160476367,0.4981837471184585,4.369134051163601,1.0,0.8468978956001311,2,0.9160088551436477,0.9340103623893412,0.9602481955054522,nan,{}
exact-n10000000-d16-k100-sep2.0-s1,exact,10000000,16,100,2.0,1,406,True,90,4192,4192,0.0004192,33036,648,416,485,3737743059.0,74.92413550999117,4083607171.0,156.09136400799252,1000000000.0,5.9982279044997995,12.959476949999953,0.9528622,91,gmm_plugin_soft,419200,1,0.04425311499835516,30019,0.0030019,3.230460221104181e-06,0.0022838302813785486,0.04629481086711402,0.9528889,0.997399527683289,0.4741529525969062,0.5131814880528163,0.3465146110648454,0.7780950471608051,0.6934034744049604,1.0,0.11992102643676003,2,0.2850265378698131,0.27838472712188733,0.404275539394594,nan,{}
exact-n10000000-d16-k100-sep2.0-s1,exact,10000000,16,100,2.0,1,406,True,90,4192,4192,0.0004192,33036,648,416,485,3737743059.0,74.92413550999117,4083607171.0,156.09136400799252,1000000000.0,5.9982279044997995,12.959476949999953,0.9528622,91,full_convergence,345864112.0,316,81.16722849800135,0,0.0,0.0,0.0,0.0,0.9528622,1.0,0.0,1.0,0.0,nan,0.0,0.0,0.36705624461437925,2,0.24067550404483923,0.0,0.0,nan,{}
exact-n10000000-d16-k100-sep2.0-s1,exact,10000000,16,100,2.0,1,406,True,90,4192,4192,0.0004192,33036,648,416,485,3737743059.0,74.92413550999117,4083607171.0,156.09136400799252,1000000000.0,5.9982279044997995,12.959476949999953,0.9528622,91,true_posterior_oracle,0,0,0.0,,,,,,,,1.0072187677180546,0.49598899228290066,0.5034243866450943,0.5656328534746503,0.0014607963483562452,0.38525763358778625,0.4984907517017848,2,0.0,0.11966451242914336,0.24067550404483917,nan,{}
exact-n10000000-d16-k100-sep2.0-s1,exact,10000000,16,100,2.0,1,406,True,90,4192,4192,0.0004192,33036,648,416,485,3737743059.0,74.92413550999117,4083607171.0,156.09136400799252,1000000000.0,5.9982279044997995,12.959476949999953,0.9528622,91,model_posterior_oracle,0,0,0.0,,,,,,,,0.28450377314390235,0.6329437553856208,0.3610279009938082,0.9688120950323974,0.6411690558300293,1.0,0.0,2,0.17689187606359535,0.17545084543650874,0.3119712572046662,nan,{}
exact-n2000000-d128-k50-sep0.5-s0,exact,2000000,128,50,0.5,0,150,True,10,1468237,200000,0.7341185,73075,68281,1486,65218,891629720.0,131.87821712000004,1353371897.0,237.13626668701727,100000000.0,2.224611002000529,14.874936256999717,0.96743,47,stop,0,1,0.2719788399990648,69558,0.034779,0.004578876881252025,0.0379353910345308,0.9881533460201493,0.9378965,0.9699237492764891,0.08901,0.955495,0.04450500000000002,0.5,0.0,0.0,0.04948862899517026,190355,0.04553076348414881,0.09148170523495575,0.045740852617477845,0.5,{}
exact-n2000000-d128-k50-sep0.5-s0,exact,2000000,128,50,0.5,0,150,True,10,1468237,200000,0.7341185,73075,68281,1486,65218,891629720.0,131.87821712000004,1353371897.0,237.13626668701727,100000000.0,2.224611002000529,14.874936256999717,0.96743,47,reassign_U,73411850,2,10.751695791999737,68953,0.0344765,0.0045778101730764575,0.037704073806088735,0.9835316348386168,0.9379635,0.9700096069271819,0.08811,0.955945,0.044054999999999955,0.5,0.0,0.0,0.049100330518958006,190355,0.04521161841932559,0.09084079745738226,0.04542039872869108,0.5,{}
exact-n2000000-d128-k50-sep0.5-s0,exact,2000000,128,50,0.5,0,150,True,10,1468237,200000,0.7341185,73075,68281,1486,65218,891629720.0,131.87821712000004,1353371897.0,237.13626668701727,100000000.0,2.224611002000529,14.874936256999717,0.96743,47,majority,0,1,0.9356814160000795,86178,0.043089,0.006217081633921984,0.045377471854476076,0.9974715831179473,0.9310755,0.9581098392682645,0.11194,0.94403,0.055969999999999964,0.5,0.0,0.0,0.060371557428617106,190355,0.05616328317910297,0.11278926216805442,0.0563946310840272,0.5,{}
exact-n2000000-d128-k50-sep0.5-s0,exact,2000000,128,50,0.5,0,150,True,10,1468237,200000,0.7341185,73075,68281,1486,65218,891629720.0,131.87821712000004,1353371897.0,237.13626668701727,100000000.0,2.224611002000529,14.874936256999717,0.96743,47,frequency_soft,0,1,1.147082565999881,86178,0.043089,0.010612839986504419,0.12696005649050351,0.8642564567451518,0.9310755,0.9581098392682645,0.1320493388429752,0.7961163636363635,0.11242409090909097,0.8400828537289683,0.4890586324247878,1.0,0.2019051137158521,190355,0.2025295150603351,0.13278322299505207,0.1174193671632667,0.8462644427604541,{}
exact-n2000000-d128-k50-sep0.5-s0,exact,2000000,128,50,0.5,0,150,True,10,1468237,200000,0.7341185,73075,68281,1486,65218,891629720.0,131.87821712000004,1353371897.0,237.13626668701727,100000000.0,2.224611002000529,14.874936256999717,0.96743,47,markov,0,1,13.291066406000027,71026,0.035513,0.004596524627228371,0.03837481406309307,0.9927413913516222,0.938001,0.9695638875888328,0.09091,0.954545,0.04545500000000002,0.5,0.0,0.0,0.0502255225742567,190355,0.045932962740059764,0.09231173334033779,0.04615586667016891,0.5,"{""markov_seconds"": 13.03881011500016, ""mean_states"": 2.382067064104773}"
exact-n2000000-d128-k50-sep0.5-s0,exact,2000000,128,50,0.5,0,150,True,10,1468237,200000,0.7341185,73075,68281,1486,65218,891629720.0,131.87821712000004,1353371897.0,237.13626668701727,100000000.0,2.224611002000529,14.874936256999717,0.96743,47,markov_soft,0,1,13.375319093000144,71026,0.035513,0.004599789561904766,0.03947483092342464,0.9889222757062293,0.938001,0.9695638875888328,0.08947029452666276,0.9513014000615397,0.04133428850642822,0.5472526207252313,0.012801164598920788,0.027105,0.05196113490438946,190355,0.048126397544898794,0.09106175451786971,0.042625083972875254,0.5403333063183912,"{""markov_seconds"": 13.006404723999367, ""mean_states"": 2.382067064104773}"
exact-n2000000-d128-k50-sep0.5-s0,exact,2000000,128,50,0.5,0,150,True,10,1468237,200000,0.7341185,73075,68281,1486,65218,891629720.0,131.87821712000004,1353371897.0,237.13626668701727,100000000.0,2.224611002000529,14.874936256999717,0.96743,47,markov_a0.5,0,1,14.695656775000316,72396,0.036198,0.004611314964104052,0.038940898777808784,0.9979103109633966,0.9376975,0.9690828651144877,0.09289,0.953555,0.04644499999999996,0.5,0.0,0.0,0.05104894318774899,190355,0.046580357318856756,0.09362506895011952,0.04681253447505973,0.5,"{""markov_seconds"": 14.43088876100046, ""mean_states"": 2.382067064104773}"
exact-n2000000-d128-k50-sep0.5-s0,exact,2000000,128,50,0.5,0,150,True,10,1468237,200000,0.7341185,73075,68281,1486,65218,891629720.0,131.87821712000004,1353371897.0,237.13626668701727,100000000.0,2.224611002000529,14.874936256999717,0.96743,47,markov_a0.5_soft,0,1,13.36249312200016,72396,0.036198,0.008162184751722368,0.11134169151496023,0.8735251197602943,0.9376975,0.9690828651144877,0.11599995434553677,0.8249025112519565,0.09723741658725639,0.7859755882301953,0.43501548285221214,1.0,0.17355832292442971,190355,0.17355305656580988,0.11657205843694954,0.09760513730602965,0.8075653622501022,"{""markov_seconds"": 12.954974064999988, ""mean_states"": 2.382067064104773}"
exact-n2000000-d128-k50-sep0.5-s0,exact,2000000,128,50,0.5,0,150,True,10,1468237,200000,0.7341185,73075,68281,1486,65218,891629720.0,131.87821712000004,1353371897.0,237.13626668701727,100000000.0,2.224611002000529,14.874936256999717,0.96743,47,markov_pooled,0,1,14.38321408199954,71651,0.0358255,0.004598488632095332,0.038567812885109125,0.9940135145338578,0.938351,0.9694291867281484,0.09189,0.954055,0.045945000000000014,0.5,0.0,0.0,0.050582775611823165,190355,0.046065115830680084,0.09257440046229413,0.046287200231147074,0.5,"{""markov_seconds"": 14.122512002999429, ""mean_states"": 2.382067064104773}"
exact-n2000000-d128-k50-sep0.5-s0,exact,2000000,128,50,0.5,0,150,True,10,1468237,200000,0.7341185,73075,68281,1486,65218,891629720.0,131.87821712000004,1353371897.0,237.13626668701727,100000000.0,2.224611002000529,14.874936256999717,0.96743,47,markov_pooled_soft,0,1,13.790739717000179,71651,0.0358255,0.0046173793245625205,0.04223976941648152,0.989661779288013,0.938351,0.9694291867281484,0.08875101313243686,0.9454894509648071,0.03788242480797353,0.7600213649286566,0.043477189080939754,0.99971,0.056387322368408134,190355,0.05295621804667176,0.09010966999370278,0.038556994418824236,0.7601940470924287,"{""markov_seconds"": 13.318502220001392, ""mean_states"": 2.382067064104773}"
exact-n2000000-d128-k50-sep0.5-s0,exact,2000000,128,50,0.5,0,150,True,10,1468237,200000,0.7341185,73075,68281,1486,65218,891629720.0,131.87821712000004,1353371897.0,237.13626668701727,100000000.0,2.224611002000529,14.874936256999717,0.96743,47,markov_w5,0,1,12.327500477000285,69584,0.034792,0.004579139973843072,0.03797880235003506,0.9892454106325914,0.9379175,0.969848977765944,0.08909,0.955455,0.044544999999999946,0.5,0.0,0.0,0.049484149864174105,190355,0.045491497080237836,0.09140815844080796,0.04570407922040398,0.5,"{""markov_seconds"": 12.090176555000653, ""mean_states"": 1.037523233646884}"
exact-n2000000-d128-k50-sep0.5-s0,exact,2000000,128,50,0.5,0,150,True,10,1468237,200000,0.7341185,73075,68281,1486,65218,891629720.0,131.87821712000004,1353371897.0,237.13626668701727,100000000.0,2.224611002000529,14.874936256999717,0.96743,47,markov_w20,0,1,15.376134918000389,71026,0.035513,0.004596524627228371,0.03837481406309307,0.9927413913516222,0.938001,0.9695638875888328,0.09091,0.954545,0.04545500000000002,0.5,0.0,0.0,0.0502255225742567,190355,0.045932962740059764,0.09231173334033779,0.04615586667016891,0.5,"{""markov_seconds"": 15.10075461300039, ""mean_states"": 2.382067064104773}"
exact-n2000000-d128-k50-sep0.5-s0,exact,2000000,128,50,0.5,0,150,True,10,1468237,200000,0.7341185,73075,68281,1486,65218,891629720.0,131.87821712000004,1353371897.0,237.13626668701727,100000000.0,2.224611002000529,14.874936256999717,0.96743,47,active_set_U,3083297700,2,444.1886836680005,9884,0.004942,0.0003105692998774945,0.004322667071154729,0.08127302860226428,0.9663605,0.9950866927877632,0.00751,0.996245,0.003754999999999953,0.5,0.0,0.0,0.009372164876812365,190355,0.0038890208731150264,0.008363321163090015,0.00418166058154501,0.5,"{""iters"": 42}"
exact-n2000000-d128-k50-sep0.5-s0,exact,2000000,128,50,0.5,0,150,True,10,1468237,200000,0.7341185,73075,68281,1486,65218,891629720.0,131.87821712000004,1353371897.0,237.13626668701727,100000000.0,2.224611002000529,14.874936256999717,0.96743,47,hartigan_U,2496002900,2,364.20677537200027,9705,0.0048525,0.0003105451295510875,0.004263606633057902,0.07984401042450902,0.96634,0.995136249960938,0.00726,0.99637,0.003630000000000022,0.5,0.0,0.0,0.009309473110208993,190355,0.0038888862245794894,0.008342307793333508,0.004171153896666779,0.5,"{""moves"": 65793, ""sweeps"": 34}"
exact-n2000000-d128-k50-sep0.5-s0,exact,2000000,128,50,0.5,0,150,True,10,1468237,200000,0.7341185,73075,68281,1486,65218,891629720.0,131.87821712000004,1353371897.0,237.13626668701727,100000000.0,2.224611002000529,14.874936256999717,0.96743,47,fcm_soft,73411850,1,13.117952370001149,68953,0.0344765,0.004578321160388699,0.0379353910345308,0.9881533460201493,0.9379635,0.9700096069271819,0.9622610688492875,0.02896502714576301,0.9268575834011283,0.7483212876303813,3.907539397956691,1.0,0.9694077734474521,190355,0.9701507700831935,0.9621674637560733,0.9254356916293707,0.8202033202617561,{}
exact-n2000000-d128-k50-sep0.5-s0,exact,2000000,128,50,0.5,0,150,True,10,1468237,200000,0.7341185,73075,68281,1486,65218,891629720.0,131.87821712000004,1353371897.0,237.13626668701727,100000000.0,2.224611002000529,14.874936256999717,0.96743,47,gmm_plugin_soft,73411850,1,14.269196282999474,69163,0.0345815,0.00458369585831897,0.0379353910345308,0.9881533460201493,0.9382835,0.9691645105888617,0.07720231392543012,0.9502295962519236,0.028856606218958945,0.8469874167287876,0.03705866744133274,0.82236,0.04317993161078506,190355,0.04336272051223008,0.07869586676731904,0.0340356989220026,0.86004555331296,{}
exact-n2000000-d128-k50-sep0.5-s0,exact,2000000,128,50,0.5,0,150,True,10,1468237,200000,0.7341185,73075,68281,1486,65218,891629720.0,131.87821712000004,1353371897.0,237.13626668701727,100000000.0,2.224611002000529,14.874936256999717,0.96743,47,full_convergence,461742177.0,140,105.25804956701722,0,0.0,0.0,0.0,0.0,0.96743,1.0,0.0,1.0,0.0,nan,0.0,0.0,0.008170689985356064,190355,0.0038867650699584647,0.008352814478211762,0.004176407239105839,0.5,{}
exact-n2000000-d128-k50-sep0.5-s0,exact,2000000,128,50,0.5,0,150,True,10,1468237,200000,0.7341185,73075,68281,1486,65218,891629720.0,131.87821712000004,1353371897.0,237.13626668701727,100000000.0,2.224611002000529,14.874936256999717,0.96743,47,true_posterior_oracle,0,0,0.0,,,,,,,,0.04313179151335617,0.976289964582315,0.021732080638932578,0.49767576236600236,0.008442907076993805,0.7589,0.021765995217320137,190355,0.0,0.004732027498645429,0.00033157941251788696,0.994459945329348,{}
exact-n2000000-d128-k50-sep0.5-s0,exact,2000000,128,50,0.5,0,150,True,10,1468237,200000,0.7341185,73075,68281,1486,65218,891629720.0,131.87821712000004,1353371897.0,237.13626668701727,100000000.0,2.224611002000529,14.874936256999717,0.96743,47,model_posterior_oracle,0,0,0.0,,,,,,,,0.004714878593189964,0.9918293100146438,0.007637029557929479,0.99677003595567,0.020152571537284284,0.791915,0.0,190355,0.0014711316992256336,0.006355524263825601,0.0007174644346530166,0.9945551801593837,{}
exact-n2000000-d128-k50-sep0.5-s0,exact,2000000,128,50,0.5,0,150,True,20,11577,11577,0.0057885,63866,2368,1312,2228,951001738.0,143.754303239004,1353371897.0,237.13626668701727,100000000.0,2.224611002000529,14.874936256999717,0.96743,47,stop,0,1,0.23981655799980217,62536,0.031268,0.004566956541658618,0.03477695258095079,0.9085264220049246,0.9398735,0.9708308870336657,0.3849010970026777,0.8075494514986611,0.19245054850133891,0.5,0.0,0.0,0.25151773681759326,7458,0.2143446402742963,0.4290694556181282,0.21453472780906413,0.5,{}
exact-n2000000-d128-k50-sep0.5-s0,exact,2000000,128,50,0.5,0,150,True,20,11577,11577,0.0057885,63866,2368,1312,2228,951001738.0,143.754303239004,1353371897.0,237.13626668701727,100000000.0,2.224611002000529,14.874936256999717,0.96743,47,reassign_U,578850,2,0.624537613000939,62422,0.031211,0.004566864277487204,0.03473881252114521,0.9073622035194905,0.9399295,0.9708491138680825,0.3652068757018226,0.8173965621490887,0.18260343785091127,0.5,0.0,0.0,0.24210174004475504,7458,0.20004140023204514,0.4001072673639045,0.20005363368195228,0.5,{}
exact-n2000000-d128-k50-sep0.5-s0,exact,2000000,128,50,0.5,0,150,True,20,11577,11577,0.0057885,63866,2368,1312,2228,951001738.0,143.754303239004,1353371897.0,237.13626668701727,100000000.0,2.224611002000529,14.874936256999717,0.96743,47,majority,0,1,0.2371101769986126,66274,0.033137,0.004573475546558958,0.036583812899074745,0.9600144385690853,0.938589,0.9704105339731739,1.0306642480780859,0.48466787596095706,0.5153321240390429,0.5,0.0,0.0,0.5269506401926003,7458,0.5652527250604701,1.131670689192813,0.5658353445964066,0.5,{}
exact-n2000000-d128-k50-sep0.5-s0,exact,2000000,128,50,0.5,0,150,True,20,11577,11577,0.0057885,63866,2368,1312,2228,951001738.0,143.754303239004,1353371897.0,237.13626668701727,100000000.0,2.224611002000529,14.874936256999717,0.96743,47,frequency_soft,0,1,0.24419547300021804,66274,0.033137,0.004573696331291677,0.036475778203010595,0.9570752395610067,0.938589,0.9704105339731739,0.6640424837791089,0.48901819438227834,0.24873770092738737,0.4898255354571766,0.5353178805430963,1.0,0.4423924216259769,7458,0.541427156340363,0.7375783727718197,0.3017504083473512,0.4529136521364524,{}
exact-n2000000-d128-k50-sep0.5-s0,exact,2000000,128,50,0.5,0,150,True,20,11577,11577,0.0057885,63866,2368,1312,2228,951001738.0,143.754303239004,1353371897.0,237.13626668701727,100000000.0,2.224611002000529,14.874936256999717,0.96743,47,markov,0,1,0.34616824299882865,62608,0.031304,0.004567177082795082,0.03480298683164487,0.9092723659563474,0.9398455,0.9708165647632326,0.39733955256111253,0.8013302237194437,0.19866977628055627,0.5,0.0,0.0,0.2564904056518637,7458,0.22090292356800229,0.4424778761061947,0.22123893805309736,0.5,"{""markov_seconds"": 0.09427149899966025, ""mean_states"": 2.0006046471452015}"
exact-n2000000-d128-k50-sep0.5-s0,exact,2000000,128,50,0.5,0,150,True,20,11577,11577,0.0057885,63866,2368,1312,2228,951001738.0,143.754303239004,1353371897.0,237.13626668701727,100000000.0,2.224611002000529,14.874936256999717,0.96743,47,markov_soft,0,1,0.41779278600006364,62608,0.031304,0.004567179707620772,0.03480971327814533,0.9095305130140882,0.9398455,0.9708165647632326,0.38759573253003493,0.7998577924335893,0.19176984756378979,0.5342734059713431,0.018583124182467787,0.03204629869568973,0.25576903130979095,7458,0.22300100431184974,0.4327084929027683,0.2143889282098549,0.5191002586589977,"{""markov_seconds"": 0.14368045700030052, ""mean_states"": 2.0006046471452015}"
exact-n2000000-d128-k50-sep0.5-s0,exact,2000000,128,50,0.5,0,150,True,20,11577,11577,0.0057885,63866,2368,1312,2228,951001738.0,143.754303239004,1353371897.0,237.13626668701727,100000000.0,2.224611002000529,14.874936256999717,0.96743,47,markov_a0.5,0,1,0.4096396029999596,64298,0.032149,0.004570437326497867,0.035672106251165174,0.9361743960954868,0.9392105,0.9706620090169792,0.6892977455299301,0.655351127235035,0.34464887276496503,0.5,0.0,0.0,0.38689863171742517,7458,0.39856716204625997,0.798605524269241,0.39930276213462057,0.5,"{""markov_seconds"": 0.15707970500079682, ""mean_states"": 2.0006046471452015}"
exact-n2000000-d128-k50-sep0.5-s0,exact,2000000,128,50,0.5,0,150,True,20,11577,11577,0.0057885,63866,2368,1312,2228,951001738.0,143.754303239004,1353371897.0,237.13626668701727,100000000.0,2.224611002000529,14.874936256999717,0.96743,47,markov_a0.5_soft,0,1,0.3241310470002645,64298,0.032149,0.004571278960385339,0.03597168550287247,0.9439708558874114,0.9392105,0.9706620090169792,0.49060022657342567,0.5844095330272754,0.1500295180248674,0.5634697731340141,0.5144967679711453,1.0,0.36453298288066127,7458,0.4486002766175745,0.5576738829411714,0.20316471053359775,0.5236746903871436,"{""markov_seconds"": 0.08877380400008406, ""mean_states"": 2.0006046471452015}"
