instance,regime,n,d,k,sep,seed,T_conv,converged,T0,n_U,n_U_eval,frac_U,n_V,n_U_and_V,changes_at_T0,U_disagree_at_T0,prefix_base_dist,prefix_base_sec,full_base_dist,full_base_sec,lloyd_dist_iter,lloyd_gemm_sec_iter,lloyd_scalar_sec_iter,ref_acc_truth,n_matched_clusters,method,extra_dist,extra_center_passes,extra_seconds,n_disagree,disagree_rate,rel_sse,center_err,center_err_max,acc_truth,ari_ref,brier_ref,p_ref_label,ece_ref,auroc_err_ref,entropy,frac_fractional,tv_model_post,n_U_matched,tv_true_post,brier_truth,ece_truth,auroc_err_truth,tv_ref_soft,extra
minibatch-n10000000-d16-k50-sep1.5-s0,minibatch,10000000,16,50,1.5,0,200,False,10,2878327,200000,0.2878327,86951,43064,4804,41582,5500000000.0,78.64092920799976,100500000000.0,1500.3723918490018,500000000.0,3.6811158575001173,5.9577839899975515,0.8118576,31,stop,0,0,0.09239297800013446,84250,0.008425,0.0005953205739499534,0.009716263841529873,0.11659761780399047,0.8122251,0.9815269419889507,0.02877,0.985615,0.014384999999999981,0.5,0.0,0.0,0.09871123743221372,111532,0.089564977341668,0.1791234802567873,0.08956174012839369,0.5,0.014383500000000002,{}
minibatch-n10000000-d16-k50-sep1.5-s0,minibatch,10000000,16,50,1.5,0,200,False,10,2878327,200000,0.2878327,86951,43064,4804,41582,5500000000.0,78.64092920799976,100500000000.0,1500.3723918490018,500000000.0,3.6811158575001173,5.9577839899975515,0.8118576,31,reassign_U,143916350,0,1.895445023999855,83221,0.0083221,0.0005951491640534545,0.009716263841529873,0.11659761780399047,0.8122147,0.9817876482217814,0.02796,0.98602,0.013979999999999992,0.5,0.0,0.0,0.0985504193490124,111532,0.08955943233051399,0.1791234802567873,0.08956174012839369,0.5,0.013978500000000001,{}
minibatch-n10000000-d16-k50-sep1.5-s0,minibatch,10000000,16,50,1.5,0,200,False,10,2878327,200000,0.2878327,86951,43064,4804,41582,5500000000.0,78.64092920799976,100500000000.0,1500.3723918490018,500000000.0,3.6811158575001173,5.9577839899975515,0.8118576,31,majority,0,0,4.538698999999724,112209,0.0112209,0.00070074752578142,0.009716263841529873,0.11659761780399047,0.8123691,0.9752867501669787,0.0479,0.97605,0.023950000000000027,0.5,0.0,0.0,0.10357658185305563,111532,0.08938117974200145,0.17871104257074202,0.08935552128537105,0.5,0.023936100000000002,{}
minibatch-n10000000-d16-k50-sep1.5-s0,minibatch,10000000,16,50,1.5,0,200,False,10,2878327,200000,0.2878327,86951,43064,4804,41582,5500000000.0,78.64092920799976,100500000000.0,1500.3723918490018,500000000.0,3.6811158575001173,5.9577839899975515,0.8118576,31,frequency_soft,0,0,2.72898000800069,112209,0.0112209,0.00070074752578142,0.009716263841529873,0.11659761780399047,0.8123691,0.9752867501669787,0.056719338842975205,0.8825209090909089,0.07699681818181822,0.7047451854084326,0.3235066133584745,1.0,0.1430813775185063,111532,0.1593062934756668,0.1746998897103392,0.013048028613068294,0.5408615430980127,0.11740706363636363,{}
minibatch-n10000000-d16-k50-sep1.5-s0,minibatch,10000000,16,50,1.5,0,200,False,10,2878327,200000,0.2878327,86951,43064,4804,41582,5500000000.0,78.64092920799976,100500000000.0,1500.3723918490018,500000000.0,3.6811158575001173,5.9577839899975515,0.8118576,31,markov,0,0,31.27468780000072,86598,0.0086598,0.0005970049189041315,0.009716263841529873,0.11659761780399047,0.8122791,0.9810921364077356,0.03011,0.984945,0.01505500000000004,0.5,0.0,0.0,0.09885546192383281,111532,0.08955768907278915,0.17914141233009362,0.08957070616504681,0.5,0.015053300000000002,"{""markov_seconds"": 31.274640924000778, ""mean_states"": 2.024986389663162}"
minibatch-n10000000-d16-k50-sep1.5-s0,minibatch,10000000,16,50,1.5,0,200,False,10,2878327,200000,0.2878327,86951,43064,4804,41582,5500000000.0,78.64092920799976,100500000000.0,1500.3723918490018,500000000.0,3.6811158575001173,5.9577839899975515,0.8118576,31,markov_soft,0,0,24.64412810399972,86598,0.0086598,0.0005970049189041315,0.009716263841529873,0.11659761780399047,0.8122791,0.9810921364077356,0.029919441667669244,0.9841412630718955,0.014154574929972078,0.5316794658473648,0.0028444502164857487,0.00633,0.09785851483951015,111532,0.08948442057483703,0.17881934565200358,0.08937225788712373,0.504386421934333,0.015852536928104576,"{""markov_seconds"": 24.644089616999736, ""mean_states"": 2.024986389663162}"
minibatch-n10000000-d16-k50-sep1.5-s0,minibatch,10000000,16,50,1.5,0,200,False,10,2878327,200000,0.2878327,86951,43064,4804,41582,5500000000.0,78.64092920799976,100500000000.0,1500.3723918490018,500000000.0,3.6811158575001173,5.9577839899975515,0.8118576,31,markov_a0.5,0,0,30.305750006999915,97615,0.0097615,0.0006151783500032426,0.009716263841529873,0.11659761780399047,0.8123126,0.9784319735418413,0.03778,0.98111,0.018889999999999962,0.5,0.0,0.0,0.100731418506455,111532,0.08950585354370079,0.17894415952372414,0.08947207976186211,0.5,0.0188843,"{""markov_seconds"": 30.305700825000713, ""mean_states"": 2.024986389663162}"
minibatch-n10000000-d16-k50-sep1.5-s0,minibatch,10000000,16,50,1.5,0,200,False,10,2878327,200000,0.2878327,86951,43064,4804,41582,5500000000.0,78.64092920799976,100500000000.0,1500.3723918490018,500000000.0,3.6811158575001173,5.9577839899975515,0.8118576,31,markov_a0.5_soft,0,0,27.639556776000063,97615,0.0097615,0.0006151783500032426,0.009716263841529873,0.11659761780399047,0.8123126,0.9784319735418413,0.04325176121967519,0.9129643380576797,0.05359815370715569,0.6489610319759643,0.25440498060438543,1.0,0.12533270424583404,111532,0.13590468650028456,0.17187836049078906,0.025317171562304484,0.5442172316357078,0.08697967648261168,"{""markov_seconds"": 27.63951484900008, ""mean_states"": 2.024986389663162}"
minibatch-n10000000-d16-k50-sep1.5-s0,minibatch,10000000,16,50,1.5,0,200,False,10,2878327,200000,0.2878327,86951,43064,4804,41582,5500000000.0,78.64092920799976,100500000000.0,1500.3723918490018,500000000.0,3.6811158575001173,5.9577839899975515,0.8118576,31,markov_pooled,0,0,29.129667047000112,87991,0.0087991,0.0005980296259573414,0.009716263841529873,0.11659761780399047,0.8123689,0.980931066670837,0.03106,0.98447,0.015530000000000044,0.5,0.0,0.0,0.09890477642908681,111532,0.08955768907278915,0.17914141233009362,0.08957070616504681,0.5,0.0155304,"{""markov_seconds"": 29.129623607999747, ""mean_states"": 2.024986389663162}"
minibatch-n10000000-d16-k50-sep1.5-s0,minibatch,10000000,16,50,1.5,0,200,False,10,2878327,200000,0.2878327,86951,43064,4804,41582,5500000000.0,78.64092920799976,100500000000.0,1500.3723918490018,500000000.0,3.6811158575001173,5.9577839899975515,0.8118576,31,markov_pooled_soft,0,0,29.954345467000167,87991,0.0087991,0.0005980296259573414,0.009716263841529873,0.11659761780399047,0.8123689,0.980931066670837,0.030624280810063746,0.9803094710378215,0.012448561501715145,0.6747506450645361,0.018567525351513733,0.97503,0.09545268045731731,111532,0.09000863296519346,0.1777955430374167,0.08762320532587564,0.6244948938420606,0.019678432299605062,"{""markov_seconds"": 29.954308318000585, ""mean_states"": 2.024986389663162}"
minibatch-n10000000-d16-k50-sep1.5-s0,minibatch,10000000,16,50,1.5,0,200,False,10,2878327,200000,0.2878327,86951,43064,4804,41582,5500000000.0,78.64092920799976,100500000000.0,1500.3723918490018,500000000.0,3.6811158575001173,5.9577839899975515,0.8118576,31,markov_w5,0,0,21.3861469579997,84270,0.008427,0.0005953212404430364,0.009716263841529873,0.11659761780399047,0.812226,0.9815251752581584,0.02877,0.985615,0.014384999999999981,0.5,0.0,0.0,0.09871123743221372,111532,0.089564977341668,0.1791234802567873,0.08956174012839369,0.5,0.014383500000000002,"{""markov_seconds"": 21.386098387999482, ""mean_states"": 1.0118398639209514}"
minibatch-n10000000-d16-k50-sep1.5-s0,minibatch,10000000,16,50,1.5,0,200,False,10,2878327,200000,0.2878327,86951,43064,4804,41582,5500000000.0,78.64092920799976,100500000000.0,1500.3723918490018,500000000.0,3.6811158575001173,5.9577839899975515,0.8118576,31,markov_w20,0,0,26.884992865999266,86598,0.0086598,0.0005970049189041315,0.009716263841529873,0.11659761780399047,0.8122791,0.9810921364077356,0.03011,0.984945,0.01505500000000004,0.5,0.0,0.0,0.09885546192383281,111532,0.08955768907278915,0.17914141233009362,0.08957070616504681,0.5,0.015053300000000002,"{""markov_seconds"": 26.884939974999725, ""mean_states"": 2.024986389663162}"
minibatch-n10000000-d16-k50-sep1.5-s0,minibatch,10000000,16,50,1.5,0,200,False,10,2878327,200000,0.2878327,86951,43064,4804,41582,5500000000.0,78.64092920799976,100500000000.0,1500.3723918490018,500000000.0,3.6811158575001173,5.9577839899975515,0.8118576,31,reassign_all,500000000,0,6.20284834999984,82143,0.0082143,0.0005947329359017317,0.009716263841529873,0.11659761780399047,0.8122153,0.9820045894479861,0.02796,0.98602,0.013979999999999992,0.5,0.0,0.0,0.0985504193490124,111532,0.08955943233051399,0.1791234802567873,0.08956174012839369,0.5,0.013978500000000001,{}
minibatch-n10000000-d16-k50-sep1.5-s0,minibatch,10000000,16,50,1.5,0,200,False,10,2878327,200000,0.2878327,86951,43064,4804,41582,5500000000.0,78.64092920799976,100500000000.0,1500.3723918490018,500000000.0,3.6811158575001173,5.9577839899975515,0.8118576,31,fcm_soft,143916350,0,5.150774451999496,83221,0.0083221,0.0005951491640534545,0.009716263841529873,0.11659761780399047,0.8122147,0.9817876482217814,0.866824041044267,0.08027878072705096,0.9057244475585267,0.8140224516131804,3.7959115831212817,1.0,0.8885499105690184,111532,0.9079547050331086,0.8634683807861577,0.8263841387042216,0.9150188287979073,0.9196676304028008,{}
minibatch-n10000000-d16-k50-sep1.5-s0,minibatch,10000000,16,50,1.5,0,200,False,10,2878327,200000,0.2878327,86951,43064,4804,41582,5500000000.0,78.64092920799976,100500000000.0,1500.3723918490018,500000000.0,3.6811158575001173,5.9577839899975515,0.8118576,31,gmm_plugin_soft,143916350,0,5.596425833000467,108118,0.0108118,0.0007233799770380855,0.009716263841529873,0.11659761780399047,0.8133021,0.9772231657325609,0.06917736981504496,0.8978826632366111,0.07695565358000032,0.9630564851381992,0.2318310882540135,0.998385,0.016439091849079945,111532,0.08286389340840378,0.14287586675063996,0.04255960412596788,0.9533829592426388,0.1018921094660878,{}
minibatch-n10000000-d16-k50-sep1.5-s0,minibatch,10000000,16,50,1.5,0,200,False,10,2878327,200000,0.2878327,86951,43064,4804,41582,5500000000.0,78.64092920799976,100500000000.0,1500.3723918490018,500000000.0,3.6811158575001173,5.9577839899975515,0.8118576,31,full_convergence,95000000000.0,190,1421.731462641002,0,0.0,0.0,0.0,0.0,0.8118576,1.0,0.0,1.0,0.0,nan,0.0,0.0,0.09548452501679026,111532,0.08947857441178904,0.1790158878169494,0.08950794390847472,0.5,0.0002556,{}
minibatch-n10000000-d16-k50-sep1.5-s0,minibatch,10000000,16,50,1.5,0,200,False,10,2878327,200000,0.2878327,86951,43064,4804,41582,5500000000.0,78.64092920799976,100500000000.0,1500.3723918490018,500000000.0,3.6811158575001173,5.9577839899975515,0.8118576,31,true_posterior_oracle,0,0,0.0,,,,,,,,0.6425361311952157,0.6594709658577118,0.30679419781463174,0.590820582288136,0.07358170480471224,0.963275,0.3406634450444779,111532,0.0,0.0419578792299888,0.0010505658222217883,0.9596306398099558,0.3405188090251399,{}
minibatch-n10000000-d16-k50-sep1.5-s0,minibatch,10000000,16,50,1.5,0,200,False,10,2878327,200000,0.2878327,86951,43064,4804,41582,5500000000.0,78.64092920799976,100500000000.0,1500.3723918490018,500000000.0,3.6811158575001173,5.9577839899975515,0.8118576,31,model_posterior_oracle,0,0,0.0,,,,,,,,0.062416727345583366,0.9045154749832097,0.07998918904385592,0.9721593091938863,0.22051947616988465,0.99831,0.0,111532,0.08285545110927671,0.14230778330342192,0.04219059014330313,0.9578276010866953,0.09524805032255022,{}
minibatch-n10000000-d16-k50-sep1.5-s0,minibatch,10000000,16,50,1.5,0,200,False,20,27688,27688,0.0027688,59992,729,1858,679,10500000000.0,150.6180138779987,100500000000.0,1500.3723918490018,500000000.0,3.6811158575001173,5.9577839899975515,0.8118576,31,stop,0,0,0.0252141010005289,57353,0.0057353,0.00035804872621403305,0.006893246417552988,0.08063308206493805,0.8121,0.9875976021084282,0.04904651834729847,0.9754767408263507,0.02452325917364928,0.5,0.0,0.0,0.3443177973572584,2880,0.8642506178882124,1.7340277777777777,0.8670138888888889,0.5,0.024639555041895408,{}
minibatch-n10000000-d16-k50-sep1.5-s0,minibatch,10000000,16,50,1.5,0,200,False,20,27688,27688,0.0027688,59992,729,1858,679,10500000000.0,150.6180138779987,100500000000.0,1500.3723918490018,500000000.0,3.6811158575001173,5.9577839899975515,0.8118576,31,reassign_U,1384400,0,0.060134801999993215,57334,0.0057334,0.0003580469782724638,0.006893246417552988,0.08063308206493805,0.8121,0.9876017960479329,0.04767408263507657,0.9761629586824617,0.023837041317538277,0.5,0.0,0.0,0.3440714118004519,2880,0.8642506178882124,1.7340277777777777,0.8670138888888889,0.5,0.023953337185784455,{}
minibatch-n10000000-d16-k50-sep1.5-s0,minibatch,10000000,16,50,1.5,0,200,False,20,27688,27688,0.0027688,59992,729,1858,679,10500000000.0,150.6180138779987,100500000000.0,1500.3723918490018,500000000.0,3.6811158575001173,5.9577839899975515,0.8118576,31,majority,0,0,0.030249196000113443,67779,0.0067779,0.0003699520691025082,0.006893246417552988,0.08063308206493805,0.8121419,0.9852588632061514,0.8021525570644322,0.5989237214677838,0.40107627853221617,0.5,0.0,0.0,0.4841967815794415,2880,0.8010082171770831,1.6069444444444445,0.8034722222222223,0.5,0.40111745160358275,{}
minibatch-n10000000-d16-k50-sep1.5-s0,minibatch,10000000,16,50,1.5,0,200,False,20,27688,27688,0.0027688,59992,729,1858,679,10500000000.0,150.6180138779987,100500000000.0,1500.3723918490018,500000000.0,3.6811158575001173,5.9577839899975515,0.8118576,31,frequency_soft,0,0,0.036741951999829325,67779,0.0067779,0.0003699520691025082,0.006893246417552988,0.08063308206493805,0.8121419,0.9852588632061514,0.5306448955420613,0.5560465971474351,0.13562816842215863,0.5737284862590728,0.5353250577412888,1.0,0.30842182440914606,2880,0.7409670888712194,1.2347968319559226,0.5386679292929293,0.4609684941254799,0.4437380158125607,{}
minibatch-n10000000-d16-k50-sep1.5-s0,minibatch,10000000,16,50,1.5,0,200,False,20,27688,27688,0.0027688,59992,729,1858,679,10500000000.0,150.6180138779987,100500000000.0,1500.3723918490018,500000000.0,3.6811158575001173,5.9577839899975515,0.8118576,31,markov,0,0,0.23661544700007653,57387,0.0057387,0.00035804938414307763,0.006893246417552988,0.08063308206493805,0.8121002,0.9875940776111704,0.05150245593759029,0.9742487720312049,0.025751227968795143,0.5,0.0,0.0,0.3443173971500801,2880,0.8642486583565171,1.73125,0.865625,0.5,0.025884859867090437,"{""markov_seconds"": 0.23659996700007468, ""mean_states"": 2.0054897428488876}"
minibatch-n10000000-d16-k50-sep1.5-s0,minibatch,10000000,16,50,1.5,0,200,False,20,27688,27688,0.0027688,59992,729,1858,679,10500000000.0,150.6180138779987,100500000000.0,1500.3723918490018,500000000.0,3.6811158575001173,5.9577839899975515,0.8118576,31,markov_soft,0,0,0.3081678720000127,57387,0.0057387,0.00035804938414307763,0.006893246417552988,0.08063308206493805,0.8121002,0.9875940776111704,0.04969079157037092,0.9740718392276935,0.024161610640569344,0.5492388104865582,0.003313509143451052,0.0066454781854955215,0.34277984391860333,2880,0.8631672633446803,1.7297066563672538,0.8640312800852016,0.49206045661702896,0.026039188705495618,"{""markov_seconds"": 0.3081481609997354, ""mean_states"": 2.0054897428488876}"
minibatch-n10000000-d16-k50-sep1.5-s0,minibatch,10000000,16,50,1.5,0,200,False,20,27688,27688,0.0027688,59992,729,1858,679,10500000000.0,150.6180138779987,100500000000.0,1500.3723918490018,500000000.0,3.6811158575001173,5.9577839899975515,0.8118576,31,markov_a0.5,0,0,0.24476074300036998,61087,0.0061087,0.0003598766881800497,0.006893246417552988,0.08063308206493805,0.8121148,0.9867634128541127,0.31876625252817103,0.8406168737359144,0.15938312626408557,0.5,0.0,0.0,0.39202918212895566,2880,0.8437013420623316,1.69375,0.846875,0.5,0.15952976018491766,"{""markov_seconds"": 0.24474604400074895, ""mean_states"": 2.0054897428488876}"
minibatch-n10000000-d16-k50-sep1.5-s0,minibatch,10000000,16,50,1.5,0,200,False,20,27688,27688,0.0027688,59992,729,1858,679,10500000000.0,150.6180138779987,100500000000.0,1500.3723918490018,500000000.0,3.6811158575001173,5.9577839899975515,0.8118576,31,markov_a0.5_soft,0,0,0.2544306959998721,61087,0.0061087,0.0003598766881800497,0.006893246417552988,0.08063308206493805,0.8121148,0.9867634128541127,0.28432879464220806,0.6998751084539021,0.12723639596077593,0.6826256327426315,0.4857163553649198,1.0,0.2596057549881341,2880,0.7699627319235987,1.3256759547404315,0.6213219596254562,0.45416879338861416,0.2999639230842409,"{""markov_seconds"": 0.2544147359994895, ""mean_states"": 2.0054897428488876}"
minibatch-n10000000-d16-k50-sep1.5-s0,minibatch,10000000,16,50,1.5,0,200,False,20,27688,27688,0.0027688,59992,729,1858,679,10500000000.0,150.6180138779987,100500000000.0,1500.3723918490018,500000000.0,3.6811158575001173,5.9577839899975515,0.8118576,31,markov_pooled,0,0,0.23704292099955637,57545,0.0057545,0.00035805394553434233,0.006893246417552988,0.08063308206493805,0.8120956,0.9875804935658,0.06291534238659346,0.9685423288067032,0.03145767119329679,0.5,0.0,0.0,0.3446562564298827,2880,0.8645579235044273,1.7319444444444445,0.8659722222222223,0.5,0.03159130309159203,"{""markov_seconds"": 0.23702823399980844, ""mean_states"": 2.0054897428488876}"
minibatch-n10000000-d16-k50-sep1.5-s0,minibatch,10000000,16,50,1.5,0,200,False,20,27688,27688,0.0027688,59992,729,1858,679,10500000000.0,150.6180138779987,100500000000.0,1500.3723918490018,500000000.0,3.6811158575001173,5.9577839899975515,0.8118576,31,markov_pooled_soft,0,0,0.2568536019998646,57545,0.0057545,0.00035805394553434233,0.006893246417552988,0.08063308206493805,0.8120956,0.9875804935658,0.06352919254708751,0.9449532772325521,0.031235505078901448,0.6628539687306152,0.07866882147893546,0.4691563132042762,0.31414956109068576,2880,0.8452827784665514,1.6716951916403877,0.8436995829674965,0.4142210735817776,0.05511059181496985,"{""markov_seconds"": 0.2568376999997781, ""mean_states"": 2.0054897428488876}"
minibatch-n10000000-d16-k50-sep1.5-s0,minibatch,10000000,16,50,1.5,0,200,False,20,27688,27688,0.0027688,59992,729,1858,679,10500000000.0,150.6180138779987,100500000000.0,1500.3723918490018,500000000.0,3.6811158575001173,5.9577839899975515,0.8118576,31,markov_w5,0,0,0.2804843110006914,57362,0.0057362,0.0003580488851404606,0.006893246417552988,0.08063308206493805,0.8121003,0.9875966831801226,0.04969661947414042,0.9751516902629298,0.024848309737070196,0.5,0.0,0.0,0.34431907700504594,2880,0.8642207813210208,1.7319444444444445,0.8659722222222223,0.5,0.024981941635365504,"{""markov_seconds"": 0.2804617900001176, ""mean_states"": 1.3898800924588268}"
minibatch-n10000000-d16-k50-sep1.5-s0,minibatch,10000000,16,50,1.5,0,200,False,20,27688,27688,0.0027688,59992,729,1858,679,10500000000.0,150.6180138779987,100500000000.0,1500.3723918490018,500000000.0,3.6811158575001173,5.9577839899975515,0.8118576,31,markov_w20,0,0,0.38423716599936597,59878,0.0059878,0.00035955839843393456,0.006893246417552988,0.08063308206493805,0.8121535,0.9871383268710933,0.23143600115573534,0.8842819994221324,0.11571800057786763,0.5,0.0,0.0,0.3570123479753926,2880,0.8564468882827099,1.71875,0.859375,0.5,0.11583140710777232,"{""markov_seconds"": 0.3842187259997445, ""mean_states"": 2.3912164114417798}"
minibatch-n10000000-d16-k50-sep1.5-s0,minibatch,10000000,16,50,1.5,0,200,False,20,27688,27688,0.0027688,59992,729,1858,679,10500000000.0,150.6180138779987,100500000000.0,1500.3723918490018,500000000.0,3.6811158575001173,5.9577839899975515,0.8118576,31,reassign_all,500000000,0,6.721555097000419,56500,0.00565,0.00035795627765211613,0.006893246417552988,0.08063308206493805,0.8120935,0.9877913486441825,0.04767408263507657,0.9761629586824617,0.023837041317538277,0.5,0.0,0.0,0.3440714118004519,2880,0.8642506178882124,1.7340277777777777,0.8670138888888889,0.5,0.023953337185784455,{}
minibatch-n10000000-d16-k50-sep1.5-s0,minibatch,10000000,16,50,1.5,0,200,False,20,27688,27688,0.0027688,59992,729,1858,679,10500000000.0,150.6180138779987,100500000000.0,1500.3723918490018,500000000.0,3.6811158575001173,5.9577839899975515,0.8118576,31,fcm_soft,1384400,0,0.06585077799991268,57334,0.0057334,0.0003580469782724638,0.006893246417552988,0.08063308206493805,0.8121,0.9876017960479329,0.9102643689975399,0.05781360759045848,0.9183290141032786,0.7245206430144272,3.810837028007943,1.0,0.8554318942226814,2880,0.932551281166731,0.9533622776856419,0.08473876163073832,0.7053498140327139,0.9420645479471477,{}
minibatch-n10000000-d16-k50-sep1.5-s0,minibatch,10000000,16,50,1.5,0,200,False,20,27688,27688,0.0027688,59992,729,1858,679,10500000000.0,150.6180138779987,100500000000.0,1500.3723918490018,500000000.0,3.6811158575001173,5.9577839899975515,0.8118576,31,gmm_plugin_soft,1384400,0,0.07474308699966059,62972,0.0062972,0.00036228308151753374,0.006893246417552988,0.08063308206493805,0.8123815,0.9867147991400187,0.4030260680083838,0.5347957351909982,0.2156195736984097,0.6843698460340711,0.8612894419129427,1.0,0.13786394790176318,2880,0.6753886907940445,0.9524257787027267,0.17854310802339374,0.7796900219122441,0.46471992517299016,{}
minibatch-n10000000-d16-k50-sep1.5-s0,minibatch,10000000,16,50,1.5,0,200,False,20,27688,27688,0.0027688,59992,729,1858,679,10500000000.0,150.6180138779987,100500000000.0,1500.3723918490018,500000000.0,3.6811158575001173,5.9577839899975515,0.8118576,31,full_convergence,90000000000.0,180,1349.7543779710031,0,0.0,0.0,0.0,0.0,0.8118576,1.0,0.0,1.0,0.0,nan,0.0,0.0,0.3383637948492716,2880,0.864266067172261,1.7354166666666666,0.8677083333333333,0.5,0.0005446402773764808,{}
minibatch-n10000000-d16-k50-sep1.5-s0,minibatch,10000000,16,50,1.5,0,200,False,20,27688,27688,0.0027688,59992,729,1858,679,10500000000.0,150.6180138779987,100500000000.0,1500.3723918490018,500000000.0,3.6811158575001173,5.9577839899975515,0.8118576,31,true_posterior_oracle,0,0,0.0,,,,,,,,1.7120521651490206,0.12113484963655585,0.8464199005886914,0.7571911449856622,0.08846200721613383,0.9511340652990465,0.8379658680422364,2880,0.0,0.1465589217278835,0.01231179524750075,0.9047817651242575,0.8788240798847174,{}
minibatch-n10000000-d16-k50-sep1.5-s0,minibatch,10000000,16,50,1.5,0,200,False,20,27688,27688,0.0027688,59992,729,1858,679,10500000000.0,150.6180138779987,100500000000.0,1500.3723918490018,500000000.0,3.6811158575001173,5.9577839899975515,0.8118576,31,model_posterior_oracle,0,0,0.0,,,,,,,,0.25738028047916656,0.6616362051507283,0.22660909691281714,0.8478046614032133,0.707766072672675,1.0,0.0,2880,0.6863143475914498,0.9777540320211382,0.20501901040379467,0.7128335718375169,0.3378413133379142,{}
minibatch-n10000000-d16-k50-sep1.5-s0,minibatch,10000000,16,50,1.5,0,200,False,30,13712,13712,0.0013712,46542,262,1118,240,15500000000.0,224.69081613599838,100500000000.0,1500.3723918490018,500000000.0,3.6811158575001173,5.9577839899975515,0.8118576,31,stop,0,0,0.02578155799983506,43911,0.0043911,0.00025218058142528754,0.00541195973664776,0.06179154273666025,0.8120305,0.9905905376192851,0.03500583430571762,0.9824970828471412,0.017502917152858788,0.5,0.0,0.0,0.3828793967041308,1523,0.8743507936159555,1.7452396585686145,0.8726198292843073,0.5,0.017478121353558928,{}
minibatch-n10000000-d16-k50-sep1.5-s0,minibatch,10000000,16,50,1.5,0,200,False,30,13712,13712,0.0013712,46542,262,1118,240,15500000000.0,224.69081613599838,100500000000.0,1500.3723918490018,500000000.0,3.6811158575001173,5.9577839899975515,0.8118576,31,reassign_U,685600,0,0.036516481999569805,43907,0.0043907,0.0002521804802499972,0.00541195973664776,0.06179154273666025,0.8120298,0.9905915118705556,0.03442240373395566,0.9827887981330222,0.017211201866977777,0.5,0.0,0.0,0.38287512477684876,1523,0.8748481934258971,1.747866053841103,0.8739330269205515,0.5,0.017186406067677948,{}
minibatch-n10000000-d16-k50-sep1.5-s0,minibatch,10000000,16,50,1.5,0,200,False,30,13712,13712,0.0013712,46542,262,1118,240,15500000000.0,224.69081613599838,100500000000.0,1500.3723918490018,500000000.0,3.6811158575001173,5.9577839899975515,0.8118576,31,majority,0,0,0.03743317900080001,49866,0.0049866,0.0002557926786217468,0.00541195973664776,0.06179154273666025,0.8120599,0.9892729644025152,0.9035880980163361,0.548205950991832,0.451794049008168,0.5,0.0,0.0,0.5133248445822104,1523,0.7911932838134368,1.5863427445830598,0.7931713722915299,0.5,0.4518684364060677,{}
minibatch-n10000000-d16-k50-sep1.5-s0,minibatch,10000000,16,50,1.5,0,200,False,30,13712,13712,0.0013712,46542,262,1118,240,15500000000.0,224.69081613599838,100500000000.0,1500.3723918490018,500000000.0,3.6811158575001173,5.9577839899975515,0.8118576,31,frequency_soft,0,0,0.030096349999439553,49866,0.0049866,0.0002557926786217468,0.00541195973664776,0.06179154273666025,0.8120599,0.9892729644025152,0.5837572446647444,0.5274013471942293,0.18158613556804928,0.5437182311431189,0.5396241638261451,1.0,0.30623136282165314,1523,0.7428322593632002,1.2300754817319015,0.5248612188861697,0.48691527383580363,0.4724188501113821,{}
minibatch-n10000000-d16-k50-sep1.5-s0,minibatch,10000000,16,50,1.5,0,200,False,30,13712,13712,0.0013712,46542,262,1118,240,15500000000.0,224.69081613599838,100500000000.0,1500.3723918490018,500000000.0,3.6811158575001173,5.9577839899975515,0.8118576,31,markov,0,0,0.16760535999947024,43934,0.0043934,0.0002521808914277557,0.00541195973664776,0.06179154273666025,0.8120304,0.9905880827782085,0.03836056009334889,0.9808197199533255,0.01918028004667449,0.5,0.0,0.0,0.38291047488022767,1523,0.8743910429417558,1.746552856204859,0.8732764281024294,0.5,0.019155484247374566,"{""markov_seconds"": 0.1675924949995533, ""mean_states"": 2.002187864644107}"
minibatch-n10000000-d16-k50-sep1.5-s0,minibatch,10000000,16,50,1.5,0,200,False,30,13712,13712,0.0013712,46542,262,1118,240,15500000000.0,224.69081613599838,100500000000.0,1500.3723918490018,500000000.0,3.6811158575001173,5.9577839899975515,0.8118576,31,markov_soft,0,0,0.13501333400017757,43934,0.0043934,0.0002521808914277557,0.00541195973664776,0.06179154273666025,0.8120304,0.9905880827782085,0.03645428605396524,0.98061967294799,0.017785753010802863,0.5756077280839327,0.00353484188260343,0.007074095682613769,0.3812807755969643,1523,0.8732822803235452,1.7431642672017515,0.8716512387401885,0.49342397444388175,0.019355531252710192,"{""markov_seconds"": 0.1349967910000487, ""mean_states"": 2.002187864644107}"
minibatch-n10000000-d16-k50-sep1.5-s0,minibatch,10000000,16,50,1.5,0,200,False,30,13712,13712,0.0013712,46542,262,1118,240,15500000000.0,224.69081613599838,100500000000.0,1500.3723918490018,500000000.0,3.6811158575001173,5.9577839899975515,0.8118576,31,markov_a0.5,0,0,0.13178582799992,46162,0.0046162,0.00025278776822523774,0.00541195973664776,0.06179154273666025,0.812042,0.9901022867383211,0.36333138856476077,0.8183343057176196,0.18166569428238044,0.5,0.0,0.0,0.4285968405293131,1523,0.8461603084604339,1.6992777413000657,0.8496388706500329,0.5,0.1816350641773629,"{""markov_seconds"": 0.13176908299919887, ""mean_states"": 2.002187864644107}"
minibatch-n10000000-d16-k50-sep1.5-s0,minibatch,10000000,16,50,1.5,0,200,False,30,13712,13712,0.0013712,46542,262,1118,240,15500000000.0,224.69081613599838,100500000000.0,1500.3723918490018,500000000.0,3.6811158575001173,5.9577839899975515,0.8118576,31,markov_a0.5_soft,0,0,0.12493777199961187,46162,0.0046162,0.00025278776822523774,0.00541195973664776,0.06179154273666025,0.812042,0.9901022867383211,0.3107605090815199,0.6794517532272702,0.13863515410718016,0.6589205779349534,0.502504306483012,1.0,0.26116603984700637,1523,0.7751739313265539,1.310988862177501,0.6090601758630696,0.503830241018338,0.3203974804591133,"{""markov_seconds"": 0.1249217119993773, ""mean_states"": 2.002187864644107}"
minibatch-n10000000-d16-k50-sep1.5-s0,minibatch,10000000,16,50,1.5,0,200,False,30,13712,13712,0.0013712,46542,262,1118,240,15500000000.0,224.69081613599838,100500000000.0,1500.3723918490018,500000000.0,3.6811158575001173,5.9577839899975515,0.8118576,31,markov_pooled,0,0,0.1535024209997573,44043,0.0044043,0.0002521825611134787,0.00541195973664776,0.06179154273666025,0.8120279,0.9905785937770666,0.05425904317386231,0.9728704784130688,0.02712952158693116,0.5,0.0,0.0,0.3832212579305663,1523,0.8743910429417558,1.746552856204859,0.8732764281024294,0.5,0.027104725787631272,"{""markov_seconds"": 0.15348745199935365, ""mean_states"": 2.002187864644107}"
minibatch-n10000000-d16-k50-sep1.5-s0,minibatch,10000000,16,50,1.5,0,200,False,30,13712,13712,0.0013712,46542,262,1118,240,15500000000.0,224.69081613599838,100500000000.0,1500.3723918490018,500000000.0,3.6811158575001173,5.9577839899975515,0.8118576,31,markov_pooled_soft,0,0,0.156716265999421,44043,0.0044043,0.0002521825611134787,0.00541195973664776,0.06179154273666025,0.8120279,0.9905785937770666,0.057140386263886164,0.9412665757830874,0.031310430442178495,0.6908780488787865,0.09871207332381542,0.4640460910151692,0.34272101742758854,1523,0.8576226829826065,1.6907029111027096,0.8535801667158549,0.3956815614164946,0.05870774633826227,"{""markov_seconds"": 0.15669768699990527, ""mean_states"": 2.002187864644107}"
minibatch-n10000000-d16-k50-sep1.5-s0,minibatch,10000000,16,50,1.5,0,200,False,30,13712,13712,0.0013712,46542,262,1118,240,15500000000.0,224.69081613599838,100500000000.0,1500.3723918490018,500000000.0,3.6811158575001173,5.9577839899975515,0.8118576,31,markov_w5,0,0,0.12903459900007874,43920,0.004392,0.00025218067260879273,0.00541195973664776,0.06179154273666025,0.8120306,0.9905897391562432,0.03631855309218203,0.9818407234539089,0.018159276546091063,0.5,0.0,0.0,0.3828846766330545,1523,0.8743507936159555,1.7452396585686145,0.8726198292843073,0.5,0.018134480746791134,"{""markov_seconds"": 0.12901308899927244, ""mean_states"": 1.4445740956826139}"
minibatch-n10000000-d16-k50-sep1.5-s0,minibatch,10000000,16,50,1.5,0,200,False,30,13712,13712,0.0013712,46542,262,1118,240,15500000000.0,224.69081613599838,100500000000.0,1500.3723918490018,500000000.0,3.6811158575001173,5.9577839899975515,0.8118576,31,markov_w20,0,0,0.15166480700008833,43959,0.0043959,0.0002521815700908814,0.00541195973664776,0.06179154273666025,0.8120303,0.9905845072053207,0.042007001166861145,0.9789964994165694,0.02100350058343059,0.5,0.0,0.0,0.3829591798102116,1523,0.8744312378893102,1.7452396585686145,0.8726198292843073,0.5,0.02097870478413069,"{""markov_seconds"": 0.15165101399998093, ""mean_states"": 2.013418903150525}"
minibatch-n10000000-d16-k50-sep1.5-s0,minibatch,10000000,16,50,1.5,0,200,False,30,13712,13712,0.0013712,46542,262,1118,240,15500000000.0,224.69081613599838,100500000000.0,1500.3723918490018,500000000.0,3.6811158575001173,5.9577839899975515,0.8118576,31,reassign_all,500000000,0,6.781829255000048,43371,0.0043371,0.00025214759928982033,0.00541195973664776,0.06179154273666025,0.8120276,0.9907125190248924,0.03442240373395566,0.9827887981330222,0.017211201866977777,0.5,0.0,0.0,0.38287512477684876,1523,0.8748481934258971,1.747866053841103,0.8739330269205515,0.5,0.017186406067677948,{}
minibatch-n10000000-d16-k50-sep1.5-s0,minibatch,10000000,16,50,1.5,0,200,False,30,13712,13712,0.0013712,46542,262,1118,240,15500000000.0,224.69081613599838,100500000000.0,1500.3723918490018,500000000.0,3.6811158575001173,5.9577839899975515,0.8118576,31,fcm_soft,685600,0,0.10465287900024123,43907,0.0043907,0.0002521804802499972,0.00541195973664776,0.06179154273666025,0.8120298,0.9905915118705556,0.9086587552338017,0.058734697677473933,0.924043089976357,0.7560289227301769,3.807857829515077,1.0,0.8507740836368056,1523,0.9344649117123665,0.9539228241699585,0.07750466981199909,0.678073347107438,0.9411873373195647,{}
minibatch-n10000000-d16-k50-sep1.5-s0,minibatch,10000000,16,50,1.5,0,200,False,30,13712,13712,0.0013712,46542,262,1118,240,15500000000.0,224.69081613599838,100500000000.0,1500.3723918490018,500000000.0,3.6811158575001173,5.9577839899975515,0.8118576,31,gmm_plugin_soft,685600,0,0.05382234799981234,47103,0.0047103,0.0002535987172498366,0.00541195973664776,0.06179154273666025,0.8121974,0.9900887827359004,0.4363431288920738,0.512914505812723,0.2116044061553469,0.6096242279121656,0.8705685863230326,1.0,0.11701724880445369,1523,0.6792369510525467,0.95501195375222,0.19258824597288934,0.8281574821438941,0.4866543079941574,{}
minibatch-n10000000-d16-k50-sep1.5-s0,minibatch,10000000,16,50,1.5,0,200,False,30,13712,13712,0.0013712,46542,262,1118,240,15500000000.0,224.69081613599838,100500000000.0,1500.3723918490018,500000000.0,3.6811158575001173,5.9577839899975515,0.8118576,31,full_convergence,85000000000.0,170,1275.6815757130034,0,0.0,0.0,0.0,0.0,0.8118576,1.0,0.0,1.0,0.0,nan,0.0,0.0,0.37906668562368095,1523,0.8743234407239582,1.7439264609323704,0.8719632304661852,0.5,0.0005352975495915986,{}
minibatch-n10000000-d16-k50-sep1.5-s0,minibatch,10000000,16,50,1.5,0,200,False,30,13712,13712,0.0013712,46542,262,1118,240,15500000000.0,224.69081613599838,100500000000.0,1500.3723918490018,500000000.0,3.6811158575001173,5.9577839899975515,0.8118576,31,true_posterior_oracle,0,0,0.0,,,,,,,,1.6968471262994809,0.1290457678808692,0.8389639944336985,0.7810501116343305,0.08692462075717337,0.9455950991831972,0.8247977715104482,1523,0.0,0.13534426130997956,0.017218779411625335,0.8966832801106237,0.8709282566267131,{}
minibatch-n10000000-d16-k50-sep1.5-s0,minibatch,10000000,16,50,1.5,0,200,False,30,13712,13712,0.0013712,46542,262,1118,240,15500000000.0,224.69081613599838,100500000000.0,1500.3723918490018,500000000.0,3.6811158575001173,5.9577839899975515,0.8118576,31,model_posterior_oracle,0,0,0.0,,,,,,,,0.29990650502339733,0.620933314376319,0.2381424670585742,0.7931301609337439,0.7632136457049439,1.0,0.0,1523,0.6890639903283262,0.9668843011925776,0.16732569768616418,0.755172361190034,0.37858202247435835,{}
minibatch-n10000000-d16-k50-sep1.5-s0,minibatch,10000000,16,50,1.5,0,200,False,40,8817,8817,0.0008817,37849,124,716,106,20500000000.0,295.0386715829991,100500000000.0,1500.3723918490018,500000000.0,3.6811158575001173,5.9577839899975515,0.8118576,31,stop,0,0,0.02684518600017327,35214,0.0035214,0.00019043643426441825,0.004429774704677373,0.04958123228184017,0.8119845,0.9924956304770411,0.02404445956674606,0.9879777702166269,0.012022229783373084,0.5,0.0,0.0,0.4100636208631516,961,0.8834285604274991,1.77315296566077,0.886576482830385,0.5,0.011974594533287966,{}
minibatch-n10000000-d16-k50-sep1.5-s0,minibatch,10000000,16,50,1.5,0,200,False,40,8817,8817,0.0008817,37849,124,716,106,20500000000.0,295.0386715829991,100500000000.0,1500.3723918490018,500000000.0,3.6811158575001173,5.9577839899975515,0.8118576,31,reassign_U,440850,0,0.04047473799982981,35210,0.003521,0.00019043632153792345,0.004429774704677373,0.04958123228184017,0.8119841,0.9924959638676096,0.023137121469887716,0.9884314392650562,0.011568560734943834,0.5,0.0,0.0,0.41002727472843403,961,0.8841558448423668,1.7752341311134234,0.8876170655567117,0.5,0.011520925484858795,{}
minibatch-n10000000-d16-k50-sep1.5-s0,minibatch,10000000,16,50,1.5,0,200,False,40,8817,8817,0.0008817,37849,124,716,106,20500000000.0,295.0386715829991,100500000000.0,1500.3723918490018,500000000.0,3.6811158575001173,5.9577839899975515,0.8118576,31,majority,0,0,0.030908522000572702,39115,0.0039115,0.00019191757589154257,0.004429774704677373,0.04958123228184017,0.812002,0.9916447160983559,0.908925938527844,0.5455370307360781,0.45446296926392193,0.5,0.0,0.0,0.5218824267764741,961,0.8026069952731772,1.6066597294484912,0.8033298647242456,0.5,0.45439491890665756,{}
minibatch-n10000000-d16-k50-sep1.5-s0,minibatch,10000000,16,50,1.5,0,200,False,40,8817,8817,0.0008817,37849,124,716,106,20500000000.0,295.0386715829991,100500000000.0,1500.3723918490018,500000000.0,3.6811158575001173,5.9577839899975515,0.8118576,31,frequency_soft,0,0,0.03201128000000608,39115,0.0039115,0.00019191757589154257,0.004429774704677373,0.04958123228184017,0.812002,0.9916447160983559,0.58216611973301,0.5267097652262674,0.18145730871147675,0.5413929567375236,0.5430954863612224,1.0,0.2941257836776756,961,0.7477931864208842,1.2337183202758832,0.532305363730962,0.46978918222441546,0.4731617639477456,{}
minibatch-n10000000-d16-k50-sep1.5-s0,minibatch,10000000,16,50,1.5,0,200,False,40,8817,8817,0.0008817,37849,124,716,106,20500000000.0,295.0386715829991,100500000000.0,1500.3723918490018,500000000.0,3.6811158575001173,5.9577839899975515,0.8118576,31,markov,0,0,0.10935723700004019,35230,0.003523,0.00019043650993233463,0.004429774704677373,0.04958123228184017,0.8119845,0.9924935547810743,0.027673811954179426,0.9861630940229102,0.013836905977089753,0.5,0.0,0.0,0.41005974096019626,961,0.8841483382726016,1.77315296566077,0.886576482830385,0.5,0.013775660655551775,"{""markov_seconds"": 0.1093414090000806, ""mean_states"": 2.0020415107179312}"
minibatch-n10000000-d16-k50-sep1.5-s0,minibatch,10000000,16,50,1.5,0,200,False,40,8817,8817,0.0008817,37849,124,716,106,20500000000.0,295.0386715829991,100500000000.0,1500.3723918490018,500000000.0,3.6811158575001173,5.9577839899975515,0.8118576,31,markov_soft,0,0,0.11490084399974876,35230,0.003523,0.00019043650993233463,0.004429774704677373,0.04958123228184017,0.8119845,0.9924935547810743,0.025862331781110783,0.9857707713806008,0.012302948471234873,0.6000881418565408,0.00393514232330182,0.0075989565611886125,0.4081954629137908,961,0.8821591965354968,1.7703282005944176,0.8849035770036645,0.48514019899211785,0.014167983297861148,"{""markov_seconds"": 0.11488569900029688, ""mean_states"": 2.0020415107179312}"
minibatch-n10000000-d16-k50-sep1.5-s0,minibatch,10000000,16,50,1.5,0,200,False,40,8817,8817,0.0008817,37849,124,716,106,20500000000.0,295.0386715829991,100500000000.0,1500.3723918490018,500000000.0,3.6811158575001173,5.9577839899975515,0.8118576,31,markov_a0.5,0,0,0.1001923120002175,36641,0.0036641,0.00019069014627670633,0.004429774704677373,0.04958123228184017,0.8119895,0.9921863685273177,0.3477373256209595,0.8261313371895203,0.17386866281047975,0.5,0.0,0.0,0.4498122424739155,961,0.8560109215279849,1.7148803329864724,0.8574401664932362,0.5,0.173825564250879,"{""markov_seconds"": 0.10017935900032171, ""mean_states"": 2.0020415107179312}"
minibatch-n10000000-d16-k50-sep1.5-s0,minibatch,10000000,16,50,1.5,0,200,False,40,8817,8817,0.0008817,37849,124,716,106,20500000000.0,295.0386715829991,100500000000.0,1500.3723918490018,500000000.0,3.6811158575001173,5.9577839899975515,0.8118576,31,markov_a0.5_soft,0,0,0.135170396999456,36641,0.0036641,0.00019069014627670633,0.004429774704677373,0.04958123228184017,0.8119895,0.9921863685273177,0.303950506234776,0.6814126816143455,0.14726762275276228,0.6537836769057839,0.5060185887247708,1.0,0.26106525949289044,961,0.7827193014254921,1.3211957430129944,0.6087025515546665,0.45300651973637585,0.31844412909224384,"{""markov_seconds"": 0.13515763899977173, ""mean_states"": 2.0020415107179312}"
minibatch-n10000000-d16-k50-sep1.5-s0,minibatch,10000000,16,50,1.5,0,200,False,40,8817,8817,0.0008817,37849,124,716,106,20500000000.0,295.0386715829991,100500000000.0,1500.3723918490018,500000000.0,3.6811158575001173,5.9577839899975515,0.8118576,31,markov_pooled,0,0,0.09988431700003275,35300,0.00353,0.00019043745375180166,0.004429774704677373,0.04958123228184017,0.8119853,0.9924876444419227,0.04355222864920041,0.9782238856753998,0.02177611432460025,0.5,0.0,0.0,0.41030328980009106,961,0.8841565081182289,1.7752341311134234,0.8876170655567117,0.5,0.021714869003062263,"{""markov_seconds"": 0.09987339100007375, ""mean_states"": 2.0020415107179312}"
minibatch-n10000000-d16-k50-sep1.5-s0,minibatch,10000000,16,50,1.5,0,200,False,40,8817,8817,0.0008817,37849,124,716,106,20500000000.0,295.0386715829991,100500000000.0,1500.3723918490018,500000000.0,3.6811158575001173,5.9577839899975515,0.8118576,31,markov_pooled_soft,0,0,0.10402493499987031,35300,0.00353,0.00019043745375180166,0.004429774704677373,0.04958123228184017,0.8119853,0.9924876444419227,0.04716475964199029,0.943358415227105,0.028538450723574266,0.7334057971014493,0.10834703852044208,0.47533174549166385,0.3661302804471424,961,0.8627535682078344,1.7023844429718853,0.8633933300019302,0.42444965481307806,0.05658000311577642,"{""markov_seconds"": 0.10401286700016499, ""mean_states"": 2.0020415107179312}"
minibatch-n10000000-d16-k50-sep1.5-s0,minibatch,10000000,16,50,1.5,0,200,False,40,8817,8817,0.0008817,37849,124,716,106,20500000000.0,295.0386715829991,100500000000.0,1500.3723918490018,500000000.0,3.6811158575001173,5.9577839899975515,0.8118576,31,markov_w5,0,0,0.09643004800000199,35220,0.003522,0.00019043645401306541,0.004429774704677373,0.04958123228184017,0.8119848,0.9924948330486701,0.025405466712033573,0.9872972666439832,0.012702733356016793,0.5,0.0,0.0,0.4100287771333856,961,0.8841760508150266,1.7752341311134234,0.8876170655567117,0.5,0.012641488034478848,"{""markov_seconds"": 0.09641881799961993, ""mean_states"": 1.4511738686628104}"
minibatch-n10000000-d16-k50-sep1.5-s0,minibatch,10000000,16,50,1.5,0,200,False,40,8817,8817,0.0008817,37849,124,716,106,20500000000.0,295.0386715829991,100500000000.0,1500.3723918490018,500000000.0,3.6811158575001173,5.9577839899975515,0.8118576,31,markov_w20,0,0,0.09272760800013202,35247,0.0035247,0.00019043681929487022,0.004429774704677373,0.04958123228184017,0.8119846,0.9924919486765196,0.03152999886582738,0.9842350005670863,0.01576499943291365,0.5,0.0,0.0,0.4100677560697953,961,0.8841352131859743,1.7752341311134234,0.8876170655567117,0.5,0.01570375411137575,"{""markov_seconds"": 0.0927150019997498, ""mean_states"": 2.008166042871725}"
minibatch-n10000000-d16-k50-sep1.5-s0,minibatch,10000000,16,50,1.5,0,200,False,40,8817,8817,0.0008817,37849,124,716,106,20500000000.0,295.0386715829991,100500000000.0,1500.3723918490018,500000000.0,3.6811158575001173,5.9577839899975515,0.8118576,31,reassign_all,500000000,0,5.905551848999494,34864,0.0034864,0.00019042231552268696,0.004429774704677373,0.04958123228184017,0.8119824,0.9925729404282841,0.023137121469887716,0.9884314392650562,0.011568560734943834,0.5,0.0,0.0,0.41002727472843403,961,0.8841558448423668,1.7752341311134234,0.8876170655567117,0.5,0.011520925484858795,{}
minibatch-n10000000-d16-k50-sep1.5-s0,minibatch,10000000,16,50,1.5,0,200,False,40,8817,8817,0.0008817,37849,124,716,106,20500000000.0,295.0386715829991,100500000000.0,1500.3723918490018,500000000.0,3.6811158575001173,5.9577839899975515,0.8118576,31,fcm_soft,440850,0,0.04280063500027609,35210,0.003521,0.00019043632153792345,0.004429774704677373,0.04958123228184017,0.8119841,0.9924959638676096,0.906690432954268,0.05986679571903385,0.9285590765220363,0.7380468653324784,3.8044727984360556,1.0,0.847956184597234,961,0.9344804244630286,0.9541794778127342,0.06421418372052085,0.6558551517519864,0.9400754292799031,{}
minibatch-n10000000-d16-k50-sep1.5-s0,minibatch,10000000,16,50,1.5,0,200,False,40,8817,8817,0.0008817,37849,124,716,106,20500000000.0,295.0386715829991,100500000000.0,1500.3723918490018,500000000.0,3.6811158575001173,5.9577839899975515,0.8118576,31,gmm_plugin_soft,440850,0,0.03942494799957785,37470,0.003747,0.00019122369528257188,0.004429774704677373,0.04958123228184017,0.8121047,0.9921473508439879,0.44979697644405237,0.504589748231311,0.20219091655457455,0.588175416204545,0.8735577936906113,1.0,0.0947670492544251,961,0.6801351876273678,0.9494388145063363,0.18666713236674187,0.8294823415578132,0.49515384327574935,{}
minibatch-n10000000-d16-k50-sep1.5-s0,minibatch,10000000,16,50,1.5,0,200,False,40,8817,8817,0.0008817,37849,124,716,106,20500000000.0,295.0386715829991,100500000000.0,1500.3723918490018,500000000.0,3.6811158575001173,5.9577839899975515,0.8118576,31,full_convergence,80000000000.0,160,1205.3337202660027,0,0.0,0.0,0.0,0.0,0.8118576,1.0,0.0,1.0,0.0,nan,0.0,0.0,0.40781886035773046,961,0.8834646548341248,1.7752341311134234,0.8876170655567117,0.5,0.00028354315526823184,{}
minibatch-n10000000-d16-k50-sep1.5-s0,minibatch,10000000,16,50,1.5,0,200,False,40,8817,8817,0.0008817,37849,124,716,106,20500000000.0,295.0386715829991,100500000000.0,1500.3723918490018,500000000.0,3.6811158575001173,5.9577839899975515,0.8118576,31,true_posterior_oracle,0,0,0.0,,,,,,,,1.667936765761843,0.14329917083047441,0.8237983896211417,0.7979728528667392,0.08818669968295764,0.9389815129862765,0.8105901608722471,961,0.0,0.13660809122018278,0.011518713668350165,0.9192618223760092,0.8566755276935822,{}
minibatch-n10000000-d16-k50-sep1.5-s0,minibatch,10000000,16,50,1.5,0,200,False,40,8817,8817,0.0008817,37849,124,716,106,20500000000.0,295.0386715829991,100500000000.0,1500.3723918490018,500000000.0,3.6811158575001173,5.9577839899975515,0.8118576,31,model_posterior_oracle,0,0,0.0,,,,,,,,0.3310089339848134,0.5921811396422695,0.25264853939924325,0.7580188903309802,0.7993994741367985,1.0,0.0,961,0.6885478268575054,0.9579605954368209,0.16216743661477206,0.7656479716207116,0.4075573196760954,{}
minibatch-n10000000-d16-k50-sep1.5-s0,minibatch,10000000,16,50,1.5,0,200,False,50,6352,6352,0.0006352,31593,96,513,76,25500000000.0,365.69501581799886,100500000000.0,1500.3723918490018,500000000.0,3.6811158575001173,5.9577839899975515,0.8118576,31,stop,0,0,0.02755813599924295,28953,0.0028953,0.00014974636730791246,0.003709950622599463,0.04084348023875637,0.811957,0.9938646433932797,0.02392947103274559,0.9880352644836272,0.011964735516372782,0.5,0.0,0.0,0.42746629689076476,698,0.8816702458399769,1.7965616045845272,0.8982808022922636,0.5,0.012018261964735518,{}
minibatch-n10000000-d16-k50-sep1.5-s0,minibatch,10000000,16,50,1.5,0,200,False,50,6352,6352,0.0006352,31593,96,513,76,25500000000.0,365.69501581799886,100500000000.0,1500.3723918490018,500000000.0,3.6811158575001173,5.9577839899975515,0.8118576,31,reassign_U,317600,0,0.029915506000179448,28948,0.0028948,0.000149746348045543,0.003709950622599463,0.04084348023875637,0.8119574,0.9938649931792043,0.022355163727959697,0.9888224181360201,0.01117758186397988,0.5,0.0,0.0,0.4274442631882916,698,0.8817614565897997,1.7936962750716332,0.8968481375358166,0.5,0.01114294710327456,{}
minibatch-n10000000-d16-k50-sep1.5-s0,minibatch,10000000,16,50,1.5,0,200,False,50,6352,6352,0.0006352,31593,96,513,76,25500000000.0,365.69501581799886,100500000000.0,1500.3723918490018,500000000.0,3.6811158575001173,5.9577839899975515,0.8118576,31,majority,0,0,0.027729381999961333,31812,0.0031812,0.0001505225444395908,0.003709950622599463,0.04084348023875637,0.8119649,0.993238311352074,0.9241183879093199,0.53794080604534,0.46205919395466,0.5,0.0,0.0,0.5265864274669299,698,0.8148711781976827,1.6389684813753582,0.8194842406876791,0.5,0.46199937027707805,{}
minibatch-n10000000-d16-k50-sep1.5-s0,minibatch,10000000,16,50,1.5,0,200,False,50,6352,6352,0.0006352,31593,96,513,76,25500000000.0,365.69501581799886,100500000000.0,1500.3723918490018,500000000.0,3.6811158575001173,5.9577839899975515,0.8118576,31,frequency_soft,0,0,0.03289193099953991,31812,0.0031812,0.0001505225444395908,0.003709950622599463,0.04084348023875637,0.8119649,0.993238311352074,0.592405333388846,0.5204946187313946,0.18596862834898098,0.5281867045172972,0.5453377795777651,1.0,0.28917620911345576,698,0.7475566856543819,1.2388879679840865,0.5427194581922375,0.5067848817848818,0.4791991069384017,{}
minibatch-n10000000-d16-k50-sep1.5-s0,minibatch,10000000,16,50,1.5,0,200,False,50,6352,6352,0.0006352,31593,96,513,76,25500000000.0,365.69501581799886,100500000000.0,1500.3723918490018,500000000.0,3.6811158575001173,5.9577839899975515,0.8118576,31,markov,0,0,0.07541072200001508,28970,0.002897,0.0001497464896536016,0.003709950622599463,0.04084348023875637,0.8119573,0.9938626714345659,0.029282115869017633,0.9853589420654912,0.014641057934508761,0.5,0.0,0.0,0.42733144371824977,698,0.880267934270642,1.7936962750716332,0.8968481375358166,0.5,0.014694584382871537,"{""markov_seconds"": 0.07540059999973892, ""mean_states"": 2.000787153652393}"
minibatch-n10000000-d16-k50-sep1.5-s0,minibatch,10000000,16,50,1.5,0,200,False,50,6352,6352,0.0006352,31593,96,513,76,25500000000.0,365.69501581799886,100500000000.0,1500.3723918490018,500000000.0,3.6811158575001173,5.9577839899975515,0.8118576,31,markov_soft,0,0,0.07730115000049409,28970,0.002897,0.0001497464896536016,0.003709950622599463,0.04084348023875637,0.8119573,0.9938626714345659,0.026011528467566717,0.9853050554506325,0.012317379818120606,0.6529316064437102,0.005239892239905984,0.01086272040302267,0.42512340429140266,698,0.8790820033995499,1.7916069744050382,0.8943652733767348,0.4823393681221158,0.014704390393196144,"{""markov_seconds"": 0.07729203600047185, ""mean_states"": 2.000787153652393}"
minibatch-n10000000-d16-k50-sep1.5-s0,minibatch,10000000,16,50,1.5,0,200,False,50,6352,6352,0.0006352,31593,96,513,76,25500000000.0,365.69501581799886,100500000000.0,1500.3723918490018,500000000.0,3.6811158575001173,5.9577839899975515,0.8118576,31,markov_a0.5,0,0,0.08549669199965138,29999,0.0029999,0.0001498787562901338,0.003709950622599463,0.04084348023875637,0.8119584,0.9936362999466151,0.3532745591939547,0.8233627204030227,0.17663727959697728,0.5,0.0,0.0,0.4634816747066283,698,0.8608592568339731,1.7564469914040115,0.8782234957020058,0.5,0.17658060453400506,"{""markov_seconds"": 0.08548452899958647, ""mean_states"": 2.000787153652393}"
minibatch-n10000000-d16-k50-sep1.5-s0,minibatch,10000000,16,50,1.5,0,200,False,50,6352,6352,0.0006352,31593,96,513,76,25500000000.0,365.69501581799886,100500000000.0,1500.3723918490018,500000000.0,3.6811158575001173,5.9577839899975515,0.8118576,31,markov_a0.5_soft,0,0,0.0741423979998217,29999,0.0029999,0.0001498787562901338,0.003709950622599463,0.04084348023875637,0.8119584,0.9936362999466151,0.30830819995411685,0.677255353904415,0.14269440686351986,0.644150196146597,0.510508289575327,1.0,0.2630425141980987,698,0.7804655112741676,1.3358751488540188,0.6271734069261165,0.48225698109586407,0.32247822485939037,"{""markov_seconds"": 0.07413197400001081, ""mean_states"": 2.000787153652393}"
minibatch-n10000000-d16-k50-sep1.5-s0,minibatch,10000000,16,50,1.5,0,200,False,50,6352,6352,0.0006352,31593,96,513,76,25500000000.0,365.69501581799886,100500000000.0,1500.3723918490018,500000000.0,3.6811158575001173,5.9577839899975515,0.8118576,31,markov_pooled,0,0,0.07322267299969099,29003,0.0029003,0.00014974675427747997,0.003709950622599463,0.04084348023875637,0.8119558,0.9938600241974154,0.039672544080604534,0.9801637279596978,0.01983627204030225,0.5,0.0,0.0,0.4276019952250533,698,0.8802767752698392,1.7936962750716332,0.8968481375358166,0.5,0.019889798488664987,"{""markov_seconds"": 0.07320741599960456, ""mean_states"": 2.000787153652393}"
minibatch-n10000000-d16-k50-sep1.5-s0,minibatch,10000000,16,50,1.5,0,200,False,50,6352,6352,0.0006352,31593,96,513,76,25500000000.0,365.69501581799886,100500000000.0,1500.3723918490018,500000000.0,3.6811158575001173,5.9577839899975515,0.8118576,31,markov_pooled_soft,0,0,0.08626191799976368,29003,0.0029003,0.00014974675427747997,0.003709950622599463,0.04084348023875637,0.8119558,0.9938600241974154,0.04909332517343337,0.9396888381052211,0.03281549165719137,0.6435703577929727,0.1164839030013929,0.4363979848866499,0.37977308128429244,698,0.8612521531006806,1.7269333465775718,0.8709384638224552,0.41296148384806536,0.06020345980811837,"{""markov_seconds"": 0.08625195799959329, ""mean_states"": 2.000787153652393}"
minibatch-n10000000-d16-k50-sep1.5-s0,minibatch,10000000,16,50,1.5,0,200,False,50,6352,6352,0.0006352,31593,96,513,76,25500000000.0,365.69501581799886,100500000000.0,1500.3723918490018,500000000.0,3.6811158575001173,5.9577839899975515,0.8118576,31,markov_w5,0,0,0.09577418400021998,28959,0.0028959,0.00014974641131138,0.003709950622599463,0.04084348023875637,0.8119572,0.9938639430098225,0.025818639798488665,0.9870906801007556,0.012909319899244376,0.5,0.0,0.0,0.42742238522371667,698,0.8802767752698392,1.7936962750716332,0.8968481375358166,0.5,0.012962846347607053,"{""markov_seconds"": 0.09576395000021876, ""mean_states"": 1.4582808564231737}"
minibatch-n10000000-d16-k50-sep1.5-s0,minibatch,10000000,16,50,1.5,0,200,False,50,6352,6352,0.0006352,31593,96,513,76,25500000000.0,365.69501581799886,100500000000.0,1500.3723918490018,500000000.0,3.6811158575001173,5.9577839899975515,0.8118576,31,markov_w20,0,0,0.08050513900070655,28983,0.0028983,0.00014974666592637575,0.003709950622599463,0.04084348023875637,0.8119576,0.9938611040413801,0.033375314861460954,0.9833123425692695,0.01668765743073053,0.5,0.0,0.0,0.42734303442514043,698,0.8801959902417216,1.7936962750716332,0.8968481375358166,0.5,0.016734886649874055,"{""markov_seconds"": 0.08049550500072655, ""mean_states"": 2.004250629722922}"
minibatch-n10000000-d16-k50-sep1.5-s0,minibatch,10000000,16,50,1.5,0,200,False,50,6352,6352,0.0006352,31593,96,513,76,25500000000.0,365.69501581799886,100500000000.0,1500.3723918490018,500000000.0,3.6811158575001173,5.9577839899975515,0.8118576,31,reassign_all,500000000,0,5.815677949000019,28716,0.0028716,0.00014973920698113652,0.003709950622599463,0.04084348023875637,0.8119554,0.9939158556313544,0.022355163727959697,0.9888224181360201,0.01117758186397988,0.5,0.0,0.0,0.4274442631882916,698,0.8817614565897997,1.7936962750716332,0.8968481375358166,0.5,0.01114294710327456,{}
minibatch-n10000000-d16-k50-sep1.5-s0,minibatch,10000000,16,50,1.5,0,200,False,50,6352,6352,0.0006352,31593,96,513,76,25500000000.0,365.69501581799886,100500000000.0,1500.3723918490018,500000000.0,3.6811158575001173,5.9577839899975515,0.8118576,31,fcm_soft,317600,0,0.039574548000018694,28948,0.0028948,0.000149746348045543,0.003709950622599463,0.04084348023875637,0.8119574,0.9938649931792043,0.9053855268089739,0.06065496993754604,0.9281626124675589,0.7748519456173436,3.80171147824987,1.0,0.8467240087927768,698,0.9339194273522485,0.9533124584929786,0.05457370974673725,0.7577875399361023,0.9391891952490276,{}
minibatch-n10000000-d16-k50-sep1.5-s0,minibatch,10000000,16,50,1.5,0,200,False,50,6352,6352,0.0006352,31593,96,513,76,25500000000.0,365.69501581799886,100500000000.0,1500.3723918490018,500000000.0,3.6811158575001173,5.9577839899975515,0.8118576,31,gmm_plugin_soft,317600,0,0.035937951000050816,30607,0.0030607,0.000150232698679309,0.003709950622599463,0.04084348023875637,0.8120404,0.9936026467569519,0.45680314015446,0.5013604954522604,0.1998407655322586,0.5753825008816842,0.8697226287673097,1.0,0.07910227194776054,698,0.6693248134265827,0.9456183480648992,0.1777317002406924,0.8327706362388965,0.49814680540373674,{}
minibatch-n10000000-d16-k50-sep1.5-s0,minibatch,10000000,16,50,1.5,0,200,False,50,6352,6352,0.0006352,31593,96,513,76,25500000000.0,365.69501581799886,100500000000.0,1500.3723918490018,500000000.0,3.6811158575001173,5.9577839899975515,0.8118576,31,full_convergence,75000000000.0,150,1134.677376031003,0,0.0,0.0,0.0,0.0,0.8118576,1.0,0.0,1.0,0.0,nan,0.0,0.0,0.42541957313705975,698,0.8816702458399769,1.7965616045845272,0.8982808022922636,0.5,0.0005447103274559195,{}
minibatch-n10000000-d16-k50-sep1.5-s0,minibatch,10000000,16,50,1.5,0,200,False,50,6352,6352,0.0006352,31593,96,513,76,25500000000.0,365.69501581799886,100500000000.0,1500.3723918490018,500000000.0,3.6811158575001173,5.9577839899975515,0.8118576,31,true_posterior_oracle,0,0,0.0,,,,,,,,1.6380917584620887,0.15634357028790108,0.8090432233999153,0.8081947069430723,0.09451389734926867,0.9338790931989924,0.8018949383025349,698,0.0,0.13717195222974585,0.015246626015903954,0.9128851540616246,0.8435826055988641,{}
minibatch-n10000000-d16-k50-sep1.5-s0,minibatch,10000000,16,50,1.5,0,200,False,50,6352,6352,0.0006352,31593,96,513,76,25500000000.0,365.69501581799886,100500000000.0,1500.3723918490018,500000000.0,3.6811158575001173,5.9577839899975515,0.8118576,31,model_posterior_oracle,0,0,0.0,,,,,,,,0.3535438968462667,0.5745804268629403,0.25287494454368403,0.723266068285496,0.8141761112491589,1.0,0.0,698,0.6756428860668525,0.9515984890028105,0.20357312223869173,0.8102111662709547,0.4249086848808697,{}
minibatch-n10000000-d16-k50-sep1.5-s0,minibatch,10000000,16,50,1.5,0,200,False,60,4870,4870,0.000487,26789,66,454,43,30500000000.0,439.696016819998,100500000000.0,1500.3723918490018,500000000.0,3.6811158575001173,5.9577839899975515,0.8118576,31,stop,0,0,0.025085268000111682,24135,0.0024135,0.000120715871436472,0.0031495421789830206,0.034172893867092054,0.8119318,0.9949092972629074,0.017659137577002052,0.991170431211499,0.008829568788501052,0.5,0.0,0.0,0.4394680865410761,524,0.892216337465693,1.797709923664122,0.898854961832061,0.5,0.009293634496919917,{}
minibatch-n10000000-d16-k50-sep1.5-s0,minibatch,10000000,16,50,1.5,0,200,False,60,4870,4870,0.000487,26789,66,454,43,30500000000.0,439.696016819998,100500000000.0,1500.3723918490018,500000000.0,3.6811158575001173,5.9577839899975515,0.8118576,31,reassign_U,243500,0,0.030252291000579135,24140,0.002414,0.00012071585924466888,0.0031495421789830206,0.034172893867092054,0.8119319,0.9949086389887054,0.01971252566735113,0.9901437371663244,0.009856262833675578,0.5,0.0,0.0,0.43953117059529545,524,0.8921627954393792,1.7938931297709924,0.8969465648854962,0.5,0.010320328542094456,{}
minibatch-n10000000-d16-k50-sep1.5-s0,minibatch,10000000,16,50,1.5,0,200,False,60,4870,4870,0.000487,26789,66,454,43,30500000000.0,439.696016819998,100500000000.0,1500.3723918490018,500000000.0,3.6811158575001173,5.9577839899975515,0.8118576,31,majority,0,0,0.0312150620002285,26386,0.0026386,0.0001211733942740878,0.0031495421789830206,0.034172893867092054,0.8119428,0.9944234651066187,0.942094455852156,0.528952772073922,0.471047227926078,0.5,0.0,0.0,0.526568078347524,524,0.8088942501763393,1.6106870229007633,0.8053435114503817,0.5,0.47144969199178643,{}
minibatch-n10000000-d16-k50-sep1.5-s0,minibatch,10000000,16,50,1.5,0,200,False,60,4870,4870,0.000487,26789,66,454,43,30500000000.0,439.696016819998,100500000000.0,1500.3723918490018,500000000.0,3.6811158575001173,5.9577839899975515,0.8118576,31,frequency_soft,0,0,0.030717852000634593,26386,0.0026386,0.0001211733942740878,0.0031495421789830206,0.034172893867092054,0.8119428,0.9944234651066187,0.6115668539039829,0.5110509613589697,0.19578122083255545,0.5018162760536533,0.5450348772913665,1.0,0.2838157780963449,524,0.754441548330365,1.2386284776985679,0.5270645385149202,0.5161230368924821,0.4888161284300915,{}
minibatch-n10000000-d16-k50-sep1.5-s0,minibatch,10000000,16,50,1.5,0,200,False,60,4870,4870,0.000487,26789,66,454,43,30500000000.0,439.696016819998,100500000000.0,1500.3723918490018,500000000.0,3.6811158575001173,5.9577839899975515,0.8118576,31,markov,0,0,0.08822549000069557,24145,0.0024145,0.00012071590722984027,0.0031495421789830206,0.034172893867092054,0.8119321,0.9949080324788854,0.021765913757700206,0.9891170431211499,0.010882956878850103,0.5,0.0,0.0,0.4395151817782433,524,0.892597145781024,1.7900763358778626,0.8950381679389313,0.5,0.011297741273100615,"{""markov_seconds"": 0.08821299400005955, ""mean_states"": 2.0006160164271045}"
minibatch-n10000000-d16-k50-sep1.5-s0,minibatch,10000000,16,50,1.5,0,200,False,60,4870,4870,0.000487,26789,66,454,43,30500000000.0,439.696016819998,100500000000.0,1500.3723918490018,500000000.0,3.6811158575001173,5.9577839899975515,0.8118576,31,markov_soft,0,0,0.0627082769997287,24145,0.0024145,0.00012071590722984027,0.0031495421789830206,0.034172893867092054,0.8119321,0.9949080324788854,0.01981993642697835,0.9885403224628977,0.009906732756714724,0.64823091174731,0.004647136093626106,0.00862422997946612,0.43722538416594287,524,0.8892847611690309,1.7822670558350147,0.8931793397442253,0.4861601085481682,0.01183339416954588,"{""markov_seconds"": 0.0626971739993678, ""mean_states"": 2.0006160164271045}"
minibatch-n10000000-d16-k50-sep1.5-s0,minibatch,10000000,16,50,1.5,0,200,False,60,4870,4870,0.000487,26789,66,454,43,30500000000.0,439.696016819998,100500000000.0,1500.3723918490018,500000000.0,3.6811158575001173,5.9577839899975515,0.8118576,31,markov_a0.5,0,0,0.06668597000043519,25008,0.0025008,0.00012079620148286452,0.0031495421789830206,0.034172893867092054,0.8119347,0.9947221707527633,0.3761806981519507,0.8119096509240247,0.18809034907597533,0.5,0.0,0.0,0.4715712564406834,524,0.8656196127159619,1.7251908396946565,0.8625954198473282,0.5,0.18839014373716634,"{""markov_seconds"": 0.06667629900039174, ""mean_states"": 2.0006160164271045}"
minibatch-n10000000-d16-k50-sep1.5-s0,minibatch,10000000,16,50,1.5,0,200,False,60,4870,4870,0.000487,26789,66,454,43,30500000000.0,439.696016819998,100500000000.0,1500.3723918490018,500000000.0,3.6811158575001173,5.9577839899975515,0.8118576,31,markov_a0.5_soft,0,0,0.08779975000015838,25008,0.0025008,0.00012079620148286452,0.0031495421789830206,0.034172893867092054,0.8119347,0.9947221707527633,0.3212095993992085,0.669417927978011,0.15405638512711303,0.6335832344110915,0.514058876942464,1.0,0.2612192611035725,524,0.7883304301815616,1.3172905382744282,0.6021073012340022,0.48704553048021143,0.3305404382621827,"{""markov_seconds"": 0.08778860699931101, ""mean_states"": 2.0006160164271045}"
minibatch-n10000000-d16-k50-sep1.5-s0,minibatch,10000000,16,50,1.5,0,200,False,60,4870,4870,0.000487,26789,66,454,43,30500000000.0,439.696016819998,100500000000.0,1500.3723918490018,500000000.0,3.6811158575001173,5.9577839899975515,0.8118576,31,markov_pooled,0,0,0.06756040300024324,24206,0.0024206,0.00012071644491440381,0.0031495421789830206,0.034172893867092054,0.8119304,0.9949024964171691,0.04681724845995893,0.9765913757700205,0.02340862422997947,0.5,0.0,0.0,0.43987621081770856,524,0.8927186440699099,1.786259541984733,0.8931297709923665,0.5,0.023823408624229978,"{""markov_seconds"": 0.06755072599935374, ""mean_states"": 2.0006160164271045}"
minibatch-n10000000-d16-k50-sep1.5-s0,minibatch,10000000,16,50,1.5,0,200,False,60,4870,4870,0.000487,26789,66,454,43,30500000000.0,439.696016819998,100500000000.0,1500.3723918490018,500000000.0,3.6811158575001173,5.9577839899975515,0.8118576,31,markov_pooled_soft,0,0,0.07696323700020002,24206,0.0024206,0.00012071644491440381,0.0031495421789830206,0.034172893867092054,0.8119304,0.9949024964171691,0.047635036079689386,0.9378565518008616,0.030315308687682053,0.7817751907101649,0.12347087073100271,0.44353182751540043,0.3876930461117606,524,0.8661412131434686,1.7020744937916525,0.8641552829103972,0.40894001831501836,0.062472793969450664,"{""markov_seconds"": 0.07695050799975434, ""mean_states"": 2.0006160164271045}"
minibatch-n10000000-d16-k50-sep1.5-s0,minibatch,10000000,16,50,1.5,0,200,False,60,4870,4870,0.000487,26789,66,454,43,30500000000.0,439.696016819998,100500000000.0,1500.3723918490018,500000000.0,3.6811158575001173,5.9577839899975515,0.8118576,31,markov_w5,0,0,0.06087223999929847,24139,0.0024139,0.0001207158831249,0.0031495421789830206,0.034172893867092054,0.8119322,0.9949087340535262,0.019301848049281315,0.9903490759753594,0.009650924024640628,0.5,0.0,0.0,0.4394519866106296,524,0.892597145781024,1.7900763358778626,0.8950381679389313,0.5,0.01006570841889117,"{""markov_seconds"": 0.06086034199961432, ""mean_states"": 1.4681724845995894}"
minibatch-n10000000-d16-k50-sep1.5-s0,minibatch,10000000,16,50,1.5,0,200,False,60,4870,4870,0.000487,26789,66,454,43,30500000000.0,439.696016819998,100500000000.0,1500.3723918490018,500000000.0,3.6811158575001173,5.9577839899975515,0.8118576,31,markov_w20,0,0,0.061453229999642645,24160,0.002416,0.00012071606109431698,0.0031495421789830206,0.034172893867092054,0.8119322,0.994906434019778,0.02792607802874743,0.9860369609856263,0.01396303901437368,0.5,0.0,0.0,0.4394654779594523,524,0.8908191451072449,1.782442748091603,0.8912213740458015,0.5,0.01437782340862423,"{""markov_seconds"": 0.061443451999366516, ""mean_states"": 2.0030800821355235}"
minibatch-n10000000-d16-k50-sep1.5-s0,minibatch,10000000,16,50,1.5,0,200,False,60,4870,4870,0.000487,26789,66,454,43,30500000000.0,439.696016819998,100500000000.0,1500.3723918490018,500000000.0,3.6811158575001173,5.9577839899975515,0.8118576,31,reassign_all,500000000,0,6.001717350000035,23926,0.0023926,0.00012071090582832511,0.0031495421789830206,0.034172893867092054,0.8119322,0.9949549629059844,0.01971252566735113,0.9901437371663244,0.009856262833675578,0.5,0.0,0.0,0.43953117059529545,524,0.8921627954393792,1.7938931297709924,0.8969465648854962,0.5,0.010320328542094456,{}
minibatch-n10000000-d16-k50-sep1.5-s0,minibatch,10000000,16,50,1.5,0,200,False,60,4870,4870,0.000487,26789,66,454,43,30500000000.0,439.696016819998,100500000000.0,1500.3723918490018,500000000.0,3.6811158575001173,5.9577839899975515,0.8118576,31,fcm_soft,243500,0,0.033640720000221336,24140,0.002414,0.00012071585924466888,0.0031495421789830206,0.034172893867092054,0.8119319,0.9949086389887054,0.9041940961537631,0.06132698776479348,0.9288141386975889,0.6439193626434399,3.7999140542071945,1.0,0.8464811965872008,524,0.9373547201864487,0.9559836827401434,0.05456495410134813,0.6692671394799055,0.9385030599444762,{}
minibatch-n10000000-d16-k50-sep1.5-s0,minibatch,10000000,16,50,1.5,0,200,False,60,4870,4870,0.000487,26789,66,454,43,30500000000.0,439.696016819998,100500000000.0,1500.3723918490018,500000000.0,3.6811158575001173,5.9577839899975515,0.8118576,31,gmm_plugin_soft,243500,0,0.03748470000027737,25454,0.0025454,0.00012100808096393578,0.0031495421789830206,0.034172893867092054,0.8120021,0.994701988167321,0.46041345815588897,0.4999807093986158,0.19383354183154633,0.5659214851055778,0.8633060876456259,1.0,0.06686767057249901,524,0.6907985342552458,0.9750859796592771,0.20065420811515436,0.8467961069117138,0.4992534153037109,{}
minibatch-n10000000-d16-k50-sep1.5-s0,minibatch,10000000,16,50,1.5,0,200,False,60,4870,4870,0.000487,26789,66,454,43,30500000000.0,439.696016819998,100500000000.0,1500.3723918490018,500000000.0,3.6811158575001173,5.9577839899975515,0.8118576,31,full_convergence,70000000000.0,140,1060.6763750290038,0,0.0,0.0,0.0,0.0,0.8118576,1.0,0.0,1.0,0.0,nan,0.0,0.0,0.43803808369827746,524,0.8921019241079874,1.7938931297709924,0.8969465648854962,0.5,0.0009404517453798768,{}
minibatch-n10000000-d16-k50-sep1.5-s0,minibatch,10000000,16,50,1.5,0,200,False,60,4870,4870,0.000487,26789,66,454,43,30500000000.0,439.696016819998,100500000000.0,1500.3723918490018,500000000.0,3.6811158575001173,5.9577839899975515,0.8118576,31,true_posterior_oracle,0,0,0.0,,,,,,,,1.649426748089203,0.1512423578047142,0.8146869887668535,0.8309792943492301,0.09237054850700584,0.9316221765913758,0.8019049034845204,524,0.0,0.11170377338538623,0.028307828581690658,0.9330192765865281,0.8486647450034246,{}
minibatch-n10000000-d16-k50-sep1.5-s0,minibatch,10000000,16,50,1.5,0,200,False,60,4870,4870,0.000487,26789,66,454,43,30500000000.0,439.696016819998,100500000000.0,1500.3723918490018,500000000.0,3.6811158575001173,5.9577839899975515,0.8118576,31,model_posterior_oracle,0,0,0.0,,,,,,,,0.3701466091275324,0.5619619163017225,0.24316525904069342,0.7170689409919435,0.8207243831995172,1.0,0.0,524,0.696844816331986,0.9796444102394114,0.19941724155614773,0.7947432684274789,0.437214965052308,{}
minibatch-n10000000-d16-k50-sep1.5-s0,minibatch,10000000,16,50,1.5,0,200,False,70,3940,3940,0.000394,22893,44,368,39,35500000000.0,511.859911617998,100500000000.0,1500.3723918490018,500000000.0,3.6811158575001173,5.9577839899975515,0.8118576,31,stop,0,0,0.027504374000272946,20247,0.0020247,9.87702791943601e-05,0.0026929507443816643,0.028849974392466664,0.8119193,0.9957411522444334,0.01979695431472081,0.9901015228426396,0.009898477157360364,0.5,0.0,0.0,0.4505269600460999,402,0.8615385626243509,1.7213930348258706,0.8606965174129353,0.5,0.009893401015228426,{}
minibatch-n10000000-d16-k50-sep1.5-s0,minibatch,10000000,16,50,1.5,0,200,False,70,3940,3940,0.000394,22893,44,368,39,35500000000.0,511.859911617998,100500000000.0,1500.3723918490018,500000000.0,3.6811158575001173,5.9577839899975515,0.8118576,31,reassign_U,197000,0,0.029251359999761917,20240,0.002024,9.877024646298693e-05,0.0026929507443816643,0.028849974392466664,0.8119191,0.9957421881192512,0.016243654822335026,0.9918781725888325,0.008121827411167515,0.5,0.0,0.0,0.4504339914510161,402,0.8615385626243509,1.7213930348258706,0.8606965174129353,0.5,0.008116751269035532,{}
minibatch-n10000000-d16-k50-sep1.5-s0,minibatch,10000000,16,50,1.5,0,200,False,70,3940,3940,0.000394,22893,44,368,39,35500000000.0,511.859911617998,100500000000.0,1500.3723918490018,500000000.0,3.6811158575001173,5.9577839899975515,0.8118576,31,majority,0,0,0.028491174000009778,22023,0.0022023,9.906127998826619e-05,0.0026929507443816643,0.028849974392466664,0.8119269,0.9953580467370804,0.9213197969543148,0.5393401015228426,0.4606598984771574,0.5,0.0,0.0,0.5292418669736373,402,0.7908517346495197,1.5572139303482586,0.7786069651741294,0.5,0.46076142131979697,{}
minibatch-n10000000-d16-k50-sep1.5-s0,minibatch,10000000,16,50,1.5,0,200,False,70,3940,3940,0.000394,22893,44,368,39,35500000000.0,511.859911617998,100500000000.0,1500.3723918490018,500000000.0,3.6811158575001173,5.9577839899975515,0.8118576,31,frequency_soft,0,0,0.02802261000033468,22023,0.0022023,9.906127998826619e-05,0.0026929507443816643,0.028849974392466664,0.8119269,0.9953580467370804,0.5977346142551496,0.5195200738347946,0.1886248269497,0.5133820774590827,0.5414403197948158,1.0,0.28313132797585666,402,0.7316412917508021,1.2056247687183916,0.5137946630483943,0.5290052769501382,0.4803622519612367,{}
minibatch-n10000000-d16-k50-sep1.5-s0,minibatch,10000000,16,50,1.5,0,200,False,70,3940,3940,0.000394,22893,44,368,39,35500000000.0,511.859911617998,100500000000.0,1500.3723918490018,500000000.0,3.6811158575001173,5.9577839899975515,0.8118576,31,markov,0,0,0.056994176000443986,20250,0.002025,9.877029023552808e-05,0.0026929507443816643,0.028849974392466664,0.8119196,0.9957407197322483,0.02131979695431472,0.9893401015228427,0.010659898477157315,0.5,0.0,0.0,0.45045096455757533,402,0.8628709753719563,1.7164179104477613,0.8582089552238806,0.5,0.01065482233502538,"{""markov_seconds"": 0.05698582799959695, ""mean_states"": 2.000253807106599}"
minibatch-n10000000-d16-k50-sep1.5-s0,minibatch,10000000,16,50,1.5,0,200,False,70,3940,3940,0.000394,22893,44,368,39,35500000000.0,511.859911617998,100500000000.0,1500.3723918490018,500000000.0,3.6811158575001173,5.9577839899975515,0.8118576,31,markov_soft,0,0,0.07400859799963655,20250,0.002025,9.877029023552808e-05,0.0026929507443816643,0.028849974392466664,0.8119196,0.9957407197322483,0.019593607658917364,0.9886043737954756,0.009243740069359676,0.6867288475164308,0.005040346795080666,0.010913705583756345,0.44834590114615175,402,0.8617309516267145,1.71458337583722,0.8568201771889218,0.4853292651919654,0.011390550062392403,"{""markov_seconds"": 0.07399721299952944, ""mean_states"": 2.000253807106599}"
minibatch-n10000000-d16-k50-sep1.5-s0,minibatch,10000000,16,50,1.5,0,200,False,70,3940,3940,0.000394,22893,44,368,39,35500000000.0,511.859911617998,100500000000.0,1500.3723918490018,500000000.0,3.6811158575001173,5.9577839899975515,0.8118576,31,markov_a0.5,0,0,0.056075020999742264,20931,0.0020931,9.882134306860024e-05,0.0026929507443816643,0.028849974392466664,0.8119228,0.9955923504640629,0.36700507614213196,0.816497461928934,0.18350253807106598,0.5,0.0,0.0,0.47846315469758643,402,0.8333195260655691,1.6417910447761195,0.8208955223880597,0.5,0.18354314720812182,"{""markov_seconds"": 0.05606639799952973, ""mean_states"": 2.000253807106599}"
minibatch-n10000000-d16-k50-sep1.5-s0,minibatch,10000000,16,50,1.5,0,200,False,70,3940,3940,0.000394,22893,44,368,39,35500000000.0,511.859911617998,100500000000.0,1500.3723918490018,500000000.0,3.6811158575001173,5.9577839899975515,0.8118576,31,markov_a0.5_soft,0,0,0.07894688499982294,20931,0.0020931,9.882134306860024e-05,0.0026929507443816643,0.028849974392466664,0.8119228,0.9955923504640629,0.31383599138838963,0.6755424931368141,0.15667913498582914,0.6483128401115958,0.5082881044388987,1.0,0.26805803972170505,402,0.7639875649117208,1.2886541921705428,0.5868160964243054,0.4938131313131313,0.32434401882837804,"{""markov_seconds"": 0.07893765099925076, ""mean_states"": 2.000253807106599}"
minibatch-n10000000-d16-k50-sep1.5-s0,minibatch,10000000,16,50,1.5,0,200,False,70,3940,3940,0.000394,22893,44,368,39,35500000000.0,511.859911617998,100500000000.0,1500.3723918490018,500000000.0,3.6811158575001173,5.9577839899975515,0.8118576,31,markov_pooled,0,0,0.07796218000021327,20287,0.0020287,9.877062684271465e-05,0.0026929507443816643,0.028849974392466664,0.8119197,0.9957372443387942,0.04010152284263959,0.9799492385786802,0.020050761421319785,0.5,0.0,0.0,0.4505939883113932,402,0.8649511196848376,1.7213930348258706,0.8606965174129353,0.5,0.02004568527918782,"{""markov_seconds"": 0.07794985599957727, ""mean_states"": 2.000253807106599}"
minibatch-n10000000-d16-k50-sep1.5-s0,minibatch,10000000,16,50,1.5,0,200,False,70,3940,3940,0.000394,22893,44,368,39,35500000000.0,511.859911617998,100500000000.0,1500.3723918490018,500000000.0,3.6811158575001173,5.9577839899975515,0.8118576,31,markov_pooled_soft,0,0,0.06885136399978364,20287,0.0020287,9.877062684271465e-05,0.0026929507443816643,0.028849974392466664,0.8119197,0.9957372443387942,0.04680518824140311,0.9374433132805085,0.03306973738032059,0.7977453863529813,0.12691861859091044,0.43730964467005073,0.39757644756779825,402,0.8486384984842921,1.6667793111913307,0.8433303565354975,0.4480026837324525,0.06255161057735964,"{""markov_seconds"": 0.06884187400009978, ""mean_states"": 2.000253807106599}"
minibatch-n10000000-d16-k50-sep1.5-s0,minibatch,10000000,16,50,1.5,0,200,False,70,3940,3940,0.000394,22893,44,368,39,35500000000.0,511.859911617998,100500000000.0,1500.3723918490018,500000000.0,3.6811158575001173,5.9577839899975515,0.8118576,31,markov_w5,0,0,0.07383793200006039,20250,0.002025,9.87702843326943e-05,0.0026929507443816643,0.028849974392466664,0.8119194,0.9957407197144996,0.02131979695431472,0.9893401015228427,0.010659898477157315,0.5,0.0,0.0,0.4504547816801439,402,0.8628709753719563,1.7164179104477613,0.8582089552238806,0.5,0.01065482233502538,"{""markov_seconds"": 0.07382933500048239, ""mean_states"": 1.4588832487309644}"
minibatch-n10000000-d16-k50-sep1.5-s0,minibatch,10000000,16,50,1.5,0,200,False,70,3940,3940,0.000394,22893,44,368,39,35500000000.0,511.859911617998,100500000000.0,1500.3723918490018,500000000.0,3.6811158575001173,5.9577839899975515,0.8118576,31,markov_w20,0,0,0.061981715000001714,20260,0.002026,9.877039964933942e-05,0.0026929507443816643,0.028849974392466664,0.8119194,0.9957395371752605,0.026395939086294416,0.9868020304568528,0.013197969543147225,0.5,0.0,0.0,0.45036641575921726,402,0.8628709753719563,1.7164179104477613,0.8582089552238806,0.5,0.013192893401015227,"{""markov_seconds"": 0.06197091899957741, ""mean_states"": 2.00253807106599}"
minibatch-n10000000-d16-k50-sep1.5-s0,minibatch,10000000,16,50,1.5,0,200,False,70,3940,3940,0.000394,22893,44,368,39,35500000000.0,511.859911617998,100500000000.0,1500.3723918490018,500000000.0,3.6811158575001173,5.9577839899975515,0.8118576,31,reassign_all,500000000,0,6.496459195999705,20100,0.00201,9.876804984032539e-05,0.0026929507443816643,0.028849974392466664,0.8119193,0.9957719977118696,0.016243654822335026,0.9918781725888325,0.008121827411167515,0.5,0.0,0.0,0.4504339914510161,402,0.8615385626243509,1.7213930348258706,0.8606965174129353,0.5,0.008116751269035532,{}
minibatch-n10000000-d16-k50-sep1.5-s0,minibatch,10000000,16,50,1.5,0,200,False,70,3940,3940,0.000394,22893,44,368,39,35500000000.0,511.859911617998,100500000000.0,1500.3723918490018,500000000.0,3.6811158575001173,5.9577839899975515,0.8118576,31,fcm_soft,197000,0,0.25161062000006496,20240,0.002024,9.877024646298693e-05,0.0026929507443816643,0.028849974392466664,0.8119191,0.9957421881192512,0.9032604259923688,0.0618131494466092,0.9300629542133726,0.6025780450358239,3.7988033550915326,1.0,0.8445145969843593,402,0.9338230464795108,0.9545886997265525,0.09140788023127278,0.7135631709331131,0.9380982485261118,{}
minibatch-n10000000-d16-k50-sep1.5-s0,minibatch,10000000,16,50,1.5,0,200,False,70,3940,3940,0.000394,22893,44,368,39,35500000000.0,511.859911617998,100500000000.0,1500.3723918490018,500000000.0,3.6811158575001173,5.9577839899975515,0.8118576,31,gmm_plugin_soft,197000,0,0.044940216000213695,21304,0.0021304,9.904255185033684e-05,0.0026929507443816643,0.028849974392466664,0.8119726,0.9955791431292524,0.4614798279925778,0.4986591663548353,0.19814566868861466,0.5689064312626403,0.8681592848209532,1.0,0.05618060016649922,402,0.6710598427421922,0.952292989320138,0.17727927061190685,0.8005324989020641,0.5009164907802973,{}
minibatch-n10000000-d16-k50-sep1.5-s0,minibatch,10000000,16,50,1.5,0,200,False,70,3940,3940,0.000394,22893,44,368,39,35500000000.0,511.859911617998,100500000000.0,1500.3723918490018,500000000.0,3.6811158575001173,5.9577839899975515,0.8118576,31,full_convergence,65000000000.0,130,988.5124802310038,0,0.0,0.0,0.0,0.0,0.8118576,1.0,0.0,1.0,0.0,nan,0.0,0.0,0.4496132125878337,402,0.8614971601683269,1.7263681592039801,0.8631840796019901,0.5,0.00044162436548223345,{}
minibatch-n10000000-d16-k50-sep1.5-s0,minibatch,10000000,16,50,1.5,0,200,False,70,3940,3940,0.000394,22893,44,368,39,35500000000.0,511.859911617998,100500000000.0,1500.3723918490018,500000000.0,3.6811158575001173,5.9577839899975515,0.8118576,31,true_posterior_oracle,0,0,0.0,,,,,,,,1.6092527921769977,0.17331347624927665,0.7936201019208411,0.8017259113658775,0.08511702905687556,0.9228426395939087,0.7898192596869649,402,0.0,0.16019538932954935,0.0326974152603978,0.9050141242937852,0.8266537486045231,{}
minibatch-n10000000-d16-k50-sep1.5-s0,minibatch,10000000,16,50,1.5,0,200,False,70,3940,3940,0.000394,22893,44,368,39,35500000000.0,511.859911617998,100500000000.0,1500.3723918490018,500000000.0,3.6811158575001173,5.9577839899975515,0.8118576,31,model_posterior_oracle,0,0,0.0,,,,,,,,0.3839976192986139,0.5503867874121664,0.24183074557343484,0.7184228506492936,0.8353316591000332,1.0,0.0,402,0.6741631990558739,0.9545936244905037,0.205763384700518,0.7906761177753545,0.4491859448148376,{}
minibatch-n10000000-d16-k50-sep1.5-s0,minibatch,10000000,16,50,1.5,0,200,False,80,3181,3181,0.0003181,19738,26,285,22,40500000000.0,584.9741105429985,100500000000.0,1500.3723918490018,500000000.0,3.6811158575001173,5.9577839899975515,0.8118576,31,stop,0,0,0.024202638000133447,17091,0.0017091,8.165427078510312e-05,0.0023121593990342586,0.024479977699955708,0.8119092,0.9964072405856036,0.013832128261552971,0.9930839358692235,0.0069160641307765,0.5,0.0,0.0,0.4593136971456054,354,0.8902121462344035,1.7853107344632768,0.8926553672316384,0.5,0.006897202137692549,{}
minibatch-n10000000-d16-k50-sep1.5-s0,minibatch,10000000,16,50,1.5,0,200,False,80,3181,3181,0.0003181,19738,26,285,22,40500000000.0,584.9741105429985,100500000000.0,1500.3723918490018,500000000.0,3.6811158575001173,5.9577839899975515,0.8118576,31,reassign_U,159050,0,0.027730368999982602,17091,0.0017091,8.165426523309982e-05,0.0023121593990342586,0.024479977699955708,0.8119096,0.996407241605252,0.013832128261552971,0.9930839358692235,0.0069160641307765,0.5,0.0,0.0,0.45929535378100106,354,0.8902121462344035,1.7853107344632768,0.8926553672316384,0.5,0.006934926123860422,{}
minibatch-n10000000-d16-k50-sep1.5-s0,minibatch,10000000,16,50,1.5,0,200,False,80,3181,3181,0.0003181,19738,26,285,22,40500000000.0,584.9741105429985,100500000000.0,1500.3723918490018,500000000.0,3.6811158575001173,5.9577839899975515,0.8118576,31,majority,0,0,0.026159089999964635,18633,0.0018633,8.185410621797118e-05,0.0023121593990342586,0.024479977699955708,0.8119134,0.9960813984978674,0.9833385727758567,0.5083307136120717,0.4916692863879283,0.5,0.0,0.0,0.5345195997350142,354,0.8430838066714381,1.689265536723164,0.844632768361582,0.5,0.4916504243948444,{}
minibatch-n10000000-d16-k50-sep1.5-s0,minibatch,10000000,16,50,1.5,0,200,False,80,3181,3181,0.0003181,19738,26,285,22,40500000000.0,584.9741105429985,100500000000.0,1500.3723918490018,500000000.0,3.6811158575001173,5.9577839899975515,0.8118576,31,frequency_soft,0,0,0.028540668999994523,18633,0.0018633,8.185410621797118e-05,0.0023121593990342586,0.024479977699955708,0.8119134,0.9960813984978674,0.6237396109648975,0.5058443599782801,0.217055814352262,0.5164128892663785,0.5429900751625539,1.0,0.28335644570476154,354,0.7807421702416136,1.2848204697203156,0.571905495634309,0.5172696868349043,0.494136778028636,{}
minibatch-n10000000-d16-k50-sep1.5-s0,minibatch,10000000,16,50,1.5,0,200,False,80,3181,3181,0.0003181,19738,26,285,22,40500000000.0,584.9741105429985,100500000000.0,1500.3723918490018,500000000.0,3.6811158575001173,5.9577839899975515,0.8118576,31,markov,0,0,0.05175834100009524,17104,0.0017104,8.165434449902698e-05,0.0023121593990342586,0.024479977699955708,0.8119093,0.9964058815170379,0.022005658597925182,0.9889971707010374,0.011002829298962569,0.5,0.0,0.0,0.45928545822637723,354,0.8902121462344035,1.7853107344632768,0.8926553672316384,0.5,0.010983967305878653,"{""markov_seconds"": 0.05174803699992481, ""mean_states"": 2.000314366551399}"
minibatch-n10000000-d16-k50-sep1.5-s0,minibatch,10000000,16,50,1.5,0,200,False,80,3181,3181,0.0003181,19738,26,285,22,40500000000.0,584.9741105429985,100500000000.0,1500.3723918490018,500000000.0,3.6811158575001173,5.9577839899975515,0.8118576,31,markov_soft,0,0,0.05430624100063142,17104,0.0017104,8.165434449902698e-05,0.0023121593990342586,0.024479977699955708,0.8119093,0.9964058815170379,0.017080231747720432,0.9894489178759757,0.007944558251527931,0.7691399509581327,0.0059147307306777926,0.010374096196164728,0.4562392516463369,354,0.8896471744829911,1.7855367231638417,0.8932203389830509,0.4868421052631579,0.010532220130940474,"{""markov_seconds"": 0.05429594100041868, ""mean_states"": 2.000314366551399}"
minibatch-n10000000-d16-k50-sep1.5-s0,minibatch,10000000,16,50,1.5,0,200,False,80,3181,3181,0.0003181,19738,26,285,22,40500000000.0,584.9741105429985,100500000000.0,1500.3723918490018,500000000.0,3.6811158575001173,5.9577839899975515,0.8118576,31,markov_a0.5,0,0,0.06478545399932045,17698,0.0017698,8.169408335345629e-05,0.0023121593990342586,0.024479977699955708,0.8119109,0.9962805287850626,0.3954731216598554,0.8022634391700723,0.19773656082992774,0.5,0.0,0.0,0.4878144008138383,354,0.8794618998476503,1.7570621468926553,0.8785310734463276,0.5,0.19771769883684379,"{""markov_seconds"": 0.06477606599946739, ""mean_states"": 2.000314366551399}"
minibatch-n10000000-d16-k50-sep1.5-s0,minibatch,10000000,16,50,1.5,0,200,False,80,3181,3181,0.0003181,19738,26,285,22,40500000000.0,584.9741105429985,100500000000.0,1500.3723918490018,500000000.0,3.6811158575001173,5.9577839899975515,0.8118576,31,markov_a0.5_soft,0,0,0.05090066499997192,17698,0.0017698,8.169408335345629e-05,0.0023121593990342586,0.024479977699955708,0.8119109,0.9962805287850626,0.3261553329818071,0.6653638123132813,0.1420252939528926,0.6367726941815535,0.5173090229038559,1.0,0.26486912444887467,354,0.8073181545937644,1.3605121050544455,0.6273770368050029,0.47094892694234647,0.33461732569363467,"{""markov_seconds"": 0.05089152600066882, ""mean_states"": 2.000314366551399}"
minibatch-n10000000-d16-k50-sep1.5-s0,minibatch,10000000,16,50,1.5,0,200,False,80,3181,3181,0.0003181,19738,26,285,22,40500000000.0,584.9741105429985,100500000000.0,1500.3723918490018,500000000.0,3.6811158575001173,5.9577839899975515,0.8118576,31,markov_pooled,0,0,0.10094047300026432,17138,0.0017138,8.165459029219058e-05,0.0023121593990342586,0.024479977699955708,0.8119099,0.9964027983023321,0.0433825840930525,0.9783087079534738,0.0216912920465262,0.5,0.0,0.0,0.45957686080466115,354,0.8928831698735017,1.7909604519774012,0.8954802259887006,0.5,0.021672430053442313,"{""markov_seconds"": 0.1009315940000306, ""mean_states"": 2.000314366551399}"
minibatch-n10000000-d16-k50-sep1.5-s0,minibatch,10000000,16,50,1.5,0,200,False,80,3181,3181,0.0003181,19738,26,285,22,40500000000.0,584.9741105429985,100500000000.0,1500.3723918490018,500000000.0,3.6811158575001173,5.9577839899975515,0.8118576,31,markov_pooled_soft,0,0,0.06809501299994736,17138,0.0017138,8.165459029219058e-05,0.0023121593990342586,0.024479977699955708,0.8119099,0.9964027983023321,0.04877299207143863,0.9328069552439927,0.0377923023859767,0.8311258894974106,0.13648812216674516,0.3737818296133291,0.4002790833023796,354,0.8828506226784932,1.7568645261606461,0.8837328869828001,0.3858385199079205,0.0671741827629232,"{""markov_seconds"": 0.06808451799952309, ""mean_states"": 2.000314366551399}"
minibatch-n10000000-d16-k50-sep1.5-s0,minibatch,10000000,16,50,1.5,0,200,False,80,3181,3181,0.0003181,19738,26,285,22,40500000000.0,584.9741105429985,100500000000.0,1500.3723918490018,500000000.0,3.6811158575001173,5.9577839899975515,0.8118576,31,markov_w5,0,0,0.04691574099979334,17094,0.0017094,8.165428424500298e-05,0.0023121593990342586,0.024479977699955708,0.8119093,0.9964069714697467,0.01571832756994656,0.9921408362150267,0.007859163784973311,0.5,0.0,0.0,0.4593194968497142,354,0.8902121462344035,1.7853107344632768,0.8926553672316384,0.5,0.007840301791889341,"{""markov_seconds"": 0.046906976999707695, ""mean_states"": 1.4897830870795348}"
minibatch-n10000000-d16-k50-sep1.5-s0,minibatch,10000000,16,50,1.5,0,200,False,80,3181,3181,0.0003181,19738,26,285,22,40500000000.0,584.9741105429985,100500000000.0,1500.3723918490018,500000000.0,3.6811158575001173,5.9577839899975515,0.8118576,31,markov_w20,0,0,0.05635066299964819,17112,0.0017112,8.165442073759799e-05,0.0023121593990342586,0.024479977699955708,0.8119094,0.9964049970152744,0.02703552342030808,0.9864822382898459,0.013517761710154064,0.5,0.0,0.0,0.4593796396289287,354,0.8902121462344035,1.7853107344632768,0.8926553672316384,0.5,0.013498899717070103,"{""markov_seconds"": 0.05634158799966826, ""mean_states"": 2.0012574662055957}"
minibatch-n10000000-d16-k50-sep1.5-s0,minibatch,10000000,16,50,1.5,0,200,False,80,3181,3181,0.0003181,19738,26,285,22,40500000000.0,584.9741105429985,100500000000.0,1500.3723918490018,500000000.0,3.6811158575001173,5.9577839899975515,0.8118576,31,reassign_all,500000000,0,6.101133690999632,16933,0.0016933,8.16521321640451e-05,0.0023121593990342586,0.024479977699955708,0.8119101,0.9964402566544662,0.013832128261552971,0.9930839358692235,0.0069160641307765,0.5,0.0,0.0,0.45929535378100106,354,0.8902121462344035,1.7853107344632768,0.8926553672316384,0.5,0.006934926123860422,{}
minibatch-n10000000-d16-k50-sep1.5-s0,minibatch,10000000,16,50,1.5,0,200,False,80,3181,3181,0.0003181,19738,26,285,22,40500000000.0,584.9741105429985,100500000000.0,1500.3723918490018,500000000.0,3.6811158575001173,5.9577839899975515,0.8118576,31,fcm_soft,159050,0,0.03378962100032368,17091,0.0017091,8.165426523309982e-05,0.0023121593990342586,0.024479977699955708,0.8119096,0.996407241605252,0.9015280935619793,0.06277794241236251,0.9303051898883753,0.6605513827736049,3.7963574845388424,1.0,0.8434903996387363,354,0.9360888431740583,0.9570044185242166,0.059418534893914396,0.7031145902731513,0.9372031955945536,{}
minibatch-n10000000-d16-k50-sep1.5-s0,minibatch,10000000,16,50,1.5,0,200,False,80,3181,3181,0.0003181,19738,26,285,22,40500000000.0,584.9741105429985,100500000000.0,1500.3723918490018,500000000.0,3.6811158575001173,5.9577839899975515,0.8118576,31,gmm_plugin_soft,159050,0,0.0362204009998095,17976,0.0017976,8.183778923198659e-05,0.0023121593990342586,0.024479977699955708,0.8119551,0.9962704797922605,0.46372992958803166,0.4980638136979496,0.1915635527442667,0.5519544556702051,0.8624646099615746,1.0,0.04742470549485563,354,0.7178754946735119,1.0032711027104948,0.2306464111308386,0.8637733338551247,0.5019173243089664,{}
minibatch-n10000000-d16-k50-sep1.5-s0,minibatch,10000000,16,50,1.5,0,200,False,80,3181,3181,0.0003181,19738,26,285,22,40500000000.0,584.9741105429985,100500000000.0,1500.3723918490018,500000000.0,3.6811158575001173,5.9577839899975515,0.8118576,31,full_convergence,60000000000.0,120,915.3982813060034,0,0.0,0.0,0.0,0.0,0.8118576,1.0,0.0,1.0,0.0,nan,0.0,0.0,0.458381821405769,354,0.8901651298860372,1.7909604519774012,0.8954802259887006,0.5,1.8861993083935877e-05,{}
minibatch-n10000000-d16-k50-sep1.5-s0,minibatch,10000000,16,50,1.5,0,200,False,80,3181,3181,0.0003181,19738,26,285,22,40500000000.0,584.9741105429985,100500000000.0,1500.3723918490018,500000000.0,3.6811158575001173,5.9577839899975515,0.8118576,31,true_posterior_oracle,0,0,0.0,,,,,,,,1.6061393741547443,0.17352638410340368,0.7949042814483962,0.8383407779447384,0.09087622851577401,0.9239232945614586,0.788827398332175,354,0.0,0.14243391521387766,0.03617334760460925,0.9143149458606872,0.8264924770189174,{}
minibatch-n10000000-d16-k50-sep1.5-s0,minibatch,10000000,16,50,1.5,0,200,False,80,3181,3181,0.0003181,19738,26,285,22,40500000000.0,584.9741105429985,100500000000.0,1500.3723918490018,500000000.0,3.6811158575001173,5.9577839899975515,0.8118576,31,model_posterior_oracle,0,0,0.0,,,,,,,,0.3968947780173261,0.541618178594231,0.23212250893951056,0.6883977740630585,0.8376188113623934,1.0,0.0,354,0.7211590740108738,1.0033039655662321,0.23544091059182284,0.8570261437908496,0.458362959412685,{}
minibatch-n10000000-d16-k50-sep1.5-s0,minibatch,10000000,16,50,1.5,0,200,False,90,2838,2838,0.0002838,16925,25,286,17,45500000000.0,661.2758244939992,100500000000.0,1500.3723918490018,500000000.0,3.6811158575001173,5.9577839899975515,0.8118576,31,stop,0,0,0.028583337999407377,14273,0.0014273,6.783021970124814e-05,0.001986291130900815,0.02080128930481794,0.8118984,0.9970075685860716,0.011980267794221282,0.9940098661028893,0.005990133897110672,0.5,0.0,0.0,0.4697985271405775,323,0.8900477062597574,1.7461300309597523,0.8730650154798761,0.5,0.006109936575052854,{}
minibatch-n10000000-d16-k50-sep1.5-s0,minibatch,10000000,16,50,1.5,0,200,False,90,2838,2838,0.0002838,16925,25,286,17,45500000000.0,661.2758244939992,100500000000.0,1500.3723918490018,500000000.0,3.6811158575001173,5.9577839899975515,0.8118576,31,reassign_U,141900,0,0.02872096099963528,14273,0.0014273,6.783021471101769e-05,0.001986291130900815,0.02080128930481794,0.8118982,0.9970075700886695,0.011980267794221282,0.9940098661028893,0.005990133897110672,0.5,0.0,0.0,0.469809603947048,323,0.8900477062597574,1.7461300309597523,0.8730650154798761,0.5,0.006152219873150106,{}
minibatch-n10000000-d16-k50-sep1.5-s0,minibatch,10000000,16,50,1.5,0,200,False,90,2838,2838,0.0002838,16925,25,286,17,45500000000.0,661.2758244939992,100500000000.0,1500.3723918490018,500000000.0,3.6811158575001173,5.9577839899975515,0.8118576,31,majority,0,0,0.027181767999536532,15595,0.0015595,6.796384743656958e-05,0.001986291130900815,0.02080128930481794,0.8119031,0.9967312495185003,0.9436222692036645,0.5281888653981677,0.4718111346018323,0.5,0.0,0.0,0.5300415537040339,323,0.7795795209068853,1.5603715170278638,0.7801857585139319,0.5,0.47182522903453133,{}
minibatch-n10000000-d16-k50-sep1.5-s0,minibatch,10000000,16,50,1.5,0,200,False,90,2838,2838,0.0002838,16925,25,286,17,45500000000.0,661.2758244939992,100500000000.0,1500.3723918490018,500000000.0,3.6811158575001173,5.9577839899975515,0.8118576,31,frequency_soft,0,0,0.027913570000237087,15595,0.0015595,6.796384743656958e-05,0.001986291130900815,0.02080128930481794,0.8119031,0.9967312495185003,0.6172487900337217,0.5100582996988916,0.19898776346979308,0.4927305283432669,0.5404488460304988,1.0,0.27883131618197415,323,0.7241585639709525,1.1745260087506078,0.4967632986208837,0.46202213279678067,0.489885322570312,{}
minibatch-n10000000-d16-k50-sep1.5-s0,minibatch,10000000,16,50,1.5,0,200,False,90,2838,2838,0.0002838,16925,25,286,17,45500000000.0,661.2758244939992,100500000000.0,1500.3723918490018,500000000.0,3.6811158575001173,5.9577839899975515,0.8118576,31,markov,0,0,0.04993510599979345,14280,0.001428,6.783027095247363e-05,0.001986291130900815,0.02080128930481794,0.8118988,0.9970068548865567,0.016913319238900635,0.9915433403805497,0.008456659619450302,0.5,0.0,0.0,0.4697829575489887,323,0.8900992350130751,1.7399380804953561,0.8699690402476781,0.5,0.008618745595489781,"{""markov_seconds"": 0.04992142299943225, ""mean_states"": 2.0}"
minibatch-n10000000-d16-k50-sep1.5-s0,minibatch,10000000,16,50,1.5,0,200,False,90,2838,2838,0.0002838,16925,25,286,17,45500000000.0,661.2758244939992,100500000000.0,1500.3723918490018,500000000.0,3.6811158575001173,5.9577839899975515,0.8118576,31,markov_soft,0,0,0.07273981999969692,14280,0.001428,6.783027095247363e-05,0.001986291130900815,0.02080128930481794,0.8118988,0.9970068548865567,0.014479359590259536,0.9908055456774522,0.006896443269406692,0.7764664059722716,0.005991541288148668,0.011980267794221282,0.46708148750877687,323,0.8854866960195348,1.7360870313037495,0.8683694530443755,0.46784443314692425,0.009314257000490055,"{""markov_seconds"": 0.07272772399937821, ""mean_states"": 2.0}"
minibatch-n10000000-d16-k50-sep1.5-s0,minibatch,10000000,16,50,1.5,0,200,False,90,2838,2838,0.0002838,16925,25,286,17,45500000000.0,661.2758244939992,100500000000.0,1500.3723918490018,500000000.0,3.6811158575001173,5.9577839899975515,0.8118576,31,markov_a0.5,0,0,0.05530040800022107,14819,0.0014819,6.785755347582523e-05,0.001986291130900815,0.02080128930481794,0.8119004,0.996896537410959,0.3967582804792107,0.8016208597603947,0.19837914023960534,0.5,0.0,0.0,0.4948313338337536,323,0.8444162277768222,1.6470588235294117,0.8235294117647058,0.5,0.19846370683579986,"{""markov_seconds"": 0.05528447699998651, ""mean_states"": 2.0}"
minibatch-n10000000-d16-k50-sep1.5-s0,minibatch,10000000,16,50,1.5,0,200,False,90,2838,2838,0.0002838,16925,25,286,17,45500000000.0,661.2758244939992,100500000000.0,1500.3723918490018,500000000.0,3.6811158575001173,5.9577839899975515,0.8118576,31,markov_a0.5_soft,0,0,0.04808627100010199,14819,0.0014819,6.785755347582523e-05,0.001986291130900815,0.02080128930481794,0.8119004,0.996896537410959,0.32553057376557354,0.6678160687858271,0.14995474537769327,0.6428419942987956,0.5126363327212426,1.0,0.27149641454241286,323,0.7644983359876331,1.2684835233572536,0.5694715630087146,0.3733346524205251,0.3321275534833766,"{""markov_seconds"": 0.048077280999677896, ""mean_states"": 2.0}"
minibatch-n10000000-d16-k50-sep1.5-s0,minibatch,10000000,16,50,1.5,0,200,False,90,2838,2838,0.0002838,16925,25,286,17,45500000000.0,661.2758244939992,100500000000.0,1500.3723918490018,500000000.0,3.6811158575001173,5.9577839899975515,0.8118576,31,markov_pooled,0,0,0.059392147000835394,14318,0.0014318,6.783044541225358e-05,0.001986291130900815,0.02080128930481794,0.8118997,0.9970034465521922,0.04369274136715997,0.97815362931642,0.021846370683579974,0.5,0.0,0.0,0.46996588857579713,323,0.8900992350130751,1.7399380804953561,0.8699690402476781,0.5,0.022008456659619452,"{""markov_seconds"": 0.05938162100028421, ""mean_states"": 2.0}"
minibatch-n10000000-d16-k50-sep1.5-s0,minibatch,10000000,16,50,1.5,0,200,False,90,2838,2838,0.0002838,16925,25,286,17,45500000000.0,661.2758244939992,100500000000.0,1500.3723918490018,500000000.0,3.6811158575001173,5.9577839899975515,0.8118576,31,markov_pooled_soft,0,0,0.0573491360000844,14318,0.0014318,6.783044541225358e-05,0.001986291130900815,0.02080128930481794,0.8118997,0.9970034465521922,0.049107439804540284,0.9308938370516356,0.040386335821015126,0.8586647067026123,0.1422724003191667,0.4496124031007752,0.40798380650454474,323,0.8694870728554123,1.683928737020882,0.8504732495636972,0.3961616675139807,0.06922497528529993,"{""markov_seconds"": 0.05734036100056983, ""mean_states"": 2.0}"
minibatch-n10000000-d16-k50-sep1.5-s0,minibatch,10000000,16,50,1.5,0,200,False,90,2838,2838,0.0002838,16925,25,286,17,45500000000.0,661.2758244939992,100500000000.0,1500.3723918490018,500000000.0,3.6811158575001173,5.9577839899975515,0.8118576,31,markov_w5,0,0,0.044575505000466364,14277,0.0014277,6.783022855261223e-05,0.001986291130900815,0.02080128930481794,0.8118984,0.997007210441331,0.014799154334038054,0.992600422832981,0.007399577167019,0.5,0.0,0.0,0.46979694329684135,323,0.8900477062597574,1.7461300309597523,0.8730650154798761,0.5,0.007519379844961239,"{""markov_seconds"": 0.04456736199972511, ""mean_states"": 1.471106412966878}"
minibatch-n10000000-d16-k50-sep1.5-s0,minibatch,10000000,16,50,1.5,0,200,False,90,2838,2838,0.0002838,16925,25,286,17,45500000000.0,661.2758244939992,100500000000.0,1500.3723918490018,500000000.0,3.6811158575001173,5.9577839899975515,0.8118576,31,markov_w20,0,0,0.050651023999307654,14292,0.0014292,6.7830325976459e-05,0.001986291130900815,0.02080128930481794,0.8118984,0.9970053310106897,0.02536997885835095,0.9873150105708245,0.012684989429175508,0.5,0.0,0.0,0.46988783621384067,323,0.8906348835168002,1.7337461300309598,0.8668730650154799,0.5,0.012847075405214941,"{""markov_seconds"": 0.05064025799947558, ""mean_states"": 2.0021141649048624}"
minibatch-n10000000-d16-k50-sep1.5-s0,minibatch,10000000,16,50,1.5,0,200,False,90,2838,2838,0.0002838,16925,25,286,17,45500000000.0,661.2758244939992,100500000000.0,1500.3723918490018,500000000.0,3.6811158575001173,5.9577839899975515,0.8118576,31,reassign_all,500000000,0,6.182496034999531,14132,0.0014132,6.782892589995981e-05,0.001986291130900815,0.02080128930481794,0.8118971,0.9970393433136949,0.011980267794221282,0.9940098661028893,0.005990133897110672,0.5,0.0,0.0,0.469809603947048,323,0.8900477062597574,1.7461300309597523,0.8730650154798761,0.5,0.006152219873150106,{}
minibatch-n10000000-d16-k50-sep1.5-s0,minibatch,10000000,16,50,1.5,0,200,False,90,2838,2838,0.0002838,16925,25,286,17,45500000000.0,661.2758244939992,100500000000.0,1500.3723918490018,500000000.0,3.6811158575001173,5.9577839899975515,0.8118576,31,fcm_soft,141900,0,0.032021203999647696,14273,0.0014273,6.783021471101769e-05,0.001986291130900815,0.02080128930481794,0.8118982,0.9970075700886695,0.9023121540137397,0.062349499009743424,0.9316598432171272,0.6290218320578852,3.7974938768588635,1.0,0.844710304759613,323,0.9372871783530003,0.9524241494805378,0.07877269913093518,0.7250475696246323,0.9375766681210206,{}
minibatch-n10000000-d16-k50-sep1.5-s0,minibatch,10000000,16,50,1.5,0,200,False,90,2838,2838,0.0002838,16925,25,286,17,45500000000.0,661.2758244939992,100500000000.0,1500.3723918490018,500000000.0,3.6811158575001173,5.9577839899975515,0.8118576,31,gmm_plugin_soft,141900,0,0.29846354900018923,15106,0.0015106,6.797360474020131e-05,0.001986291130900815,0.02080128930481794,0.8119397,0.9968742911313365,0.473078640329565,0.49353568217164995,0.17758836658236699,0.5403935376967689,0.8611781675401976,1.0,0.04049068689724544,323,0.6544679622180978,0.9059107416919244,0.16318509269028178,0.8402340234023403,0.5063022318523107,{}
minibatch-n10000000-d16-k50-sep1.5-s0,minibatch,10000000,16,50,1.5,0,200,False,90,2838,2838,0.0002838,16925,25,286,17,45500000000.0,661.2758244939992,100500000000.0,1500.3723918490018,500000000.0,3.6811158575001173,5.9577839899975515,0.8118576,31,full_convergence,55000000000.0,110,839.0965673550027,0,0.0,0.0,0.0,0.0,0.8118576,1.0,0.0,1.0,0.0,nan,0.0,0.0,0.4693479178387974,323,0.8900477062597574,1.7461300309597523,0.8730650154798761,0.5,0.0001620859760394644,{}
minibatch-n10000000-d16-k50-sep1.5-s0,minibatch,10000000,16,50,1.5,0,200,False,90,2838,2838,0.0002838,16925,25,286,17,45500000000.0,661.2758244939992,100500000000.0,1500.3723918490018,500000000.0,3.6811158575001173,5.9577839899975515,0.8118576,31,true_posterior_oracle,0,0,0.0,,,,,,,,1.5989087391398185,0.17726603020639362,0.7891861108296347,0.8299626575648001,0.0885012465235614,0.9171952078928823,0.7800616714225368,323,0.0,0.12268825770955927,0.011555880901365286,0.941410693970421,0.8228315925127625,{}
minibatch-n10000000-d16-k50-sep1.5-s0,minibatch,10000000,16,50,1.5,0,200,False,90,2838,2838,0.0002838,16925,25,286,17,45500000000.0,661.2758244939992,100500000000.0,1500.3723918490018,500000000.0,3.6811158575001173,5.9577839899975515,0.8118576,31,model_posterior_oracle,0,0,0.0,,,,,,,,0.41498071784490626,0.5306520821612025,0.20967700355502258,0.672712967923541,0.8410701746636193,1.0,0.0,323,0.6587422735756239,0.9073312200169177,0.16381278685281658,0.8051984573356902,0.469185831862758,{}
minibatch-n10000000-d16-k50-sep2.0-s0,minibatch,10000000,16,50,2.0,0,200,False,10,924114,200000,0.0924114,6261,1298,365,1211,5500000000.0,82.07250033199944,100500000000.0,1549.9435080600033,500000000.0,3.6058146324999143,7.472293995001564,0.9082935,41,stop,0,0,0.026696928000092157,5975,0.0005975,1.789630915904894e-06,0.0005193636663823933,0.004278036579767812,0.9079013,0.9993887094798294,0.00249,0.998755,0.0012450000000000516,0.5,0.0,0.0,0.08032324827848387,108517,0.03609234727866247,0.07162011482071934,0.0358100574103597,0.5,0.0012535000000000003,{}
minibatch-n10000000-d16-k50-sep2.0-s0,minibatch,10000000,16,50,2.0,0,200,False,10,924114,200000,0.0924114,6261,1298,365,1211,5500000000.0,82.07250033199944,100500000000.0,1549.9435080600033,500000000.0,3.6058146324999143,7.472293995001564,0.9082935,41,reassign_U,46205700,0,0.7735467590000553,5963,0.0005963,1.7892561332555346e-06,0.0005193636663823933,0.004278036579767812,0.9079007,0.9993907604622635,0.00238,0.99881,0.0011900000000000244,0.5,0.0,0.0,0.08032549754645385,108517,0.0360929602251949,0.07163854511274731,0.03581927255637363,0.5,0.0011985,{}
minibatch-n10000000-d16-k50-sep2.0-s0,minibatch,10000000,16,50,2.0,0,200,False,10,924114,200000,0.0924114,6261,1298,365,1211,5500000000.0,82.07250033199944,100500000000.0,1549.9435080600033,500000000.0,3.6058146324999143,7.472293995001564,0.9082935,41,majority,0,0,0.7618080389993338,8052,0.0008052,2.085564964060538e-06,0.0005193636663823933,0.004278036579767812,0.9077128,0.9991676655323555,0.0071,0.99645,0.003550000000000053,0.5,0.0,0.0,0.0803418516066079,108517,0.03608692244933081,0.07160168452869135,0.035800842264345656,0.5,0.0035585,{}
minibatch-n10000000-d16-k50-sep2.0-s0,minibatch,10000000,16,50,2.0,0,200,False,10,924114,200000,0.0924114,6261,1298,365,1211,5500000000.0,82.07250033199944,100500000000.0,1549.9435080600033,500000000.0,3.6058146324999143,7.472293995001564,0.9082935,41,frequency_soft,0,0,0.9985380289999739,8052,0.0008052,2.085564964060538e-06,0.0005193636663823933,0.004278036579767812,0.9077128,0.9991676655323555,0.022085371900826448,0.9045886363636362,0.09015545454545462,0.8443197400066008,0.308939143636518,1.0,0.12188507677473165,108517,0.11985367267989525,0.08001290425074885,0.06029721359116775,0.5439859061600021,0.09540673636363638,{}
minibatch-n10000000-d16-k50-sep2.0-s0,minibatch,10000000,16,50,2.0,0,200,False,10,924114,200000,0.0924114,6261,1298,365,1211,5500000000.0,82.07250033199944,100500000000.0,1549.9435080600033,500000000.0,3.6058146324999143,7.472293995001564,0.9082935,41,markov,0,0,8.45991920600045,6180,0.000618,1.806643038282374e-06,0.0005193636663823933,0.004278036579767812,0.9078913,0.9993697248397893,0.00297,0.998515,0.0014849999999999586,0.5,0.0,0.0,0.08032745024488411,108517,0.036095887544653885,0.07163854511274731,0.03581927255637363,0.5,0.0014935000000000003,"{""markov_seconds"": 8.459892501000468, ""mean_states"": 2.0004598999690515}"
minibatch-n10000000-d16-k50-sep2.0-s0,minibatch,10000000,16,50,2.0,0,200,False,10,924114,200000,0.0924114,6261,1298,365,1211,5500000000.0,82.07250033199944,100500000000.0,1549.9435080600033,500000000.0,3.6058146324999143,7.472293995001564,0.9082935,41,markov_soft,0,0,7.899418128000434,6180,0.000618,1.806643038282374e-06,0.0005193636663823933,0.004278036579767812,0.9078913,0.9993697248397893,0.0027932641388263998,0.9982966117952484,0.001138002156521269,0.6304384693648326,0.0009689876937853295,0.002165,0.07991032930983633,108517,0.036085831691470505,0.07160176644110038,0.035803299636615986,0.5014006404426924,0.0017108882047514587,"{""markov_seconds"": 7.899390923000283, ""mean_states"": 2.0004598999690515}"
minibatch-n10000000-d16-k50-sep2.0-s0,minibatch,10000000,16,50,2.0,0,200,False,10,924114,200000,0.0924114,6261,1298,365,1211,5500000000.0,82.07250033199944,100500000000.0,1549.9435080600033,500000000.0,3.6058146324999143,7.472293995001564,0.9082935,41,markov_a0.5,0,0,8.412786975000017,6724,0.0006724,1.8350371118192044e-06,0.0005193636663823933,0.004278036579767812,0.9078393,0.9993110725805738,0.00406,0.99797,0.0020299999999999763,0.5,0.0,0.0,0.08032874428857596,108517,0.036086672926799845,0.07162011482071934,0.0358100574103597,0.5,0.0020385000000000004,"{""markov_seconds"": 8.412753667999823, ""mean_states"": 2.0004598999690515}"
minibatch-n10000000-d16-k50-sep2.0-s0,minibatch,10000000,16,50,2.0,0,200,False,10,924114,200000,0.0924114,6261,1298,365,1211,5500000000.0,82.07250033199944,100500000000.0,1549.9435080600033,500000000.0,3.6058146324999143,7.472293995001564,0.9082935,41,markov_a0.5_soft,0,0,8.05877049799983,6724,0.0006724,1.8350371118192044e-06,0.0005193636663823933,0.004278036579767812,0.9078393,0.9993110725805738,0.011651029230073178,0.934210471033745,0.06246788852066433,0.7993723939679008,0.23747546072677578,1.0,0.10784588557110825,108517,0.09318184505794555,0.07382410252174557,0.028692434889548604,0.5453804230855496,0.06578878372815986,"{""markov_seconds"": 8.058742311999595, ""mean_states"": 2.0004598999690515}"
minibatch-n10000000-d16-k50-sep2.0-s0,minibatch,10000000,16,50,2.0,0,200,False,10,924114,200000,0.0924114,6261,1298,365,1211,5500000000.0,82.07250033199944,100500000000.0,1549.9435080600033,500000000.0,3.6058146324999143,7.472293995001564,0.9082935,41,markov_pooled,0,0,9.10088148900013,6185,0.0006185,1.8077150520934282e-06,0.0005193636663823933,0.004278036579767812,0.9079041,0.9993689402011842,0.00294,0.99853,0.0014699999999999713,0.5,0.0,0.0,0.08032883728514523,108517,0.036095887544653885,0.07163854511274731,0.03581927255637363,0.5,0.0014785000000000002,"{""markov_seconds"": 9.100803063000058, ""mean_states"": 2.0004598999690515}"
minibatch-n10000000-d16-k50-sep2.0-s0,minibatch,10000000,16,50,2.0,0,200,False,10,924114,200000,0.0924114,6261,1298,365,1211,5500000000.0,82.07250033199944,100500000000.0,1549.9435080600033,500000000.0,3.6058146324999143,7.472293995001564,0.9082935,41,markov_pooled_soft,0,0,8.77709899599995,6185,0.0006185,1.8077150520934282e-06,0.0005193636663823933,0.004278036579767812,0.9079041,0.9993689402011842,0.00352894872103426,0.9942986992667444,0.0031148197808103864,0.8904390985360725,0.016244200304157845,0.92778,0.07884965727532367,108517,0.0383661075232137,0.07170484279379133,0.035971400396427655,0.770003433270106,0.005703032296804775,"{""markov_seconds"": 8.77707455699965, ""mean_states"": 2.0004598999690515}"
minibatch-n10000000-d16-k50-sep2.0-s0,minibatch,10000000,16,50,2.0,0,200,False,10,924114,200000,0.0924114,6261,1298,365,1211,5500000000.0,82.07250033199944,100500000000.0,1549.9435080600033,500000000.0,3.6058146324999143,7.472293995001564,0.9082935,41,markov_w5,0,0,7.256335574000332,5977,0.0005977,1.789986395772658e-06,0.0005193636663823933,0.004278036579767812,0.9079007,0.9993889047071391,0.00248,0.99876,0.0012400000000000189,0.5,0.0,0.0,0.08032490520433308,108517,0.03609234727866247,0.07162011482071934,0.0358100574103597,0.5,0.0012485000000000003,"{""markov_seconds"": 7.256302427999799, ""mean_states"": 1.0025321551237185}"
minibatch-n10000000-d16-k50-sep2.0-s0,minibatch,10000000,16,50,2.0,0,200,False,10,924114,200000,0.0924114,6261,1298,365,1211,5500000000.0,82.07250033199944,100500000000.0,1549.9435080600033,500000000.0,3.6058146324999143,7.472293995001564,0.9082935,41,markov_w20,0,0,9.127329228000235,6180,0.000618,1.806643038282374e-06,0.0005193636663823933,0.004278036579767812,0.9078913,0.9993697248397893,0.00297,0.998515,0.0014849999999999586,0.5,0.0,0.0,0.08032745024488411,108517,0.036095887544653885,0.07163854511274731,0.03581927255637363,0.5,0.0014935000000000003,"{""markov_seconds"": 9.1272934790004, ""mean_states"": 2.0004598999690515}"
minibatch-n10000000-d16-k50-sep2.0-s0,minibatch,10000000,16,50,2.0,0,200,False,10,924114,200000,0.0924114,6261,1298,365,1211,5500000000.0,82.07250033199944,100500000000.0,1549.9435080600033,500000000.0,3.6058146324999143,7.472293995001564,0.9082935,41,reassign_all,500000000,0,5.974901489999866,5839,0.0005839,1.7875552289492447e-06,0.0005193636663823933,0.004278036579767812,0.9079119,0.999404333606606,0.00238,0.99881,0.0011900000000000244,0.5,0.0,0.0,0.08032549754645385,108517,0.0360929602251949,0.07163854511274731,0.03581927255637363,0.5,0.0011985,{}
minibatch-n10000000-d16-k50-sep2.0-s0,minibatch,10000000,16,50,2.0,0,200,False,10,924114,200000,0.0924114,6261,1298,365,1211,5500000000.0,82.07250033199944,100500000000.0,1549.9435080600033,500000000.0,3.6058146324999143,7.472293995001564,0.9082935,41,fcm_soft,46205700,0,1.5608212600000115,5963,0.0005963,1.7892561332555346e-06,0.0005193636663823933,0.004278036579767812,0.9079007,0.9993907604622635,0.8093746835403689,0.11367283606682774,0.8851367702170981,0.3852735806029343,3.702746011650386,1.0,0.8530191400738724,108517,0.8836808675299114,0.805135380706414,0.8494558796548516,0.960561561818004,0.8863167996381988,{}
minibatch-n10000000-d16-k50-sep2.0-s0,minibatch,10000000,16,50,2.0,0,200,False,10,924114,200000,0.0924114,6261,1298,365,1211,5500000000.0,82.07250033199944,100500000000.0,1549.9435080600033,500000000.0,3.6058146324999143,7.472293995001564,0.9082935,41,gmm_plugin_soft,46205700,0,2.642446031999498,15783,0.0015783,2.1462689631768228e-05,0.0005193636663823933,0.004278036579767812,0.9073017,0.9976763059447429,0.06027004776699114,0.917373185372173,0.0698560906051744,0.9758586407978245,0.15767173877749807,0.95308,0.002634669151872224,108517,0.031045264105314288,0.05359751810829825,0.01922604896468422,0.9844146767270271,0.08260170071863657,{}
minibatch-n10000000-d16-k50-sep2.0-s0,minibatch,10000000,16,50,2.0,0,200,False,10,924114,200000,0.0924114,6261,1298,365,1211,5500000000.0,82.07250033199944,100500000000.0,1549.9435080600033,500000000.0,3.6058146324999143,7.472293995001564,0.9082935,41,full_convergence,95000000000.0,190,1467.8710077280039,0,0.0,0.0,0.0,0.0,0.9082935,1.0,0.0,1.0,0.0,nan,0.0,0.0,0.08031454610547245,108517,0.0360929602251949,0.07163854511274731,0.03581927255637363,0.5,2.5300000000000002e-05,{}
minibatch-n10000000-d16-k50-sep2.0-s0,minibatch,10000000,16,50,2.0,0,200,False,10,924114,200000,0.0924114,6261,1298,365,1211,5500000000.0,82.07250033199944,100500000000.0,1549.9435080600033,500000000.0,3.6058146324999143,7.472293995001564,0.9082935,41,true_posterior_oracle,0,0,0.0,,,,,,,,0.06540904533852474,0.9646683598432041,0.03111337472154105,0.6962560977058034,0.009662619548828952,0.69974,0.09355715408624066,108517,0.0,0.00847457744244549,0.0004993118462036755,0.9882014009385497,0.03533113453734103,{}
minibatch-n10000000-d16-k50-sep2.0-s0,minibatch,10000000,16,50,2.0,0,200,False,10,924114,200000,0.0924114,6261,1298,365,1211,5500000000.0,82.07250033199944,100500000000.0,1549.9435080600033,500000000.0,3.6058146324999143,7.472293995001564,0.9082935,41,model_posterior_oracle,0,0,0.0,,,,,,,,0.057144880590643994,0.9196854538945276,0.07356945985239188,0.9627598229540449,0.15595084696535588,0.95303,0.0,108517,0.031038346266346974,0.053650527049148564,0.019261717122645745,0.9842391745066892,0.08028928244617996,{}
minibatch-n10000000-d16-k50-sep2.0-s0,minibatch,10000000,16,50,2.0,0,200,False,20,1675,1675,0.0001675,4627,41,125,28,10500000000.0,161.00504288599677,100500000000.0,1549.9435080600033,500000000.0,3.6058146324999143,7.472293995001564,0.9082935,41,stop,0,0,0.0343672079998214,4368,0.0004368,1.1868396858627506e-06,0.00037220310104873116,0.0031828638477911586,0.9080265,0.9995580956525416,0.03343283582089552,0.9832835820895522,0.016716417910447756,0.5,0.0,0.0,0.5003515765239522,92,0.9608856982695223,1.891304347826087,0.9456521739130435,0.5,0.016656716417910448,{}
minibatch-n10000000-d16-k50-sep2.0-s0,minibatch,10000000,16,50,2.0,0,200,False,20,1675,1675,0.0001675,4627,41,125,28,10500000000.0,161.00504288599677,100500000000.0,1549.9435080600033,500000000.0,3.6058146324999143,7.472293995001564,0.9082935,41,reassign_U,83750,0,0.02970477500002744,4369,0.0004369,1.1867821878563944e-06,0.00037220310104873116,0.0031828638477911586,0.9080271,0.9995582907479282,0.03462686567164179,0.9826865671641791,0.017313432835820874,0.5,0.0,0.0,0.49984964092332546,92,0.9609049468935134,1.9130434782608696,0.9565217391304348,0.5,0.017277611940298507,{}
minibatch-n10000000-d16-k50-sep2.0-s0,minibatch,10000000,16,50,2.0,0,200,False,20,1675,1675,0.0001675,4627,41,125,28,10500000000.0,161.00504288599677,100500000000.0,1549.9435080600033,500000000.0,3.6058146324999143,7.472293995001564,0.9082935,41,majority,0,0,0.02119442799994431,4987,0.0004987,1.2144372176781104e-06,0.00037220310104873116,0.0031828638477911586,0.9079802,0.9994939599204781,0.7725373134328358,0.6137313432835821,0.38626865671641786,0.5,0.0,0.0,0.5011622415764353,92,0.9500496248552368,1.891304347826087,0.9456521739130435,0.5,0.3863283582089552,{}
minibatch-n10000000-d16-k50-sep2.0-s0,minibatch,10000000,16,50,2.0,0,200,False,20,1675,1675,0.0001675,4627,41,125,28,10500000000.0,161.00504288599677,100500000000.0,1549.9435080600033,500000000.0,3.6058146324999143,7.472293995001564,0.9082935,41,frequency_soft,0,0,0.02712965200043982,4987,0.0004987,1.2144372176781104e-06,0.00037220310104873116,0.0031828638477911586,0.9079802,0.9994939599204781,0.5125743184901936,0.5659701492537313,0.12542740841248307,0.5569960728654851,0.532421233885491,1.0,0.2389038097398344,92,0.9255847790986526,1.526230686309738,0.683794466403162,0.46896551724137925,0.43357286295793757,{}
minibatch-n10000000-d16-k50-sep2.0-s0,minibatch,10000000,16,50,2.0,0,200,False,20,1675,1675,0.0001675,4627,41,125,28,10500000000.0,161.00504288599677,100500000000.0,1549.9435080600033,500000000.0,3.6058146324999143,7.472293995001564,0.9082935,41,markov,0,0,0.042870561000199814,4389,0.0004389,1.1873207579338185e-06,0.00037220310104873116,0.0031828638477911586,0.908026,0.9995560559403605,0.05850746268656717,0.9707462686567164,0.029253731343283573,0.5,0.0,0.0,0.5002880699852423,92,0.9500354035724045,1.891304347826087,0.9456521739130435,0.5,0.029194029850746272,"{""markov_seconds"": 0.04286219200002961, ""mean_states"": 2.0}"
minibatch-n10000000-d16-k50-sep2.0-s0,minibatch,10000000,16,50,2.0,0,200,False,20,1675,1675,0.0001675,4627,41,125,28,10500000000.0,161.00504288599677,100500000000.0,1549.9435080600033,500000000.0,3.6058146324999143,7.472293995001564,0.9082935,41,markov_soft,0,0,0.040984774000207835,4389,0.0004389,1.1873207579338185e-06,0.00037220310104873116,0.0031828638477911586,0.908026,0.9995560559403605,0.04301412934233878,0.968079838625321,0.01596733340077993,0.860901925345784,0.031244280169211984,0.05850746268656717,0.4851166780705462,92,0.9396751525481165,1.8694628051017064,0.9313660845560656,0.020689655172413793,0.031860459882141756,"{""markov_seconds"": 0.040972758000862086, ""mean_states"": 2.0}"
minibatch-n10000000-d16-k50-sep2.0-s0,minibatch,10000000,16,50,2.0,0,200,False,20,1675,1675,0.0001675,4627,41,125,28,10500000000.0,161.00504288599677,100500000000.0,1549.9435080600033,500000000.0,3.6058146324999143,7.472293995001564,0.9082935,41,markov_a0.5,0,0,0.03474587100026838,4610,0.000461,1.1920231570705653e-06,0.00037220310104873116,0.0031828638477911586,0.9080102,0.9995334935882676,0.32238805970149254,0.8388059701492537,0.16119402985074627,0.5,0.0,0.0,0.5004526181858833,92,0.950175147155477,1.891304347826087,0.9456521739130435,0.5,0.1612537313432836,"{""markov_seconds"": 0.0347388010004579, ""mean_states"": 2.0}"
minibatch-n10000000-d16-k50-sep2.0-s0,minibatch,10000000,16,50,2.0,0,200,False,20,1675,1675,0.0001675,4627,41,125,28,10500000000.0,161.00504288599677,100500000000.0,1549.9435080600033,500000000.0,3.6058146324999143,7.472293995001564,0.9082935,41,markov_a0.5_soft,0,0,0.045001798999692255,4610,0.000461,1.1920231570705653e-06,0.00037220310104873116,0.0031828638477911586,0.9080102,0.9995334935882676,0.27131891140103426,0.70507835746594,0.1237656744167222,0.7009160405957559,0.4879520319404016,1.0,0.2717958040852951,92,0.9278238151052717,1.5828310759028257,0.7274322536363151,0.26436781609195403,0.29455149328032865,"{""markov_seconds"": 0.044993333000093116, ""mean_states"": 2.0}"
minibatch-n10000000-d16-k50-sep2.0-s0,minibatch,10000000,16,50,2.0,0,200,False,20,1675,1675,0.0001675,4627,41,125,28,10500000000.0,161.00504288599677,100500000000.0,1549.9435080600033,500000000.0,3.6058146324999143,7.472293995001564,0.9082935,41,markov_pooled,0,0,0.03447724499983451,4416,0.0004416,1.1875099872327155e-06,0.00037220310104873116,0.0031828638477911586,0.9080293,0.9995535536944434,0.09074626865671642,0.9546268656716418,0.04537313432835821,0.5,0.0,0.0,0.5008014968707822,92,0.9500354035724045,1.891304347826087,0.9456521739130435,0.5,0.0453134328358209,"{""markov_seconds"": 0.03446955399977014, ""mean_states"": 2.0}"
minibatch-n10000000-d16-k50-sep2.0-s0,minibatch,10000000,16,50,2.0,0,200,False,20,1675,1675,0.0001675,4627,41,125,28,10500000000.0,161.00504288599677,100500000000.0,1549.9435080600033,500000000.0,3.6058146324999143,7.472293995001564,0.9082935,41,markov_pooled_soft,0,0,0.03939641800025129,4416,0.0004416,1.1875099872327155e-06,0.00037220310104873116,0.0031828638477911586,0.9080293,0.9995535536944434,0.06992547979176651,0.9020275899630591,0.04028170084402455,0.8842080576676213,0.21946266222032096,0.9444776119402986,0.41957327601222616,92,0.9374839725458715,1.849755034544852,0.9147789312770358,0.022988505747126436,0.09784701832621526,"{""markov_seconds"": 0.0393861200000174, ""mean_states"": 2.0}"
minibatch-n10000000-d16-k50-sep2.0-s0,minibatch,10000000,16,50,2.0,0,200,False,20,1675,1675,0.0001675,4627,41,125,28,10500000000.0,161.00504288599677,100500000000.0,1549.9435080600033,500000000.0,3.6058146324999143,7.472293995001564,0.9082935,41,markov_w5,0,0,0.03450720700038801,4377,0.0004377,1.1869817944099026e-06,0.00037220310104873116,0.0031828638477911586,0.9080266,0.9995572636361467,0.04417910447761194,0.9779104477611941,0.022089552238805932,0.5,0.0,0.0,0.5000405047101537,92,0.9500161656340826,1.8695652173913044,0.9347826086956522,0.5,0.022053731343283582,"{""markov_seconds"": 0.03449881600045046, ""mean_states"": 1.3964179104477612}"
minibatch-n10000000-d16-k50-sep2.0-s0,minibatch,10000000,16,50,2.0,0,200,False,20,1675,1675,0.0001675,4627,41,125,28,10500000000.0,161.00504288599677,100500000000.0,1549.9435080600033,500000000.0,3.6058146324999143,7.472293995001564,0.9082935,41,markov_w20,0,0,0.043737471999520494,4573,0.0004573,1.2004080829353114e-06,0.00037220310104873116,0.0031828638477911586,0.9080256,0.9995385996256864,0.2782089552238806,0.8608955223880597,0.13910447761194034,0.5,0.0,0.0,0.5024503117726469,92,0.9556415022063756,1.9130434782608696,0.9565217391304348,0.5,0.1390686567164179,"{""markov_seconds"": 0.0437256739996883, ""mean_states"": 2.014925373134328}"
minibatch-n10000000-d16-k50-sep2.0-s0,minibatch,10000000,16,50,2.0,0,200,False,20,1675,1675,0.0001675,4627,41,125,28,10500000000.0,161.00504288599677,100500000000.0,1549.9435080600033,500000000.0,3.6058146324999143,7.472293995001564,0.9082935,41,reassign_all,500000000,0,5.936029095000777,4327,0.0004327,1.1866334233001652e-06,0.00037220310104873116,0.0031828638477911586,0.9080313,0.9995625529829661,0.03462686567164179,0.9826865671641791,0.017313432835820874,0.5,0.0,0.0,0.49984964092332546,92,0.9609049468935134,1.9130434782608696,0.9565217391304348,0.5,0.017277611940298507,{}
minibatch-n10000000-d16-k50-sep2.0-s0,minibatch,10000000,16,50,2.0,0,200,False,20,1675,1675,0.0001675,4627,41,125,28,10500000000.0,161.00504288599677,100500000000.0,1549.9435080600033,500000000.0,3.6058146324999143,7.472293995001564,0.9082935,41,fcm_soft,83750,0,0.028658403000008548,4369,0.0004369,1.1867821878563944e-06,0.00037220310104873116,0.0031828638477911586,0.9080271,0.9995582907479282,0.7697316667789258,0.14384182662946957,0.838844372945158,0.526878116227427,3.5025623413529163,1.0,0.7117318697450536,92,0.9582527318737434,0.960380667004271,0.03527821528280271,0.9659090909090908,0.8558314826245523,{}
minibatch-n10000000-d16-k50-sep2.0-s0,minibatch,10000000,16,50,2.0,0,200,False,20,1675,1675,0.0001675,4627,41,125,28,10500000000.0,161.00504288599677,100500000000.0,1549.9435080600033,500000000.0,3.6058146324999143,7.472293995001564,0.9082935,41,gmm_plugin_soft,83750,0,0.031160508000539267,5821,0.0005821,1.344731400010346e-06,0.00037220310104873116,0.0031828638477911586,0.9078866,0.9994038101452463,0.5269372816366781,0.4872650165647305,0.3988451076540885,0.6955003932979249,0.6943353814627088,1.0,0.01303121897162963,92,0.8863407055485789,1.3651356038816125,0.5300646471897016,0.5109756097560976,0.5120782670173591,{}
minibatch-n10000000-d16-k50-sep2.0-s0,minibatch,10000000,16,50,2.0,0,200,False,20,1675,1675,0.0001675,4627,41,125,28,10500000000.0,161.00504288599677,100500000000.0,1549.9435080600033,500000000.0,3.6058146324999143,7.472293995001564,0.9082935,41,full_convergence,90000000000.0,180,1388.9384651740065,0,0.0,0.0,0.0,0.0,0.9082935,1.0,0.0,1.0,0.0,nan,0.0,0.0,0.4998276187859769,92,0.9609049362078441,1.9130434782608696,0.9565217391304348,0.5,0.0006567164179104478,{}
minibatch-n10000000-d16-k50-sep2.0-s0,minibatch,10000000,16,50,2.0,0,200,False,20,1675,1675,0.0001675,4627,41,125,28,10500000000.0,161.00504288599677,100500000000.0,1549.9435080600033,500000000.0,3.6058146324999143,7.472293995001564,0.9082935,41,true_posterior_oracle,0,0,0.0,,,,,,,,0.3216660935544317,0.8379297934932656,0.16017527578921323,0.7379682717705757,0.003904564097541271,0.2782089552238806,0.5163162245550542,92,0.0,0.03588922221488344,0.028665530486895997,0.9560439560439561,0.1620343696626784,{}
minibatch-n10000000-d16-k50-sep2.0-s0,minibatch,10000000,16,50,2.0,0,200,False,20,1675,1675,0.0001675,4627,41,125,28,10500000000.0,161.00504288599677,100500000000.0,1549.9435080600033,500000000.0,3.6058146324999143,7.472293995001564,0.9082935,41,model_posterior_oracle,0,0,0.0,,,,,,,,0.501013342250256,0.5001723812140231,0.3784454501533181,0.6191927559563817,0.6944694263611436,1.0,0.0,92,0.8863588735697487,1.361632321176074,0.5240618771709824,0.5207317073170732,0.4991709023680664,{}
minibatch-n10000000-d16-k50-sep2.0-s0,minibatch,10000000,16,50,2.0,0,200,False,30,917,917,9.17e-05,3743,33,94,21,15500000000.0,238.16556406299605,100500000000.0,1549.9435080600033,500000000.0,3.6058146324999143,7.472293995001564,0.9082935,41,stop,0,0,0.025604440000279283,3493,0.0003493,9.253577206713715e-07,0.00029786836482775347,0.0025931911626011417,0.9080883,0.9996466439562482,0.04580152671755725,0.9770992366412213,0.022900763358778664,0.5,0.0,0.0,0.5008632871031601,41,0.9387873195003654,1.9024390243902438,0.9512195121951219,0.5,0.022704471101417666,{}
minibatch-n10000000-d16-k50-sep2.0-s0,minibatch,10000000,16,50,2.0,0,200,False,30,917,917,9.17e-05,3743,33,94,21,15500000000.0,238.16556406299605,100500000000.0,1549.9435080600033,500000000.0,3.6058146324999143,7.472293995001564,0.9082935,41,reassign_U,45850,0,0.024090142999739328,3492,0.0003492,9.25334336487893e-07,0.00029786836482775347,0.0025931911626011417,0.9080883,0.999646925795492,0.04362050163576881,0.9781897491821155,0.021810250817884458,0.5,0.0,0.0,0.4997955333873404,41,0.9387916651974975,1.9024390243902438,0.9512195121951219,0.5,0.021657579062159215,{}
minibatch-n10000000-d16-k50-sep2.0-s0,minibatch,10000000,16,50,2.0,0,200,False,30,917,917,9.17e-05,3743,33,94,21,15500000000.0,238.16556406299605,100500000000.0,1549.9435080600033,500000000.0,3.6058146324999143,7.472293995001564,0.9082935,41,majority,0,0,0.03170565899927169,3874,0.0003874,9.355592331949936e-07,0.00029786836482775347,0.0025931911626011417,0.9080615,0.9996089481369681,0.8767720828789531,0.5616139585605234,0.43838604143947657,0.5,0.0,0.0,0.5013865380122657,41,0.9608944254957487,1.951219512195122,0.975609756097561,0.5,0.4383642311886587,{}
minibatch-n10000000-d16-k50-sep2.0-s0,minibatch,10000000,16,50,2.0,0,200,False,30,917,917,9.17e-05,3743,33,94,21,15500000000.0,238.16556406299605,100500000000.0,1549.9435080600033,500000000.0,3.6058146324999143,7.472293995001564,0.9082935,41,frequency_soft,0,0,0.02643211699978565,3874,0.0003874,9.355592331949936e-07,0.00029786836482775347,0.0025931911626011417,0.9080615,0.9996089481369681,0.5786565966996223,0.5295925448597204,0.17180529394269858,0.5060015456697098,0.5401708693299146,1.0,0.23107781871568597,41,0.9342674185068482,1.6012900624874016,0.7538802660753879,0.525,0.47021116288291853,{}
minibatch-n10000000-d16-k50-sep2.0-s0,minibatch,10000000,16,50,2.0,0,200,False,30,917,917,9.17e-05,3743,33,94,21,15500000000.0,238.16556406299605,100500000000.0,1549.9435080600033,500000000.0,3.6058146324999143,7.472293995001564,0.9082935,41,markov,0,0,0.0441259169992918,3514,0.0003514,9.256426076742486e-07,0.00029786836482775347,0.0025931911626011417,0.9080876,0.9996446979519995,0.0916030534351145,0.9541984732824428,0.04580152671755722,0.5,0.0,0.0,0.5002902621420905,41,0.9608752943038229,1.951219512195122,0.975609756097561,0.5,0.04564885496183206,"{""markov_seconds"": 0.044114001999332686, ""mean_states"": 2.0}"
minibatch-n10000000-d16-k50-sep2.0-s0,minibatch,10000000,16,50,2.0,0,200,False,30,917,917,9.17e-05,3743,33,94,21,15500000000.0,238.16556406299605,100500000000.0,1549.9435080600033,500000000.0,3.6058146324999143,7.472293995001564,0.9082935,41,markov_soft,0,0,0.03844542200022261,3514,0.0003514,9.256426076742486e-07,0.00029786836482775347,0.0025931911626011417,0.9080876,0.9996446979519995,0.06012120828580583,0.9563055932497037,0.02595878138749788,0.9347891156462583,0.04127313219498315,0.07960741548527808,0.48082169251137996,41,0.9339871123785044,1.8652883722704063,0.9405914928714504,0.0625,0.04349811449293525,"{""markov_seconds"": 0.038434906000475166, ""mean_states"": 2.0}"
minibatch-n10000000-d16-k50-sep2.0-s0,minibatch,10000000,16,50,2.0,0,200,False,30,917,917,9.17e-05,3743,33,94,21,15500000000.0,238.16556406299605,100500000000.0,1549.9435080600033,500000000.0,3.6058146324999143,7.472293995001564,0.9082935,41,markov_a0.5,0,0,0.04424312099945382,3654,0.0003654,9.274724865893091e-07,0.00029786836482775347,0.0025931911626011417,0.908077,0.9996305812710878,0.3969465648854962,0.8015267175572519,0.1984732824427481,0.5,0.0,0.0,0.5000991388053427,41,0.9608820251566125,1.951219512195122,0.975609756097561,0.5,0.19845147219193024,"{""markov_seconds"": 0.04423097600010806, ""mean_states"": 2.0}"
minibatch-n10000000-d16-k50-sep2.0-s0,minibatch,10000000,16,50,2.0,0,200,False,30,917,917,9.17e-05,3743,33,94,21,15500000000.0,238.16556406299605,100500000000.0,1549.9435080600033,500000000.0,3.6058146324999143,7.472293995001564,0.9082935,41,markov_a0.5_soft,0,0,0.03651759500007756,3654,0.0003654,9.274724865893091e-07,0.00029786836482775347,0.0025931911626011417,0.908077,0.9996305812710878,0.31620108839369176,0.6751826221793052,0.13370368150140471,0.6645735217163788,0.506603907026069,1.0,0.259680221830274,41,0.9264416718001833,1.607421946144473,0.7624408769136173,0.3625,0.32462108556333374,"{""markov_seconds"": 0.03650930700041499, ""mean_states"": 2.0}"
minibatch-n10000000-d16-k50-sep2.0-s0,minibatch,10000000,16,50,2.0,0,200,False,30,917,917,9.17e-05,3743,33,94,21,15500000000.0,238.16556406299605,100500000000.0,1549.9435080600033,500000000.0,3.6058146324999143,7.472293995001564,0.9082935,41,markov_pooled,0,0,0.041338076000101864,3523,0.0003523,9.256286288561455e-07,0.00029786836482775347,0.0025931911626011417,0.9080899,0.9996438624257988,0.11123227917121047,0.9443838604143948,0.055616139585605184,0.5,0.0,0.0,0.500767778695159,41,0.9608752943038229,1.951219512195122,0.975609756097561,0.5,0.05546346782988004,"{""markov_seconds"": 0.041329336999297084, ""mean_states"": 2.0}"
minibatch-n10000000-d16-k50-sep2.0-s0,minibatch,10000000,16,50,2.0,0,200,False,30,917,917,9.17e-05,3743,33,94,21,15500000000.0,238.16556406299605,100500000000.0,1549.9435080600033,500000000.0,3.6058146324999143,7.472293995001564,0.9082935,41,markov_pooled_soft,0,0,0.03615125699980126,3523,0.0003523,9.256286288561455e-07,0.00029786836482775347,0.0025931911626011417,0.9080899,0.9996438624257988,0.0963977908600043,0.8567962713696249,0.06856962953643043,0.9000928315899108,0.31584839038947143,0.965103598691385,0.3771439347791667,41,0.926733994804064,1.8205220517273457,0.9176105786046774,0.15,0.1430074363730141,"{""markov_seconds"": 0.036140186000011454, ""mean_states"": 2.0}"
minibatch-n10000000-d16-k50-sep2.0-s0,minibatch,10000000,16,50,2.0,0,200,False,30,917,917,9.17e-05,3743,33,94,21,15500000000.0,238.16556406299605,100500000000.0,1549.9435080600033,500000000.0,3.6058146324999143,7.472293995001564,0.9082935,41,markov_w5,0,0,0.03292775599948072,3500,0.00035,9.254054964547009e-07,0.00029786836482775347,0.0025931911626011417,0.9080884,0.9996459927950875,0.061068702290076333,0.9694656488549618,0.03053435114503822,0.5,0.0,0.0,0.5009246496538479,41,0.9387873195003654,1.9024390243902438,0.9512195121951219,0.5,0.030338058887677207,"{""markov_seconds"": 0.03292056499958562, ""mean_states"": 1.4525627044711014}"
minibatch-n10000000-d16-k50-sep2.0-s0,minibatch,10000000,16,50,2.0,0,200,False,30,917,917,9.17e-05,3743,33,94,21,15500000000.0,238.16556406299605,100500000000.0,1549.9435080600033,500000000.0,3.6058146324999143,7.472293995001564,0.9082935,41,markov_w20,0,0,0.038491893999889726,3523,0.0003523,9.260466300453629e-07,0.00029786836482775347,0.0025931911626011417,0.9080868,0.9996433987625979,0.11123227917121047,0.9443838604143948,0.055616139585605184,0.5,0.0,0.0,0.4999999872650202,41,0.9608852752870611,1.951219512195122,0.975609756097561,0.5,0.05546346782988004,"{""markov_seconds"": 0.03848416099936003, ""mean_states"": 2.0}"
minibatch-n10000000-d16-k50-sep2.0-s0,minibatch,10000000,16,50,2.0,0,200,False,30,917,917,9.17e-05,3743,33,94,21,15500000000.0,238.16556406299605,100500000000.0,1549.9435080600033,500000000.0,3.6058146324999143,7.472293995001564,0.9082935,41,reassign_all,500000000,0,7.7842583179999565,3451,0.0003451,9.252088757349952e-07,0.00029786836482775347,0.0025931911626011417,0.9080914,0.9996507334350923,0.04362050163576881,0.9781897491821155,0.021810250817884458,0.5,0.0,0.0,0.4997955333873404,41,0.9387916651974975,1.9024390243902438,0.9512195121951219,0.5,0.021657579062159215,{}
minibatch-n10000000-d16-k50-sep2.0-s0,minibatch,10000000,16,50,2.0,0,200,False,30,917,917,9.17e-05,3743,33,94,21,15500000000.0,238.16556406299605,100500000000.0,1549.9435080600033,500000000.0,3.6058146324999143,7.472293995001564,0.9082935,41,fcm_soft,45850,0,0.0307439139996859,3492,0.0003492,9.25334336487893e-07,0.00029786836482775347,0.0025931911626011417,0.9080883,0.999646925795492,0.775188669781953,0.13971071213791225,0.8384789011529734,0.5711259754738016,3.523792973546632,1.0,0.7201131610481767,41,0.9603677977684194,0.9628559205351643,0.010344593625883143,0.9743589743589743,0.8600929956047267,{}
minibatch-n10000000-d16-k50-sep2.0-s0,minibatch,10000000,16,50,2.0,0,200,False,30,917,917,9.17e-05,3743,33,94,21,15500000000.0,238.16556406299605,100500000000.0,1549.9435080600033,500000000.0,3.6058146324999143,7.472293995001564,0.9082935,41,gmm_plugin_soft,45850,0,0.03345995800009405,4243,0.0004243,9.674374115142825e-07,0.00029786836482775347,0.0025931911626011417,0.9080145,0.9995700586023806,0.5226619966097302,0.48943559311938156,0.35600976184038097,0.650400653838637,0.6935746999436115,1.0,0.010340760587594226,41,0.8793122272530958,1.368294423807835,0.5350124138670459,0.7635135135135135,0.5103681146232574,{}
minibatch-n10000000-d16-k50-sep2.0-s0,minibatch,10000000,16,50,2.0,0,200,False,30,917,917,9.17e-05,3743,33,94,21,15500000000.0,238.16556406299605,100500000000.0,1549.9435080600033,500000000.0,3.6058146324999143,7.472293995001564,0.9082935,41,full_convergence,85000000000.0,170,1311.7779439970072,0,0.0,0.0,0.0,0.0,0.9082935,1.0,0.0,1.0,0.0,nan,0.0,0.0,0.5003342310809666,41,0.9387873195003654,1.9024390243902438,0.9512195121951219,0.5,0.0001962922573609597,{}
minibatch-n10000000-d16-k50-sep2.0-s0,minibatch,10000000,16,50,2.0,0,200,False,30,917,917,9.17e-05,3743,33,94,21,15500000000.0,238.16556406299605,100500000000.0,1549.9435080600033,500000000.0,3.6058146324999143,7.472293995001564,0.9082935,41,true_posterior_oracle,0,0,0.0,,,,,,,,0.38486931076631287,0.8062634628154405,0.19204970327366924,0.6895022122211918,0.0042004825441931265,0.29443838604143946,0.5139303308409356,41,0.0,0.033589807443709714,0.04202545287200116,nan,0.19358383629711093,{}
minibatch-n10000000-d16-k50-sep2.0-s0,minibatch,10000000,16,50,2.0,0,200,False,30,917,917,9.17e-05,3743,33,94,21,15500000000.0,238.16556406299605,100500000000.0,1549.9435080600033,500000000.0,3.6058146324999143,7.472293995001564,0.9082935,41,model_posterior_oracle,0,0,0.0,,,,,,,,0.5021064580118544,0.49966576891903347,0.3416450854464161,0.6685818534162995,0.6936801662858219,1.0,0.0,41,0.8792925345263155,1.3657276984048619,0.5308380353324148,0.7702702702702703,0.5001379388236057,{}
minibatch-n10000000-d16-k50-sep2.0-s0,minibatch,10000000,16,50,2.0,0,200,False,40,666,666,6.66e-05,3096,19,71,10,20500000000.0,321.4143357049961,100500000000.0,1549.9435080600033,500000000.0,3.6058146324999143,7.472293995001564,0.9082935,41,stop,0,0,0.03301245999955427,2849,0.0002849,7.576332985426149e-07,0.00024792226749759393,0.0021836626983374506,0.9081299,0.9997118390972214,0.03003003003003003,0.984984984984985,0.01501501501501501,0.5,0.0,0.0,0.5003471716555035,23,0.9150993151101549,1.9130434782608696,0.9565217391304348,0.5,0.015855855855855857,{}
minibatch-n10000000-d16-k50-sep2.0-s0,minibatch,10000000,16,50,2.0,0,200,False,40,666,666,6.66e-05,3096,19,71,10,20500000000.0,321.4143357049961,100500000000.0,1549.9435080600033,500000000.0,3.6058146324999143,7.472293995001564,0.9082935,41,reassign_U,33300,0,0.028923921000568953,2853,0.0002853,7.576110441220862e-07,0.00024792226749759393,0.0021836626983374506,0.9081301,0.9997114681036391,0.042042042042042045,0.978978978978979,0.02102102102102099,0.5,0.0,0.0,0.5004545703291463,23,0.9150993151101549,1.9130434782608696,0.9565217391304348,0.5,0.021861861861861863,{}
minibatch-n10000000-d16-k50-sep2.0-s0,minibatch,10000000,16,50,2.0,0,200,False,40,666,666,6.66e-05,3096,19,71,10,20500000000.0,321.4143357049961,100500000000.0,1549.9435080600033,500000000.0,3.6058146324999143,7.472293995001564,0.9082935,41,majority,0,0,0.03452424499937479,3135,0.0003135,7.630299485583691e-07,0.00024792226749759393,0.0021836626983374506,0.9081131,0.9996834197312644,0.8888888888888888,0.5555555555555556,0.4444444444444444,0.5,0.0,0.0,0.5025486456530205,23,0.9153241785571852,1.9130434782608696,0.9565217391304348,0.5,0.4443243243243243,{}
minibatch-n10000000-d16-k50-sep2.0-s0,minibatch,10000000,16,50,2.0,0,200,False,40,666,666,6.66e-05,3096,19,71,10,20500000000.0,321.4143357049961,100500000000.0,1549.9435080600033,500000000.0,3.6058146324999143,7.472293995001564,0.9082935,41,frequency_soft,0,0,0.029432509000798746,3135,0.0003135,7.630299485583691e-07,0.00024792226749759393,0.0021836626983374506,0.9081131,0.9996834197312644,0.5875214057032239,0.5245700245700246,0.1805896805896806,0.4969183710737765,0.5415385211437196,1.0,0.23054966978529665,23,0.8945169118391297,1.5048508803449518,0.6798418972332017,0.20454545454545453,0.474048594048594,{}
minibatch-n10000000-d16-k50-sep2.0-s0,minibatch,10000000,16,50,2.0,0,200,False,40,666,666,6.66e-05,3096,19,71,10,20500000000.0,321.4143357049961,100500000000.0,1549.9435080600033,500000000.0,3.6058146324999143,7.472293995001564,0.9082935,41,markov,0,0,0.0353608429995802,2858,0.0002858,7.57678181750876e-07,0.00024792226749759393,0.0021836626983374506,0.9081296,0.9997110018314749,0.057057057057057055,0.9714714714714715,0.028528528528528496,0.5,0.0,0.0,0.5003750930602383,23,0.9150993151101549,1.9130434782608696,0.9565217391304348,0.5,0.02840840840840841,"{""markov_seconds"": 0.03535240399924078, ""mean_states"": 2.0}"
minibatch-n10000000-d16-k50-sep2.0-s0,minibatch,10000000,16,50,2.0,0,200,False,40,666,666,6.66e-05,3096,19,71,10,20500000000.0,321.4143357049961,100500000000.0,1549.9435080600033,500000000.0,3.6058146324999143,7.472293995001564,0.9082935,41,markov_soft,0,0,0.03272529500009114,2858,0.0002858,7.57678181750876e-07,0.00024792226749759393,0.0021836626983374506,0.9081296,0.9997110018314749,0.03582657525113969,0.9706088954597054,0.013188188337378445,0.984096640364435,0.03545235030901567,0.07207207207207207,0.48449981507924833,23,0.885687550374867,1.7841341958778394,0.911764705882353,0.6136363636363636,0.029210924360114472,"{""markov_seconds"": 0.032715956999709306, ""mean_states"": 2.0}"
minibatch-n10000000-d16-k50-sep2.0-s0,minibatch,10000000,16,50,2.0,0,200,False,40,666,666,6.66e-05,3096,19,71,10,20500000000.0,321.4143357049961,100500000000.0,1549.9435080600033,500000000.0,3.6058146324999143,7.472293995001564,0.9082935,41,markov_a0.5,0,0,0.03091518899964285,2964,0.0002964,7.585226615702823e-07,0.00024792226749759393,0.0021836626983374506,0.9081229,0.9997005320373459,0.37537537537537535,0.8123123123123123,0.18768768768768773,0.5,0.0,0.0,0.5020871978560071,23,0.915100123880272,1.9130434782608696,0.9565217391304348,0.5,0.18756756756756754,"{""markov_seconds"": 0.030909014999451756, ""mean_states"": 2.0}"
minibatch-n10000000-d16-k50-sep2.0-s0,minibatch,10000000,16,50,2.0,0,200,False,40,666,666,6.66e-05,3096,19,71,10,20500000000.0,321.4143357049961,100500000000.0,1549.9435080600033,500000000.0,3.6058146324999143,7.472293995001564,0.9082935,41,markov_a0.5_soft,0,0,0.033909302999745705,2964,0.0002964,7.585226615702823e-07,0.00024792226749759393,0.0021836626983374506,0.9081229,0.9997005320373459,0.31451228572789713,0.6738434875358563,0.14325280897220485,0.6405249537892791,0.5117747350248774,1.0,0.2558666505308133,23,0.8811224887091424,1.5228646700205304,0.7088567229871577,0.6590909090909091,0.3252255815332127,"{""markov_seconds"": 0.03390269299961801, ""mean_states"": 2.0}"
minibatch-n10000000-d16-k50-sep2.0-s0,minibatch,10000000,16,50,2.0,0,200,False,40,666,666,6.66e-05,3096,19,71,10,20500000000.0,321.4143357049961,100500000000.0,1549.9435080600033,500000000.0,3.6058146324999143,7.472293995001564,0.9082935,41,markov_pooled,0,0,0.03580741199948534,2873,0.0002873,7.577437912686946e-07,0.00024792226749759393,0.0021836626983374506,0.9081315,0.999709607258651,0.1021021021021021,0.948948948948949,0.05105105105105101,0.5,0.0,0.0,0.5009820250716742,23,0.9150993151101549,1.9130434782608696,0.9565217391304348,0.5,0.051891891891891896,"{""markov_seconds"": 0.03580111300016142, ""mean_states"": 2.0}"
minibatch-n10000000-d16-k50-sep2.0-s0,minibatch,10000000,16,50,2.0,0,200,False,40,666,666,6.66e-05,3096,19,71,10,20500000000.0,321.4143357049961,100500000000.0,1549.9435080600033,500000000.0,3.6058146324999143,7.472293995001564,0.9082935,41,markov_pooled_soft,0,0,0.03346107800007303,2873,0.0002873,7.577437912686946e-07,0.00024792226749759393,0.0021836626983374506,0.9081315,0.999709607258651,0.09249135234631738,0.855875658620672,0.07829567999471633,0.9375,0.32382966663545876,0.990990990990991,0.3716808394352416,23,0.8811761909201974,1.7155983422104943,0.8758215980447341,0.6590909090909091,0.1438295752089348,"{""markov_seconds"": 0.03345422700022027, ""mean_states"": 2.0}"
minibatch-n10000000-d16-k50-sep2.0-s0,minibatch,10000000,16,50,2.0,0,200,False,40,666,666,6.66e-05,3096,19,71,10,20500000000.0,321.4143357049961,100500000000.0,1549.9435080600033,500000000.0,3.6058146324999143,7.472293995001564,0.9082935,41,markov_w5,0,0,0.030883839999660267,2852,0.0002852,7.576528568975505e-07,0.00024792226749759393,0.0021836626983374506,0.9081298,0.999711560322952,0.03903903903903904,0.9804804804804805,0.019519519519519468,0.5,0.0,0.0,0.5003708232135268,23,0.9150993151101549,1.9130434782608696,0.9565217391304348,0.5,0.02036036036036036,"{""markov_seconds"": 0.030876517000251624, ""mean_states"": 1.4564564564564564}"
minibatch-n10000000-d16-k50-sep2.0-s0,minibatch,10000000,16,50,2.0,0,200,False,40,666,666,6.66e-05,3096,19,71,10,20500000000.0,321.4143357049961,100500000000.0,1549.9435080600033,500000000.0,3.6058146324999143,7.472293995001564,0.9082935,41,markov_w20,0,0,0.0329406700002437,2865,0.0002865,7.577846146133993e-07,0.00024792226749759393,0.0021836626983374506,0.9081295,0.9997103513115579,0.07807807807807808,0.960960960960961,0.03903903903903905,0.5,0.0,0.0,0.5004436773263794,23,0.9150993151101549,1.9130434782608696,0.9565217391304348,0.5,0.038918918918918924,"{""markov_seconds"": 0.03293418300017947, ""mean_states"": 2.0}"
minibatch-n10000000-d16-k50-sep2.0-s0,minibatch,10000000,16,50,2.0,0,200,False,40,666,666,6.66e-05,3096,19,71,10,20500000000.0,321.4143357049961,100500000000.0,1549.9435080600033,500000000.0,3.6058146324999143,7.472293995001564,0.9082935,41,reassign_all,500000000,0,6.001015617000121,2830,0.000283,7.575679890070575e-07,0.00024792226749759393,0.0021836626983374506,0.9081321,0.9997140724171206,0.042042042042042045,0.978978978978979,0.02102102102102099,0.5,0.0,0.0,0.5004545703291463,23,0.9150993151101549,1.9130434782608696,0.9565217391304348,0.5,0.021861861861861863,{}
minibatch-n10000000-d16-k50-sep2.0-s0,minibatch,10000000,16,50,2.0,0,200,False,40,666,666,6.66e-05,3096,19,71,10,20500000000.0,321.4143357049961,100500000000.0,1549.9435080600033,500000000.0,3.6058146324999143,7.472293995001564,0.9082935,41,fcm_soft,33300,0,0.029290106000189553,2853,0.0002853,7.576110441220862e-07,0.00024792226749759393,0.0021836626983374506,0.9081301,0.9997114681036391,0.769640776159635,0.14347967900589242,0.8354992075947321,0.4057843996494303,3.5071451224633736,1.0,0.7124748385099392,23,0.9567042522959681,0.9547579531684972,0.014556274808774042,0.9090909090909091,0.8558119690332398,{}
minibatch-n10000000-d16-k50-sep2.0-s0,minibatch,10000000,16,50,2.0,0,200,False,40,666,666,6.66e-05,3096,19,71,10,20500000000.0,321.4143357049961,100500000000.0,1549.9435080600033,500000000.0,3.6058146324999143,7.472293995001564,0.9082935,41,gmm_plugin_soft,33300,0,0.027351833000466286,3388,0.0003388,7.792312082255393e-07,0.00024792226749759393,0.0021836626983374506,0.9080774,0.9996567208296303,0.5190660653327419,0.491124581473877,0.3373993920595351,0.6480002490931452,0.6937443875174081,1.0,0.008651426871048752,23,0.8681610827288112,1.3455092762593903,0.5522372144361615,1.0,0.5074940371447417,{}
minibatch-n10000000-d16-k50-sep2.0-s0,minibatch,10000000,16,50,2.0,0,200,False,40,666,666,6.66e-05,3096,19,71,10,20500000000.0,321.4143357049961,100500000000.0,1549.9435080600033,500000000.0,3.6058146324999143,7.472293995001564,0.9082935,41,full_convergence,80000000000.0,160,1228.5291723550072,0,0.0,0.0,0.0,0.0,0.9082935,1.0,0.0,1.0,0.0,nan,0.0,0.0,0.5002934945382418,23,0.9150993151101549,1.9130434782608696,0.9565217391304348,0.5,0.0013813813813813814,{}
minibatch-n10000000-d16-k50-sep2.0-s0,minibatch,10000000,16,50,2.0,0,200,False,40,666,666,6.66e-05,3096,19,71,10,20500000000.0,321.4143357049961,100500000000.0,1549.9435080600033,500000000.0,3.6058146324999143,7.472293995001564,0.9082935,41,true_posterior_oracle,0,0,0.0,,,,,,,,0.4011817271576465,0.7977862674909723,0.2002476454300764,0.7035756368533274,0.005359493578330392,0.25675675675675674,0.510788915915322,23,0.0,0.07024801710744662,0.011923568480709919,0.9545454545454546,0.20341489359941756,{}
minibatch-n10000000-d16-k50-sep2.0-s0,minibatch,10000000,16,50,2.0,0,200,False,40,666,666,6.66e-05,3096,19,71,10,20500000000.0,321.4143357049961,100500000000.0,1549.9435080600033,500000000.0,3.6058146324999143,7.472293995001564,0.9082935,41,model_posterior_oracle,0,0,0.0,,,,,,,,0.5018326605415369,0.49970650546175827,0.2888698374470154,0.6857880819137815,0.6938191298359208,1.0,0.0,23,0.8680291607949467,1.3433378125848252,0.5487664014931523,1.0,0.4989121131568604,{}
minibatch-n10000000-d16-k50-sep2.0-s0,minibatch,10000000,16,50,2.0,0,200,False,50,479,479,4.79e-05,2633,16,49,9,25500000000.0,393.951305081996,100500000000.0,1549.9435080600033,500000000.0,3.6058146324999143,7.472293995001564,0.9082935,41,stop,0,0,0.02725826100049744,2389,0.0002389,6.354171524503016e-07,0.00021052221286804403,0.001869248837995319,0.9081597,0.9997587886678659,0.037578288100208766,0.9812108559498957,0.018789144050104345,0.5,0.0,0.0,0.5011618341857584,17,0.9959630059951934,2.0,1.0,nan,0.018705636743215032,{}
minibatch-n10000000-d16-k50-sep2.0-s0,minibatch,10000000,16,50,2.0,0,200,False,50,479,479,4.79e-05,2633,16,49,9,25500000000.0,393.951305081996,100500000000.0,1549.9435080600033,500000000.0,3.6058146324999143,7.472293995001564,0.9082935,41,reassign_U,23950,0,0.026867533999393345,2384,0.0002384,6.353877803899621e-07,0.00021052221286804403,0.001869248837995319,0.9081603,0.9997598125153252,0.016701461377870562,0.9916492693110647,0.008350730688935326,0.5,0.0,0.0,0.5030512733710656,17,0.9959630059951934,2.0,1.0,nan,0.008517745302713988,{}
minibatch-n10000000-d16-k50-sep2.0-s0,minibatch,10000000,16,50,2.0,0,200,False,50,479,479,4.79e-05,2633,16,49,9,25500000000.0,393.951305081996,100500000000.0,1549.9435080600033,500000000.0,3.6058146324999143,7.472293995001564,0.9082935,41,majority,0,0,0.026857517999815173,2604,0.0002604,6.387633608717636e-07,0.00021052221286804403,0.001869248837995319,0.9081452,0.9997366072757308,0.9352818371607515,0.5323590814196242,0.4676409185803758,0.5,0.0,0.0,0.49796764202601584,17,0.9964262660542405,2.0,1.0,nan,0.4675574112734864,{}
minibatch-n10000000-d16-k50-sep2.0-s0,minibatch,10000000,16,50,2.0,0,200,False,50,479,479,4.79e-05,2633,16,49,9,25500000000.0,393.951305081996,100500000000.0,1549.9435080600033,500000000.0,3.6058146324999143,7.472293995001564,0.9082935,41,frequency_soft,0,0,0.02913548200012883,2604,0.0002604,6.387633608717636e-07,0.00021052221286804403,0.001869248837995319,0.9081452,0.9997366072757308,0.5865870701702928,0.5241981400645285,0.19187701651167188,0.5424194677871148,0.5430925579415783,1.0,0.2252531757789923,17,0.9852678180028546,1.5799708313077296,0.6737967914438503,nan,0.4753843234010248,{}
minibatch-n10000000-d16-k50-sep2.0-s0,minibatch,10000000,16,50,2.0,0,200,False,50,479,479,4.79e-05,2633,16,49,9,25500000000.0,393.951305081996,100500000000.0,1549.9435080600033,500000000.0,3.6058146324999143,7.472293995001564,0.9082935,41,markov,0,0,0.032388935000199126,2397,0.0002397,6.354659081164726e-07,0.00021052221286804403,0.001869248837995319,0.9081594,0.9997575792285582,0.0709812108559499,0.964509394572025,0.035490605427975,0.5,0.0,0.0,0.5005264192434059,17,0.9959800799556565,2.0,1.0,nan,0.0354070981210856,"{""markov_seconds"": 0.03238057200087496, ""mean_states"": 2.0}"
minibatch-n10000000-d16-k50-sep2.0-s0,minibatch,10000000,16,50,2.0,0,200,False,50,479,479,4.79e-05,2633,16,49,9,25500000000.0,393.951305081996,100500000000.0,1549.9435080600033,500000000.0,3.6058146324999143,7.472293995001564,0.9082935,41,markov_soft,0,0,0.03136684099990816,2397,0.0002397,6.354659081164726e-07,0.00021052221286804403,0.001869248837995319,0.9081594,0.9997575792285582,0.05023318964837106,0.9609598158303634,0.021693509939749674,0.9749337189684261,0.04242165045822641,0.08350730688935282,0.4806171075995637,17,0.984198300112768,1.9315032679738564,0.9686274509803922,nan,0.03862264763518975,"{""markov_seconds"": 0.03135989400016115, ""mean_states"": 2.0}"
minibatch-n10000000-d16-k50-sep2.0-s0,minibatch,10000000,16,50,2.0,0,200,False,50,479,479,4.79e-05,2633,16,49,9,25500000000.0,393.951305081996,100500000000.0,1549.9435080600033,500000000.0,3.6058146324999143,7.472293995001564,0.9082935,41,markov_a0.5,0,0,0.044855674999780604,2470,0.000247,6.360079074507752e-07,0.00021052221286804403,0.001869248837995319,0.9081538,0.9997505879016908,0.3757828810020877,0.8121085594989561,0.1878914405010439,0.5,0.0,0.0,0.5008313574278515,17,0.9960353620193987,2.0,1.0,nan,0.18780793319415448,"{""markov_seconds"": 0.0448482879992298, ""mean_states"": 2.0}"
minibatch-n10000000-d16-k50-sep2.0-s0,minibatch,10000000,16,50,2.0,0,200,False,50,479,479,4.79e-05,2633,16,49,9,25500000000.0,393.951305081996,100500000000.0,1549.9435080600033,500000000.0,3.6058146324999143,7.472293995001564,0.9082935,41,markov_a0.5_soft,0,0,0.0356541239998478,2470,0.000247,6.360079074507752e-07,0.00021052221286804403,0.001869248837995319,0.9081538,0.9997505879016908,0.31364295045639884,0.6732385806181658,0.13136313812776454,0.6486207091877194,0.513880562326978,1.0,0.2531169140185805,17,0.9812571228156889,1.6067941908168226,0.7332696715049657,nan,0.32634388284738736,"{""markov_seconds"": 0.03564418499991007, ""mean_states"": 2.0}"
minibatch-n10000000-d16-k50-sep2.0-s0,minibatch,10000000,16,50,2.0,0,200,False,50,479,479,4.79e-05,2633,16,49,9,25500000000.0,393.951305081996,100500000000.0,1549.9435080600033,500000000.0,3.6058146324999143,7.472293995001564,0.9082935,41,markov_pooled,0,0,0.03479242699995666,2403,0.0002403,6.354849007017549e-07,0.00021052221286804403,0.001869248837995319,0.9081604,0.9997572986975993,0.09603340292275574,0.9519832985386222,0.04801670146137782,0.5,0.0,0.0,0.5009188910109328,17,0.9959800799556565,2.0,1.0,nan,0.04793319415448852,"{""markov_seconds"": 0.0347832039997229, ""mean_states"": 2.0}"
minibatch-n10000000-d16-k50-sep2.0-s0,minibatch,10000000,16,50,2.0,0,200,False,50,479,479,4.79e-05,2633,16,49,9,25500000000.0,393.951305081996,100500000000.0,1549.9435080600033,500000000.0,3.6058146324999143,7.472293995001564,0.9082935,41,markov_pooled_soft,0,0,0.03450953299943649,2403,0.0002403,6.354849007017549e-07,0.00021052221286804403,0.001869248837995319,0.9081604,0.9997572986975993,0.09501103570704142,0.84593686413531,0.09147403959928457,0.9241037376048818,0.34953539222911023,0.9958246346555324,0.36184806859393126,17,0.9776143821080905,1.746080026451472,0.8590525030483854,nan,0.15364559933024338,"{""markov_seconds"": 0.03450016699935077, ""mean_states"": 2.0}"
minibatch-n10000000-d16-k50-sep2.0-s0,minibatch,10000000,16,50,2.0,0,200,False,50,479,479,4.79e-05,2633,16,49,9,25500000000.0,393.951305081996,100500000000.0,1549.9435080600033,500000000.0,3.6058146324999143,7.472293995001564,0.9082935,41,markov_w5,0,0,0.03454784699988522,2391,0.0002391,6.354275463582582e-07,0.00021052221286804403,0.001869248837995319,0.9081597,0.9997586018465716,0.04592901878914405,0.9770354906054279,0.022964509394572064,0.5,0.0,0.0,0.5011889806653651,17,0.9959630059951934,2.0,1.0,nan,0.023382045929018786,"{""markov_seconds"": 0.034539631999905396, ""mean_states"": 1.4864300626304803}"
minibatch-n10000000-d16-k50-sep2.0-s0,minibatch,10000000,16,50,2.0,0,200,False,50,479,479,4.79e-05,2633,16,49,9,25500000000.0,393.951305081996,100500000000.0,1549.9435080600033,500000000.0,3.6058146324999143,7.472293995001564,0.9082935,41,markov_w20,0,0,0.03051046899963694,2407,0.0002407,6.356010091579378e-07,0.00021052221286804403,0.001869248837995319,0.9081592,0.9997563696574305,0.1127348643006263,0.9436325678496869,0.056367432150313146,0.5,0.0,0.0,0.5006320018607024,17,0.9959800799556565,2.0,1.0,nan,0.0562839248434238,"{""markov_seconds"": 0.030503271000270615, ""mean_states"": 2.0}"
minibatch-n10000000-d16-k50-sep2.0-s0,minibatch,10000000,16,50,2.0,0,200,False,50,479,479,4.79e-05,2633,16,49,9,25500000000.0,393.951305081996,100500000000.0,1549.9435080600033,500000000.0,3.6058146324999143,7.472293995001564,0.9082935,41,reassign_all,500000000,0,6.57033057299941,2367,0.0002367,6.353546779802599e-07,0.00021052221286804403,0.001869248837995319,0.9081614,0.9997617729942451,0.016701461377870562,0.9916492693110647,0.008350730688935326,0.5,0.0,0.0,0.5030512733710656,17,0.9959630059951934,2.0,1.0,nan,0.008517745302713988,{}
minibatch-n10000000-d16-k50-sep2.0-s0,minibatch,10000000,16,50,2.0,0,200,False,50,479,479,4.79e-05,2633,16,49,9,25500000000.0,393.951305081996,100500000000.0,1549.9435080600033,500000000.0,3.6058146324999143,7.472293995001564,0.9082935,41,fcm_soft,23950,0,0.029590421000648348,2384,0.0002384,6.353877803899621e-07,0.00021052221286804403,0.001869248837995319,0.9081603,0.9997598125153252,0.7756560350427979,0.13958471534825714,0.8520645395773858,0.25105263157894736,3.52359632359331,1.0,0.7200155301216696,17,0.9661986191280607,0.9639559643357397,0.05769526585207864,nan,0.859997748117296,{}
minibatch-n10000000-d16-k50-sep2.0-s0,minibatch,10000000,16,50,2.0,0,200,False,50,479,479,4.79e-05,2633,16,49,9,25500000000.0,393.951305081996,100500000000.0,1549.9435080600033,500000000.0,3.6058146324999143,7.472293995001564,0.9082935,41,gmm_plugin_soft,23950,0,0.026420023000355286,2779,0.0002779,6.473077174273811e-07,0.00021052221286804403,0.001869248837995319,0.9081223,0.9997181676338385,0.5214586926541671,0.4896413893428413,0.34525472916109556,0.6948621553884711,0.6955774618135588,1.0,0.007436829014843712,17,0.9566207752732528,1.4252364723290725,0.5775641823255868,1.0,0.509941074122712,{}
minibatch-n10000000-d16-k50-sep2.0-s0,minibatch,10000000,16,50,2.0,0,200,False,50,479,479,4.79e-05,2633,16,49,9,25500000000.0,393.951305081996,100500000000.0,1549.9435080600033,500000000.0,3.6058146324999143,7.472293995001564,0.9082935,41,full_convergence,75000000000.0,150,1155.9922029780073,0,0.0,0.0,0.0,0.0,0.9082935,1.0,0.0,1.0,0.0,nan,0.0,0.0,0.502992028228444,17,0.9959630059951934,2.0,1.0,nan,0.00041753653444676417,{}
minibatch-n10000000-d16-k50-sep2.0-s0,minibatch,10000000,16,50,2.0,0,200,False,50,479,479,4.79e-05,2633,16,49,9,25500000000.0,393.951305081996,100500000000.0,1549.9435080600033,500000000.0,3.6058146324999143,7.472293995001564,0.9082935,41,true_posterior_oracle,0,0,0.0,,,,,,,,0.4084663475886083,0.7955724201929534,0.2043911246097141,0.6833119074401414,0.0009880066358478033,0.2881002087682672,0.5189284725115934,17,0.0,0.11592143647244045,0.054314464653914984,0.9375,0.204594538650887,{}
minibatch-n10000000-d16-k50-sep2.0-s0,minibatch,10000000,16,50,2.0,0,200,False,50,479,479,4.79e-05,2633,16,49,9,25500000000.0,393.951305081996,100500000000.0,1549.9435080600033,500000000.0,3.6058146324999143,7.472293995001564,0.9082935,41,model_posterior_oracle,0,0,0.0,,,,,,,,0.5066272739482719,0.49700797177155603,0.25478366131953134,0.6795364323216802,0.6956865694556763,1.0,0.0,17,0.9566227233863382,1.4234087547227288,0.5745546676616932,1.0,0.5025744916939973,{}
minibatch-n10000000-d16-k50-sep2.0-s0,minibatch,10000000,16,50,2.0,0,200,False,60,379,379,3.79e-05,2266,12,41,5,30500000000.0,471.1600010969969,100500000000.0,1549.9435080600033,500000000.0,3.6058146324999143,7.472293995001564,0.9082935,41,stop,0,0,0.026581850000184204,2022,0.0002022,5.406571712551766e-07,0.00018083013777173292,0.001619441282953016,0.9081824,0.9997961978251145,0.026385224274406333,0.9868073878627969,0.01319261213720313,0.5,0.0,0.0,0.5029269716497742,16,0.9964781196924763,2.0,1.0,nan,0.013403693931398416,{}
minibatch-n10000000-d16-k50-sep2.0-s0,minibatch,10000000,16,50,2.0,0,200,False,60,379,379,3.79e-05,2266,12,41,5,30500000000.0,471.1600010969969,100500000000.0,1549.9435080600033,500000000.0,3.6058146324999143,7.472293995001564,0.9082935,41,reassign_U,18950,0,0.026555717000519508,2025,0.0002025,5.406502752158815e-07,0.00018083013777173292,0.001619441282953016,0.9081828,0.9997958194198647,0.04221635883905013,0.978891820580475,0.02110817941952503,0.5,0.0,0.0,0.5030848897121611,16,0.9964763777482848,2.0,1.0,nan,0.02131926121372032,{}
minibatch-n10000000-d16-k50-sep2.0-s0,minibatch,10000000,16,50,2.0,0,200,False,60,379,379,3.79e-05,2266,12,41,5,30500000000.0,471.1600010969969,100500000000.0,1549.9435080600033,500000000.0,3.6058146324999143,7.472293995001564,0.9082935,41,majority,0,0,0.02550371899997117,2192,0.0002192,5.42542288428649e-07,0.00018083013777173292,0.001619441282953016,0.9081722,0.9997789310979814,0.9234828496042217,0.5382585751978892,0.4617414248021108,0.5,0.0,0.0,0.4996895316679369,16,0.9972028636995292,2.0,1.0,nan,0.4619525065963061,{}
minibatch-n10000000-d16-k50-sep2.0-s0,minibatch,10000000,16,50,2.0,0,200,False,60,379,379,3.79e-05,2266,12,41,5,30500000000.0,471.1600010969969,100500000000.0,1549.9435080600033,500000000.0,3.6058146324999143,7.472293995001564,0.9082935,41,frequency_soft,0,0,0.0295488439996916,2192,0.0002192,5.42542288428649e-07,0.00018083013777173292,0.001619441282953016,0.9081722,0.9997789310979814,0.6260930242700451,0.5092348284960422,0.2259534660590068,0.46340336134453786,0.5326526460911164,1.0,0.23633119446109657,16,0.9964740226844895,1.7148760330578512,0.8011363636363635,nan,0.49039098105061163,{}
minibatch-n10000000-d16-k50-sep2.0-s0,minibatch,10000000,16,50,2.0,0,200,False,60,379,379,3.79e-05,2266,12,41,5,30500000000.0,471.1600010969969,100500000000.0,1549.9435080600033,500000000.0,3.6058146324999143,7.472293995001564,0.9082935,41,markov,0,0,0.028908066999974835,2027,0.0002027,5.406964005416626e-07,0.00018083013777173292,0.001619441282953016,0.9081823,0.9997957310247798,0.052770448548812667,0.9736147757255936,0.02638522427440637,0.5,0.0,0.0,0.5030406958668459,16,0.9964781196924763,2.0,1.0,nan,0.026596306068601583,"{""markov_seconds"": 0.02890208100052405, ""mean_states"": 2.0}"
minibatch-n10000000-d16-k50-sep2.0-s0,minibatch,10000000,16,50,2.0,0,200,False,60,379,379,3.79e-05,2266,12,41,5,30500000000.0,471.1600010969969,100500000000.0,1549.9435080600033,500000000.0,3.6058146324999143,7.472293995001564,0.9082935,41,markov_soft,0,0,0.03231721199972526,2027,0.0002027,5.406964005416626e-07,0.00018083013777173292,0.001619441282953016,0.9081823,0.9997957310247798,0.0422450017040976,0.9672064169813664,0.01677373620567776,0.9211382113821137,0.035812447215732575,0.0712401055408971,0.4872455480890176,16,0.9964781195692172,1.9765625,0.984375,nan,0.032899123915731084,"{""markov_seconds"": 0.03231111599961878, ""mean_states"": 2.0}"
minibatch-n10000000-d16-k50-sep2.0-s0,minibatch,10000000,16,50,2.0,0,200,False,60,379,379,3.79e-05,2266,12,41,5,30500000000.0,471.1600010969969,100500000000.0,1549.9435080600033,500000000.0,3.6058146324999143,7.472293995001564,0.9082935,41,markov_a0.5,0,0,0.03351203500005795,2100,0.00021,5.41152419764046e-07,0.00018083013777173292,0.001619441282953016,0.9081785,0.9997884491011497,0.43799472295514513,0.7810026385224275,0.21899736147757254,0.5,0.0,0.0,0.502554661606795,16,0.996516874376365,2.0,1.0,nan,0.21920844327176783,"{""markov_seconds"": 0.033505596999930276, ""mean_states"": 2.0}"
minibatch-n10000000-d16-k50-sep2.0-s0,minibatch,10000000,16,50,2.0,0,200,False,60,379,379,3.79e-05,2266,12,41,5,30500000000.0,471.1600010969969,100500000000.0,1549.9435080600033,500000000.0,3.6058146324999143,7.472293995001564,0.9082935,41,markov_a0.5_soft,0,0,0.03249606400004268,2100,0.00021,5.41152419764046e-07,0.00018083013777173292,0.001619441282953016,0.9081785,0.9997884491011497,0.3442676372532667,0.6578600183610508,0.14129107241273112,0.6273811462064475,0.5139344260887388,1.0,0.25324866041356137,16,0.9964740226844895,1.6991804385752234,0.7678165584415585,nan,0.3419157072326167,"{""markov_seconds"": 0.032487881000633934, ""mean_states"": 2.0}"
minibatch-n10000000-d16-k50-sep2.0-s0,minibatch,10000000,16,50,2.0,0,200,False,60,379,379,3.79e-05,2266,12,41,5,30500000000.0,471.1600010969969,100500000000.0,1549.9435080600033,500000000.0,3.6058146324999143,7.472293995001564,0.9082935,41,markov_pooled,0,0,0.034926663000078406,2038,0.0002038,5.407475143215379e-07,0.00018083013777173292,0.001619441282953016,0.9081834,0.9997947054686902,0.11081794195250659,0.9445910290237467,0.0554089709762533,0.5,0.0,0.0,0.5037001347857308,16,0.9964781196924763,2.0,1.0,nan,0.055620052770448555,"{""markov_seconds"": 0.03492064100009884, ""mean_states"": 2.0}"
minibatch-n10000000-d16-k50-sep2.0-s0,minibatch,10000000,16,50,2.0,0,200,False,60,379,379,3.79e-05,2266,12,41,5,30500000000.0,471.1600010969969,100500000000.0,1549.9435080600033,500000000.0,3.6058146324999143,7.472293995001564,0.9082935,41,markov_pooled_soft,0,0,0.03083074099959049,2038,0.0002038,5.407475143215379e-07,0.00018083013777173292,0.001619441282953016,0.9081834,0.9997947054686902,0.10430031802428233,0.8435615832489459,0.08583327660781621,0.8911279595637137,0.33892354871473507,0.9577836411609498,0.36482446170625965,16,0.9964781195692172,1.9730845967956931,0.9803885630498533,nan,0.1564225910277188,"{""markov_seconds"": 0.030824776999907044, ""mean_states"": 2.0}"
minibatch-n10000000-d16-k50-sep2.0-s0,minibatch,10000000,16,50,2.0,0,200,False,60,379,379,3.79e-05,2266,12,41,5,30500000000.0,471.1600010969969,100500000000.0,1549.9435080600033,500000000.0,3.6058146324999143,7.472293995001564,0.9082935,41,markov_w5,0,0,0.026684913000281085,2025,0.0002025,5.406794212348132e-07,0.00018083013777173292,0.001619441282953016,0.9081823,0.9997959180551187,0.04221635883905013,0.978891820580475,0.02110817941952503,0.5,0.0,0.0,0.5030023310323694,16,0.9964781196924763,2.0,1.0,nan,0.02131926121372032,"{""markov_seconds"": 0.026678414000343764, ""mean_states"": 1.474934036939314}"
minibatch-n10000000-d16-k50-sep2.0-s0,minibatch,10000000,16,50,2.0,0,200,False,60,379,379,3.79e-05,2266,12,41,5,30500000000.0,471.1600010969969,100500000000.0,1549.9435080600033,500000000.0,3.6058146324999143,7.472293995001564,0.9082935,41,markov_w20,0,0,0.02820040899950982,2035,0.0002035,5.40770350720976e-07,0.00018083013777173292,0.001619441282953016,0.9081816,0.999794800334046,0.09498680738786279,0.9525065963060686,0.0474934036939314,0.5,0.0,0.0,0.5021054035278993,16,0.9978491476640158,2.0,1.0,nan,0.047704485488126655,"{""markov_seconds"": 0.028193338999699336, ""mean_states"": 2.0}"
minibatch-n10000000-d16-k50-sep2.0-s0,minibatch,10000000,16,50,2.0,0,200,False,60,379,379,3.79e-05,2266,12,41,5,30500000000.0,471.1600010969969,100500000000.0,1549.9435080600033,500000000.0,3.6058146324999143,7.472293995001564,0.9082935,41,reassign_all,500000000,0,6.088387413999953,2006,0.0002006,5.406174867772506e-07,0.00018083013777173292,0.001619441282953016,0.9081839,0.9997975933658475,0.04221635883905013,0.978891820580475,0.02110817941952503,0.5,0.0,0.0,0.5030848897121611,16,0.9964763777482848,2.0,1.0,nan,0.02131926121372032,{}
minibatch-n10000000-d16-k50-sep2.0-s0,minibatch,10000000,16,50,2.0,0,200,False,60,379,379,3.79e-05,2266,12,41,5,30500000000.0,471.1600010969969,100500000000.0,1549.9435080600033,500000000.0,3.6058146324999143,7.472293995001564,0.9082935,41,fcm_soft,18950,0,0.030418749999626016,2025,0.0002025,5.406502752158815e-07,0.00018083013777173292,0.001619441282953016,0.9081828,0.9997958194198647,0.764920144105744,0.14678117208234254,0.8321105901993433,0.5744609164420484,3.491279303827397,1.0,0.7056703925197771,16,0.9710703738310085,0.9749317746369455,0.05740334221037816,nan,0.8526911234321694,{}
minibatch-n10000000-d16-k50-sep2.0-s0,minibatch,10000000,16,50,2.0,0,200,False,60,379,379,3.79e-05,2266,12,41,5,30500000000.0,471.1600010969969,100500000000.0,1549.9435080600033,500000000.0,3.6058146324999143,7.472293995001564,0.9082935,41,gmm_plugin_soft,18950,0,0.03070407800078101,2324,0.0002324,5.479104092653841e-07,0.00018083013777173292,0.001619441282953016,0.9081533,0.9997649463572466,0.5193215331342863,0.49086488746028295,0.3250878478551241,0.6677524429967426,0.6947515937333045,1.0,0.006223378514523863,16,0.996084838299854,1.5167281243304316,0.6260103930148391,nan,0.508607408054229,{}
minibatch-n10000000-d16-k50-sep2.0-s0,minibatch,10000000,16,50,2.0,0,200,False,60,379,379,3.79e-05,2266,12,41,5,30500000000.0,471.1600010969969,100500000000.0,1549.9435080600033,500000000.0,3.6058146324999143,7.472293995001564,0.9082935,41,full_convergence,70000000000.0,140,1078.7835069630064,0,0.0,0.0,0.0,0.0,0.9082935,1.0,0.0,1.0,0.0,nan,0.0,0.0,0.5029599539939825,16,0.9964781196924763,2.0,1.0,nan,0.0005277044854881267,{}
minibatch-n10000000-d16-k50-sep2.0-s0,minibatch,10000000,16,50,2.0,0,200,False,60,379,379,3.79e-05,2266,12,41,5,30500000000.0,471.1600010969969,100500000000.0,1549.9435080600033,500000000.0,3.6058146324999143,7.472293995001564,0.9082935,41,true_posterior_oracle,0,0,0.0,,,,,,,,0.44794435097395446,0.7758716769992927,0.22411595047844468,0.6562224889955983,0.0008751274044923008,0.2849604221635884,0.5211297145233927,16,0.0,0.00010927138689528708,0.003680995443692048,nan,0.22433933430994077,{}
minibatch-n10000000-d16-k50-sep2.0-s0,minibatch,10000000,16,50,2.0,0,200,False,60,379,379,3.79e-05,2266,12,41,5,30500000000.0,471.1600010969969,100500000000.0,1549.9435080600033,500000000.0,3.6058146324999143,7.472293995001564,0.9082935,41,model_posterior_oracle,0,0,0.0,,,,,,,,0.5068783421078842,0.4970400460060175,0.18501411159814057,0.6324489042107856,0.6948494445496517,1.0,0.0,16,0.996085000218063,1.5151220134373233,0.6234104731523543,nan,0.5024322495084944,{}
minibatch-n10000000-d16-k50-sep2.0-s0,minibatch,10000000,16,50,2.0,0,200,False,70,309,309,3.09e-05,1966,9,28,3,35500000000.0,542.7578916709972,100500000000.0,1549.9435080600033,500000000.0,3.6058146324999143,7.472293995001564,0.9082935,41,stop,0,0,0.026446412000041164,1725,0.0001725,4.639921473703623e-07,0.00015636598970018639,0.0014090912081592,0.908202,0.9998257841389647,0.019417475728155338,0.9902912621359223,0.009708737864077666,0.5,0.0,0.0,0.5013698330068044,8,0.9991300403796546,2.0,1.0,nan,0.00977346278317152,{}
minibatch-n10000000-d16-k50-sep2.0-s0,minibatch,10000000,16,50,2.0,0,200,False,70,309,309,3.09e-05,1966,9,28,3,35500000000.0,542.7578916709972,100500000000.0,1549.9435080600033,500000000.0,3.6058146324999143,7.472293995001564,0.9082935,41,reassign_U,15450,0,0.024273658999845793,1726,0.0001726,4.63985858401017e-07,0.00015636598970018639,0.0014090912081592,0.9082019,0.9998256909594554,0.025889967637540454,0.9870550161812298,0.012944983818770184,0.5,0.0,0.0,0.5013480076088029,8,0.9991300403796546,2.0,1.0,nan,0.013009708737864075,{}
minibatch-n10000000-d16-k50-sep2.0-s0,minibatch,10000000,16,50,2.0,0,200,False,70,309,309,3.09e-05,1966,9,28,3,35500000000.0,542.7578916709972,100500000000.0,1549.9435080600033,500000000.0,3.6058146324999143,7.472293995001564,0.9082935,41,majority,0,0,0.026187136000771716,1880,0.000188,4.6569884326608246e-07,0.00015636598970018639,0.0014090912081592,0.9081911,0.9998096454673925,1.022653721682848,0.4886731391585761,0.5113268608414239,0.5,0.0,0.0,0.4968149648726457,8,0.9999945167920259,2.0,1.0,nan,0.5113915857605177,{}
minibatch-n10000000-d16-k50-sep2.0-s0,minibatch,10000000,16,50,2.0,0,200,False,70,309,309,3.09e-05,1966,9,28,3,35500000000.0,542.7578916709972,100500000000.0,1549.9435080600033,500000000.0,3.6058146324999143,7.472293995001564,0.9082935,41,frequency_soft,0,0,0.02536032899934071,1880,0.000188,4.6569884326608246e-07,0.00015636598970018639,0.0014090912081592,0.9081911,0.9998096454673925,0.6184706731926503,0.5092674315975287,0.2412474257134451,0.5649886830413279,0.5413217576292025,1.0,0.22825931806041327,8,0.9877664039823478,1.580578512396694,0.6818181818181819,nan,0.4906678434833775,{}
minibatch-n10000000-d16-k50-sep2.0-s0,minibatch,10000000,16,50,2.0,0,200,False,70,309,309,3.09e-05,1966,9,28,3,35500000000.0,542.7578916709972,100500000000.0,1549.9435080600033,500000000.0,3.6058146324999143,7.472293995001564,0.9082935,41,markov,0,0,0.032447634999698494,1731,0.0001731,4.640235395925174e-07,0.00015636598970018639,0.0014090912081592,0.9082016,0.999824946439525,0.05825242718446602,0.970873786407767,0.029126213592232997,0.5,0.0,0.0,0.5013306505242876,8,0.9991300403796546,2.0,1.0,nan,0.02919093851132686,"{""markov_seconds"": 0.03244038399952842, ""mean_states"": 2.0}"
minibatch-n10000000-d16-k50-sep2.0-s0,minibatch,10000000,16,50,2.0,0,200,False,70,309,309,3.09e-05,1966,9,28,3,35500000000.0,542.7578916709972,100500000000.0,1549.9435080600033,500000000.0,3.6058146324999143,7.472293995001564,0.9082935,41,markov_soft,0,0,0.03249680499993701,1731,0.0001731,4.640235395925174e-07,0.00015636598970018639,0.0014090912081592,0.9082016,0.999824946439525,0.042143959834542125,0.9638125128627452,0.02090798059561251,0.9714814814814815,0.04629275843102903,0.09385113268608414,0.47949173400407097,8,0.9866300403482493,1.8912755102040817,0.9339285714285714,nan,0.036122762218161124,"{""markov_seconds"": 0.03248767500008398, ""mean_states"": 2.0}"
minibatch-n10000000-d16-k50-sep2.0-s0,minibatch,10000000,16,50,2.0,0,200,False,70,309,309,3.09e-05,1966,9,28,3,35500000000.0,542.7578916709972,100500000000.0,1549.9435080600033,500000000.0,3.6058146324999143,7.472293995001564,0.9082935,41,markov_a0.5,0,0,0.029304920999493334,1780,0.000178,4.642893787210056e-07,0.00015636598970018639,0.0014090912081592,0.9081985,0.9998200023371885,0.37540453074433655,0.8122977346278317,0.18770226537216828,0.5,0.0,0.0,0.4999127221767888,8,0.9993003578048687,2.0,1.0,nan,0.18776699029126212,"{""markov_seconds"": 0.029298583999661787, ""mean_states"": 2.0}"
minibatch-n10000000-d16-k50-sep2.0-s0,minibatch,10000000,16,50,2.0,0,200,False,70,309,309,3.09e-05,1966,9,28,3,35500000000.0,542.7578916709972,100500000000.0,1549.9435080600033,500000000.0,3.6058146324999143,7.472293995001564,0.9082935,41,markov_a0.5_soft,0,0,0.027384561999497237,1780,0.000178,4.642893787210056e-07,0.00015636598970018639,0.0014090912081592,0.9081985,0.9998200023371885,0.3279829264850946,0.6603584581531965,0.16060548494095792,0.6094243714795988,0.5267257967172809,1.0,0.23565020774616607,8,0.9782967070126509,1.523285663713089,0.657328722002635,nan,0.3395768169277096,"{""markov_seconds"": 0.02737875399998302, ""mean_states"": 2.0}"
minibatch-n10000000-d16-k50-sep2.0-s0,minibatch,10000000,16,50,2.0,0,200,False,70,309,309,3.09e-05,1966,9,28,3,35500000000.0,542.7578916709972,100500000000.0,1549.9435080600033,500000000.0,3.6058146324999143,7.472293995001564,0.9082935,41,markov_pooled,0,0,0.03197935700063681,1735,0.0001735,4.640278528089681e-07,0.00015636598970018639,0.0014090912081592,0.9082022,0.9998245718116197,0.08414239482200647,0.9579288025889967,0.04207119741100329,0.5,0.0,0.0,0.5015847330122547,8,0.9991300403796546,2.0,1.0,nan,0.04213592233009709,"{""markov_seconds"": 0.031969975000720297, ""mean_states"": 2.0}"
minibatch-n10000000-d16-k50-sep2.0-s0,minibatch,10000000,16,50,2.0,0,200,False,70,309,309,3.09e-05,1966,9,28,3,35500000000.0,542.7578916709972,100500000000.0,1549.9435080600033,500000000.0,3.6058146324999143,7.472293995001564,0.9082935,41,markov_pooled_soft,0,0,0.032787011000436905,1735,0.0001735,4.640278528089681e-07,0.00015636598970018639,0.0014090912081592,0.9082022,0.9998245718116197,0.09286551289724072,0.8405768696948505,0.10804054415709076,0.9358108108108109,0.36759551769779647,0.9902912621359223,0.3516678770579842,8,0.9699633736807568,1.7454889671063931,0.8667211641944208,nan,0.1593584053860555,"{""markov_seconds"": 0.032775610000499, ""mean_states"": 2.0}"
minibatch-n10000000-d16-k50-sep2.0-s0,minibatch,10000000,16,50,2.0,0,200,False,70,309,309,3.09e-05,1966,9,28,3,35500000000.0,542.7578916709972,100500000000.0,1549.9435080600033,500000000.0,3.6058146324999143,7.472293995001564,0.9082935,41,markov_w5,0,0,0.028487197000686137,1726,0.0001726,4.6399583730760696e-07,0.00015636598970018639,0.0014090912081592,0.9082019,0.999825690411052,0.025889967637540454,0.9870550161812298,0.012944983818770184,0.5,0.0,0.0,0.50136215912573,8,0.9991300403796546,2.0,1.0,nan,0.013009708737864075,"{""markov_seconds"": 0.02848080000057962, ""mean_states"": 1.5275080906148868}"
minibatch-n10000000-d16-k50-sep2.0-s0,minibatch,10000000,16,50,2.0,0,200,False,70,309,309,3.09e-05,1966,9,28,3,35500000000.0,542.7578916709972,100500000000.0,1549.9435080600033,500000000.0,3.6058146324999143,7.472293995001564,0.9082935,41,markov_w20,0,0,0.027119448000121338,1740,0.000174,4.6413879184470375e-07,0.00015636598970018639,0.0014090912081592,0.9082012,0.999823918780676,0.11650485436893204,0.941747572815534,0.058252427184465994,0.5,0.0,0.0,0.5004393522431184,8,0.9997268457236561,2.0,1.0,nan,0.058317152103559866,"{""markov_seconds"": 0.027109163999739394, ""mean_states"": 2.0}"
minibatch-n10000000-d16-k50-sep2.0-s0,minibatch,10000000,16,50,2.0,0,200,False,70,309,309,3.09e-05,1966,9,28,3,35500000000.0,542.7578916709972,100500000000.0,1549.9435080600033,500000000.0,3.6058146324999143,7.472293995001564,0.9082935,41,reassign_all,500000000,0,5.840332034000312,1716,0.0001716,4.6397408759446535e-07,0.00015636598970018639,0.0014090912081592,0.9082025,0.999826625262382,0.025889967637540454,0.9870550161812298,0.012944983818770184,0.5,0.0,0.0,0.5013480076088029,8,0.9991300403796546,2.0,1.0,nan,0.013009708737864075,{}
minibatch-n10000000-d16-k50-sep2.0-s0,minibatch,10000000,16,50,2.0,0,200,False,70,309,309,3.09e-05,1966,9,28,3,35500000000.0,542.7578916709972,100500000000.0,1549.9435080600033,500000000.0,3.6058146324999143,7.472293995001564,0.9082935,41,fcm_soft,15450,0,0.029009773999860045,1726,0.0001726,4.63985858401017e-07,0.00015636598970018639,0.0014090912081592,0.9082019,0.9998256909594554,0.7741015382578768,0.14014234272872916,0.8469126666122545,0.7385245901639345,3.523777726972354,1.0,0.7194288917101279,8,0.9653772771332433,0.958137993619844,0.05969043752990029,nan,0.859792932352177,{}
minibatch-n10000000-d16-k50-sep2.0-s0,minibatch,10000000,16,50,2.0,0,200,False,70,309,309,3.09e-05,1966,9,28,3,35500000000.0,542.7578916709972,100500000000.0,1549.9435080600033,500000000.0,3.6058146324999143,7.472293995001564,0.9082935,41,gmm_plugin_soft,15450,0,0.03242103700085863,1976,0.0001976,4.6877708648196403e-07,0.00015636598970018639,0.0014090912081592,0.9081776,0.9998003021557069,0.5151074588848987,0.4930861055454538,0.33293819764800897,0.7128131710808876,0.6927931594625837,1.0,0.005584900516723669,8,0.9165298398746446,1.3804410171763664,0.5279769752458073,1.0,0.5068491695354523,{}
minibatch-n10000000-d16-k50-sep2.0-s0,minibatch,10000000,16,50,2.0,0,200,False,70,309,309,3.09e-05,1966,9,28,3,35500000000.0,542.7578916709972,100500000000.0,1549.9435080600033,500000000.0,3.6058146324999143,7.472293995001564,0.9082935,41,full_convergence,65000000000.0,130,1007.1856163890061,0,0.0,0.0,0.0,0.0,0.9082935,1.0,0.0,1.0,0.0,nan,0.0,0.0,0.5013542020531755,8,0.9991300403796546,2.0,1.0,nan,6.472491909385117e-05,{}
minibatch-n10000000-d16-k50-sep2.0-s0,minibatch,10000000,16,50,2.0,0,200,False,70,309,309,3.09e-05,1966,9,28,3,35500000000.0,542.7578916709972,100500000000.0,1549.9435080600033,500000000.0,3.6058146324999143,7.472293995001564,0.9082935,41,true_posterior_oracle,0,0,0.0,,,,,,,,0.3947583390651621,0.8024028399493608,0.197179747145924,0.562830512956108,0.0009455080842918157,0.2621359223300971,0.5111910294959346,8,0.0,6.172893478165643e-06,0.000871017208029401,nan,0.197661798517337,{}
minibatch-n10000000-d16-k50-sep2.0-s0,minibatch,10000000,16,50,2.0,0,200,False,70,309,309,3.09e-05,1966,9,28,3,35500000000.0,542.7578916709972,100500000000.0,1549.9435080600033,500000000.0,3.6058146324999143,7.472293995001564,0.9082935,41,model_posterior_oracle,0,0,0.0,,,,,,,,0.5039230853140785,0.49864579794682445,0.10029863733467674,0.6288783841856469,0.6928600883426603,1.0,0.0,8,0.9165327832434333,1.3792852498105828,0.526067140927083,1.0,0.5012894771340817,{}
minibatch-n10000000-d16-k50-sep2.0-s0,minibatch,10000000,16,50,2.0,0,200,False,80,263,263,2.63e-05,1709,6,27,5,40500000000.0,616.6672686209977,100500000000.0,1549.9435080600033,500000000.0,3.6058146324999143,7.472293995001564,0.9082935,41,stop,0,0,0.02923456099961186,1471,0.0001471,3.9920045957764216e-07,0.0001354739585314568,0.0012253030642408178,0.9082161,0.9998513741208319,0.03802281368821293,0.9809885931558935,0.019011406844106515,0.5,0.0,0.0,0.5066448882158953,8,0.9771147591550422,2.0,1.0,nan,0.018935361216730038,{}
minibatch-n10000000-d16-k50-sep2.0-s0,minibatch,10000000,16,50,2.0,0,200,False,80,263,263,2.63e-05,1709,6,27,5,40500000000.0,616.6672686209977,100500000000.0,1549.9435080600033,500000000.0,3.6058146324999143,7.472293995001564,0.9082935,41,reassign_U,13150,0,0.026281967000613804,1469,0.0001469,3.991921422308309e-07,0.0001354739585314568,0.0012253030642408178,0.9082163,0.9998517492824708,0.022813688212927757,0.9885931558935361,0.011406844106463865,0.5,0.0,0.0,0.5054215161846416,8,0.9771147591550422,2.0,1.0,nan,0.011482889733840304,{}
minibatch-n10000000-d16-k50-sep2.0-s0,minibatch,10000000,16,50,2.0,0,200,False,80,263,263,2.63e-05,1709,6,27,5,40500000000.0,616.6672686209977,100500000000.0,1549.9435080600033,500000000.0,3.6058146324999143,7.472293995001564,0.9082935,41,majority,0,0,0.02761741999984224,1592,0.0001592,4.003171232280778e-07,0.0001354739585314568,0.0012253030642408178,0.90821,0.9998395520091277,0.9581749049429658,0.5209125475285171,0.4790874524714829,0.5,0.0,0.0,0.5011138262948653,8,0.8975940471128225,1.75,0.875,0.5,0.4791634980988593,{}
minibatch-n10000000-d16-k50-sep2.0-s0,minibatch,10000000,16,50,2.0,0,200,False,80,263,263,2.63e-05,1709,6,27,5,40500000000.0,616.6672686209977,100500000000.0,1549.9435080600033,500000000.0,3.6058146324999143,7.472293995001564,0.9082935,41,frequency_soft,0,0,0.02676677599993127,1592,0.0001592,4.003171232280778e-07,0.0001354739585314568,0.0012253030642408178,0.90821,0.9998395520091277,0.6127015052006409,0.5095057034220533,0.20013826477704802,0.5025199860966284,0.5469620629160791,1.0,0.22313511614884768,8,0.8975693046089985,1.415289256198347,0.5340909090909091,0.5,0.4904182509505703,{}
minibatch-n10000000-d16-k50-sep2.0-s0,minibatch,10000000,16,50,2.0,0,200,False,80,263,263,2.63e-05,1709,6,27,5,40500000000.0,616.6672686209977,100500000000.0,1549.9435080600033,500000000.0,3.6058146324999143,7.472293995001564,0.9082935,41,markov,0,0,0.03070170000046346,1474,0.0001474,3.9920617522781754e-07,0.0001354739585314568,0.0012253030642408178,0.9082166,0.999851091460496,0.060836501901140684,0.9695817490494296,0.03041825095057038,0.5,0.0,0.0,0.5043643449315164,8,0.8975123456600066,1.75,0.875,0.5,0.030494296577946767,"{""markov_seconds"": 0.03069316799974331, ""mean_states"": 2.0}"
minibatch-n10000000-d16-k50-sep2.0-s0,minibatch,10000000,16,50,2.0,0,200,False,80,263,263,2.63e-05,1709,6,27,5,40500000000.0,616.6672686209977,100500000000.0,1549.9435080600033,500000000.0,3.6058146324999143,7.472293995001564,0.9082935,41,markov_soft,0,0,0.03114682400064339,1474,0.0001474,3.9920617522781754e-07,0.0001354739585314568,0.0012253030642408178,0.9082166,0.999851091460496,0.046153231759597096,0.9639381220682943,0.020681632043743493,0.9098039215686274,0.03932930693386748,0.07604562737642585,0.4863908873785314,8,0.9098070668470442,1.7056977681431085,0.741677440206852,0.0,0.03598583230432928,"{""markov_seconds"": 0.03113919200040982, ""mean_states"": 2.0}"
minibatch-n10000000-d16-k50-sep2.0-s0,minibatch,10000000,16,50,2.0,0,200,False,80,263,263,2.63e-05,1709,6,27,5,40500000000.0,616.6672686209977,100500000000.0,1549.9435080600033,500000000.0,3.6058146324999143,7.472293995001564,0.9082935,41,markov_a0.5,0,0,0.027885379000508692,1521,0.0001521,3.994344164315322e-07,0.0001354739585314568,0.0012253030642408178,0.9082132,0.9998463724555078,0.41825095057034223,0.7908745247148289,0.20912547528517111,0.5,0.0,0.0,0.50115233325049,8,0.8975267972711916,1.75,0.875,0.5,0.2092015209125475,"{""markov_seconds"": 0.02787660300054995, ""mean_states"": 2.0}"
minibatch-n10000000-d16-k50-sep2.0-s0,minibatch,10000000,16,50,2.0,0,200,False,80,263,263,2.63e-05,1709,6,27,5,40500000000.0,616.6672686209977,100500000000.0,1549.9435080600033,500000000.0,3.6058146324999143,7.472293995001564,0.9082935,41,markov_a0.5_soft,0,0,0.03369960700001684,1521,0.0001521,3.994344164315322e-07,0.0001354739585314568,0.0012253030642408178,0.9082132,0.9998463724555078,0.3305593888749347,0.6621746351681052,0.1177528517936024,0.6378496503496504,0.5203637614299305,1.0,0.25193353154758197,8,0.9089329409726349,1.4815716731824464,0.5863569854058984,0.14285714285714285,0.3377493192045184,"{""markov_seconds"": 0.03369017199929658, ""mean_states"": 2.0}"
minibatch-n10000000-d16-k50-sep2.0-s0,minibatch,10000000,16,50,2.0,0,200,False,80,263,263,2.63e-05,1709,6,27,5,40500000000.0,616.6672686209977,100500000000.0,1549.9435080600033,500000000.0,3.6058146324999143,7.472293995001564,0.9082935,41,markov_pooled,0,0,0.030951789999562607,1476,0.0001476,3.9920998173847977e-07,0.0001354739585314568,0.0012253030642408178,0.9082168,0.9998510943084651,0.07604562737642585,0.9619771863117871,0.03802281368821292,0.5,0.0,0.0,0.5057309956714866,8,0.9771147591550422,2.0,1.0,nan,0.03809885931558935,"{""markov_seconds"": 0.030941977999646042, ""mean_states"": 2.0}"
minibatch-n10000000-d16-k50-sep2.0-s0,minibatch,10000000,16,50,2.0,0,200,False,80,263,263,2.63e-05,1709,6,27,5,40500000000.0,616.6672686209977,100500000000.0,1549.9435080600033,500000000.0,3.6058146324999143,7.472293995001564,0.9082935,41,markov_pooled_soft,0,0,0.029186408999521518,1476,0.0001476,3.9920998173847977e-07,0.0001354739585314568,0.0012253030642408178,0.9082168,0.9998510943084651,0.1062619983589778,0.8342844035012379,0.11312198455278807,0.8102766798418973,0.3640393434364514,0.973384030418251,0.35464346496746946,8,0.9188407378024012,1.6819569292158492,0.8401111348008954,nan,0.16563955087138557,"{""markov_seconds"": 0.029178732999753265, ""mean_states"": 2.0}"
minibatch-n10000000-d16-k50-sep2.0-s0,minibatch,10000000,16,50,2.0,0,200,False,80,263,263,2.63e-05,1709,6,27,5,40500000000.0,616.6672686209977,100500000000.0,1549.9435080600033,500000000.0,3.6058146324999143,7.472293995001564,0.9082935,41,markov_w5,0,0,0.026842305999707605,1472,0.0001472,3.99201983913855e-07,0.0001354739585314568,0.0012253030642408178,0.9082162,0.9998512805881689,0.045627376425855515,0.9771863117870723,0.02281368821292773,0.5,0.0,0.0,0.5066831068333257,8,0.9771147591550422,2.0,1.0,nan,0.022737642585551332,"{""markov_seconds"": 0.026831888999367948, ""mean_states"": 1.4828897338403042}"
minibatch-n10000000-d16-k50-sep2.0-s0,minibatch,10000000,16,50,2.0,0,200,False,80,263,263,2.63e-05,1709,6,27,5,40500000000.0,616.6672686209977,100500000000.0,1549.9435080600033,500000000.0,3.6058146324999143,7.472293995001564,0.9082935,41,markov_w20,0,0,0.03274999600034789,1481,0.0001481,3.992755761572653e-07,0.0001354739585314568,0.0012253030642408178,0.9082162,0.9998502513885075,0.11406844106463879,0.9429657794676806,0.057034220532319435,0.5,0.0,0.0,0.5031861245122382,8,0.8975795955016376,1.75,0.875,0.5,0.05711026615969582,"{""markov_seconds"": 0.032741252000050736, ""mean_states"": 2.0}"
minibatch-n10000000-d16-k50-sep2.0-s0,minibatch,10000000,16,50,2.0,0,200,False,80,263,263,2.63e-05,1709,6,27,5,40500000000.0,616.6672686209977,100500000000.0,1549.9435080600033,500000000.0,3.6058146324999143,7.472293995001564,0.9082935,41,reassign_all,500000000,0,7.000575875999857,1459,0.0001459,3.9918528416116317e-07,0.0001354739585314568,0.0012253030642408178,0.9082166,0.9998528706129409,0.022813688212927757,0.9885931558935361,0.011406844106463865,0.5,0.0,0.0,0.5054215161846416,8,0.9771147591550422,2.0,1.0,nan,0.011482889733840304,{}
minibatch-n10000000-d16-k50-sep2.0-s0,minibatch,10000000,16,50,2.0,0,200,False,80,263,263,2.63e-05,1709,6,27,5,40500000000.0,616.6672686209977,100500000000.0,1549.9435080600033,500000000.0,3.6058146324999143,7.472293995001564,0.9082935,41,fcm_soft,13150,0,0.02838931499991304,1469,0.0001469,3.991921422308309e-07,0.0001354739585314568,0.0012253030642408178,0.9082163,0.9998517492824708,0.7795604736605753,0.13708725184274242,0.8515058931462683,0.5423076923076923,3.5330120450406777,1.0,0.7249549773764448,8,0.9620041107003493,0.9657819796925371,0.06063701714786898,nan,0.8628367025298812,{}
minibatch-n10000000-d16-k50-sep2.0-s0,minibatch,10000000,16,50,2.0,0,200,False,80,263,263,2.63e-05,1709,6,27,5,40500000000.0,616.6672686209977,100500000000.0,1549.9435080600033,500000000.0,3.6058146324999143,7.472293995001564,0.9082935,41,gmm_plugin_soft,13150,0,0.02785824200054776,1673,0.0001673,4.0271857448814785e-07,0.0001354739585314568,0.0012253030642408178,0.9081964,0.9998306408339742,0.5212931313233101,0.49002523918208984,0.2991439062990402,0.6771911663216011,0.6948765989895497,1.0,0.004613322400105936,8,0.8952056527046484,1.3619511679927814,0.5123620805766904,0.5714285714285714,0.5098987151905336,{}
minibatch-n10000000-d16-k50-sep2.0-s0,minibatch,10000000,16,50,2.0,0,200,False,80,263,263,2.63e-05,1709,6,27,5,40500000000.0,616.6672686209977,100500000000.0,1549.9435080600033,500000000.0,3.6058146324999143,7.472293995001564,0.9082935,41,full_convergence,60000000000.0,120,933.2762394390056,0,0.0,0.0,0.0,0.0,0.9082935,1.0,0.0,1.0,0.0,nan,0.0,0.0,0.5053773106761486,8,0.9771147591550422,2.0,1.0,nan,7.60456273764259e-05,{}
minibatch-n10000000-d16-k50-sep2.0-s0,minibatch,10000000,16,50,2.0,0,200,False,80,263,263,2.63e-05,1709,6,27,5,40500000000.0,616.6672686209977,100500000000.0,1549.9435080600033,500000000.0,3.6058146324999143,7.472293995001564,0.9082935,41,true_posterior_oracle,0,0,0.0,,,,,,,,0.47656814569700456,0.7608575084578229,0.23855053364180842,0.5784523809523809,0.003218267340240208,0.30798479087452474,0.5160401425047966,8,0.0,0.008243947768409978,0.02291902109724199,nan,0.23921843559620612,{}
minibatch-n10000000-d16-k50-sep2.0-s0,minibatch,10000000,16,50,2.0,0,200,False,80,263,263,2.63e-05,1709,6,27,5,40500000000.0,616.6672686209977,100500000000.0,1549.9435080600033,500000000.0,3.6058146324999143,7.472293995001564,0.9082935,41,model_posterior_oracle,0,0,0.0,,,,,,,,0.512021524127484,0.49462268932385134,0.02692399572423365,0.6685965724872627,0.6949633885801063,1.0,0.0,8,0.8952474660008253,1.3610192854215941,0.5107109599789438,1.0,0.5053012650487722,{}
minibatch-n10000000-d16-k50-sep2.0-s0,minibatch,10000000,16,50,2.0,0,200,False,90,227,227,2.27e-05,1492,10,22,5,45500000000.0,691.6641026729976,100500000000.0,1549.9435080600033,500000000.0,3.6058146324999143,7.472293995001564,0.9082935,41,stop,0,0,0.027310683999530738,1252,0.0001252,3.4387640135413733e-07,0.0001173568455866713,0.001063960658618317,0.9082283,0.9998745582002757,0.04405286343612335,0.9779735682819384,0.022026431718061623,0.5,0.0,0.0,0.5040986883193699,10,0.9446369390448626,2.0,1.0,nan,0.02211453744493392,{}
minibatch-n10000000-d16-k50-sep2.0-s0,minibatch,10000000,16,50,2.0,0,200,False,90,227,227,2.27e-05,1492,10,22,5,45500000000.0,691.6641026729976,100500000000.0,1549.9435080600033,500000000.0,3.6058146324999143,7.472293995001564,0.9082935,41,reassign_U,11350,0,0.02926705000027141,1247,0.0001247,3.4386783198669946e-07,0.0001173568455866713,0.001063960658618317,0.9082284,0.9998751237414902,0.0,1.0,0.0,nan,0.0,0.0,0.5040713336283366,10,0.9550372931679079,1.8,0.9,0.5,8.810572687224674e-05,{}
minibatch-n10000000-d16-k50-sep2.0-s0,minibatch,10000000,16,50,2.0,0,200,False,90,227,227,2.27e-05,1492,10,22,5,45500000000.0,691.6641026729976,100500000000.0,1549.9435080600033,500000000.0,3.6058146324999143,7.472293995001564,0.9082935,41,majority,0,0,0.02992776400060393,1361,0.0001361,3.4476976384922864e-07,0.0001173568455866713,0.001063960658618317,0.9082224,0.9998636071713064,1.0044052863436124,0.4977973568281938,0.5022026431718062,0.5,0.0,0.0,0.4998209385945483,10,0.944715839468665,2.0,1.0,nan,0.5022907488986784,{}
minibatch-n10000000-d16-k50-sep2.0-s0,minibatch,10000000,16,50,2.0,0,200,False,90,227,227,2.27e-05,1492,10,22,5,45500000000.0,691.6641026729976,100500000000.0,1549.9435080600033,500000000.0,3.6058146324999143,7.472293995001564,0.9082935,41,frequency_soft,0,0,0.026874317000874726,1361,0.0001361,3.4476976384922864e-07,0.0001173568455866713,0.001063960658618317,0.9082224,0.9998636071713064,0.6195798594677248,0.5078093712454946,0.22867440929114935,0.5390467318739326,0.5432175713484099,1.0,0.22629270471389146,10,0.9264551208623386,1.6198347107438018,0.7636363636363637,nan,0.49210252302763313,{}
minibatch-n10000000-d16-k50-sep2.0-s0,minibatch,10000000,16,50,2.0,0,200,False,90,227,227,2.27e-05,1492,10,22,5,45500000000.0,691.6641026729976,100500000000.0,1549.9435080600033,500000000.0,3.6058146324999143,7.472293995001564,0.9082935,41,markov,0,0,0.03258242100037023,1259,0.0001259,3.4392513947878456e-07,0.0001173568455866713,0.001063960658618317,0.9082284,0.9998739020110582,0.10572687224669604,0.947136563876652,0.052863436123347984,0.5,0.0,0.0,0.5043075761312589,10,0.9446369390448626,2.0,1.0,nan,0.05295154185022026,"{""markov_seconds"": 0.03257455099992512, ""mean_states"": 2.0}"
minibatch-n10000000-d16-k50-sep2.0-s0,minibatch,10000000,16,50,2.0,0,200,False,90,227,227,2.27e-05,1492,10,22,5,45500000000.0,691.6641026729976,100500000000.0,1549.9435080600033,500000000.0,3.6058146324999143,7.472293995001564,0.9082935,41,markov_soft,0,0,0.0327200809997521,1259,0.0001259,3.4392513947878456e-07,0.0001173568455866713,0.001063960658618317,0.9082284,0.9998739020110582,0.05999010198701307,0.9552952201695399,0.031113381450256314,0.987984496124031,0.04476038039814485,0.0881057268722467,0.4825575214581671,10,0.9246369390448625,1.9280000000000002,0.98,nan,0.044616674103587814,"{""markov_seconds"": 0.032713446999878215, ""mean_states"": 2.0}"
minibatch-n10000000-d16-k50-sep2.0-s0,minibatch,10000000,16,50,2.0,0,200,False,90,227,227,2.27e-05,1492,10,22,5,45500000000.0,691.6641026729976,100500000000.0,1549.9435080600033,500000000.0,3.6058146324999143,7.472293995001564,0.9082935,41,markov_a0.5,0,0,0.04027246100031334,1292,0.0001292,3.440684266386995e-07,0.0001173568455866713,0.001063960658618317,0.9082261,0.9998708140627266,0.3964757709251101,0.801762114537445,0.19823788546255505,0.5,0.0,0.0,0.5043087202015343,10,0.9446369390448626,2.0,1.0,nan,0.1983259911894273,"{""markov_seconds"": 0.04026601599980495, ""mean_states"": 2.0}"
minibatch-n10000000-d16-k50-sep2.0-s0,minibatch,10000000,16,50,2.0,0,200,False,90,227,227,2.27e-05,1492,10,22,5,45500000000.0,691.6641026729976,100500000000.0,1549.9435080600033,500000000.0,3.6058146324999143,7.472293995001564,0.9082935,41,markov_a0.5_soft,0,0,0.026670356999602518,1292,0.0001292,3.440684266386995e-07,0.0001173568455866713,0.001063960658618317,0.9082261,0.9998708140627266,0.33229992353510135,0.660391081337739,0.14155543030040255,0.6148351648351649,0.5217520474884638,1.0,0.24493067740951954,10,0.9196369390441568,1.6089323224852072,0.7140384615384616,nan,0.3395208129353887,"{""markov_seconds"": 0.026663876000384334, ""mean_states"": 2.0}"
minibatch-n10000000-d16-k50-sep2.0-s0,minibatch,10000000,16,50,2.0,0,200,False,90,227,227,2.27e-05,1492,10,22,5,45500000000.0,691.6641026729976,100500000000.0,1549.9435080600033,500000000.0,3.6058146324999143,7.472293995001564,0.9082935,41,markov_pooled,0,0,0.026917426000181877,1261,0.0001261,3.439065574539768e-07,0.0001173568455866713,0.001063960658618317,0.9082292,0.9998737150238398,0.12334801762114538,0.9383259911894273,0.06167400881057272,0.5,0.0,0.0,0.5046534671473096,10,0.9446369390448626,2.0,1.0,nan,0.06176211453744493,"{""markov_seconds"": 0.02690981100022327, ""mean_states"": 2.0}"
minibatch-n10000000-d16-k50-sep2.0-s0,minibatch,10000000,16,50,2.0,0,200,False,90,227,227,2.27e-05,1492,10,22,5,45500000000.0,691.6641026729976,100500000000.0,1549.9435080600033,500000000.0,3.6058146324999143,7.472293995001564,0.9082935,41,markov_pooled_soft,0,0,0.025099847000092268,1261,0.0001261,3.439065574539768e-07,0.0001173568455866713,0.001063960658618317,0.9082292,0.9998737150238398,0.1190569848785443,0.8276143016392615,0.0890625930117067,0.8843058350100603,0.36364174416461476,0.947136563876652,0.3539168653250302,10,0.9272640576889304,1.9365448147084172,0.9826271186440678,nan,0.1722975926338662,"{""markov_seconds"": 0.025092458000472107, ""mean_states"": 2.0}"
minibatch-n10000000-d16-k50-sep2.0-s0,minibatch,10000000,16,50,2.0,0,200,False,90,227,227,2.27e-05,1492,10,22,5,45500000000.0,691.6641026729976,100500000000.0,1549.9435080600033,500000000.0,3.6058146324999143,7.472293995001564,0.9082935,41,markov_w5,0,0,0.028303656999923987,1253,0.0001253,3.438788938048276e-07,0.0001173568455866713,0.001063960658618317,0.9082284,0.99987446462429,0.05286343612334802,0.973568281938326,0.026431718061673992,0.5,0.0,0.0,0.5041527061792973,10,0.9446369390448626,2.0,1.0,nan,0.026519823788546254,"{""markov_seconds"": 0.028295133000028727, ""mean_states"": 1.5066079295154184}"
minibatch-n10000000-d16-k50-sep2.0-s0,minibatch,10000000,16,50,2.0,0,200,False,90,227,227,2.27e-05,1492,10,22,5,45500000000.0,691.6641026729976,100500000000.0,1549.9435080600033,500000000.0,3.6058146324999143,7.472293995001564,0.9082935,41,markov_w20,0,0,0.028988234999815177,1261,0.0001261,3.4394290349126777e-07,0.0001173568455866713,0.001063960658618317,0.9082284,0.999873714574283,0.12334801762114538,0.9383259911894273,0.06167400881057272,0.5,0.0,0.0,0.5043584231538396,10,0.9446369390448626,2.0,1.0,nan,0.06176211453744493,"{""markov_seconds"": 0.02898149900011049, ""mean_states"": 2.0}"
minibatch-n10000000-d16-k50-sep2.0-s0,minibatch,10000000,16,50,2.0,0,200,False,90,227,227,2.27e-05,1492,10,22,5,45500000000.0,691.6641026729976,100500000000.0,1549.9435080600033,500000000.0,3.6058146324999143,7.472293995001564,0.9082935,41,reassign_all,500000000,0,6.488503040000069,1228,0.0001228,3.438444071690583e-07,0.0001173568455866713,0.001063960658618317,0.9082295,0.9998769025176147,0.0,1.0,0.0,nan,0.0,0.0,0.5040713336283366,10,0.9550372931679079,1.8,0.9,0.5,8.810572687224674e-05,{}
minibatch-n10000000-d16-k50-sep2.0-s0,minibatch,10000000,16,50,2.0,0,200,False,90,227,227,2.27e-05,1492,10,22,5,45500000000.0,691.6641026729976,100500000000.0,1549.9435080600033,500000000.0,3.6058146324999143,7.472293995001564,0.9082935,41,fcm_soft,11350,0,0.032150919999367034,1247,0.0001247,3.4386783198669946e-07,0.0001173568455866713,0.001063960658618317,0.9082284,0.9998751237414902,0.7732786264807187,0.14120446432626324,0.8587955356737368,nan,3.516312619673647,1.0,0.7167531647855435,10,0.9639652850169407,0.9657397835242525,0.04518060391495522,1.0,0.8587074299468644,{}
minibatch-n10000000-d16-k50-sep2.0-s0,minibatch,10000000,16,50,2.0,0,200,False,90,227,227,2.27e-05,1492,10,22,5,45500000000.0,691.6641026729976,100500000000.0,1549.9435080600033,500000000.0,3.6058146324999143,7.472293995001564,0.9082935,41,gmm_plugin_soft,11350,0,0.029857462999643758,1425,0.0001425,3.4649709412803986e-07,0.0001173568455866713,0.001063960658618317,0.9082115,0.9998558653207731,0.5175409096229358,0.49198742978730703,0.2966046118429428,0.7070626003210273,0.6945146893082641,1.0,0.003968804766279887,10,0.9042496857132936,1.4352253645942397,0.6330728031727983,nan,0.5079244644858207,{}
minibatch-n10000000-d16-k50-sep2.0-s0,minibatch,10000000,16,50,2.0,0,200,False,90,227,227,2.27e-05,1492,10,22,5,45500000000.0,691.6641026729976,100500000000.0,1549.9435080600033,500000000.0,3.6058146324999143,7.472293995001564,0.9082935,41,full_convergence,55000000000.0,110,858.2794053870057,0,0.0,0.0,0.0,0.0,0.9082935,1.0,0.0,1.0,0.0,nan,0.0,0.0,0.5040713336283366,10,0.9550372931679079,1.8,0.9,0.5,8.810572687224674e-05,{}
minibatch-n10000000-d16-k50-sep2.0-s0,minibatch,10000000,16,50,2.0,0,200,False,90,227,227,2.27e-05,1492,10,22,5,45500000000.0,691.6641026729976,100500000000.0,1549.9435080600033,500000000.0,3.6058146324999143,7.472293995001564,0.9082935,41,true_posterior_oracle,0,0,0.0,,,,,,,,0.49604970543507565,0.750807188563395,0.24904813083905078,0.6263157894736842,0.0034813917602735714,0.24669603524229075,0.5189223718171478,10,0.0,0.06094133939725878,0.05536638533544679,1.0,0.24928079948158136,{}
minibatch-n10000000-d16-k50-sep2.0-s0,minibatch,10000000,16,50,2.0,0,200,False,90,227,227,2.27e-05,1492,10,22,5,45500000000.0,691.6641026729976,100500000000.0,1549.9435080600033,500000000.0,3.6058146324999143,7.472293995001564,0.9082935,41,model_posterior_oracle,0,0,0.0,,,,,,,,0.5095857460739669,0.49592866637166344,0.038799648788534855,0.6161993769470406,0.6945906610864574,1.0,0.0,10,0.9042919264531107,1.4340946552146625,0.6313227788827753,nan,0.5039832279014643,{}
minibatch-n10000000-d16-k100-sep1.5-s0,minibatch,10000000,16,100,1.5,0,200,False,10,3451361,200000,0.3451361,329277,215644,13415,196794,11000000000.0,109.42471346000093,201000000000.0,1994.3037532050048,1000000000.0,5.452769714500391,11.592446109998491,0.9129767,85,stop,0,0,0.1018295029989531,303639,0.0303639,0.008475038783284594,0.027912017926788102,0.61463211768732,0.8935546,0.9499127477959374,0.11395,0.943025,0.056975,0.5,0.0,0.0,0.1141765917669697,163955,0.08611786001414043,0.1729132993809277,0.08645664969046385,0.5,0.056955399999999996,{}
minibatch-n10000000-d16-k100-sep1.5-s0,minibatch,10000000,16,100,1.5,0,200,False,10,3451361,200000,0.3451361,329277,215644,13415,196794,11000000000.0,109.42471346000093,201000000000.0,1994.3037532050048,1000000000.0,5.452769714500391,11.592446109998491,0.9129767,85,reassign_U,345136100,0,4.3418171140001505,300548,0.0300548,0.00847272665969312,0.027912017926788102,0.61463211768732,0.8937681,0.9503401660850457,0.11237,0.943815,0.05618500000000004,0.5,0.0,0.0,0.11353214536321146,163955,0.08577571140298572,0.17220578817358423,0.08610289408679206,0.5,0.056155699999999996,{}
minibatch-n10000000-d16-k100-sep1.5-s0,minibatch,10000000,16,100,1.5,0,200,False,10,3451361,200000,0.3451361,329277,215644,13415,196794,11000000000.0,109.42471346000093,201000000000.0,1994.3037532050048,1000000000.0,5.452769714500391,11.592446109998491,0.9129767,85,majority,0,0,1.8393427219998557,354987,0.0354987,0.008897386245639405,0.027912017926788102,0.61463211768732,0.8904629,0.943112810686858,0.14377,0.928115,0.07188499999999998,0.5,0.0,0.0,0.12545863085442058,163955,0.09337748314220759,0.18752706535329816,0.09376353267664905,0.5,0.0718688,{}
minibatch-n10000000-d16-k100-sep1.5-s0,minibatch,10000000,16,100,1.5,0,200,False,10,3451361,200000,0.3451361,329277,215644,13415,196794,11000000000.0,109.42471346000093,201000000000.0,1994.3037532050048,1000000000.0,5.452769714500391,11.592446109998491,0.9129767,85,frequency_soft,0,0,2.032089044001623,354987,0.0354987,0.008897386245639405,0.027912017926788102,0.61463211768732,0.8904629,0.943112810686858,0.1376385123966942,0.8363577272727271,0.04474409090909115,0.6914511494333399,0.34227972496592507,1.0,0.17706306412457445,163955,0.15549769374590947,0.17682124529735155,0.025026822770105914,0.6161938727515968,0.16294835454545453,{}
minibatch-n10000000-d16-k100-sep1.5-s0,minibatch,10000000,16,100,1.5,0,200,False,10,3451361,200000,0.3451361,329277,215644,13415,196794,11000000000.0,109.42471346000093,201000000000.0,1994.3037532050048,1000000000.0,5.452769714500391,11.592446109998491,0.9129767,85,markov,0,0,33.00848102099917,306542,0.0306542,0.008490041126072878,0.027912017926788102,0.61463211768732,0.8934909,0.9494385541414465,0.116,0.942,0.05800000000000005,0.5,0.0,0.0,0.11466431552540089,163955,0.08645859382502259,0.17347442895916562,0.08673721447958282,0.5,0.0579684,"{""markov_seconds"": 33.00843765799982, ""mean_states"": 2.06385741740722}"
minibatch-n10000000-d16-k100-sep1.5-s0,minibatch,10000000,16,100,1.5,0,200,False,10,3451361,200000,0.3451361,329277,215644,13415,196794,11000000000.0,109.42471346000093,201000000000.0,1994.3037532050048,1000000000.0,5.452769714500391,11.592446109998491,0.9129767,85,markov_soft,0,0,32.91970023000067,306542,0.0306542,0.008490041126072878,0.027912017926788102,0.61463211768732,0.8934909,0.9494385541414465,0.1147270492480849,0.9411878654580713,0.05622655758865319,0.5247431277434687,0.004586245897438589,0.009945,0.11410933811148025,163955,0.0861439275564159,0.17229893678405547,0.08564847846992157,0.5140531034004414,0.058733125018119135,"{""markov_seconds"": 32.919649515000856, ""mean_states"": 2.06385741740722}"
minibatch-n10000000-d16-k100-sep1.5-s0,minibatch,10000000,16,100,1.5,0,200,False,10,3451361,200000,0.3451361,329277,215644,13415,196794,11000000000.0,109.42471346000093,201000000000.0,1994.3037532050048,1000000000.0,5.452769714500391,11.592446109998491,0.9129767,85,markov_a0.5,0,0,32.24973182299982,333086,0.0333086,0.008624889837347771,0.027912017926788102,0.61463211768732,0.8917194,0.9459253891974893,0.13123,0.934385,0.06561499999999998,0.5,0.0,0.0,0.1207928929270804,163955,0.09049215739886281,0.18164740325089201,0.09082370162544595,0.5,0.0656016,"{""markov_seconds"": 32.24968768399958, ""mean_states"": 2.06385741740722}"
minibatch-n10000000-d16-k100-sep1.5-s0,minibatch,10000000,16,100,1.5,0,200,False,10,3451361,200000,0.3451361,329277,215644,13415,196794,11000000000.0,109.42471346000093,201000000000.0,1994.3037532050048,1000000000.0,5.452769714500391,11.592446109998491,0.9129767,85,markov_a0.5_soft,0,0,33.48839284399946,333086,0.0333086,0.008624889837347771,0.027912017926788102,0.61463211768732,0.8917194,0.9459253891974893,0.12449245217030322,0.8654694100919537,0.019697075445817166,0.6698056285033056,0.2768327766130145,1.0,0.15580251215151616,163955,0.13182402249072578,0.16944199062652252,0.016919469870428396,0.6112740009711525,0.13394662060104354,"{""markov_seconds"": 33.48834410699965, ""mean_states"": 2.06385741740722}"
minibatch-n10000000-d16-k100-sep1.5-s0,minibatch,10000000,16,100,1.5,0,200,False,10,3451361,200000,0.3451361,329277,215644,13415,196794,11000000000.0,109.42471346000093,201000000000.0,1994.3037532050048,1000000000.0,5.452769714500391,11.592446109998491,0.9129767,85,markov_pooled,0,0,36.012599727000634,307355,0.0307355,0.008498211701566838,0.027912017926788102,0.61463211768732,0.8935214,0.9493268708257532,0.11654,0.94173,0.058270000000000044,0.5,0.0,0.0,0.11476865786954855,163955,0.08652787184528926,0.1735842151809948,0.08679210759049738,0.5,0.05824309999999999,"{""markov_seconds"": 36.012556708001284, ""mean_states"": 2.06385741740722}"
minibatch-n10000000-d16-k100-sep1.5-s0,minibatch,10000000,16,100,1.5,0,200,False,10,3451361,200000,0.3451361,329277,215644,13415,196794,11000000000.0,109.42471346000093,201000000000.0,1994.3037532050048,1000000000.0,5.452769714500391,11.592446109998491,0.9129767,85,markov_pooled_soft,0,0,33.009376775999044,307355,0.0307355,0.008498211701566838,0.027912017926788102,0.61463211768732,0.8935214,0.9493268708257532,0.11374508635286602,0.9369573964253015,0.05090934160073967,0.6469383030899186,0.026724787762985296,0.9451,0.11351103444045997,163955,0.08685636717213657,0.17110439323288215,0.08266117148522709,0.6121971020424304,0.06287222588899197,"{""markov_seconds"": 33.009333711999716, ""mean_states"": 2.06385741740722}"
minibatch-n10000000-d16-k100-sep1.5-s0,minibatch,10000000,16,100,1.5,0,200,False,10,3451361,200000,0.3451361,329277,215644,13415,196794,11000000000.0,109.42471346000093,201000000000.0,1994.3037532050048,1000000000.0,5.452769714500391,11.592446109998491,0.9129767,85,markov_w5,0,0,28.50761726000019,303658,0.0303658,0.008475041282629103,0.027912017926788102,0.61463211768732,0.8935546,0.9499095971794028,0.11395,0.943025,0.056975,0.5,0.0,0.0,0.11417656442804772,163955,0.08611779099439132,0.1729132993809277,0.08645664969046385,0.5,0.056955399999999996,"{""markov_seconds"": 28.507580474999486, ""mean_states"": 1.0245146769636673}"
minibatch-n10000000-d16-k100-sep1.5-s0,minibatch,10000000,16,100,1.5,0,200,False,10,3451361,200000,0.3451361,329277,215644,13415,196794,11000000000.0,109.42471346000093,201000000000.0,1994.3037532050048,1000000000.0,5.452769714500391,11.592446109998491,0.9129767,85,markov_w20,0,0,32.89870008000071,306542,0.0306542,0.008490041126072878,0.027912017926788102,0.61463211768732,0.8934909,0.9494385541414465,0.116,0.942,0.05800000000000005,0.5,0.0,0.0,0.11466431552540089,163955,0.08645859382502259,0.17347442895916562,0.08673721447958282,0.5,0.0579684,"{""markov_seconds"": 32.89865450900106, ""mean_states"": 2.06385741740722}"
minibatch-n10000000-d16-k100-sep1.5-s0,minibatch,10000000,16,100,1.5,0,200,False,10,3451361,200000,0.3451361,329277,215644,13415,196794,11000000000.0,109.42471346000093,201000000000.0,1994.3037532050048,1000000000.0,5.452769714500391,11.592446109998491,0.9129767,85,reassign_all,1000000000,0,12.62749793399962,298881,0.0298881,0.008470911203920961,0.027912017926788102,0.61463211768732,0.8938686,0.9505500088745087,0.11237,0.943815,0.05618500000000004,0.5,0.0,0.0,0.11353214536321146,163955,0.08577571140298572,0.17220578817358423,0.08610289408679206,0.5,0.056155699999999996,{}
minibatch-n10000000-d16-k100-sep1.5-s0,minibatch,10000000,16,100,1.5,0,200,False,10,3451361,200000,0.3451361,329277,215644,13415,196794,11000000000.0,109.42471346000093,201000000000.0,1994.3037532050048,1000000000.0,5.452769714500391,11.592446109998491,0.9129767,85,fcm_soft,345136100,0,12.594008394999037,300548,0.0300548,0.00847272665969312,0.027912017926788102,0.61463211768732,0.8937681,0.9503401660850457,0.9279354936541833,0.04226839994310443,0.9012626373353864,0.8053875458413654,4.521012689215274,1.0,0.937581848615687,163955,0.9428029613452968,0.9260993734577475,0.8699896493499883,0.8255136226683742,0.9574932521674604,{}
minibatch-n10000000-d16-k100-sep1.5-s0,minibatch,10000000,16,100,1.5,0,200,False,10,3451361,200000,0.3451361,329277,215644,13415,196794,11000000000.0,109.42471346000093,201000000000.0,1994.3037532050048,1000000000.0,5.452769714500391,11.592446109998491,0.9129767,85,gmm_plugin_soft,345136100,0,14.642192556999362,307898,0.0307898,0.008678206363663232,0.027912017926788102,0.61463211768732,0.8941937,0.948798864032071,0.1075678938009267,0.8795859286943689,0.0361197177175869,0.9131642954395913,0.2549990011743439,0.99564,0.062330866258361685,163955,0.05944806084998226,0.13365806023054486,0.020986335549930808,0.9254777008977766,0.11912771064049506,{}
minibatch-n10000000-d16-k100-sep1.5-s0,minibatch,10000000,16,100,1.5,0,200,False,10,3451361,200000,0.3451361,329277,215644,13415,196794,11000000000.0,109.42471346000093,201000000000.0,1994.3037532050048,1000000000.0,5.452769714500391,11.592446109998491,0.9129767,85,full_convergence,190000000000.0,190,1884.8790397450039,0,0.0,0.0,0.0,0.0,0.9129767,1.0,0.0,1.0,0.0,nan,0.0,0.0,0.07710520497189885,163955,0.07041508114899056,0.14122167667957672,0.07061083833978832,0.5,0.0028162,{}
minibatch-n10000000-d16-k100-sep1.5-s0,minibatch,10000000,16,100,1.5,0,200,False,10,3451361,200000,0.3451361,329277,215644,13415,196794,11000000000.0,109.42471346000093,201000000000.0,1994.3037532050048,1000000000.0,5.452769714500391,11.592446109998491,0.9129767,85,true_posterior_oracle,0,0,0.0,,,,,,,,0.20097868703835076,0.8619594495619883,0.08552691750180472,0.5949614286175188,0.1488497053147978,0.991155,0.09989511506817475,163955,0.0,0.07384824734354518,0.0007773401657156149,0.9416924227394782,0.13757470797473076,{}
minibatch-n10000000-d16-k100-sep1.5-s0,minibatch,10000000,16,100,1.5,0,200,False,10,3451361,200000,0.3451361,329277,215644,13415,196794,11000000000.0,109.42471346000093,201000000000.0,1994.3037532050048,1000000000.0,5.452769714500391,11.592446109998491,0.9129767,85,model_posterior_oracle,0,0,0.0,,,,,,,,0.045633269262287376,0.9228947950281012,0.06578915466917366,0.972284065949613,0.20960101937747466,0.99488,0.0,163955,0.031185853514233308,0.10161671293226708,0.010896432061587694,0.9379658929722283,0.07509115334982014,{}
minibatch-n10000000-d16-k100-sep1.5-s0,minibatch,10000000,16,100,1.5,0,200,False,20,90538,90538,0.0090538,253450,14711,7084,13366,21000000000.0,207.1989426980017,201000000000.0,1994.3037532050048,1000000000.0,5.452769714500391,11.592446109998491,0.9129767,85,stop,0,0,0.03239394800039008,228929,0.0228929,0.006865395146766762,0.02192278291396429,0.5053942146340318,0.8985996,0.9605486476970492,0.2952572400539,0.85237137997305,0.14762862002694999,0.5,0.0,0.0,0.25660962026379663,56554,0.23949532535208334,0.4760405983661633,0.23802029918308165,0.5,0.14725640062736087,{}
minibatch-n10000000-d16-k100-sep1.5-s0,minibatch,10000000,16,100,1.5,0,200,False,20,90538,90538,0.0090538,253450,14711,7084,13366,21000000000.0,207.1989426980017,201000000000.0,1994.3037532050048,1000000000.0,5.452769714500391,11.592446109998491,0.9129767,85,reassign_U,9053800,0,0.17087699999865436,228734,0.0228734,0.0068652386712435565,0.02192278291396429,0.5053942146340318,0.898616,0.9605753190195165,0.2909496564978241,0.8545251717510879,0.1454748282489121,0.5,0.0,0.0,0.2547214190719249,56554,0.23686748050466885,0.47094812038052125,0.23547406019026063,0.5,0.14510857319578518,{}
minibatch-n10000000-d16-k100-sep1.5-s0,minibatch,10000000,16,100,1.5,0,200,False,20,90538,90538,0.0090538,253450,14711,7084,13366,21000000000.0,207.1989426980017,201000000000.0,1994.3037532050048,1000000000.0,5.452769714500391,11.592446109998491,0.9129767,85,majority,0,0,0.0730520630004321,261272,0.0261272,0.007051328335042184,0.02192278291396429,0.5053942146340318,0.8963759,0.9557548387598808,1.0097196757162739,0.49514016214186307,0.5048598378581369,0.5,0.0,0.0,0.534584175433867,56554,0.5618556700772711,1.1232804045690845,0.5616402022845421,0.5,0.5043957233426848,{}
minibatch-n10000000-d16-k100-sep1.5-s0,minibatch,10000000,16,100,1.5,0,200,False,20,90538,90538,0.0090538,253450,14711,7084,13366,21000000000.0,207.1989426980017,201000000000.0,1994.3037532050048,1000000000.0,5.452769714500391,11.592446109998491,0.9129767,85,frequency_soft,0,0,0.05704009199871507,261272,0.0261272,0.007051328335042184,0.02192278291396429,0.5053942146340318,0.8963759,0.9557548387598808,0.6933418578272873,0.4708801327016883,0.2329187744372529,0.5405720962025893,0.5471118451744241,1.0,0.47385527032777364,56554,0.5383462762861413,0.7857523431857857,0.2864534941664764,0.5244754961172416,0.5250423026795379,{}
minibatch-n10000000-d16-k100-sep1.5-s0,minibatch,10000000,16,100,1.5,0,200,False,20,90538,90538,0.0090538,253450,14711,7084,13366,21000000000.0,207.1989426980017,201000000000.0,1994.3037532050048,1000000000.0,5.452769714500391,11.592446109998491,0.9129767,85,markov,0,0,0.755936698998994,228982,0.0228982,0.006865420972362424,0.02192278291396429,0.5053942146340318,0.898597,0.9605423610843766,0.29642801917426936,0.8517859904128653,0.1482140095871347,0.5,0.0,0.0,0.25693398153855657,56554,0.24000507868615198,0.4769954379884712,0.23849771899423555,0.5,0.14783980207205813,"{""markov_seconds"": 0.7559163729983993, ""mean_states"": 2.02317259051448}"
minibatch-n10000000-d16-k100-sep1.5-s0,minibatch,10000000,16,100,1.5,0,200,False,20,90538,90538,0.0090538,253450,14711,7084,13366,21000000000.0,207.1989426980017,201000000000.0,1994.3037532050048,1000000000.0,5.452769714500391,11.592446109998491,0.9129767,85,markov_soft,0,0,0.694413875000464,228982,0.0228982,0.006865420972362424,0.02192278291396429,0.5053942146340318,0.898597,0.9605423610843766,0.29570485245120487,0.8516873367270347,0.14759248745984835,0.5031939439475518,0.0013804326548989235,0.0026066403057279815,0.2564717582670262,56554,0.23964472566128905,0.4760636191946405,0.23777816240662777,0.502457024223737,0.14792807337701008,"{""markov_seconds"": 0.6943942260004405, ""mean_states"": 2.02317259051448}"
minibatch-n10000000-d16-k100-sep1.5-s0,minibatch,10000000,16,100,1.5,0,200,False,20,90538,90538,0.0090538,253450,14711,7084,13366,21000000000.0,207.1989426980017,201000000000.0,1994.3037532050048,1000000000.0,5.452769714500391,11.592446109998491,0.9129767,85,markov_a0.5,0,0,0.7358202560008067,241288,0.0241288,0.006900366712182748,0.02192278291396429,0.5053942146340318,0.8977451,0.9586792722909477,0.5682696768207824,0.7158651615896088,0.2841348384103912,0.5,0.0,0.0,0.36265240440066393,56554,0.36521487880392906,0.7276938854899742,0.3638469427449871,0.5,0.28356822549647664,"{""markov_seconds"": 0.7357973739999579, ""mean_states"": 2.02317259051448}"
minibatch-n10000000-d16-k100-sep1.5-s0,minibatch,10000000,16,100,1.5,0,200,False,20,90538,90538,0.0090538,253450,14711,7084,13366,21000000000.0,207.1989426980017,201000000000.0,1994.3037532050048,1000000000.0,5.452769714500391,11.592446109998491,0.9129767,85,markov_a0.5_soft,0,0,0.7412993300004018,241288,0.0241288,0.006900366712182748,0.02192278291396429,0.5053942146340318,0.8977451,0.9586792722909477,0.4739944241496352,0.5971831026645364,0.10977642715359984,0.5992561619318925,0.5075564416287668,1.0,0.37457438173268665,56554,0.4295435877867083,0.5950422839355771,0.16233694055050046,0.5642206642526232,0.39913228832158265,"{""markov_seconds"": 0.7412672800001019, ""mean_states"": 2.02317259051448}"
minibatch-n10000000-d16-k100-sep1.5-s0,minibatch,10000000,16,100,1.5,0,200,False,20,90538,90538,0.0090538,253450,14711,7084,13366,21000000000.0,207.1989426980017,201000000000.0,1994.3037532050048,1000000000.0,5.452769714500391,11.592446109998491,0.9129767,85,markov_pooled,0,0,0.7670798349990946,229216,0.0229216,0.0068654879462490825,0.02192278291396429,0.5053942146340318,0.8985941,0.9605164422407032,0.3015971194415604,0.8492014402792197,0.15079855972078027,0.5,0.0,0.0,0.25804774836140587,56554,0.2413796426807853,0.47961240584220394,0.239806202921102,0.5,0.15043053745388676,"{""markov_seconds"": 0.7670516799989855, ""mean_states"": 2.02317259051448}"
minibatch-n10000000-d16-k100-sep1.5-s0,minibatch,10000000,16,100,1.5,0,200,False,20,90538,90538,0.0090538,253450,14711,7084,13366,21000000000.0,207.1989426980017,201000000000.0,1994.3037532050048,1000000000.0,5.452769714500391,11.592446109998491,0.9129767,85,markov_pooled_soft,0,0,0.7422493630001554,229216,0.0229216,0.0068654879462490825,0.02192278291396429,0.5053942146340318,0.8985941,0.9605164422407032,0.29226009006494047,0.8378322335092624,0.13156323317524451,0.6079690693505752,0.05899446820040032,0.6415427776182376,0.2483385705024661,56554,0.24322562467430947,0.4670894133068491,0.225093073215674,0.6171672185527691,0.16141494859490896,"{""markov_seconds"": 0.7422250140007236, ""mean_states"": 2.02317259051448}"
minibatch-n10000000-d16-k100-sep1.5-s0,minibatch,10000000,16,100,1.5,0,200,False,20,90538,90538,0.0090538,253450,14711,7084,13366,21000000000.0,207.1989426980017,201000000000.0,1994.3037532050048,1000000000.0,5.452769714500391,11.592446109998491,0.9129767,85,markov_w5,0,0,0.694746204000694,228929,0.0228929,0.006865395578342204,0.02192278291396429,0.5053942146340318,0.8985996,0.9605489577782284,0.2952572400539,0.85237137997305,0.14762862002694999,0.5,0.0,0.0,0.2566451842681565,56554,0.23955755182273059,0.4760405983661633,0.23802029918308165,0.5,0.14725640062736087,"{""markov_seconds"": 0.6947247669995704, ""mean_states"": 1.4378382557600125}"
minibatch-n10000000-d16-k100-sep1.5-s0,minibatch,10000000,16,100,1.5,0,200,False,20,90538,90538,0.0090538,253450,14711,7084,13366,21000000000.0,207.1989426980017,201000000000.0,1994.3037532050048,1000000000.0,5.452769714500391,11.592446109998491,0.9129767,85,markov_w20,0,0,0.8051072079997539,233021,0.0233021,0.006889411369934706,0.02192278291396429,0.5053942146340318,0.8984731,0.959845816567681,0.38565022421524664,0.8071748878923767,0.19282511210762332,0.5,0.0,0.0,0.27780604975657547,56554,0.26524997139886014,0.5289104218976554,0.2644552109488276,0.5,0.19243080253595174,"{""markov_seconds"": 0.8050801079989469, ""mean_states"": 2.649992268439771}"
minibatch-n10000000-d16-k100-sep1.5-s0,minibatch,10000000,16,100,1.5,0,200,False,20,90538,90538,0.0090538,253450,14711,7084,13366,21000000000.0,207.1989426980017,201000000000.0,1994.3037532050048,1000000000.0,5.452769714500391,11.592446109998491,0.9129767,85,reassign_all,1000000000,0,11.772420068000429,226068,0.0226068,0.006863700744019319,0.02192278291396429,0.5053942146340318,0.8987988,0.9609905527334557,0.2909496564978241,0.8545251717510879,0.1454748282489121,0.5,0.0,0.0,0.2547214190719249,56554,0.23686748050466885,0.47094812038052125,0.23547406019026063,0.5,0.14510857319578518,{}
minibatch-n10000000-d16-k100-sep1.5-s0,minibatch,10000000,16,100,1.5,0,200,False,20,90538,90538,0.0090538,253450,14711,7084,13366,21000000000.0,207.1989426980017,201000000000.0,1994.3037532050048,1000000000.0,5.452769714500391,11.592446109998491,0.9129767,85,fcm_soft,9053800,0,1.043260028000077,228734,0.0228734,0.0068652386712435565,0.02192278291396429,0.5053942146340318,0.898616,0.9605753190195165,0.9491911645876598,0.03152179454123386,0.8224693139571579,0.730003229035874,4.5212229930207295,1.0,0.9311801287877369,56554,0.9464556035465519,0.9478581623206936,0.7305506617711801,0.7822813941365472,0.9677492722732678,{}
minibatch-n10000000-d16-k100-sep1.5-s0,minibatch,10000000,16,100,1.5,0,200,False,20,90538,90538,0.0090538,253450,14711,7084,13366,21000000000.0,207.1989426980017,201000000000.0,1994.3037532050048,1000000000.0,5.452769714500391,11.592446109998491,0.9129767,85,gmm_plugin_soft,9053800,0,0.3991238759990665,239469,0.0239469,0.006913887289884846,0.02192278291396429,0.5053942146340318,0.8983225,0.9586654297325945,0.43752470791928777,0.5194286877219834,0.15671280543535354,0.8282300299878851,0.9479732178834087,1.0,0.3465155737063282,56554,0.4150516957475835,0.4774648886100469,0.13580828345821366,0.8647564024474941,0.47526599008227693,{}
minibatch-n10000000-d16-k100-sep1.5-s0,minibatch,10000000,16,100,1.5,0,200,False,20,90538,90538,0.0090538,253450,14711,7084,13366,21000000000.0,207.1989426980017,201000000000.0,1994.3037532050048,1000000000.0,5.452769714500391,11.592446109998491,0.9129767,85,full_convergence,180000000000.0,180,1787.104810507003,0,0.0,0.0,0.0,0.0,0.9129767,1.0,0.0,1.0,0.0,nan,0.0,0.0,0.15393652317352755,56554,0.16166741225518946,0.3217102238568448,0.1608551119284224,0.5,0.009000419713269566,{}
minibatch-n10000000-d16-k100-sep1.5-s0,minibatch,10000000,16,100,1.5,0,200,False,20,90538,90538,0.0090538,253450,14711,7084,13366,21000000000.0,207.1989426980017,201000000000.0,1994.3037532050048,1000000000.0,5.452769714500391,11.592446109998491,0.9129767,85,true_posterior_oracle,0,0,0.0,,,,,,,,0.3803235377257661,0.7539339749906356,0.1569232172279287,0.6283666043792957,0.22205207947973443,0.9933398131171441,0.19556881225244482,56554,0.0,0.11601443516807784,0.003102512325064096,0.9306501101618239,0.2452017530641542,{}
minibatch-n10000000-d16-k100-sep1.5-s0,minibatch,10000000,16,100,1.5,0,200,False,20,90538,90538,0.0090538,253450,14711,7084,13366,21000000000.0,207.1989426980017,201000000000.0,1994.3037532050048,1000000000.0,5.452769714500391,11.592446109998491,0.9129767,85,model_posterior_oracle,0,0,0.0,,,,,,,,0.10158578272072026,0.8460634768264725,0.12065323523909949,0.9296322869377522,0.4009242717909139,1.0,0.0,56554,0.09254448226641598,0.21209212914442843,0.03395757461561371,0.9279666885127692,0.14787899764633156,{}
minibatch-n10000000-d16-k100-sep1.5-s0,minibatch,10000000,16,100,1.5,0,200,False,30,53280,53280,0.005328,206762,6592,4270,5815,31000000000.0,301.2221555900005,201000000000.0,1994.3037532050048,1000000000.0,5.452769714500391,11.592446109998491,0.9129767,85,stop,0,0,0.027759180000430206,182628,0.0182628,0.005590040523008932,0.018186743922426373,0.48348574926208693,0.9017211,0.9682113219322347,0.21828078078078078,0.8908596096096096,0.10914039039039036,0.5,0.0,0.0,0.2420630857064492,35428,0.20656424780091154,0.4139099017726092,0.20695495088630467,0.5,0.10844181681681683,{}
minibatch-n10000000-d16-k100-sep1.5-s0,minibatch,10000000,16,100,1.5,0,200,False,30,53280,53280,0.005328,206762,6592,4270,5815,31000000000.0,301.2221555900005,201000000000.0,1994.3037532050048,1000000000.0,5.452769714500391,11.592446109998491,0.9129767,85,reassign_U,5328000,0,0.09112860599998385,182576,0.0182576,0.005590010197104256,0.018186743922426373,0.48348574926208693,0.9017255,0.9682193978934956,0.21632882882882884,0.8918355855855856,0.10816441441441438,0.5,0.0,0.0,0.24116094111254052,35428,0.20542324896173786,0.4117647058823529,0.20588235294117652,0.5,0.10745157657657659,{}
minibatch-n10000000-d16-k100-sep1.5-s0,minibatch,10000000,16,100,1.5,0,200,False,30,53280,53280,0.005328,206762,6592,4270,5815,31000000000.0,301.2221555900005,201000000000.0,1994.3037532050048,1000000000.0,5.452769714500391,11.592446109998491,0.9129767,85,majority,0,0,0.048270998000589316,202847,0.0202847,0.005667326649292148,0.018186743922426373,0.48348574926208693,0.9003828,0.96475251440154,0.9772522522522522,0.5113738738738739,0.4886261261261261,0.5,0.0,0.0,0.5169651732232617,35428,0.5232450500093939,1.0458394490233713,0.5229197245116857,0.5,0.48833145645645654,{}
minibatch-n10000000-d16-k100-sep1.5-s0,minibatch,10000000,16,100,1.5,0,200,False,30,53280,53280,0.005328,206762,6592,4270,5815,31000000000.0,301.2221555900005,201000000000.0,1994.3037532050048,1000000000.0,5.452769714500391,11.592446109998491,0.9129767,85,frequency_soft,0,0,0.04572810100034985,202847,0.0202847,0.005667326649292148,0.018186743922426373,0.48348574926208693,0.9003828,0.96475251440154,0.6600144566053656,0.4871570434070434,0.21487168987168984,0.5349639631601653,0.5464778613982513,1.0,0.4446379444945909,35428,0.5022568008251177,0.7289532395817101,0.24884272326973006,0.5305956838418056,0.5084976453726453,{}
minibatch-n10000000-d16-k100-sep1.5-s0,minibatch,10000000,16,100,1.5,0,200,False,30,53280,53280,0.005328,206762,6592,4270,5815,31000000000.0,301.2221555900005,201000000000.0,1994.3037532050048,1000000000.0,5.452769714500391,11.592446109998491,0.9129767,85,markov,0,0,0.44091765799930727,182641,0.0182641,0.005590041015329561,0.018186743922426373,0.48348574926208693,0.9017211,0.968209377211728,0.21876876876876877,0.8906156156156156,0.10938438438438436,0.5,0.0,0.0,0.24206826054217256,35428,0.2065774999299004,0.4141357118663204,0.20706785593316024,0.5,0.10868581081081083,"{""markov_seconds"": 0.44089771600010863, ""mean_states"": 2.0139827327327327}"
minibatch-n10000000-d16-k100-sep1.5-s0,minibatch,10000000,16,100,1.5,0,200,False,30,53280,53280,0.005328,206762,6592,4270,5815,31000000000.0,301.2221555900005,201000000000.0,1994.3037532050048,1000000000.0,5.452769714500391,11.592446109998491,0.9129767,85,markov_soft,0,0,0.4469958640002005,182641,0.0182641,0.005590041015329561,0.018186743922426373,0.48348574926208693,0.9017211,0.968209377211728,0.21842313344773326,0.8905342733878007,0.10903309048716105,0.5021329639255243,0.000773019600587811,0.0015202702702702704,0.24178120160347455,35428,0.20635425234303825,0.4137376173718519,0.2067701141300107,0.5013982794458961,0.10875547469361406,"{""markov_seconds"": 0.44697574299971166, ""mean_states"": 2.0139827327327327}"
minibatch-n10000000-d16-k100-sep1.5-s0,minibatch,10000000,16,100,1.5,0,200,False,30,53280,53280,0.005328,206762,6592,4270,5815,31000000000.0,301.2221555900005,201000000000.0,1994.3037532050048,1000000000.0,5.452769714500391,11.592446109998491,0.9129767,85,markov_a0.5,0,0,0.42389096099941526,190289,0.0190289,0.005604148611728421,0.018186743922426373,0.48348574926208693,0.9012097,0.9668762232950399,0.5058558558558559,0.747072072072072,0.25292792792792795,0.5,0.0,0.0,0.34513263107499637,35428,0.32534129677412743,0.6541718414813142,0.3270859207406571,0.5,0.25234121621621625,"{""markov_seconds"": 0.42387298599896894, ""mean_states"": 2.0139827327327327}"
minibatch-n10000000-d16-k100-sep1.5-s0,minibatch,10000000,16,100,1.5,0,200,False,30,53280,53280,0.005328,206762,6592,4270,5815,31000000000.0,301.2221555900005,201000000000.0,1994.3037532050048,1000000000.0,5.452769714500391,11.592446109998491,0.9129767,85,markov_a0.5_soft,0,0,0.41754037299870106,190289,0.0190289,0.005604148611728421,0.018186743922426373,0.48348574926208693,0.9012097,0.9668762232950399,0.42333283122073107,0.6220415582857561,0.10115947397849391,0.6131117017566077,0.5073403762679584,1.0,0.3415769738046124,35428,0.3868812981139846,0.5346911054279686,0.1292099391830947,0.5892475646620108,0.37399352682098846,"{""markov_seconds"": 0.41751592899890966, ""mean_states"": 2.0139827327327327}"
minibatch-n10000000-d16-k100-sep1.5-s0,minibatch,10000000,16,100,1.5,0,200,False,30,53280,53280,0.005328,206762,6592,4270,5815,31000000000.0,301.2221555900005,201000000000.0,1994.3037532050048,1000000000.0,5.452769714500391,11.592446109998491,0.9129767,85,markov_pooled,0,0,0.43339201900016633,182846,0.0182846,0.005590082058033907,0.018186743922426373,0.48348574926208693,0.9017128,0.9681849043934121,0.22646396396396395,0.886768018018018,0.11323198198198203,0.5,0.0,0.0,0.24394506221791862,35428,0.209143537541832,0.41955515411538896,0.2097775770576945,0.5,0.11253340840840842,"{""markov_seconds"": 0.4333711729996139, ""mean_states"": 2.0139827327327327}"
minibatch-n10000000-d16-k100-sep1.5-s0,minibatch,10000000,16,100,1.5,0,200,False,30,53280,53280,0.005328,206762,6592,4270,5815,31000000000.0,301.2221555900005,201000000000.0,1994.3037532050048,1000000000.0,5.452769714500391,11.592446109998491,0.9129767,85,markov_pooled_soft,0,0,0.4506239340007596,182846,0.0182846,0.005590082058033907,0.018186743922426373,0.48348574926208693,0.9017128,0.9681849043934121,0.2195970364946399,0.8755478304547953,0.0985082407723587,0.5729306274798197,0.05132823487267042,0.8515765765765766,0.2326763301682317,35428,0.20990740085636492,0.41062964593570195,0.20049676292714486,0.6003000356540247,0.12344212691776715,"{""markov_seconds"": 0.4506046429996786, ""mean_states"": 2.0139827327327327}"
minibatch-n10000000-d16-k100-sep1.5-s0,minibatch,10000000,16,100,1.5,0,200,False,30,53280,53280,0.005328,206762,6592,4270,5815,31000000000.0,301.2221555900005,201000000000.0,1994.3037532050048,1000000000.0,5.452769714500391,11.592446109998491,0.9129767,85,markov_w5,0,0,0.43963511099900643,182630,0.018263,0.005590040583906664,0.018186743922426373,0.48348574926208693,0.9017208,0.9682111250616441,0.21835585585585585,0.8908220720720721,0.10917792792792791,0.5,0.0,0.0,0.24205744896299156,35428,0.20656367774634138,0.41407925934289264,0.2070396296714463,0.5,0.10847935435435437,"{""markov_seconds"": 0.4396138219999557, ""mean_states"": 1.4418355855855856}"
minibatch-n10000000-d16-k100-sep1.5-s0,minibatch,10000000,16,100,1.5,0,200,False,30,53280,53280,0.005328,206762,6592,4270,5815,31000000000.0,301.2221555900005,201000000000.0,1994.3037532050048,1000000000.0,5.452769714500391,11.592446109998491,0.9129767,85,markov_w20,0,0,0.45454975699976785,182784,0.0182784,0.005590208704614019,0.018186743922426373,0.48348574926208693,0.9017133,0.9681855221082738,0.22413663663663663,0.8879316816816817,0.11206831831831832,0.5,0.0,0.0,0.24346815980677436,35428,0.2086554464021097,0.4182567460765496,0.2091283730382748,0.5,0.11134271771771773,"{""markov_seconds"": 0.45452348999970127, ""mean_states"": 2.067999249249249}"
minibatch-n10000000-d16-k100-sep1.5-s0,minibatch,10000000,16,100,1.5,0,200,False,30,53280,53280,0.005328,206762,6592,4270,5815,31000000000.0,301.2221555900005,201000000000.0,1994.3037532050048,1000000000.0,5.452769714500391,11.592446109998491,0.9129767,85,reassign_all,1000000000,0,11.967389796000134,180837,0.0180837,0.005589365056866802,0.018186743922426373,0.48348574926208693,0.9018357,0.968525731887423,0.21632882882882884,0.8918355855855856,0.10816441441441438,0.5,0.0,0.0,0.24116094111254052,35428,0.20542324896173786,0.4117647058823529,0.20588235294117652,0.5,0.10745157657657659,{}
minibatch-n10000000-d16-k100-sep1.5-s0,minibatch,10000000,16,100,1.5,0,200,False,30,53280,53280,0.005328,206762,6592,4270,5815,31000000000.0,301.2221555900005,201000000000.0,1994.3037532050048,1000000000.0,5.452769714500391,11.592446109998491,0.9129767,85,fcm_soft,5328000,0,0.4327186320006149,182576,0.0182576,0.005590010197104256,0.018186743922426373,0.48348574926208693,0.9017255,0.9682193978934956,0.949723285550524,0.031247805075732202,0.8602543992194184,0.7443870486185367,4.520798685686188,1.0,0.9266504511477275,35428,0.9440482272605625,0.9498146323223042,0.7613208855425707,0.7598265334790031,0.9680246600952157,{}
minibatch-n10000000-d16-k100-sep1.5-s0,minibatch,10000000,16,100,1.5,0,200,False,30,53280,53280,0.005328,206762,6592,4270,5815,31000000000.0,301.2221555900005,201000000000.0,1994.3037532050048,1000000000.0,5.452769714500391,11.592446109998491,0.9129767,85,gmm_plugin_soft,5328000,0,0.22302007699909154,191086,0.0191086,0.0056162504201415775,0.018186743922426373,0.48348574926208693,0.9014728,0.9665981501012471,0.4485037975620235,0.5011896961018485,0.18013118852490803,0.7974983933049609,0.9863381680169926,1.0,0.34358682619513686,35428,0.4202078022845264,0.4747482303928127,0.14695579631509342,0.8383313002557633,0.49321254367841083,{}
minibatch-n10000000-d16-k100-sep1.5-s0,minibatch,10000000,16,100,1.5,0,200,False,30,53280,53280,0.005328,206762,6592,4270,5815,31000000000.0,301.2221555900005,201000000000.0,1994.3037532050048,1000000000.0,5.452769714500391,11.592446109998491,0.9129767,85,full_convergence,170000000000.0,170,1693.0815976150043,0,0.0,0.0,0.0,0.0,0.9129767,1.0,0.0,1.0,0.0,nan,0.0,0.0,0.17236993412800544,35428,0.16852769040141719,0.3386586880433555,0.16932934402167776,0.5,0.009017267267267268,{}
minibatch-n10000000-d16-k100-sep1.5-s0,minibatch,10000000,16,100,1.5,0,200,False,30,53280,53280,0.005328,206762,6592,4270,5815,31000000000.0,301.2221555900005,201000000000.0,1994.3037532050048,1000000000.0,5.452769714500391,11.592446109998491,0.9129767,85,true_posterior_oracle,0,0,0.0,,,,,,,,0.37666824948213945,0.7512743438798887,0.14680858178981449,0.5830089657325195,0.2418778366041332,0.9933933933933934,0.19845922069653738,35428,0.0,0.12710085165084153,0.002947807654098478,0.9168370402644447,0.24800824655314807,{}
minibatch-n10000000-d16-k100-sep1.5-s0,minibatch,10000000,16,100,1.5,0,200,False,30,53280,53280,0.005328,206762,6592,4270,5815,31000000000.0,301.2221555900005,201000000000.0,1994.3037532050048,1000000000.0,5.452769714500391,11.592446109998491,0.9129767,85,model_posterior_oracle,0,0,0.0,,,,,,,,0.11288602021828299,0.8276300658719945,0.13641230517471517,0.9212570348580309,0.4502745581721574,1.0,0.0,35428,0.10084070234328901,0.22703670803426848,0.03377669096528913,0.9221883819979575,0.16623832272018252,{}
minibatch-n10000000-d16-k100-sep1.5-s0,minibatch,10000000,16,100,1.5,0,200,False,40,32429,32429,0.0032429,178108,3775,2662,3249,41000000000.0,399.75839246600026,201000000000.0,1994.3037532050048,1000000000.0,5.452769714500391,11.592446109998491,0.9129767,85,stop,0,0,0.030727373001354863,154127,0.0154127,0.004697402889523916,0.015546194043517347,0.4637287070104228,0.9034931,0.9733512607365433,0.20037620648185267,0.8998118967590737,0.10018810324092631,0.5,0.0,0.0,0.27351811090464984,20650,0.23349637966524167,0.46644067796610167,0.23322033898305083,0.5,0.09969718461870548,{}
minibatch-n10000000-d16-k100-sep1.5-s0,minibatch,10000000,16,100,1.5,0,200,False,40,32429,32429,0.0032429,178108,3775,2662,3249,41000000000.0,399.75839246600026,201000000000.0,1994.3037532050048,1000000000.0,5.452769714500391,11.592446109998491,0.9129767,85,reassign_U,3242900,0,0.06672738300039782,154097,0.0154097,0.0046973938234597945,0.015546194043517347,0.4637287070104228,0.9034961,0.9733567112576026,0.19852601066946252,0.9007369946652687,0.09926300533473131,0.5,0.0,0.0,0.2728764696753905,20650,0.23277222137102616,0.46440677966101696,0.23220338983050848,0.5,0.09876961978476055,{}
minibatch-n10000000-d16-k100-sep1.5-s0,minibatch,10000000,16,100,1.5,0,200,False,40,32429,32429,0.0032429,178108,3775,2662,3249,41000000000.0,399.75839246600026,201000000000.0,1994.3037532050048,1000000000.0,5.452769714500391,11.592446109998491,0.9129767,85,majority,0,0,0.04205386800094857,166729,0.0166729,0.004726485061121055,0.015546194043517347,0.4637287070104228,0.9027349,0.9710488939344761,0.9775817940732061,0.5112091029633969,0.48879089703660306,0.5,0.0,0.0,0.525143646810363,20650,0.530949951630127,1.0646004842615011,0.5323002421307506,0.5,0.4886515156187363,{}
minibatch-n10000000-d16-k100-sep1.5-s0,minibatch,10000000,16,100,1.5,0,200,False,40,32429,32429,0.0032429,178108,3775,2662,3249,41000000000.0,399.75839246600026,201000000000.0,1994.3037532050048,1000000000.0,5.452769714500391,11.592446109998491,0.9129767,85,frequency_soft,0,0,0.035736642001211294,166729,0.0166729,0.004726485061121055,0.015546194043517347,0.4637287070104228,0.9027349,0.9710488939344761,0.6584107837363201,0.4888161269794992,0.2165401898973701,0.5309434895563451,0.5436624867799134,1.0,0.4269789103845807,20650,0.4966434085374291,0.7481239869529546,0.2600836451683909,0.528145470765041,0.5067839952455575,{}
minibatch-n10000000-d16-k100-sep1.5-s0,minibatch,10000000,16,100,1.5,0,200,False,40,32429,32429,0.0032429,178108,3775,2662,3249,41000000000.0,399.75839246600026,201000000000.0,1994.3037532050048,1000000000.0,5.452769714500391,11.592446109998491,0.9129767,85,markov,0,0,0.2674586819994147,154131,0.0154131,0.004697403176357806,0.015546194043517347,0.4637287070104228,0.9034935,0.9733506986918545,0.20062289925683802,0.899688550371581,0.10031144962841898,0.5,0.0,0.0,0.2735306176262626,20650,0.233530154564724,0.46624697336561743,0.2331234866828087,0.5,0.09986863609732032,"{""markov_seconds"": 0.26743877499939117, ""mean_states"": 2.0088501033025996}"
minibatch-n10000000-d16-k100-sep1.5-s0,minibatch,10000000,16,100,1.5,0,200,False,40,32429,32429,0.0032429,178108,3775,2662,3249,41000000000.0,399.75839246600026,201000000000.0,1994.3037532050048,1000000000.0,5.452769714500391,11.592446109998491,0.9129767,85,markov_soft,0,0,0.28712383400124963,154131,0.0154131,0.004697403176357806,0.015546194043517347,0.4637287070104228,0.9034935,0.9733506986918545,0.20025497086565694,0.8995081959750477,0.0998905013491631,0.5025598589005732,0.0011050583429951658,0.0021585617811218354,0.27304344796738456,20650,0.23312357769611328,0.4657961023516867,0.23272749649818453,0.5013416693837216,0.09998217786729523,"{""markov_seconds"": 0.2871067160012899, ""mean_states"": 2.0088501033025996}"
minibatch-n10000000-d16-k100-sep1.5-s0,minibatch,10000000,16,100,1.5,0,200,False,40,32429,32429,0.0032429,178108,3775,2662,3249,41000000000.0,399.75839246600026,201000000000.0,1994.3037532050048,1000000000.0,5.452769714500391,11.592446109998491,0.9129767,85,markov_a0.5,0,0,0.2735462689997803,158950,0.015895,0.004702699943614164,0.015546194043517347,0.4637287070104228,0.9032078,0.9724649964323738,0.49782601992044156,0.7510869900397792,0.2489130099602208,0.5,0.0,0.0,0.3684744387489837,20650,0.3461356013289211,0.6910411622276029,0.34552058111380146,0.5,0.2486434981035493,"{""markov_seconds"": 0.2735295739985304, ""mean_states"": 2.0088501033025996}"
minibatch-n10000000-d16-k100-sep1.5-s0,minibatch,10000000,16,100,1.5,0,200,False,40,32429,32429,0.0032429,178108,3775,2662,3249,41000000000.0,399.75839246600026,201000000000.0,1994.3037532050048,1000000000.0,5.452769714500391,11.592446109998491,0.9129767,85,markov_a0.5_soft,0,0,0.2641062080001575,158950,0.015895,0.004702699943614164,0.015546194043517347,0.4637287070104228,0.9032078,0.9724649964323738,0.4155432386704895,0.6256655227530314,0.10375211684300936,0.6157729363071327,0.5070468092353014,1.0,0.3310395310052468,20650,0.38605914383458007,0.5635338840937506,0.14744233810770413,0.5831179182009545,0.3702573583684374,"{""markov_seconds"": 0.2640872550000495, ""mean_states"": 2.0088501033025996}"
minibatch-n10000000-d16-k100-sep1.5-s0,minibatch,10000000,16,100,1.5,0,200,False,40,32429,32429,0.0032429,178108,3775,2662,3249,41000000000.0,399.75839246600026,201000000000.0,1994.3037532050048,1000000000.0,5.452769714500391,11.592446109998491,0.9129767,85,markov_pooled,0,0,0.288866892000442,154211,0.0154211,0.004697416833697066,0.015546194043517347,0.4637287070104228,0.903495,0.9733395540157449,0.20555675475654506,0.8972216226217274,0.10277837737827256,0.5,0.0,0.0,0.27395942741149404,20650,0.23400000967238518,0.4672154963680387,0.23360774818401941,0.5,0.10230904437386289,"{""markov_seconds"": 0.28885025000090536, ""mean_states"": 2.0088501033025996}"
minibatch-n10000000-d16-k100-sep1.5-s0,minibatch,10000000,16,100,1.5,0,200,False,40,32429,32429,0.0032429,178108,3775,2662,3249,41000000000.0,399.75839246600026,201000000000.0,1994.3037532050048,1000000000.0,5.452769714500391,11.592446109998491,0.9129767,85,markov_pooled_soft,0,0,0.296491672999764,154211,0.0154211,0.004697416833697066,0.015546194043517347,0.4637287070104228,0.903495,0.9733395540157449,0.20341211976084414,0.8804758125940169,0.09126608663849006,0.5920274286158338,0.061733415579398224,0.5694285978599402,0.26260640639427557,20650,0.23844334181748755,0.46307006117775096,0.22306239474056264,0.6318296230000425,0.11863225843760165,"{""markov_seconds"": 0.29647647899946605, ""mean_states"": 2.0088501033025996}"
minibatch-n10000000-d16-k100-sep1.5-s0,minibatch,10000000,16,100,1.5,0,200,False,40,32429,32429,0.0032429,178108,3775,2662,3249,41000000000.0,399.75839246600026,201000000000.0,1994.3037532050048,1000000000.0,5.452769714500391,11.592446109998491,0.9129767,85,markov_w5,0,0,0.25010901799942076,154130,0.015413,0.0046974029887576485,0.015546194043517347,0.4637287070104228,0.9034932,0.9733508916528809,0.20056122606309168,0.8997193869684542,0.10028061303154578,0.5,0.0,0.0,0.27353044545339666,20650,0.23352111206083295,0.4663438256658596,0.23317191283292982,0.5,0.09978969440932499,"{""markov_seconds"": 0.25009127900011663, ""mean_states"": 1.4452496222516884}"
minibatch-n10000000-d16-k100-sep1.5-s0,minibatch,10000000,16,100,1.5,0,200,False,40,32429,32429,0.0032429,178108,3775,2662,3249,41000000000.0,399.75839246600026,201000000000.0,1994.3037532050048,1000000000.0,5.452769714500391,11.592446109998491,0.9129767,85,markov_w20,0,0,0.30414296299932175,154178,0.0154178,0.004697414207394335,0.015546194043517347,0.4637287070104228,0.903492,0.973342794989607,0.20352153936291592,0.898239230318542,0.10176076968145797,0.5,0.0,0.0,0.27397938978658554,20650,0.23424767565505905,0.4676997578692494,0.23384987893462472,0.5,0.10131980634617163,"{""markov_seconds"": 0.30412684999828343, ""mean_states"": 2.036818896666564}"
minibatch-n10000000-d16-k100-sep1.5-s0,minibatch,10000000,16,100,1.5,0,200,False,40,32429,32429,0.0032429,178108,3775,2662,3249,41000000000.0,399.75839246600026,201000000000.0,1994.3037532050048,1000000000.0,5.452769714500391,11.592446109998491,0.9129767,85,reassign_all,1000000000,0,11.824681340000097,152979,0.0152979,0.004697126039156618,0.015546194043517347,0.4637287070104228,0.9035652,0.97356405441277,0.19852601066946252,0.9007369946652687,0.09926300533473131,0.5,0.0,0.0,0.2728764696753905,20650,0.23277222137102616,0.46440677966101696,0.23220338983050848,0.5,0.09876961978476055,{}
minibatch-n10000000-d16-k100-sep1.5-s0,minibatch,10000000,16,100,1.5,0,200,False,40,32429,32429,0.0032429,178108,3775,2662,3249,41000000000.0,399.75839246600026,201000000000.0,1994.3037532050048,1000000000.0,5.452769714500391,11.592446109998491,0.9129767,85,fcm_soft,3242900,0,0.12519663899911393,154097,0.0154097,0.0046973938234597945,0.015546194043517347,0.4637287070104228,0.9034961,0.9733567112576026,0.950823396796206,0.030684940844403423,0.869772750594142,0.7523728878272079,4.521633920095121,1.0,0.918230844795986,20650,0.9385638621393276,0.9519468527944062,0.7358660487457702,0.7551167597120542,0.9685314540650486,{}
minibatch-n10000000-d16-k100-sep1.5-s0,minibatch,10000000,16,100,1.5,0,200,False,40,32429,32429,0.0032429,178108,3775,2662,3249,41000000000.0,399.75839246600026,201000000000.0,1994.3037532050048,1000000000.0,5.452769714500391,11.592446109998491,0.9129767,85,gmm_plugin_soft,3242900,0,0.16449637500045355,160785,0.0160785,0.0047128365007593764,0.015546194043517347,0.4637287070104228,0.9033107,0.9720737491582069,0.4953633168953718,0.4662756158194127,0.17171946725346435,0.7342522471685369,1.0258943628636912,1.0,0.34010294608039365,20650,0.44229108269892786,0.5348390258897191,0.1416624104395721,0.779505700076306,0.5278528166695164,{}
minibatch-n10000000-d16-k100-sep1.5-s0,minibatch,10000000,16,100,1.5,0,200,False,40,32429,32429,0.0032429,178108,3775,2662,3249,41000000000.0,399.75839246600026,201000000000.0,1994.3037532050048,1000000000.0,5.452769714500391,11.592446109998491,0.9129767,85,full_convergence,160000000000.0,160,1594.5453607390045,0,0.0,0.0,0.0,0.0,0.9129767,1.0,0.0,1.0,0.0,nan,0.0,0.0,0.21167483617428504,20650,0.20994612796149179,0.4194673123486683,0.20973365617433415,0.5,0.009603132998242314,{}
minibatch-n10000000-d16-k100-sep1.5-s0,minibatch,10000000,16,100,1.5,0,200,False,40,32429,32429,0.0032429,178108,3775,2662,3249,41000000000.0,399.75839246600026,201000000000.0,1994.3037532050048,1000000000.0,5.452769714500391,11.592446109998491,0.9129767,85,true_posterior_oracle,0,0,0.0,,,,,,,,0.42359155036851165,0.7175581720393227,0.16828607361668602,0.5242048998596897,0.28202644248639813,0.9920749946035955,0.22828178224813403,20650,0.0,0.15706630848399142,0.004792113472144274,0.8950859376851082,0.2817063363911414,{}
minibatch-n10000000-d16-k100-sep1.5-s0,minibatch,10000000,16,100,1.5,0,200,False,40,32429,32429,0.0032429,178108,3775,2662,3249,41000000000.0,399.75839246600026,201000000000.0,1994.3037532050048,1000000000.0,5.452769714500391,11.592446109998491,0.9129767,85,model_posterior_oracle,0,0,0.0,,,,,,,,0.13957769506134043,0.7883251638257149,0.16655404715390015,0.9075133229821473,0.5470449421050335,1.0,0.0,20650,0.13121190368202887,0.28130682862568507,0.041068493263477245,0.9008732753592233,0.2050870893760395,{}
minibatch-n10000000-d16-k100-sep1.5-s0,minibatch,10000000,16,100,1.5,0,200,False,50,22175,22175,0.0022175,158384,2451,1982,2092,51000000000.0,496.7215786629995,201000000000.0,1994.3037532050048,1000000000.0,5.452769714500391,11.592446109998491,0.9129767,85,stop,0,0,0.19403541700012283,134531,0.0134531,0.00409692699475217,0.01357222865750583,0.4447403866241444,0.9046145,0.9770035804862346,0.18868094701240135,0.9056595264937993,0.09434047350620067,0.5,0.0,0.0,0.30896979877644776,13117,0.2743349381223733,0.5476862087367538,0.2738431043683769,0.5,0.09357294250281849,{}
minibatch-n10000000-d16-k100-sep1.5-s0,minibatch,10000000,16,100,1.5,0,200,False,50,22175,22175,0.0022175,158384,2451,1982,2092,51000000000.0,496.7215786629995,201000000000.0,1994.3037532050048,1000000000.0,5.452769714500391,11.592446109998491,0.9129767,85,reassign_U,2217500,0,0.051434427999993204,134526,0.0134526,0.004096925903969595,0.01357222865750583,0.4447403866241444,0.9046149,0.9770045123253056,0.18822998872604285,0.9058850056369786,0.0941149943630214,0.5,0.0,0.0,0.3088903215138426,13117,0.27414321127624325,0.5470763131813677,0.2735381565906838,0.5,0.09331860202931229,{}
minibatch-n10000000-d16-k100-sep1.5-s0,minibatch,10000000,16,100,1.5,0,200,False,50,22175,22175,0.0022175,158384,2451,1982,2092,51000000000.0,496.7215786629995,201000000000.0,1994.3037532050048,1000000000.0,5.452769714500391,11.592446109998491,0.9129767,85,majority,0,0,0.03110642300089239,143580,0.014358,0.004110364039233039,0.01357222865750583,0.4447403866241444,0.9041097,0.9753132044672713,1.004825253664036,0.49758737316798196,0.502412626832018,0.5,0.0,0.0,0.5420726954230054,13117,0.5631307915942934,1.1258671952428148,0.5629335976214074,0.5,0.501510710259301,{}
minibatch-n10000000-d16-k100-sep1.5-s0,minibatch,10000000,16,100,1.5,0,200,False,50,22175,22175,0.0022175,158384,2451,1982,2092,51000000000.0,496.7215786629995,201000000000.0,1994.3037532050048,1000000000.0,5.452769714500391,11.592446109998491,0.9129767,85,frequency_soft,0,0,0.03327138799977547,143580,0.014358,0.004110364039233039,0.01357222865750583,0.4447403866241444,0.9041097,0.9753132044672713,0.666073588193092,0.4849933381162242,0.22972635031259608,0.5286147547014004,0.5429566673179913,1.0,0.4111458214095377,13117,0.5032272654644019,0.7865812896896779,0.28932613471761137,0.5315812742448079,0.5097870247002152,{}
minibatch-n10000000-d16-k100-sep1.5-s0,minibatch,10000000,16,100,1.5,0,200,False,50,22175,22175,0.0022175,158384,2451,1982,2092,51000000000.0,496.7215786629995,201000000000.0,1994.3037532050048,1000000000.0,5.452769714500391,11.592446109998491,0.9129767,85,markov,0,0,0.21980911399987235,134534,0.0134534,0.004096927229027436,0.01357222865750583,0.4447403866241444,0.9046146,0.9770032882542726,0.18895152198421647,0.9055242390078918,0.0944757609921082,0.5,0.0,0.0,0.30897928927593155,13117,0.2743616028165285,0.5476862087367538,0.2738431043683769,0.5,0.09372807215332582,"{""markov_seconds"": 0.2197913370000606, ""mean_states"": 2.0049605411499436}"
minibatch-n10000000-d16-k100-sep1.5-s0,minibatch,10000000,16,100,1.5,0,200,False,50,22175,22175,0.0022175,158384,2451,1982,2092,51000000000.0,496.7215786629995,201000000000.0,1994.3037532050048,1000000000.0,5.452769714500391,11.592446109998491,0.9129767,85,markov_soft,0,0,0.2640359070010163,134534,0.0134534,0.004096927229027436,0.01357222865750583,0.4447403866241444,0.9046146,0.9770032882542726,0.1886101552127543,0.905235337777151,0.09410654423573063,0.5033252194087612,0.0013765780700295473,0.0025704622322435173,0.3083588081436143,13117,0.2740511873808871,0.5472174193109766,0.27343407314818446,0.5011456488317579,0.09395925072341281,"{""markov_seconds"": 0.264018144000147, ""mean_states"": 2.0049605411499436}"
minibatch-n10000000-d16-k100-sep1.5-s0,minibatch,10000000,16,100,1.5,0,200,False,50,22175,22175,0.0022175,158384,2451,1982,2092,51000000000.0,496.7215786629995,201000000000.0,1994.3037532050048,1000000000.0,5.452769714500391,11.592446109998491,0.9129767,85,markov_a0.5,0,0,0.36748605300090276,137918,0.0137918,0.004099202106669475,0.01357222865750583,0.4447403866241444,0.9044325,0.9763659097608498,0.4941600901916573,0.7529199549041714,0.2470800450958286,0.5,0.0,0.0,0.39360179991847805,13117,0.37657369358096804,0.7524586414576504,0.3762293207288252,0.5,0.2462096956031567,"{""markov_seconds"": 0.36746576000041387, ""mean_states"": 2.0049605411499436}"
minibatch-n10000000-d16-k100-sep1.5-s0,minibatch,10000000,16,100,1.5,0,200,False,50,22175,22175,0.0022175,158384,2451,1982,2092,51000000000.0,496.7215786629995,201000000000.0,1994.3037532050048,1000000000.0,5.452769714500391,11.592446109998491,0.9129767,85,markov_a0.5_soft,0,0,0.3978282580010273,137918,0.0137918,0.004099202106669475,0.01357222865750583,0.4447403866241444,0.9044325,0.9763659097608498,0.41517982042577734,0.6245679860574986,0.10916760606300516,0.6009389749105353,0.5094758048859163,1.0,0.32305029546140446,13117,0.39734238031271574,0.6127519269837025,0.1656998082477525,0.5750123066530708,0.37046265728537414,"{""markov_seconds"": 0.3978115629997774, ""mean_states"": 2.0049605411499436}"
minibatch-n10000000-d16-k100-sep1.5-s0,minibatch,10000000,16,100,1.5,0,200,False,50,22175,22175,0.0022175,158384,2451,1982,2092,51000000000.0,496.7215786629995,201000000000.0,1994.3037532050048,1000000000.0,5.452769714500391,11.592446109998491,0.9129767,85,markov_pooled,0,0,0.211365035000199,134596,0.0134596,0.004096933154044802,0.01357222865750583,0.4447403866241444,0.9046176,0.9769955196036321,0.19454340473506201,0.902728297632469,0.09727170236753102,0.5,0.0,0.0,0.3093787877115172,13117,0.2747645700626724,0.5476862087367538,0.2738431043683769,0.5,0.09653213077790306,"{""markov_seconds"": 0.21134302799873694, ""mean_states"": 2.0049605411499436}"
minibatch-n10000000-d16-k100-sep1.5-s0,minibatch,10000000,16,100,1.5,0,200,False,50,22175,22175,0.0022175,158384,2451,1982,2092,51000000000.0,496.7215786629995,201000000000.0,1994.3037532050048,1000000000.0,5.452769714500391,11.592446109998491,0.9129767,85,markov_pooled_soft,0,0,0.19648786800098605,134596,0.0134596,0.004096933154044802,0.01357222865750583,0.4447403866241444,0.9046176,0.9769955196036321,0.19320215200504323,0.8818832128255413,0.08805454940379703,0.5421774783779438,0.07453733967175903,0.570011273957159,0.2959814123050027,13117,0.28109785021616795,0.5434588861384889,0.25705919158115453,0.5765123429727187,0.11685659786605455,"{""markov_seconds"": 0.19647085100041295, ""mean_states"": 2.0049605411499436}"
minibatch-n10000000-d16-k100-sep1.5-s0,minibatch,10000000,16,100,1.5,0,200,False,50,22175,22175,0.0022175,158384,2451,1982,2092,51000000000.0,496.7215786629995,201000000000.0,1994.3037532050048,1000000000.0,5.452769714500391,11.592446109998491,0.9129767,85,markov_w5,0,0,0.1937731439993513,134531,0.0134531,0.004096927011236318,0.01357222865750583,0.4447403866241444,0.9046147,0.9770037756927902,0.18868094701240135,0.9056595264937993,0.09434047350620067,0.5,0.0,0.0,0.3089535764980624,13117,0.2743344802077674,0.5476862087367538,0.2738431043683769,0.5,0.09357294250281852,"{""markov_seconds"": 0.19374535899987677, ""mean_states"": 1.4641262683201803}"
minibatch-n10000000-d16-k100-sep1.5-s0,minibatch,10000000,16,100,1.5,0,200,False,50,22175,22175,0.0022175,158384,2451,1982,2092,51000000000.0,496.7215786629995,201000000000.0,1994.3037532050048,1000000000.0,5.452769714500391,11.592446109998491,0.9129767,85,markov_w20,0,0,0.19608553600119194,134558,0.0134558,0.0040969291332351165,0.01357222865750583,0.4447403866241444,0.9046152,0.9769999810040074,0.19111612175873732,0.9044419391206313,0.09555806087936869,0.5,0.0,0.0,0.3090836695727445,13117,0.27461542176065185,0.5476862087367538,0.2738431043683769,0.5,0.09478151071025931,"{""markov_seconds"": 0.1960667720013589, ""mean_states"": 2.0202029312288614}"
minibatch-n10000000-d16-k100-sep1.5-s0,minibatch,10000000,16,100,1.5,0,200,False,50,22175,22175,0.0022175,158384,2451,1982,2092,51000000000.0,496.7215786629995,201000000000.0,1994.3037532050048,1000000000.0,5.452769714500391,11.592446109998491,0.9129767,85,reassign_all,1000000000,0,12.156008673999168,133712,0.0133712,0.004096807347743647,0.01357222865750583,0.4447403866241444,0.9046618,0.9771560146773763,0.18822998872604285,0.9058850056369786,0.0941149943630214,0.5,0.0,0.0,0.3088903215138426,13117,0.27414321127624325,0.5470763131813677,0.2735381565906838,0.5,0.09331860202931229,{}
minibatch-n10000000-d16-k100-sep1.5-s0,minibatch,10000000,16,100,1.5,0,200,False,50,22175,22175,0.0022175,158384,2451,1982,2092,51000000000.0,496.7215786629995,201000000000.0,1994.3037532050048,1000000000.0,5.452769714500391,11.592446109998491,0.9129767,85,fcm_soft,2217500,0,0.08227068199994392,134526,0.0134526,0.004096925903969595,0.01357222865750583,0.4447403866241444,0.9046149,0.9770045123253056,0.9514083147426958,0.030388371323996875,0.8752547711109878,0.7460409464289087,4.522371103722508,1.0,0.91219835634789,13117,0.9329258930317125,0.9539325428561534,0.6951720325312786,0.7515696378584039,0.9687586997463142,{}
minibatch-n10000000-d16-k100-sep1.5-s0,minibatch,10000000,16,100,1.5,0,200,False,50,22175,22175,0.0022175,158384,2451,1982,2092,51000000000.0,496.7215786629995,201000000000.0,1994.3037532050048,1000000000.0,5.452769714500391,11.592446109998491,0.9129767,85,gmm_plugin_soft,2217500,0,0.09438504100035061,140251,0.0140251,0.004108085379592952,0.01357222865750583,0.4447403866241444,0.9044627,0.9759181863819653,0.5321943128174167,0.44338141740605014,0.1420283115746121,0.6903130230328474,1.0425451836568924,1.0,0.32195592901030873,13117,0.4524890883611903,0.5926808068473836,0.1123896780305968,0.723463886164573,0.550249478013461,{}
minibatch-n10000000-d16-k100-sep1.5-s0,minibatch,10000000,16,100,1.5,0,200,False,50,22175,22175,0.0022175,158384,2451,1982,2092,51000000000.0,496.7215786629995,201000000000.0,1994.3037532050048,1000000000.0,5.452769714500391,11.592446109998491,0.9129767,85,full_convergence,150000000000.0,150,1497.5821745420053,0,0.0,0.0,0.0,0.0,0.9129767,1.0,0.0,1.0,0.0,nan,0.0,0.0,0.2520774510241937,13117,0.2594325032965297,0.5168864831897537,0.25844324159487686,0.5,0.010005862457722661,{}
minibatch-n10000000-d16-k100-sep1.5-s0,minibatch,10000000,16,100,1.5,0,200,False,50,22175,22175,0.0022175,158384,2451,1982,2092,51000000000.0,496.7215786629995,201000000000.0,1994.3037532050048,1000000000.0,5.452769714500391,11.592446109998491,0.9129767,85,true_posterior_oracle,0,0,0.0,,,,,,,,0.47392914526124946,0.6832074427116154,0.18824012669781529,0.4995361198664296,0.3177934780393053,0.9895828635851184,0.263839542261723,13117,0.0,0.194268954284619,0.00504874046905788,0.8731317704279618,0.3159650895564749,{}
minibatch-n10000000-d16-k100-sep1.5-s0,minibatch,10000000,16,100,1.5,0,200,False,50,22175,22175,0.0022175,158384,2451,1982,2092,51000000000.0,496.7215786629995,201000000000.0,1994.3037532050048,1000000000.0,5.452769714500391,11.592446109998491,0.9129767,85,model_posterior_oracle,0,0,0.0,,,,,,,,0.16938796575986023,0.7479225489758062,0.19612055191842284,0.8897433468190227,0.6346724877018128,1.0,0.0,13117,0.17158841108027706,0.351644470279025,0.05279551005344734,0.8816406695412868,0.24519749791283504,{}
minibatch-n10000000-d16-k100-sep1.5-s0,minibatch,10000000,16,100,1.5,0,200,False,60,16214,16214,0.0016214,143884,1714,1500,1410,61000000000.0,595.2696700899996,201000000000.0,1994.3037532050048,1000000000.0,5.452769714500391,11.592446109998491,0.9129767,85,stop,0,0,0.008732125999813434,120041,0.0120041,0.0036811663719427123,0.01202030313895675,0.42579559940630773,0.9053798,0.9796941366688312,0.17392376958184286,0.9130381152090786,0.08696188479092137,0.5,0.0,0.0,0.33705397205325655,8886,0.31465162783809847,0.6261534998874634,0.3130767499437317,0.5,0.08667447884544222,{}
minibatch-n10000000-d16-k100-sep1.5-s0,minibatch,10000000,16,100,1.5,0,200,False,60,16214,16214,0.0016214,143884,1714,1500,1410,61000000000.0,595.2696700899996,201000000000.0,1994.3037532050048,1000000000.0,5.452769714500391,11.592446109998491,0.9129767,85,reassign_U,1621400,0,0.056573433001176454,120029,0.0120029,0.003681164404475412,0.01202030313895675,0.42579559940630773,0.90538,0.9796959261754113,0.1724435672875293,0.9137782163562354,0.08622178364376465,0.5,0.0,0.0,0.33666302415753097,8886,0.31406172081121825,0.6259284267386901,0.312964213369345,0.5,0.08593437769828544,{}
minibatch-n10000000-d16-k100-sep1.5-s0,minibatch,10000000,16,100,1.5,0,200,False,60,16214,16214,0.0016214,143884,1714,1500,1410,61000000000.0,595.2696700899996,201000000000.0,1994.3037532050048,1000000000.0,5.452769714500391,11.592446109998491,0.9129767,85,majority,0,0,0.01471648299957451,126843,0.0126843,0.003687980733537488,0.01202030313895675,0.42579559940630773,0.9050221,0.9784404739182729,1.0129517700752435,0.4935241149623782,0.5064758850376219,0.5,0.0,0.0,0.5523277925732069,8886,0.586675786417249,1.1816340310600946,0.5908170155300473,0.5,0.5065646971752805,{}
minibatch-n10000000-d16-k100-sep1.5-s0,minibatch,10000000,16,100,1.5,0,200,False,60,16214,16214,0.0016214,143884,1714,1500,1410,61000000000.0,595.2696700899996,201000000000.0,1994.3037532050048,1000000000.0,5.452769714500391,11.592446109998491,0.9129767,85,frequency_soft,0,0,0.03961719300059485,126843,0.0126843,0.003687980733537488,0.01202030313895675,0.42579559940630773,0.9050221,0.9784404739182729,0.6725796602670684,0.4820357267008309,0.23451674759186775,0.519983138681265,0.5421124474250018,1.0,0.40168270444164966,8886,0.5129829663194554,0.8372497921328563,0.31989032799296124,0.5174424799622819,0.512716059073528,{}
minibatch-n10000000-d16-k100-sep1.5-s0,minibatch,10000000,16,100,1.5,0,200,False,60,16214,16214,0.0016214,143884,1714,1500,1410,61000000000.0,595.2696700899996,201000000000.0,1994.3037532050048,1000000000.0,5.452769714500391,11.592446109998491,0.9129767,85,markov,0,0,0.13955306299976655,120051,0.0120051,0.003681166508503919,0.01202030313895675,0.42579559940630773,0.9053793,0.9796925907044806,0.1751572714937708,0.9124213642531146,0.0875786357468854,0.5,0.0,0.0,0.3370822960895763,8886,0.3146535402177833,0.6263785730362368,0.3131892865181184,0.5,0.0872912298014062,"{""markov_seconds"": 0.1395383649996802, ""mean_states"": 2.003885531022573}"
minibatch-n10000000-d16-k100-sep1.5-s0,minibatch,10000000,16,100,1.5,0,200,False,60,16214,16214,0.0016214,143884,1714,1500,1410,61000000000.0,595.2696700899996,201000000000.0,1994.3037532050048,1000000000.0,5.452769714500391,11.592446109998491,0.9129767,85,markov_soft,0,0,0.15058345299985376,120051,0.0120051,0.003681166508503919,0.01202030313895675,0.42579559940630773,0.9053793,0.9796925907044806,0.1743187988566672,0.912570095091373,0.08712913084298747,0.5055847343813895,0.0008433413248988581,0.0017885777722955471,0.33669452794450533,8886,0.3142964150177657,0.6257336675072404,0.31279611773514954,0.5007823240857082,0.0871301639440285,"{""markov_seconds"": 0.1505666970006132, ""mean_states"": 2.003885531022573}"
minibatch-n10000000-d16-k100-sep1.5-s0,minibatch,10000000,16,100,1.5,0,200,False,60,16214,16214,0.0016214,143884,1714,1500,1410,61000000000.0,595.2696700899996,201000000000.0,1994.3037532050048,1000000000.0,5.452769714500391,11.592446109998491,0.9129767,85,markov_a0.5,0,0,0.12853370399898267,122713,0.0122713,0.00368246680633888,0.01202030313895675,0.42579559940630773,0.9052372,0.9792031619988926,0.5035154804489947,0.7482422597755026,0.2517577402244974,0.5,0.0,0.0,0.42272164822194297,8886,0.4229078268508233,0.845599819941481,0.42279990997074046,0.5,0.25121129887751326,"{""markov_seconds"": 0.12851347099967825, ""mean_states"": 2.003885531022573}"
minibatch-n10000000-d16-k100-sep1.5-s0,minibatch,10000000,16,100,1.5,0,200,False,60,16214,16214,0.0016214,143884,1714,1500,1410,61000000000.0,595.2696700899996,201000000000.0,1994.3037532050048,1000000000.0,5.452769714500391,11.592446109998491,0.9129767,85,markov_a0.5_soft,0,0,0.1802126649999991,122713,0.0122713,0.00368246680633888,0.01202030313895675,0.42579559940630773,0.9052372,0.9792031619988926,0.4145183280871264,0.6237273525630197,0.11060906663951617,0.6100619001121139,0.5120729628975745,1.0,0.3233277384164593,8886,0.4154504576826412,0.6763681106850099,0.20879026355896263,0.555865221303862,0.37132328406649934,"{""markov_seconds"": 0.18019566200018744, ""mean_states"": 2.003885531022573}"
minibatch-n10000000-d16-k100-sep1.5-s0,minibatch,10000000,16,100,1.5,0,200,False,60,16214,16214,0.0016214,143884,1714,1500,1410,61000000000.0,595.2696700899996,201000000000.0,1994.3037532050048,1000000000.0,5.452769714500391,11.592446109998491,0.9129767,85,markov_pooled,0,0,0.15360500499991758,120113,0.0120113,0.0036811725504990456,0.01202030313895675,0.42579559940630773,0.9053806,0.9796852549732104,0.1828049833477242,0.908597508326138,0.09140249167386205,0.5,0.0,0.0,0.3380530221906654,8886,0.3163560968891795,0.629079450821517,0.3145397254107585,0.5,0.0911150857283829,"{""markov_seconds"": 0.15358074699906865, ""mean_states"": 2.003885531022573}"
minibatch-n10000000-d16-k100-sep1.5-s0,minibatch,10000000,16,100,1.5,0,200,False,60,16214,16214,0.0016214,143884,1714,1500,1410,61000000000.0,595.2696700899996,201000000000.0,1994.3037532050048,1000000000.0,5.452769714500391,11.592446109998491,0.9129767,85,markov_pooled_soft,0,0,0.17015244099820848,120113,0.0120113,0.0036811725504990456,0.01202030313895675,0.42579559940630773,0.9053806,0.9796852549732104,0.18178819470081864,0.885791854043311,0.08541333283935254,0.46841521738094893,0.08094836159667251,0.6873072653262613,0.32208133645008874,8886,0.3218298864043182,0.6217163784785606,0.2942060033059065,0.4913736769314766,0.1133052773838794,"{""markov_seconds"": 0.1701386199983972, ""mean_states"": 2.003885531022573}"
minibatch-n10000000-d16-k100-sep1.5-s0,minibatch,10000000,16,100,1.5,0,200,False,60,16214,16214,0.0016214,143884,1714,1500,1410,61000000000.0,595.2696700899996,201000000000.0,1994.3037532050048,1000000000.0,5.452769714500391,11.592446109998491,0.9129767,85,markov_w5,0,0,0.13785364799878153,120045,0.0120045,0.0036811663969575914,0.01202030313895675,0.42579559940630773,0.9053794,0.9796936574292502,0.17441717034661403,0.912791414826693,0.08720858517330699,0.5,0.0,0.0,0.3370610688748138,8886,0.3146506685694958,0.6263785730362368,0.3131892865181184,0.5,0.08692117922782781,"{""markov_seconds"": 0.137833127999329, ""mean_states"": 1.4721845318860245}"
minibatch-n10000000-d16-k100-sep1.5-s0,minibatch,10000000,16,100,1.5,0,200,False,60,16214,16214,0.0016214,143884,1714,1500,1410,61000000000.0,595.2696700899996,201000000000.0,1994.3037532050048,1000000000.0,5.452769714500391,11.592446109998491,0.9129767,85,markov_w20,0,0,0.17076365600041754,120063,0.0120063,0.003681168517954525,0.01202030313895675,0.42579559940630773,0.9053784,0.9796905455453673,0.17663747378808436,0.9116812631059578,0.08831873689404224,0.5,0.0,0.0,0.33734406727041905,8886,0.31534582976278,0.6279540850776503,0.3139770425388251,0.5,0.08803133094856298,"{""markov_seconds"": 0.1707449989989982, ""mean_states"": 2.013753546317997}"
minibatch-n10000000-d16-k100-sep1.5-s0,minibatch,10000000,16,100,1.5,0,200,False,60,16214,16214,0.0016214,143884,1714,1500,1410,61000000000.0,595.2696700899996,201000000000.0,1994.3037532050048,1000000000.0,5.452769714500391,11.592446109998491,0.9129767,85,reassign_all,1000000000,0,12.230270999998538,119425,0.0119425,0.0036811009849020415,0.01202030313895675,0.42579559940630773,0.9054096,0.9798098515965027,0.1724435672875293,0.9137782163562354,0.08622178364376465,0.5,0.0,0.0,0.33666302415753097,8886,0.31406172081121825,0.6259284267386901,0.312964213369345,0.5,0.08593437769828544,{}
minibatch-n10000000-d16-k100-sep1.5-s0,minibatch,10000000,16,100,1.5,0,200,False,60,16214,16214,0.0016214,143884,1714,1500,1410,61000000000.0,595.2696700899996,201000000000.0,1994.3037532050048,1000000000.0,5.452769714500391,11.592446109998491,0.9129767,85,fcm_soft,1621400,0,0.084003579999262,120029,0.0120029,0.003681164404475412,0.01202030313895675,0.42579559940630773,0.90538,0.9796959261754113,0.952013199645554,0.03006852120094206,0.8834918285306023,0.7532300366614448,4.523627165782795,1.0,0.9108001902985017,8886,0.9292467231332222,0.9548756547509523,0.6558986743315339,0.7619232648358862,0.9690260585351628,{}
minibatch-n10000000-d16-k100-sep1.5-s0,minibatch,10000000,16,100,1.5,0,200,False,60,16214,16214,0.0016214,143884,1714,1500,1410,61000000000.0,595.2696700899996,201000000000.0,1994.3037532050048,1000000000.0,5.452769714500391,11.592446109998491,0.9129767,85,gmm_plugin_soft,1621400,0,0.38985437199880835,125281,0.0125281,0.00369017332865873,0.01202030313895675,0.42579559940630773,0.9052329,0.9787329539859825,0.563068742052964,0.4261469072628223,0.0943382453417598,0.6568596994367977,1.0558701293712442,1.0,0.3079392732779514,8886,0.45323507000183727,0.6307677127186395,0.07021189975386313,0.6931066047852801,0.5672494286215954,{}
minibatch-n10000000-d16-k100-sep1.5-s0,minibatch,10000000,16,100,1.5,0,200,False,60,16214,16214,0.0016214,143884,1714,1500,1410,61000000000.0,595.2696700899996,201000000000.0,1994.3037532050048,1000000000.0,5.452769714500391,11.592446109998491,0.9129767,85,full_convergence,140000000000.0,140,1399.0340831150052,0,0.0,0.0,0.0,0.0,0.9129767,1.0,0.0,1.0,0.0,nan,0.0,0.0,0.2841463843472871,8886,0.3052040978982777,0.6058969164978618,0.3029484582489309,0.5,0.010767238189219194,{}
minibatch-n10000000-d16-k100-sep1.5-s0,minibatch,10000000,16,100,1.5,0,200,False,60,16214,16214,0.0016214,143884,1714,1500,1410,61000000000.0,595.2696700899996,201000000000.0,1994.3037532050048,1000000000.0,5.452769714500391,11.592446109998491,0.9129767,85,true_posterior_oracle,0,0,0.0,,,,,,,,0.5171881158024088,0.6567719914053021,0.20862110139627316,0.4900037648686102,0.3345144618357327,0.9888984827926484,0.2897549538851677,8886,0.0,0.21966580409484454,0.007455245048970261,0.8527941068763544,0.3419291543242455,{}
minibatch-n10000000-d16-k100-sep1.5-s0,minibatch,10000000,16,100,1.5,0,200,False,60,16214,16214,0.0016214,143884,1714,1500,1410,61000000000.0,595.2696700899996,201000000000.0,1994.3037532050048,1000000000.0,5.452769714500391,11.592446109998491,0.9129767,85,model_posterior_oracle,0,0,0.0,,,,,,,,0.19884131621164366,0.7158536156527129,0.2152550387131544,0.8623315584732552,0.6889925030907744,1.0,0.0,8886,0.2098775595872933,0.408659011976512,0.07395803730636091,0.8689706014026282,0.27669504367380265,{}
minibatch-n10000000-d16-k100-sep1.5-s0,minibatch,10000000,16,100,1.5,0,200,False,70,12938,12938,0.0012938,132187,1241,1192,1001,71000000000.0,693.6476602850007,201000000000.0,1994.3037532050048,1000000000.0,5.452769714500391,11.592446109998491,0.9129767,85,stop,0,0,0.03388436999921396,108358,0.0108358,0.0033777766976379464,0.010744122278181127,0.4063238190594174,0.90597,0.9818281741667273,0.1547379811408255,0.9226310094295873,0.07736899057041269,0.5,0.0,0.0,0.34721455633918674,6485,0.3395652306131639,0.6695451040863531,0.3347725520431766,0.5,0.07738908641211933,{}
minibatch-n10000000-d16-k100-sep1.5-s0,minibatch,10000000,16,100,1.5,0,200,False,70,12938,12938,0.0012938,132187,1241,1192,1001,71000000000.0,693.6476602850007,201000000000.0,1994.3037532050048,1000000000.0,5.452769714500391,11.592446109998491,0.9129767,85,reassign_U,1293800,0,0.02632600799915963,108352,0.0108352,0.0033777759376030225,0.010744122278181127,0.4063238190594174,0.9059709,0.9818291430214292,0.15381048075436698,0.9230947596228165,0.07690524037718349,0.5,0.0,0.0,0.3468732453619541,6485,0.3393501272329423,0.6680030840400926,0.3340015420200463,0.5,0.0769253362188901,{}
minibatch-n10000000-d16-k100-sep1.5-s0,minibatch,10000000,16,100,1.5,0,200,False,70,12938,12938,0.0012938,132187,1241,1192,1001,71000000000.0,693.6476602850007,201000000000.0,1994.3037532050048,1000000000.0,5.452769714500391,11.592446109998491,0.9129767,85,majority,0,0,0.02760649599986209,113879,0.0113879,0.0033821504016517956,0.010744122278181127,0.4063238190594174,0.9056893,0.9808275892387732,1.0081929200803834,0.4959035399598083,0.5040964600401917,0.5,0.0,0.0,0.5552391631311447,6485,0.5906038968688193,1.171318427139553,0.5856592135697765,0.5,0.5042355850981604,{}
minibatch-n10000000-d16-k100-sep1.5-s0,minibatch,10000000,16,100,1.5,0,200,False,70,12938,12938,0.0012938,132187,1241,1192,1001,71000000000.0,693.6476602850007,201000000000.0,1994.3037532050048,1000000000.0,5.452769714500391,11.592446109998491,0.9129767,85,frequency_soft,0,0,0.013042452999798115,113879,0.0113879,0.0033821504016517956,0.010744122278181127,0.4063238190594174,0.9056893,0.9808275892387732,0.6681349960204356,0.4842676260206018,0.23245829761519976,0.5088143999073149,0.5420469164213845,1.0,0.3958893989496499,6485,0.5117309339214927,0.8386524528951108,0.3171654867876918,0.5154438200122029,0.5106956252898438,{}
minibatch-n10000000-d16-k100-sep1.5-s0,minibatch,10000000,16,100,1.5,0,200,False,70,12938,12938,0.0012938,132187,1241,1192,1001,71000000000.0,693.6476602850007,201000000000.0,1994.3037532050048,1000000000.0,5.452769714500391,11.592446109998491,0.9129767,85,markov,0,0,0.11724478800169891,108368,0.0108368,0.003377776771560148,0.010744122278181127,0.4063238190594174,0.9059698,0.9818264395127163,0.1562838151182563,0.9218580924408718,0.0781419075591282,0.5,0.0,0.0,0.3472702506865712,6485,0.3397160406602764,0.6698535080956053,0.3349267540478026,0.5,0.07816200340083475,"{""markov_seconds"": 0.11722811900108354, ""mean_states"": 2.0029370845571184}"
minibatch-n10000000-d16-k100-sep1.5-s0,minibatch,10000000,16,100,1.5,0,200,False,70,12938,12938,0.0012938,132187,1241,1192,1001,71000000000.0,693.6476602850007,201000000000.0,1994.3037532050048,1000000000.0,5.452769714500391,11.592446109998491,0.9129767,85,markov_soft,0,0,0.11412791600014316,108368,0.0108368,0.003377776771560148,0.010744122278181127,0.4063238190594174,0.9059698,0.9818264395127163,0.15517572750671352,0.9220556437561975,0.07762483972985652,0.5085685695796809,0.0010736364828145477,0.002009584170660071,0.34677921336419215,6485,0.3390136832066234,0.6684753154413464,0.3341803737758203,0.5025274246901846,0.07796445208550908,"{""markov_seconds"": 0.1141132180000568, ""mean_states"": 2.0029370845571184}"
minibatch-n10000000-d16-k100-sep1.5-s0,minibatch,10000000,16,100,1.5,0,200,False,70,12938,12938,0.0012938,132187,1241,1192,1001,71000000000.0,693.6476602850007,201000000000.0,1994.3037532050048,1000000000.0,5.452769714500391,11.592446109998491,0.9129767,85,markov_a0.5,0,0,0.12562509499912267,110539,0.0110539,0.00337864636455798,0.010744122278181127,0.4063238190594174,0.9058551,0.9814323932147402,0.4918843716184882,0.7540578141907559,0.2459421858092441,0.5,0.0,0.0,0.42951612276949047,6485,0.4387869701588625,0.8712413261372398,0.4356206630686199,0.5,0.24563920234966763,"{""markov_seconds"": 0.12561042199922667, ""mean_states"": 2.0029370845571184}"
minibatch-n10000000-d16-k100-sep1.5-s0,minibatch,10000000,16,100,1.5,0,200,False,70,12938,12938,0.0012938,132187,1241,1192,1001,71000000000.0,693.6476602850007,201000000000.0,1994.3037532050048,1000000000.0,5.452769714500391,11.592446109998491,0.9129767,85,markov_a0.5_soft,0,0,0.11352156800057855,110539,0.0110539,0.00337864636455798,0.010744122278181127,0.4063238190594174,0.9058551,0.9814323932147402,0.4039472317209057,0.6283096783275829,0.1176077100743111,0.6103817818505024,0.513570085048237,1.0,0.3226851374185363,6485,0.42033752326183155,0.6897224884749715,0.21980447707476702,0.5658733497751343,0.36708095747038016,"{""markov_seconds"": 0.11350405499979388, ""mean_states"": 2.0029370845571184}"
minibatch-n10000000-d16-k100-sep1.5-s0,minibatch,10000000,16,100,1.5,0,200,False,70,12938,12938,0.0012938,132187,1241,1192,1001,71000000000.0,693.6476602850007,201000000000.0,1994.3037532050048,1000000000.0,5.452769714500391,11.592446109998491,0.9129767,85,markov_pooled,0,0,0.13226559700160578,108418,0.0108418,0.0033777837724342508,0.010744122278181127,0.4063238190594174,0.9059675,0.9818206436139912,0.16401298500541042,0.9179935074972948,0.0820064925027052,0.5,0.0,0.0,0.34930894608409063,6485,0.34390075826099453,0.6778720123361603,0.3389360061680802,0.5,0.08202658834441182,"{""markov_seconds"": 0.13224387500122248, ""mean_states"": 2.0029370845571184}"
minibatch-n10000000-d16-k100-sep1.5-s0,minibatch,10000000,16,100,1.5,0,200,False,70,12938,12938,0.0012938,132187,1241,1192,1001,71000000000.0,693.6476602850007,201000000000.0,1994.3037532050048,1000000000.0,5.452769714500391,11.592446109998491,0.9129767,85,markov_pooled_soft,0,0,0.10604334099843982,108418,0.0108418,0.0033777837724342508,0.010744122278181127,0.4063238190594174,0.9059675,0.9818206436139912,0.1638701077706352,0.8920022367879663,0.07635706926198697,0.45351107888213593,0.09058525155280425,0.6796259081774617,0.33053648470404456,6485,0.3479069794553888,0.6640864362020733,0.31038424693518946,0.4546466739383705,0.10759960262547126,"{""markov_seconds"": 0.10602824299894564, ""mean_states"": 2.0029370845571184}"
minibatch-n10000000-d16-k100-sep1.5-s0,minibatch,10000000,16,100,1.5,0,200,False,70,12938,12938,0.0012938,132187,1241,1192,1001,71000000000.0,693.6476602850007,201000000000.0,1994.3037532050048,1000000000.0,5.452769714500391,11.592446109998491,0.9129767,85,markov_w5,0,0,0.13264033300038136,108361,0.0108361,0.003377776702818025,0.010744122278181127,0.4063238190594174,0.9059701,0.9818275902453125,0.1552017313340547,0.9223991343329726,0.0776008656670274,0.5,0.0,0.0,0.34721824701262094,6485,0.33957565619836905,0.669236700077101,0.33461835003855045,0.5,0.07762096150873396,"{""markov_seconds"": 0.13257921699914732, ""mean_states"": 1.4754985314577214}"
minibatch-n10000000-d16-k100-sep1.5-s0,minibatch,10000000,16,100,1.5,0,200,False,70,12938,12938,0.0012938,132187,1241,1192,1001,71000000000.0,693.6476602850007,201000000000.0,1994.3037532050048,1000000000.0,5.452769714500391,11.592446109998491,0.9129767,85,markov_w20,0,0,0.12901464700007637,108370,0.010837,0.003377776813688449,0.010744122278181127,0.4063238190594174,0.9059699,0.9818261196334154,0.15659298191374246,0.9217035090431288,0.07829649095687119,0.5,0.0,0.0,0.3472869248537684,6485,0.33978396399096544,0.6698535080956053,0.3349267540478026,0.5,0.07831658679857784,"{""markov_seconds"": 0.1288308830007736, ""mean_states"": 2.0095068789611994}"
minibatch-n10000000-d16-k100-sep1.5-s0,minibatch,10000000,16,100,1.5,0,200,False,70,12938,12938,0.0012938,132187,1241,1192,1001,71000000000.0,693.6476602850007,201000000000.0,1994.3037532050048,1000000000.0,5.452769714500391,11.592446109998491,0.9129767,85,reassign_all,1000000000,0,11.838801097999749,107836,0.0107836,0.0033777331001700883,0.010744122278181127,0.4063238190594174,0.9059979,0.9819229480250882,0.15381048075436698,0.9230947596228165,0.07690524037718349,0.5,0.0,0.0,0.3468732453619541,6485,0.3393501272329423,0.6680030840400926,0.3340015420200463,0.5,0.0769253362188901,{}
minibatch-n10000000-d16-k100-sep1.5-s0,minibatch,10000000,16,100,1.5,0,200,False,70,12938,12938,0.0012938,132187,1241,1192,1001,71000000000.0,693.6476602850007,201000000000.0,1994.3037532050048,1000000000.0,5.452769714500391,11.592446109998491,0.9129767,85,fcm_soft,1293800,0,0.047076484999706736,108352,0.0108352,0.0033777759376030225,0.010744122278181127,0.4063238190594174,0.9059709,0.9818291430214292,0.952140022322276,0.03000880005958449,0.8929186843246281,0.7284934258498387,4.523964247885862,1.0,0.9115030636370103,6485,0.9258969573625613,0.9545554975623597,0.6345936016189301,0.7714064654941114,0.9690803268019492,{}
minibatch-n10000000-d16-k100-sep1.5-s0,minibatch,10000000,16,100,1.5,0,200,False,70,12938,12938,0.0012938,132187,1241,1192,1001,71000000000.0,693.6476602850007,201000000000.0,1994.3037532050048,1000000000.0,5.452769714500391,11.592446109998491,0.9129767,85,gmm_plugin_soft,1293800,0,0.06365141600144852,113139,0.0113139,0.0033860362404840583,0.010744122278181127,0.4063238190594174,0.9058101,0.9809824952387759,0.5797611991498353,0.41660421629371336,0.06605171291796784,0.6550815506731538,1.0712763707911597,1.0,0.3009085307122337,6485,0.4407698364959671,0.637446465874916,0.05362716714322033,0.6974612228223137,0.5766786407920612,{}
minibatch-n10000000-d16-k100-sep1.5-s0,minibatch,10000000,16,100,1.5,0,200,False,70,12938,12938,0.0012938,132187,1241,1192,1001,71000000000.0,693.6476602850007,201000000000.0,1994.3037532050048,1000000000.0,5.452769714500391,11.592446109998491,0.9129767,85,full_convergence,130000000000.0,130,1300.656092920004,0,0.0,0.0,0.0,0.0,0.9129767,1.0,0.0,1.0,0.0,nan,0.0,0.0,0.2988635682951945,6485,0.33375840751069913,0.6599845797995374,0.3299922898997687,0.5,0.010275158447982687,{}
minibatch-n10000000-d16-k100-sep1.5-s0,minibatch,10000000,16,100,1.5,0,200,False,70,12938,12938,0.0012938,132187,1241,1192,1001,71000000000.0,693.6476602850007,201000000000.0,1994.3037532050048,1000000000.0,5.452769714500391,11.592446109998491,0.9129767,85,true_posterior_oracle,0,0,0.0,,,,,,,,0.5414904102589722,0.6430734042884075,0.22178117351581253,0.49572168812413026,0.340320818062465,0.9891791621579842,0.30472927282847084,6485,0.0,0.2418559361431566,0.012046824937758084,0.8440161608989752,0.35565112350061356,{}
minibatch-n10000000-d16-k100-sep1.5-s0,minibatch,10000000,16,100,1.5,0,200,False,70,12938,12938,0.0012938,132187,1241,1192,1001,71000000000.0,693.6476602850007,201000000000.0,1994.3037532050048,1000000000.0,5.452769714500391,11.592446109998491,0.9129767,85,model_posterior_oracle,0,0,0.0,,,,,,,,0.21576920537222125,0.7011364317048054,0.21904346707900196,0.850909890833098,0.7045425062760845,1.0,0.0,6485,0.23150190585474123,0.44470139906213213,0.06851661761135293,0.8514146260663115,0.2915807910224281,{}
minibatch-n10000000-d16-k100-sep1.5-s0,minibatch,10000000,16,100,1.5,0,200,False,80,11308,11308,0.0011308,121904,1025,1075,823,81000000000.0,791.4697183520002,201000000000.0,1994.3037532050048,1000000000.0,5.452769714500391,11.592446109998491,0.9129767,85,stop,0,0,0.2263463210001646,98085,0.0098085,0.003141946288958808,0.00965106557822113,0.3857745041770463,0.9065092,0.9836253056696819,0.14556066501591794,0.927219667492041,0.07278033250795901,0.5,0.0,0.0,0.3413940968808912,5291,0.3444251253506044,0.6822906822906822,0.3411453411453411,0.5,0.07214892111779271,{}
minibatch-n10000000-d16-k100-sep1.5-s0,minibatch,10000000,16,100,1.5,0,200,False,80,11308,11308,0.0011308,121904,1025,1075,823,81000000000.0,791.4697183520002,201000000000.0,1994.3037532050048,1000000000.0,5.452769714500391,11.592446109998491,0.9129767,85,reassign_U,1130800,0,0.03792711899950518,98084,0.0098084,0.00314194613610308,0.00965106557822113,0.3857745041770463,0.9065089,0.9836253660705534,0.14538379908029714,0.9273081004598515,0.07269189954014854,0.5,0.0,0.0,0.3413557318602395,5291,0.34444452729670927,0.683046683046683,0.3415233415233415,0.5,0.07206048814998231,{}
minibatch-n10000000-d16-k100-sep1.5-s0,minibatch,10000000,16,100,1.5,0,200,False,80,11308,11308,0.0011308,121904,1025,1075,823,81000000000.0,791.4697183520002,201000000000.0,1994.3037532050048,1000000000.0,5.452769714500391,11.592446109998491,0.9129767,85,majority,0,0,0.03055516499989608,103127,0.0103127,0.0031457304511282036,0.00965106557822113,0.3857745041770463,0.9062378,0.9827536227955385,1.0373187124159886,0.48134064379200564,0.5186593562079944,0.5,0.0,0.0,0.5650633915184315,5291,0.6120198755267059,1.2194292194292193,0.6097146097146098,0.5,0.5185903784931022,{}
minibatch-n10000000-d16-k100-sep1.5-s0,minibatch,10000000,16,100,1.5,0,200,False,80,11308,11308,0.0011308,121904,1025,1075,823,81000000000.0,791.4697183520002,201000000000.0,1994.3037532050048,1000000000.0,5.452769714500391,11.592446109998491,0.9129767,85,frequency_soft,0,0,0.02671684500091942,103127,0.0103127,0.0031457304511282036,0.00965106557822113,0.3857745041770463,0.9062378,0.9827536227955385,0.6818898052135984,0.47634820079107304,0.24442872302794483,0.49841592161127746,0.5443965698886791,1.0,0.4039555262954581,5291,0.5212336961243875,0.8593854213688923,0.33410078864624315,0.5127484166930614,0.51824581149307,{}
minibatch-n10000000-d16-k100-sep1.5-s0,minibatch,10000000,16,100,1.5,0,200,False,80,11308,11308,0.0011308,121904,1025,1075,823,81000000000.0,791.4697183520002,201000000000.0,1994.3037532050048,1000000000.0,5.452769714500391,11.592446109998491,0.9129767,85,markov,0,0,0.11130159400090633,98087,0.0098087,0.0031419463144233273,0.00965106557822113,0.3857745041770463,0.9065088,0.9836251258562633,0.14591439688715954,0.9270428015564203,0.07295719844357973,0.5,0.0,0.0,0.3413977678051793,5291,0.34440069205297014,0.683046683046683,0.3415233415233415,0.5,0.07232578705341351,"{""markov_seconds"": 0.11127901100007875, ""mean_states"": 2.0025645560665017}"
minibatch-n10000000-d16-k100-sep1.5-s0,minibatch,10000000,16,100,1.5,0,200,False,80,11308,11308,0.0011308,121904,1025,1075,823,81000000000.0,791.4697183520002,201000000000.0,1994.3037532050048,1000000000.0,5.452769714500391,11.592446109998491,0.9129767,85,markov_soft,0,0,0.1720756810009334,98087,0.0098087,0.0031419463144233273,0.00965106557822113,0.3857745041770463,0.9065088,0.9836251258562633,0.1455205741179596,0.9269741931509238,0.07275126005358637,0.5036707049508728,0.0008210693607334139,0.0016802263883975946,0.34104151562889734,5291,0.34411373477726087,0.6824715695378283,0.34118472460718463,0.5006667367686704,0.07239439545890991,"{""markov_seconds"": 0.1720638830011012, ""mean_states"": 2.0025645560665017}"
minibatch-n10000000-d16-k100-sep1.5-s0,minibatch,10000000,16,100,1.5,0,200,False,80,11308,11308,0.0011308,121904,1025,1075,823,81000000000.0,791.4697183520002,201000000000.0,1994.3037532050048,1000000000.0,5.452769714500391,11.592446109998491,0.9129767,85,markov_a0.5,0,0,0.15855941200061352,100091,0.0100091,0.003142693346660952,0.00965106557822113,0.3857745041770463,0.9064031,0.9832745901606414,0.5003537318712415,0.7498231340643792,0.25017686593562083,0.5,0.0,0.0,0.42944663753249984,5291,0.4481458638206749,0.8879228879228879,0.443961443961444,0.5,0.24972939511850017,"{""markov_seconds"": 0.15854456099987146, ""mean_states"": 2.0025645560665017}"
minibatch-n10000000-d16-k100-sep1.5-s0,minibatch,10000000,16,100,1.5,0,200,False,80,11308,11308,0.0011308,121904,1025,1075,823,81000000000.0,791.4697183520002,201000000000.0,1994.3037532050048,1000000000.0,5.452769714500391,11.592446109998491,0.9129767,85,markov_a0.5_soft,0,0,0.20327560500118125,100091,0.0100091,0.003142693346660952,0.00965106557822113,0.3857745041770463,0.9064031,0.9832745901606414,0.4085845927130507,0.6236088474184297,0.12138146966694552,0.6007742456140264,0.5192888031935139,1.0,0.32977121695747436,5291,0.42602115327604884,0.7029688398017956,0.2263691990998704,0.5506123206745194,0.37133370582775815,"{""markov_seconds"": 0.2032574510012637, ""mean_states"": 2.0025645560665017}"
minibatch-n10000000-d16-k100-sep1.5-s0,minibatch,10000000,16,100,1.5,0,200,False,80,11308,11308,0.0011308,121904,1025,1075,823,81000000000.0,791.4697183520002,201000000000.0,1994.3037532050048,1000000000.0,5.452769714500391,11.592446109998491,0.9129767,85,markov_pooled,0,0,0.15474679799990554,98148,0.0098148,0.003141953585415358,0.00965106557822113,0.3857745041770463,0.906507,0.9836165007889867,0.1567032189600283,0.9216483905199858,0.07835160948001418,0.5,0.0,0.0,0.3433203760517938,5291,0.34869622556479746,0.6921186921186921,0.3460593460593461,0.5,0.07768482490272373,"{""markov_seconds"": 0.15473098499933258, ""mean_states"": 2.0025645560665017}"
minibatch-n10000000-d16-k100-sep1.5-s0,minibatch,10000000,16,100,1.5,0,200,False,80,11308,11308,0.0011308,121904,1025,1075,823,81000000000.0,791.4697183520002,201000000000.0,1994.3037532050048,1000000000.0,5.452769714500391,11.592446109998491,0.9129767,85,markov_pooled_soft,0,0,0.20153884600040328,98148,0.0098148,0.003141953585415358,0.00965106557822113,0.3857745041770463,0.906507,0.9836165007889867,0.1555079651695206,0.8966325148271976,0.07195627751806191,0.4310104558294595,0.090646752243178,0.7059603820304209,0.32467588052209895,5291,0.35270063076322444,0.6765170260111988,0.31538767361963466,0.404509128275714,0.10238713735669651,"{""markov_seconds"": 0.20151997300126823, ""mean_states"": 2.0025645560665017}"
minibatch-n10000000-d16-k100-sep1.5-s0,minibatch,10000000,16,100,1.5,0,200,False,80,11308,11308,0.0011308,121904,1025,1075,823,81000000000.0,791.4697183520002,201000000000.0,1994.3037532050048,1000000000.0,5.452769714500391,11.592446109998491,0.9129767,85,markov_w5,0,0,0.11262584199903358,98085,0.0098085,0.0031419462900126316,0.00965106557822113,0.3857745041770463,0.9065092,0.983625207892854,0.14556066501591794,0.927219667492041,0.07278033250795901,0.5,0.0,0.0,0.34139314908201585,5291,0.3444239194260897,0.6826686826686826,0.3413343413343414,0.5,0.07214892111779271,"{""markov_seconds"": 0.11260550999941188, ""mean_states"": 1.4923063318004952}"
minibatch-n10000000-d16-k100-sep1.5-s0,minibatch,10000000,16,100,1.5,0,200,False,80,11308,11308,0.0011308,121904,1025,1075,823,81000000000.0,791.4697183520002,201000000000.0,1994.3037532050048,1000000000.0,5.452769714500391,11.592446109998491,0.9129767,85,markov_w20,0,0,0.12129466400074307,98092,0.0098092,0.0031419463892339294,0.00965106557822113,0.3857745041770463,0.9065087,0.9836245045350182,0.14679872656526352,0.9266006367173683,0.07339936328263175,0.5,0.0,0.0,0.34154870409223564,5291,0.34475599956160813,0.6841806841806842,0.34209034209034206,0.5,0.07276795189246552,"{""markov_seconds"": 0.12127871200027585, ""mean_states"": 2.0089317297488503}"
minibatch-n10000000-d16-k100-sep1.5-s0,minibatch,10000000,16,100,1.5,0,200,False,80,11308,11308,0.0011308,121904,1025,1075,823,81000000000.0,791.4697183520002,201000000000.0,1994.3037532050048,1000000000.0,5.452769714500391,11.592446109998491,0.9129767,85,reassign_all,1000000000,0,11.988401104999866,97610,0.009761,0.0031419072131966264,0.00965106557822113,0.3857745041770463,0.9065364,0.983707944074936,0.14538379908029714,0.9273081004598515,0.07269189954014854,0.5,0.0,0.0,0.3413557318602395,5291,0.34444452729670927,0.683046683046683,0.3415233415233415,0.5,0.07206048814998231,{}
minibatch-n10000000-d16-k100-sep1.5-s0,minibatch,10000000,16,100,1.5,0,200,False,80,11308,11308,0.0011308,121904,1025,1075,823,81000000000.0,791.4697183520002,201000000000.0,1994.3037532050048,1000000000.0,5.452769714500391,11.592446109998491,0.9129767,85,fcm_soft,1130800,0,0.057796064000285696,98084,0.0098084,0.00314194613610308,0.00965106557822113,0.3857745041770463,0.9065089,0.9836253660705534,0.9524105266873187,0.029866472165560726,0.8972849693266011,0.7290473730934492,4.524820914609945,1.0,0.9141411541783504,5291,0.926007768773684,0.9537865147682932,0.6266947629845406,0.7700605566946248,0.9691962294266304,{}
minibatch-n10000000-d16-k100-sep1.5-s0,minibatch,10000000,16,100,1.5,0,200,False,80,11308,11308,0.0011308,121904,1025,1075,823,81000000000.0,791.4697183520002,201000000000.0,1994.3037532050048,1000000000.0,5.452769714500391,11.592446109998491,0.9129767,85,gmm_plugin_soft,1130800,0,0.07014014200103702,102710,0.010271,0.0031503145394731202,0.00965106557822113,0.3857745041770463,0.9063252,0.9828456165589826,0.6000648709996536,0.4059493339023018,0.05261713089158822,0.6625755514125483,1.082805002884915,1.0,0.31152968100804673,5291,0.42500434181157065,0.6274266150327865,0.0668087017535276,0.7299928610700911,0.587178232942279,{}
minibatch-n10000000-d16-k100-sep1.5-s0,minibatch,10000000,16,100,1.5,0,200,False,80,11308,11308,0.0011308,121904,1025,1075,823,81000000000.0,791.4697183520002,201000000000.0,1994.3037532050048,1000000000.0,5.452769714500391,11.592446109998491,0.9129767,85,full_convergence,120000000000.0,120,1202.8340348530046,0,0.0,0.0,0.0,0.0,0.9129767,1.0,0.0,1.0,0.0,nan,0.0,0.0,0.29720639233303586,5291,0.3399739915512837,0.6713286713286714,0.3356643356643356,0.5,0.010277679518924655,{}
minibatch-n10000000-d16-k100-sep1.5-s0,minibatch,10000000,16,100,1.5,0,200,False,80,11308,11308,0.0011308,121904,1025,1075,823,81000000000.0,791.4697183520002,201000000000.0,1994.3037532050048,1000000000.0,5.452769714500391,11.592446109998491,0.9129767,85,true_posterior_oracle,0,0,0.0,,,,,,,,0.5181614796432173,0.6553481588047358,0.20979503252226472,0.5255185203633355,0.3357592956391079,0.9882384152812168,0.2947855950056148,5291,0.0,0.24529316389951483,0.007476413557961294,0.8479790972924499,0.3431345385790809,{}
minibatch-n10000000-d16-k100-sep1.5-s0,minibatch,10000000,16,100,1.5,0,200,False,80,11308,11308,0.0011308,121904,1025,1075,823,81000000000.0,791.4697183520002,201000000000.0,1994.3037532050048,1000000000.0,5.452769714500391,11.592446109998491,0.9129767,85,model_posterior_oracle,0,0,0.0,,,,,,,,0.2216132705953166,0.7027936076669642,0.21122145994322133,0.8509435563540634,0.6837608938689073,1.0,0.0,5291,0.23663398174820618,0.453334820894995,0.0779056039394506,0.8603947735857376,0.28980028415998843,{}
minibatch-n10000000-d16-k100-sep1.5-s0,minibatch,10000000,16,100,1.5,0,200,False,90,10207,10207,0.0010207,112524,827,973,628,91000000000.0,888.2274392199988,201000000000.0,1994.3037532050048,1000000000.0,5.452769714500391,11.592446109998491,0.9129767,85,stop,0,0,0.009989491998567246,88674,0.0088674,0.0029442676148057068,0.008680164354663993,0.36374962015297013,0.9070029,0.9852334838582592,0.12305280689722739,0.9384735965513863,0.06152640344861371,0.5,0.0,0.0,0.3328532570611776,4467,0.35282646191397726,0.711439444817551,0.3557197224087755,0.5,0.062133829724698726,{}
minibatch-n10000000-d16-k100-sep1.5-s0,minibatch,10000000,16,100,1.5,0,200,False,90,10207,10207,0.0010207,112524,827,973,628,91000000000.0,888.2274392199988,201000000000.0,1994.3037532050048,1000000000.0,5.452769714500391,11.592446109998491,0.9129767,85,reassign_U,1020700,0,0.06039302499993937,88662,0.0088662,0.0029442663439336325,0.008680164354663993,0.36374962015297013,0.9070034,0.9852354443350211,0.12070147937689821,0.9396492603115509,0.06035073968844906,0.5,0.0,0.0,0.33239600853337753,4467,0.3527781232409674,0.7118871725990598,0.35594358629952993,0.5,0.060958165964534135,{}
minibatch-n10000000-d16-k100-sep1.5-s0,minibatch,10000000,16,100,1.5,0,200,False,90,10207,10207,0.0010207,112524,827,973,628,91000000000.0,888.2274392199988,201000000000.0,1994.3037532050048,1000000000.0,5.452769714500391,11.592446109998491,0.9129767,85,majority,0,0,0.012524331999884453,93254,0.0093254,0.0029476582287726316,0.008680164354663993,0.36374962015297013,0.9067567,0.984454041811528,1.0204761438228667,0.48976192808856667,0.5102380719114333,0.5,0.0,0.0,0.5584666745683331,4467,0.6109697463103476,1.220505932393105,0.6102529661965526,0.5,0.5104692857842656,{}
minibatch-n10000000-d16-k100-sep1.5-s0,minibatch,10000000,16,100,1.5,0,200,False,90,10207,10207,0.0010207,112524,827,973,628,91000000000.0,888.2274392199988,201000000000.0,1994.3037532050048,1000000000.0,5.452769714500391,11.592446109998491,0.9129767,85,frequency_soft,0,0,0.10982031000094139,93254,0.0093254,0.0029476582287726316,0.008680164354663993,0.36374962015297013,0.9067567,0.984454041811528,0.667992392192362,0.4828504502257808,0.235212910925657,0.5008401449875228,0.5452119234970608,1.0,0.40148546769532695,4467,0.5202688581425541,0.8646030486191668,0.3343305452103303,0.5224984755474439,0.5117742725580484,{}
minibatch-n10000000-d16-k100-sep1.5-s0,minibatch,10000000,16,100,1.5,0,200,False,90,10207,10207,0.0010207,112524,827,973,628,91000000000.0,888.2274392199988,201000000000.0,1994.3037532050048,1000000000.0,5.452769714500391,11.592446109998491,0.9129767,85,markov,0,0,0.09074234500076273,88677,0.0088677,0.0029442676626125763,0.008680164354663993,0.36374962015297013,0.9070026,0.9852330927498151,0.12364063877730969,0.9381796806113452,0.06182031938865484,0.5,0.0,0.0,0.3329354073376656,4467,0.35305414646967875,0.7123349003805686,0.3561674501902843,0.5,0.06242774566473988,"{""markov_seconds"": 0.09072922199993627, ""mean_states"": 2.0015675516802194}"
minibatch-n10000000-d16-k100-sep1.5-s0,minibatch,10000000,16,100,1.5,0,200,False,90,10207,10207,0.0010207,112524,827,973,628,91000000000.0,888.2274392199988,201000000000.0,1994.3037532050048,1000000000.0,5.452769714500391,11.592446109998491,0.9129767,85,markov_soft,0,0,0.19833747200027574,88677,0.0088677,0.0029442676626125763,0.008680164354663993,0.36374962015297013,0.9070026,0.9852330927498151,0.12318452026228756,0.9381861917022329,0.06152994569162267,0.5050776538546577,0.0007036634280027909,0.0015675516802194573,0.3326450336406333,4467,0.35281474645150895,0.7119914524446509,0.35592805017211465,0.4997603653723263,0.06242123457385187,"{""markov_seconds"": 0.19831703499949072, ""mean_states"": 2.0015675516802194}"
minibatch-n10000000-d16-k100-sep1.5-s0,minibatch,10000000,16,100,1.5,0,200,False,90,10207,10207,0.0010207,112524,827,973,628,91000000000.0,888.2274392199988,201000000000.0,1994.3037532050048,1000000000.0,5.452769714500391,11.592446109998491,0.9129767,85,markov_a0.5,0,0,0.08126825799990911,90439,0.0090439,0.0029449397897798324,0.008680164354663993,0.36374962015297013,0.9069031,0.9849355886347142,0.46889389634564516,0.7655530518271775,0.23444694817282252,0.5,0.0,0.0,0.42292154670368026,4467,0.45266261928776863,0.9088873964629506,0.45444369823147523,0.5,0.23476241794846675,"{""markov_seconds"": 0.08125441199990746, ""mean_states"": 2.0015675516802194}"
minibatch-n10000000-d16-k100-sep1.5-s0,minibatch,10000000,16,100,1.5,0,200,False,90,10207,10207,0.0010207,112524,827,973,628,91000000000.0,888.2274392199988,201000000000.0,1994.3037532050048,1000000000.0,5.452769714500391,11.592446109998491,0.9129767,85,markov_a0.5_soft,0,0,0.09869175799940422,90439,0.0090439,0.0029449397897798324,0.008680164354663993,0.36374962015297013,0.9069031,0.9849355886347142,0.39134014276320744,0.6324825562640377,0.1272311711034515,0.6001095144517041,0.5185334287381159,1.0,0.32849689419077366,4467,0.4306688538472231,0.7200833472147843,0.2277726004729203,0.5626658796752042,0.3627580327247143,"{""markov_seconds"": 0.09867685199969856, ""mean_states"": 2.0015675516802194}"
minibatch-n10000000-d16-k100-sep1.5-s0,minibatch,10000000,16,100,1.5,0,200,False,90,10207,10207,0.0010207,112524,827,973,628,91000000000.0,888.2274392199988,201000000000.0,1994.3037532050048,1000000000.0,5.452769714500391,11.592446109998491,0.9129767,85,markov_pooled,0,0,0.13843270600045798,88743,0.0088743,0.002944275958491005,0.008680164354663993,0.36374962015297013,0.9070003,0.9852243024125388,0.13657294013912022,0.9317135299304399,0.06828647006956012,0.5,0.0,0.0,0.3359952185487659,4467,0.36035612509685605,0.7257667338258339,0.3628833669129169,0.5,0.0688586264328402,"{""markov_seconds"": 0.13841433400011738, ""mean_states"": 2.0015675516802194}"
minibatch-n10000000-d16-k100-sep1.5-s0,minibatch,10000000,16,100,1.5,0,200,False,90,10207,10207,0.0010207,112524,827,973,628,91000000000.0,888.2274392199988,201000000000.0,1994.3037532050048,1000000000.0,5.452769714500391,11.592446109998491,0.9129767,85,markov_pooled_soft,0,0,0.14336298600028385,88743,0.0088743,0.002944275958491005,0.008680164354663993,0.36374962015297013,0.9070003,0.9852243024125388,0.13446483934276598,0.9080730878671247,0.059641137763676036,0.504701160297927,0.0875300639039389,0.6455373763103752,0.3166372216052358,4467,0.3623542211137221,0.7061215679330739,0.3283353051639101,0.4134304540329121,0.09209188318977572,"{""markov_seconds"": 0.1433444390004297, ""mean_states"": 2.0015675516802194}"
minibatch-n10000000-d16-k100-sep1.5-s0,minibatch,10000000,16,100,1.5,0,200,False,90,10207,10207,0.0010207,112524,827,973,628,91000000000.0,888.2274392199988,201000000000.0,1994.3037532050048,1000000000.0,5.452769714500391,11.592446109998491,0.9129767,85,markov_w5,0,0,0.08624774400050228,88675,0.0088675,0.0029442676151167912,0.008680164354663993,0.36374962015297013,0.9070028,0.9852332902305997,0.12324875085725483,0.9383756245713726,0.06162437542862742,0.5,0.0,0.0,0.33285304896015494,4467,0.3528322076877112,0.7118871725990598,0.35594358629952993,0.5,0.062231801704712444,"{""markov_seconds"": 0.0862308949999715, ""mean_states"": 1.4873126285882237}"
minibatch-n10000000-d16-k100-sep1.5-s0,minibatch,10000000,16,100,1.5,0,200,False,90,10207,10207,0.0010207,112524,827,973,628,91000000000.0,888.2274392199988,201000000000.0,1994.3037532050048,1000000000.0,5.452769714500391,11.592446109998491,0.9129767,85,markov_w20,0,0,0.12661052099974768,88677,0.0088677,0.002944267814834145,0.008680164354663993,0.36374962015297013,0.9070025,0.9852330953893933,0.12364063877730969,0.9381796806113452,0.06182031938865484,0.5,0.0,0.0,0.332928207696637,4467,0.3528290650211192,0.7123349003805686,0.3561674501902843,0.5,0.06242774566473988,"{""markov_seconds"": 0.12659559100029583, ""mean_states"": 2.0071519545410013}"
minibatch-n10000000-d16-k100-sep1.5-s0,minibatch,10000000,16,100,1.5,0,200,False,90,10207,10207,0.0010207,112524,827,973,628,91000000000.0,888.2274392199988,201000000000.0,1994.3037532050048,1000000000.0,5.452769714500391,11.592446109998491,0.9129767,85,reassign_all,1000000000,0,11.837961265000558,88192,0.0088192,0.002944225258306732,0.008680164354663993,0.36374962015297013,0.9070302,0.9853140498717257,0.12070147937689821,0.9396492603115509,0.06035073968844906,0.5,0.0,0.0,0.33239600853337753,4467,0.3527781232409674,0.7118871725990598,0.35594358629952993,0.5,0.060958165964534135,{}
minibatch-n10000000-d16-k100-sep1.5-s0,minibatch,10000000,16,100,1.5,0,200,False,90,10207,10207,0.0010207,112524,827,973,628,91000000000.0,888.2274392199988,201000000000.0,1994.3037532050048,1000000000.0,5.452769714500391,11.592446109998491,0.9129767,85,fcm_soft,1020700,0,0.06471004800005176,88662,0.0088662,0.0029442663439336325,0.008680164354663993,0.36374962015297013,0.9070034,0.9852354443350211,0.9530650554105305,0.029518063891827873,0.9100051084069367,0.7051256792420383,4.526023565091244,1.0,0.9154962880668438,4467,0.9266159667899535,0.954131889925202,0.6123110534100948,0.7832508093904597,0.9695464791551165,{}
minibatch-n10000000-d16-k100-sep1.5-s0,minibatch,10000000,16,100,1.5,0,200,False,90,10207,10207,0.0010207,112524,827,973,628,91000000000.0,888.2274392199988,201000000000.0,1994.3037532050048,1000000000.0,5.452769714500391,11.592446109998491,0.9129767,85,gmm_plugin_soft,1020700,0,0.05823970900019049,93349,0.0093349,0.0029532864178316576,0.008680164354663993,0.36374962015297013,0.9068014,0.9844666639235795,0.6156542367457144,0.3954632672139821,0.054755355485925986,0.6706119746925236,1.1052564305722157,1.0,0.32282523656723056,4467,0.4216737033904503,0.6320149190475447,0.09874922705425085,0.7557684241091231,0.5975579704223817,{}
minibatch-n10000000-d16-k100-sep1.5-s0,minibatch,10000000,16,100,1.5,0,200,False,90,10207,10207,0.0010207,112524,827,973,628,91000000000.0,888.2274392199988,201000000000.0,1994.3037532050048,1000000000.0,5.452769714500391,11.592446109998491,0.9129767,85,full_convergence,110000000000.0,110,1106.076313985006,0,0.0,0.0,0.0,0.0,0.9129767,1.0,0.0,1.0,0.0,nan,0.0,0.0,0.29572848506934535,4467,0.3495937968350429,0.7060667114394448,0.3530333557197224,0.5,0.010749485647104928,{}
minibatch-n10000000-d16-k100-sep1.5-s0,minibatch,10000000,16,100,1.5,0,200,False,90,10207,10207,0.0010207,112524,827,973,628,91000000000.0,888.2274392199988,201000000000.0,1994.3037532050048,1000000000.0,5.452769714500391,11.592446109998491,0.9129767,85,true_posterior_oracle,0,0,0.0,,,,,,,,0.5129657064793139,0.6619305793342358,0.20445741549381125,0.551729294979739,0.32062875361266296,0.9860879788380523,0.2920293265730465,4467,0.0,0.2531503713531091,0.013032557109064376,0.8459409785713472,0.33606955716992154,{}
minibatch-n10000000-d16-k100-sep1.5-s0,minibatch,10000000,16,100,1.5,0,200,False,90,10207,10207,0.0010207,112524,827,973,628,91000000000.0,888.2274392199988,201000000000.0,1994.3037532050048,1000000000.0,5.452769714500391,11.592446109998491,0.9129767,85,model_posterior_oracle,0,0,0.0,,,,,,,,0.22548100896739975,0.7042715149306547,0.19850744183055447,0.8515633543167643,0.6701977294448458,1.0,0.0,4467,0.24950218393002585,0.4797560702810976,0.07641509075445616,0.8466434345875969,0.2877709408540219,{}
minibatch-n10000000-d16-k100-sep2.0-s0,minibatch,10000000,16,100,2.0,0,200,False,10,1558103,200000,0.1558103,7157,2277,359,2134,11000000000.0,106.36820358299883,201000000000.0,1988.432995358,1000000000.0,5.873799140999836,12.202939939998032,0.9231571,85,stop,0,0,0.02352773900020111,6796,0.0006796,2.641508681122673e-06,0.0005990323533953244,0.006296690693807846,0.9231324,0.9993453415363318,0.00273,0.998635,0.0013649999999999496,0.5,0.0,0.0,0.047252101904953034,134057,0.02454897455794602,0.04841224255354066,0.024206121276770354,0.5,0.0013525999999999998,{}
minibatch-n10000000-d16-k100-sep2.0-s0,minibatch,10000000,16,100,2.0,0,200,False,10,1558103,200000,0.1558103,7157,2277,359,2134,11000000000.0,106.36820358299883,201000000000.0,1988.432995358,1000000000.0,5.873799140999836,12.202939939998032,0.9231571,85,reassign_U,155810300,0,1.9684981490008795,6756,0.0006756,2.640224590066964e-06,0.0005990323533953244,0.006296690693807846,0.92313,0.9993496076475549,0.00262,0.99869,0.0013100000000000334,0.5,0.0,0.0,0.04724894509576453,134057,0.02454885513288368,0.04842716158052172,0.024213580790260814,0.5,0.0012975999999999999,{}
minibatch-n10000000-d16-k100-sep2.0-s0,minibatch,10000000,16,100,2.0,0,200,False,10,1558103,200000,0.1558103,7157,2277,359,2134,11000000000.0,106.36820358299883,201000000000.0,1988.432995358,1000000000.0,5.873799140999836,12.202939939998032,0.9231571,85,majority,0,0,0.8653131780010881,8550,0.000855,2.930680010004849e-06,0.0005990323533953244,0.006296690693807846,0.9231116,0.9991697499112244,0.00485,0.997575,0.0024250000000000105,0.5,0.0,0.0,0.04729786628729498,134057,0.024549145054808385,0.04842716158052172,0.024213580790260814,0.5,0.0024126,{}
minibatch-n10000000-d16-k100-sep2.0-s0,minibatch,10000000,16,100,2.0,0,200,False,10,1558103,200000,0.1558103,7157,2277,359,2134,11000000000.0,106.36820358299883,201000000000.0,1988.432995358,1000000000.0,5.873799140999836,12.202939939998032,0.9231571,85,frequency_soft,0,0,0.8157118489998538,8550,0.000855,2.930680010004849e-06,0.0005990323533953244,0.006296690693807846,0.9231116,0.9991697499112244,0.02050917355371901,0.9061831818181815,0.08993045454545481,0.7398941370903447,0.3070242412625107,1.0,0.10925715904783236,134057,0.10904434345988695,0.059764882299665666,0.06732889062793546,0.5160603336068486,0.09379583636363638,{}
minibatch-n10000000-d16-k100-sep2.0-s0,minibatch,10000000,16,100,2.0,0,200,False,10,1558103,200000,0.1558103,7157,2277,359,2134,11000000000.0,106.36820358299883,201000000000.0,1988.432995358,1000000000.0,5.873799140999836,12.202939939998032,0.9231571,85,markov,0,0,13.62462540100023,7105,0.0007105,2.672782458024159e-06,0.0005990323533953244,0.006296690693807846,0.923137,0.999313319284782,0.00311,0.998445,0.001554999999999973,0.5,0.0,0.0,0.04726137284796721,134057,0.02454897455794602,0.04841224255354066,0.024206121276770354,0.5,0.0015425999999999999,"{""markov_seconds"": 13.624570769999991, ""mean_states"": 2.000978112486787}"
