t,cost,err_keep,err_settle,instance
0,0.0,0.219968,,exact-sep1.5-s0
1,0.10660291058857808,0.086572,0.086572,exact-sep1.5-s0
2,0.16943290272512618,0.055466,0.055466,exact-sep1.5-s0
3,0.25732452269742545,0.035644,0.041389,exact-sep1.5-s0
4,0.3215282772300308,0.018415,0.027962,exact-sep1.5-s0
5,0.4058976006335077,0.012091,0.019805,exact-sep1.5-s0
6,0.4311598279260443,0.010533,0.013521,exact-sep1.5-s0
7,0.43842342737912454,0.010044,0.011943,exact-sep1.5-s0
8,0.4430825915845764,0.009754,0.010651,exact-sep1.5-s0
9,0.447774570483034,0.009536,0.010121,exact-sep1.5-s0
10,0.4524379974223819,0.009334,0.0097,exact-sep1.5-s0
11,0.45705444153021185,0.009141,0.009363,exact-sep1.5-s0
12,0.4618353142171848,0.008946,0.009078,exact-sep1.5-s0
13,0.4668527169421115,0.008766,0.008836,exact-sep1.5-s0
14,0.4713854608597468,0.008582,0.008614,exact-sep1.5-s0
15,0.47613395681990744,0.008442,0.008464,exact-sep1.5-s0
16,0.48075979272110253,0.008306,0.008316,exact-sep1.5-s0
17,0.4855643365576316,0.008165,0.008176,exact-sep1.5-s0
18,0.4899449398451317,0.008042,0.008055,exact-sep1.5-s0
19,0.49419570887514525,0.007904,0.007914,exact-sep1.5-s0
20,0.4984090144447707,0.007777,0.007787,exact-sep1.5-s0
21,0.5026511296784393,0.007646,0.007657,exact-sep1.5-s0
22,0.506988424811632,0.007515,0.007529,exact-sep1.5-s0
23,0.5112274798405101,0.007396,0.007402,exact-sep1.5-s0
24,0.5154728805662301,0.007263,0.007277,exact-sep1.5-s0
25,0.5197059702290382,0.007127,0.007138,exact-sep1.5-s0
26,0.5239039749226853,0.006991,0.007001,exact-sep1.5-s0
27,0.5282523389666286,0.006862,0.006865,exact-sep1.5-s0
28,0.5335731390654515,0.006718,0.006717,exact-sep1.5-s0
29,0.5387793320881199,0.006592,0.006595,exact-sep1.5-s0
30,0.5431972694585356,0.006469,0.00647,exact-sep1.5-s0
31,0.5477089317461321,0.006309,0.00631,exact-sep1.5-s0
32,0.552523342564391,0.006146,0.00615,exact-sep1.5-s0
33,0.5574326338503395,0.005988,0.005989,exact-sep1.5-s0
34,0.5622829666951485,0.005836,0.005838,exact-sep1.5-s0
35,0.567210817332762,0.005663,0.005663,exact-sep1.5-s0
36,0.5721885076337037,0.005514,0.005514,exact-sep1.5-s0
37,0.5771275615125587,0.00537,0.005373,exact-sep1.5-s0
38,0.5819088555053239,0.005241,0.005244,exact-sep1.5-s0
39,0.5868721459269894,0.005105,0.005106,exact-sep1.5-s0
40,0.591551330168618,0.004963,0.004963,exact-sep1.5-s0
41,0.5963092299287498,0.004821,0.004825,exact-sep1.5-s0
42,0.6010328723215459,0.004687,0.004691,exact-sep1.5-s0
43,0.6055310546371505,0.004542,0.004546,exact-sep1.5-s0
44,0.610293091955936,0.004393,0.004394,exact-sep1.5-s0
45,0.615309921633936,0.004232,0.004234,exact-sep1.5-s0
46,0.6204091388064501,0.004056,0.004057,exact-sep1.5-s0
47,0.6256157156118781,0.003903,0.003907,exact-sep1.5-s0
48,0.6308342470141388,0.003734,0.003734,exact-sep1.5-s0
49,0.6356788487846838,0.003573,0.003575,exact-sep1.5-s0
50,0.6406746816340435,0.003418,0.003419,exact-sep1.5-s0
51,0.6452484542734903,0.003273,0.003273,exact-sep1.5-s0
52,0.6497115901935241,0.003139,0.003141,exact-sep1.5-s0
53,0.6545511801258547,0.003015,0.003017,exact-sep1.5-s0
54,0.6592253637861788,0.002893,0.002898,exact-sep1.5-s0
55,0.6640649748814561,0.002771,0.002776,exact-sep1.5-s0
56,0.6686780862188689,0.002661,0.002667,exact-sep1.5-s0
57,0.6732369991007493,0.002548,0.002555,exact-sep1.5-s0
58,0.6779185222105494,0.002463,0.002469,exact-sep1.5-s0
59,0.6824675496494991,0.002398,0.002401,exact-sep1.5-s0
60,0.6868194258225357,0.002343,0.002345,exact-sep1.5-s0
61,0.6910267886895222,0.002294,0.002296,exact-sep1.5-s0
62,0.6962319891602717,0.002235,0.002239,exact-sep1.5-s0
63,0.7018387304513851,0.002165,0.002169,exact-sep1.5-s0
64,0.7072424167974636,0.002118,0.002119,exact-sep1.5-s0
65,0.7121979086416051,0.002052,0.002051,exact-sep1.5-s0
66,0.7165481890472125,0.001985,0.001986,exact-sep1.5-s0
67,0.7211306659135888,0.001921,0.001927,exact-sep1.5-s0
68,0.7260683053351942,0.001865,0.001869,exact-sep1.5-s0
69,0.730551822410733,0.0018,0.001804,exact-sep1.5-s0
70,0.7354443877077205,0.001737,0.001741,exact-sep1.5-s0
71,0.7397044083466437,0.001664,0.001668,exact-sep1.5-s0
72,0.7439429647734839,0.001593,0.001597,exact-sep1.5-s0
73,0.7479420986088733,0.001528,0.001536,exact-sep1.5-s0
74,0.7519398100313874,0.001434,0.00144,exact-sep1.5-s0
75,0.7561620331064133,0.001353,0.001362,exact-sep1.5-s0
76,0.7602167942637131,0.001285,0.001294,exact-sep1.5-s0
77,0.7645162230924725,0.00122,0.001226,exact-sep1.5-s0
78,0.768638531198163,0.001153,0.001157,exact-sep1.5-s0
79,0.7728181863677203,0.001082,0.001083,exact-sep1.5-s0
80,0.7769599756827713,0.001024,0.001025,exact-sep1.5-s0
81,0.7809707738389537,0.000962,0.000964,exact-sep1.5-s0
82,0.7850509294904575,0.000905,0.000907,exact-sep1.5-s0
83,0.7889911649204674,0.000839,0.000842,exact-sep1.5-s0
84,0.7930072386244655,0.000779,0.000784,exact-sep1.5-s0
85,0.7969703288591159,0.000721,0.000723,exact-sep1.5-s0
86,0.8008280423128712,0.000676,0.00068,exact-sep1.5-s0
87,0.8045906000321102,0.000646,0.000647,exact-sep1.5-s0
88,0.8083216186814648,0.000612,0.000613,exact-sep1.5-s0
89,0.8120947309488692,0.000588,0.000588,exact-sep1.5-s0
90,0.8158600863640123,0.000563,0.000562,exact-sep1.5-s0
91,0.8193076176597759,0.000541,0.000541,exact-sep1.5-s0
92,0.8227481556156329,0.000522,0.000522,exact-sep1.5-s0
93,0.8262839804859164,0.000504,0.000502,exact-sep1.5-s0
94,0.8297501880531922,0.000487,0.000487,exact-sep1.5-s0
95,0.8331853694115924,0.000463,0.000465,exact-sep1.5-s0
96,0.836821574533539,0.000433,0.000437,exact-sep1.5-s0
97,0.8403108101109437,0.000406,0.00041,exact-sep1.5-s0
98,0.8439123382114967,0.000393,0.000396,exact-sep1.5-s0
99,0.8471770011991376,0.000384,0.000385,exact-sep1.5-s0
100,0.8503781315722109,0.000373,0.000374,exact-sep1.5-s0
101,0.8535532708392304,0.000361,0.000362,exact-sep1.5-s0
102,0.8568778572034802,0.00035,0.00035,exact-sep1.5-s0
103,0.8604304406332853,0.000342,0.000342,exact-sep1.5-s0
104,0.8636882075405891,0.000331,0.000331,exact-sep1.5-s0
105,0.8669090723270486,0.000322,0.000322,exact-sep1.5-s0
106,0.8701491861327237,0.000316,0.000316,exact-sep1.5-s0
107,0.8732316928445468,0.000308,0.000308,exact-sep1.5-s0
108,0.8765961519301722,0.000297,0.000298,exact-sep1.5-s0
109,0.8799026460264306,0.000287,0.000287,exact-sep1.5-s0
110,0.8832212155429223,0.000275,0.000275,exact-sep1.5-s0
111,0.8864490478530925,0.000266,0.000267,exact-sep1.5-s0
112,0.8896795595879006,0.000257,0.000257,exact-sep1.5-s0
113,0.8928884375078286,0.000243,0.000242,exact-sep1.5-s0
114,0.8962780249766261,0.000236,0.000235,exact-sep1.5-s0
115,0.9005024705989684,0.000226,0.000226,exact-sep1.5-s0
116,0.9039331613851695,0.000218,0.000218,exact-sep1.5-s0
117,0.9076860557959742,0.000212,0.000213,exact-sep1.5-s0
118,0.91094255593509,0.000205,0.000206,exact-sep1.5-s0
119,0.9145177059951571,0.000197,0.000198,exact-sep1.5-s0
120,0.9178323414772248,0.000192,0.000193,exact-sep1.5-s0
121,0.9210599927775309,0.000183,0.000182,exact-sep1.5-s0
122,0.9245459526193094,0.000181,0.00018,exact-sep1.5-s0
123,0.9279297234622021,0.000176,0.000176,exact-sep1.5-s0
124,0.9312241241274996,0.000168,0.000168,exact-sep1.5-s0
125,0.9346457638269595,0.000157,0.000157,exact-sep1.5-s0
126,0.938036817984937,0.00014,0.00014,exact-sep1.5-s0
127,0.9416158147269876,0.00012,0.00012,exact-sep1.5-s0
128,0.9452542183819468,0.000102,0.000102,exact-sep1.5-s0
129,0.9489399133053491,8.7e-05,8.8e-05,exact-sep1.5-s0
130,0.9524897117966442,7.3e-05,7.5e-05,exact-sep1.5-s0
131,0.9559487492174715,5.7e-05,6e-05,exact-sep1.5-s0
132,0.9596220301156777,4.6e-05,4.7e-05,exact-sep1.5-s0
133,0.9630911718115557,4.1e-05,4.2e-05,exact-sep1.5-s0
134,0.9664833466993014,3.6e-05,3.6e-05,exact-sep1.5-s0
135,0.9697806319635625,3e-05,3e-05,exact-sep1.5-s0
136,0.9729302425549529,2.6e-05,2.6e-05,exact-sep1.5-s0
137,0.9759921651887636,2.3e-05,2.3e-05,exact-sep1.5-s0
138,0.9789714342164828,2.2e-05,2.2e-05,exact-sep1.5-s0
139,0.981869959695883,2e-05,2e-05,exact-sep1.5-s0
140,0.9848528613757805,1.5e-05,1.5e-05,exact-sep1.5-s0
141,0.9879582841298115,8e-06,9e-06,exact-sep1.5-s0
142,0.991119319947328,4e-06,5e-06,exact-sep1.5-s0
143,0.9941395112831327,2e-06,2e-06,exact-sep1.5-s0
144,0.997067459249446,0.0,0.0,exact-sep1.5-s0
145,1.0,0.0,0.0,exact-sep1.5-s0
0,0.0,0.32825,,exact-sep1.5-s1
1,0.18497530767050643,0.192581,0.192581,exact-sep1.5-s1
2,0.2254020533785368,0.135213,0.135213,exact-sep1.5-s1
3,0.24758089018633928,0.114074,0.120135,exact-sep1.5-s1
4,0.2744519392534858,0.098967,0.107138,exact-sep1.5-s1
5,0.29920015945538786,0.080544,0.096364,exact-sep1.5-s1
6,0.33118362674520146,0.067083,0.084619,exact-sep1.5-s1
7,0.34689111894106844,0.060259,0.075521,exact-sep1.5-s1
8,0.3591975407303705,0.056377,0.069091,exact-sep1.5-s1
9,0.37043427461322087,0.052998,0.064717,exact-sep1.5-s1
10,0.3862642779172311,0.048032,0.058948,exact-sep1.5-s1
11,0.4069369224752278,0.039334,0.048917,exact-sep1.5-s1
12,0.4275125555084919,0.030973,0.040072,exact-sep1.5-s1
13,0.4451128251634129,0.026861,0.033936,exact-sep1.5-s1
14,0.45280673010580524,0.025099,0.029139,exact-sep1.5-s1
15,0.4588546992000304,0.024255,0.02616,exact-sep1.5-s1
16,0.4628361267612742,0.02368,0.024433,exact-sep1.5-s1
17,0.467296082210774,0.023221,0.023492,exact-sep1.5-s1
18,0.4705573876180662,0.022803,0.022903,exact-sep1.5-s1
19,0.47382594714202575,0.022409,0.022436,exact-sep1.5-s1
20,0.47679388947658186,0.022056,0.022071,exact-sep1.5-s1
21,0.4799891751300258,0.02173,0.021742,exact-sep1.5-s1
22,0.48286701692855444,0.021405,0.021411,exact-sep1.5-s1
23,0.48592266083612484,0.021082,0.021082,exact-sep1.5-s1
24,0.4889355181373712,0.020759,0.020754,exact-sep1.5-s1
25,0.4920636124559081,0.020416,0.020412,exact-sep1.5-s1
26,0.49496422363626585,0.020109,0.020112,exact-sep1.5-s1
27,0.49806613901132074,0.019817,0.019832,exact-sep1.5-s1
28,0.5011469408803273,0.019509,0.019523,exact-sep1.5-s1
29,0.5043973599605439,0.019234,0.019242,exact-sep1.5-s1
30,0.507368049538151,0.018957,0.01896,exact-sep1.5-s1
31,0.5103280612494202,0.018681,0.018687,exact-sep1.5-s1
32,0.513265547390737,0.018409,0.018416,exact-sep1.5-s1
33,0.516179978487678,0.018177,0.01819,exact-sep1.5-s1
34,0.5190229045391436,0.017927,0.017936,exact-sep1.5-s1
35,0.5217670324067422,0.017706,0.017705,exact-sep1.5-s1
36,0.5244049369250302,0.017506,0.017503,exact-sep1.5-s1
37,0.5270374619673117,0.01733,0.017328,exact-sep1.5-s1
38,0.5296099266172184,0.017118,0.017117,exact-sep1.5-s1
39,0.5323538965936416,0.016948,0.016945,exact-sep1.5-s1
40,0.534823152807213,0.01673,0.016728,exact-sep1.5-s1
41,0.5373988016750888,0.016501,0.016499,exact-sep1.5-s1
42,0.5400635405596164,0.016273,0.016275,exact-sep1.5-s1
43,0.542823881045066,0.016038,0.016042,exact-sep1.5-s1
44,0.5456127968213464,0.015803,0.015811,exact-sep1.5-s1
45,0.5482911804520271,0.015601,0.015606,exact-sep1.5-s1
46,0.5508444900964161,0.015418,0.015424,exact-sep1.5-s1
47,0.5533825966911791,0.01522,0.015222,exact-sep1.5-s1
48,0.5559128404322108,0.015035,0.015042,exact-sep1.5-s1
49,0.5584431087446595,0.014858,0.014867,exact-sep1.5-s1
50,0.5607923899374682,0.0147,0.014707,exact-sep1.5-s1
51,0.5631470376864748,0.014534,0.014539,exact-sep1.5-s1
52,0.5656369213675927,0.014369,0.014374,exact-sep1.5-s1
53,0.5680914363949318,0.014186,0.014193,exact-sep1.5-s1
54,0.5706333145438187,0.01404,0.014042,exact-sep1.5-s1
55,0.5730982430173345,0.013904,0.013903,exact-sep1.5-s1
56,0.5755371459205736,0.013756,0.013758,exact-sep1.5-s1
57,0.5780181495705281,0.013598,0.0136,exact-sep1.5-s1
58,0.581356653537873,0.013458,0.013458,exact-sep1.5-s1
59,0.5840886008780368,0.01334,0.013337,exact-sep1.5-s1
60,0.586481322673199,0.013239,0.01324,exact-sep1.5-s1
61,0.5889649486482804,0.013125,0.013127,exact-sep1.5-s1
62,0.5913630722715155,0.012991,0.012994,exact-sep1.5-s1
63,0.5939947568127806,0.012854,0.012852,exact-sep1.5-s1
64,0.5967666564858463,0.012732,0.012726,exact-sep1.5-s1
65,0.5995323079643862,0.012611,0.01261,exact-sep1.5-s1
66,0.6022957041830728,0.012472,0.012473,exact-sep1.5-s1
67,0.6050760166340516,0.012333,0.012335,exact-sep1.5-s1
68,0.6079375272378236,0.012202,0.012205,exact-sep1.5-s1
69,0.6116529780775889,0.012096,0.012099,exact-sep1.5-s1
70,0.6143780984474456,0.011994,0.011999,exact-sep1.5-s1
71,0.6171295019118869,0.011886,0.011892,exact-sep1.5-s1
72,0.6199750963400742,0.011746,0.011748,exact-sep1.5-s1
73,0.6228092612543291,0.011614,0.011618,exact-sep1.5-s1
74,0.6256010437224483,0.011473,0.011477,exact-sep1.5-s1
75,0.6283141504919855,0.011338,0.011341,exact-sep1.5-s1
76,0.6310025503044965,0.011193,0.011196,exact-sep1.5-s1
77,0.6337056074433677,0.011062,0.011066,exact-sep1.5-s1
78,0.6364061170810442,0.010922,0.010926,exact-sep1.5-s1
79,0.6390702806773436,0.010815,0.010818,exact-sep1.5-s1
80,0.6416812149732338,0.010707,0.010703,exact-sep1.5-s1
81,0.6441367032665104,0.01057,0.010568,exact-sep1.5-s1
82,0.6467154699302684,0.01043,0.01043,exact-sep1.5-s1
83,0.6492760174424845,0.010285,0.010289,exact-sep1.5-s1
84,0.6517608147608372,0.010137,0.010145,exact-sep1.5-s1
85,0.6541319868676554,0.010005,0.010017,exact-sep1.5-s1
86,0.6564351893597186,0.009888,0.009898,exact-sep1.5-s1
87,0.6587143090880351,0.009777,0.009785,exact-sep1.5-s1
88,0.6610367941191997,0.009682,0.009689,exact-sep1.5-s1
89,0.6633277646423724,0.009567,0.009577,exact-sep1.5-s1
90,0.6656292025103161,0.009454,0.009464,exact-sep1.5-s1
91,0.6679970955217764,0.00935,0.009357,exact-sep1.5-s1
92,0.6703511453927008,0.009229,0.009227,exact-sep1.5-s1
93,0.672842382879689,0.009123,0.009119,exact-sep1.5-s1
94,0.6752505855400245,0.009029,0.009025,exact-sep1.5-s1
95,0.677589627188891,0.00892,0.008922,exact-sep1.5-s1
96,0.6799243358663669,0.008817,0.008821,exact-sep1.5-s1
97,0.6822410929036994,0.008715,0.00872,exact-sep1.5-s1
98,0.6846905833138621,0.008634,0.008635,exact-sep1.5-s1
99,0.6871067824647342,0.008559,0.008561,exact-sep1.5-s1
100,0.6895276157057637,0.008485,0.008486,exact-sep1.5-s1
101,0.692021153156727,0.008387,0.008387,exact-sep1.5-s1
102,0.6941733913142791,0.008274,0.008275,exact-sep1.5-s1
103,0.6963352918252461,0.008161,0.008162,exact-sep1.5-s1
104,0.698523014518559,0.008045,0.008043,exact-sep1.5-s1
105,0.7006466513078755,0.00795,0.00795,exact-sep1.5-s1
106,0.7026899620712069,0.007845,0.007847,exact-sep1.5-s1
107,0.7046946462485324,0.007726,0.007727,exact-sep1.5-s1
108,0.7067103112339972,0.007616,0.007619,exact-sep1.5-s1
109,0.7089369716984351,0.00752,0.007523,exact-sep1.5-s1
110,0.7110228057576036,0.007419,0.007421,exact-sep1.5-s1
111,0.7130803621571549,0.007327,0.007326,exact-sep1.5-s1
112,0.7150575888846401,0.00725,0.007248,exact-sep1.5-s1
113,0.7172474039530791,0.00717,0.007174,exact-sep1.5-s1
114,0.7192272846314851,0.007102,0.007108,exact-sep1.5-s1
115,0.7213640288455296,0.007027,0.007029,exact-sep1.5-s1
116,0.7234863918049858,0.006944,0.006949,exact-sep1.5-s1
117,0.7256880686857929,0.006865,0.006868,exact-sep1.5-s1
118,0.7278660482570651,0.006792,0.006797,exact-sep1.5-s1
119,0.7300304640885956,0.006713,0.006714,exact-sep1.5-s1
120,0.7321856750706701,0.006637,0.006635,exact-sep1.5-s1
121,0.7342889795664996,0.006534,0.006533,exact-sep1.5-s1
122,0.7366881274215482,0.006428,0.006429,exact-sep1.5-s1
123,0.7390926553867068,0.006334,0.006336,exact-sep1.5-s1
124,0.7413267477539086,0.006204,0.006204,exact-sep1.5-s1
125,0.7439462184774315,0.006059,0.006059,exact-sep1.5-s1
126,0.7465355249320093,0.005934,0.005935,exact-sep1.5-s1
127,0.7491602967407848,0.005857,0.005859,exact-sep1.5-s1
128,0.7517892956260732,0.005763,0.005766,exact-sep1.5-s1
129,0.7547493003622319,0.005628,0.005632,exact-sep1.5-s1
130,0.7573879750755808,0.005497,0.005501,exact-sep1.5-s1
131,0.7600836280536131,0.005364,0.005368,exact-sep1.5-s1
132,0.7627428665866093,0.00522,0.005228,exact-sep1.5-s1
133,0.765770789337539,0.005112,0.005121,exact-sep1.5-s1
134,0.7682404821297241,0.005013,0.005024,exact-sep1.5-s1
135,0.7706689734098282,0.004917,0.004926,exact-sep1.5-s1
136,0.7730395595279533,0.00482,0.004825,exact-sep1.5-s1
137,0.7763751884016188,0.004731,0.00473,exact-sep1.5-s1
138,0.7793200776733665,0.004663,0.004663,exact-sep1.5-s1
139,0.7821324835666442,0.004602,0.004604,exact-sep1.5-s1
140,0.7846968185647774,0.004534,0.004535,exact-sep1.5-s1
141,0.7872480466930174,0.00447,0.004468,exact-sep1.5-s1
142,0.7897911243234144,0.004409,0.004405,exact-sep1.5-s1
143,0.7920530794103323,0.004348,0.004346,exact-sep1.5-s1
144,0.7945169515506654,0.004295,0.004293,exact-sep1.5-s1
145,0.7967799922979362,0.00423,0.00423,exact-sep1.5-s1
146,0.799204490009269,0.004157,0.004159,exact-sep1.5-s1
147,0.8016354640329967,0.004087,0.00409,exact-sep1.5-s1
148,0.8039989537671084,0.00402,0.004023,exact-sep1.5-s1
149,0.8070741472496076,0.003943,0.003944,exact-sep1.5-s1
150,0.8098865456129332,0.003895,0.003899,exact-sep1.5-s1
151,0.8123043686174856,0.003804,0.003807,exact-sep1.5-s1
152,0.8151401106997158,0.003719,0.003721,exact-sep1.5-s1
153,0.8184295503012508,0.003624,0.003629,exact-sep1.5-s1
154,0.8208032397894596,0.003528,0.00353,exact-sep1.5-s1
155,0.8231358161434296,0.00344,0.003442,exact-sep1.5-s1
156,0.82558860324525,0.003339,0.003345,exact-sep1.5-s1
157,0.8279045189889367,0.003254,0.003259,exact-sep1.5-s1
158,0.8301490013405722,0.00317,0.003174,exact-sep1.5-s1
159,0.8323705480966287,0.003085,0.003088,exact-sep1.5-s1
160,0.8347176665290871,0.002994,0.002993,exact-sep1.5-s1
161,0.8370200511099813,0.002909,0.00291,exact-sep1.5-s1
162,0.8393029850357208,0.002837,0.002836,exact-sep1.5-s1
163,0.8415205369548058,0.002771,0.002774,exact-sep1.5-s1
164,0.8437317853540404,0.002709,0.002711,exact-sep1.5-s1
165,0.8459453712084825,0.002633,0.002636,exact-sep1.5-s1
166,0.8481692843506097,0.002559,0.002562,exact-sep1.5-s1
167,0.8504364849596704,0.00249,0.002492,exact-sep1.5-s1
168,0.8533464630815891,0.002434,0.002439,exact-sep1.5-s1
169,0.855735402384384,0.002378,0.002383,exact-sep1.5-s1
170,0.8579239341907092,0.002329,0.002332,exact-sep1.5-s1
171,0.8601059504496295,0.002263,0.002265,exact-sep1.5-s1
172,0.8624779004399751,0.002188,0.002189,exact-sep1.5-s1
173,0.8653723021059756,0.002108,0.002108,exact-sep1.5-s1
174,0.867952405137821,0.002037,0.002037,exact-sep1.5-s1
175,0.8704457578275747,0.001979,0.001982,exact-sep1.5-s1
176,0.8730720232615118,0.001906,0.00191,exact-sep1.5-s1
177,0.8756831051444329,0.001853,0.001856,exact-sep1.5-s1
178,0.8779564893489697,0.001809,0.001813,exact-sep1.5-s1
179,0.880323516336846,0.001755,0.001758,exact-sep1.5-s1
180,0.8828514225434085,0.001699,0.001698,exact-sep1.5-s1
181,0.8852512273272046,0.001632,0.001631,exact-sep1.5-s1
182,0.8878259660222072,0.001564,0.001565,exact-sep1.5-s1
183,0.8904489049617321,0.00151,0.001512,exact-sep1.5-s1
184,0.8926872302708808,0.001463,0.001465,exact-sep1.5-s1
185,0.895025892885809,0.001426,0.001427,exact-sep1.5-s1
186,0.8971265484242673,0.001388,0.001387,exact-sep1.5-s1
187,0.899229423475124,0.001353,0.001352,exact-sep1.5-s1
188,0.9013437469044265,0.001324,0.001324,exact-sep1.5-s1
189,0.9033681952206425,0.001286,0.001288,exact-sep1.5-s1
190,0.905457310198206,0.001253,0.001254,exact-sep1.5-s1
191,0.9075653496855324,0.001227,0.001228,exact-sep1.5-s1
192,0.9094551303827549,0.001194,0.001194,exact-sep1.5-s1
193,0.9114551878413515,0.001162,0.001163,exact-sep1.5-s1
194,0.9133113664112139,0.001119,0.001121,exact-sep1.5-s1
195,0.9156966163552389,0.001085,0.001087,exact-sep1.5-s1
196,0.9180378151368048,0.001054,0.001056,exact-sep1.5-s1
197,0.9204651130386252,0.00102,0.001022,exact-sep1.5-s1
198,0.9228599229287311,0.00099,0.000991,exact-sep1.5-s1
199,0.9251554945688055,0.000948,0.00095,exact-sep1.5-s1
200,0.9277784879617684,0.000904,0.000906,exact-sep1.5-s1
201,0.9299642448623862,0.000858,0.00086,exact-sep1.5-s1
202,0.9319233072088148,0.000817,0.000819,exact-sep1.5-s1
203,0.9338070307344685,0.00078,0.00078,exact-sep1.5-s1
204,0.9360840271752258,0.000726,0.000727,exact-sep1.5-s1
205,0.9388152787479455,0.000681,0.000684,exact-sep1.5-s1
206,0.9414894987914909,0.000634,0.000636,exact-sep1.5-s1
207,0.9442372048123755,0.000588,0.000589,exact-sep1.5-s1
208,0.9470668197341329,0.000537,0.00054,exact-sep1.5-s1
209,0.9493026129982957,0.000489,0.00049,exact-sep1.5-s1
210,0.9513913077253521,0.000462,0.000464,exact-sep1.5-s1
211,0.9533271207546781,0.00043,0.000432,exact-sep1.5-s1
212,0.9552829963467261,0.000409,0.000408,exact-sep1.5-s1
213,0.9577546480357599,0.000387,0.000386,exact-sep1.5-s1
214,0.9596126708886915,0.000368,0.000367,exact-sep1.5-s1
215,0.9613404120414639,0.000355,0.000354,exact-sep1.5-s1
216,0.9631734389457933,0.000346,0.000346,exact-sep1.5-s1
217,0.9648543916008888,0.000339,0.000339,exact-sep1.5-s1
218,0.9665465466031982,0.000334,0.000333,exact-sep1.5-s1
219,0.9681977097431048,0.000322,0.000324,exact-sep1.5-s1
220,0.9699583533719244,0.000306,0.000307,exact-sep1.5-s1
221,0.971781755017758,0.000289,0.00029,exact-sep1.5-s1
222,0.9740619926663248,0.000264,0.000265,exact-sep1.5-s1
223,0.9760505250202443,0.000232,0.000232,exact-sep1.5-s1
224,0.9781507226584372,0.000202,0.000202,exact-sep1.5-s1
225,0.9801874748347554,0.000173,0.000173,exact-sep1.5-s1
226,0.9821135731973288,0.000143,0.000143,exact-sep1.5-s1
227,0.9840849275937232,0.000115,0.000115,exact-sep1.5-s1
228,0.9861462998552134,9e-05,9e-05,exact-sep1.5-s1
229,0.9881112923151957,6.9e-05,6.9e-05,exact-sep1.5-s1
230,0.9898857084615441,5.1e-05,5.2e-05,exact-sep1.5-s1
231,0.9916429697950563,3.7e-05,3.8e-05,exact-sep1.5-s1
232,0.9933695794736642,2.4e-05,2.5e-05,exact-sep1.5-s1
233,0.9950179895050881,1.4e-05,1.5e-05,exact-sep1.5-s1
234,0.9966879177575947,5e-06,5e-06,exact-sep1.5-s1
235,0.9983756146328061,0.0,0.0,exact-sep1.5-s1
236,1.0,0.0,0.0,exact-sep1.5-s1
0,0.0,0.098652,,exact-sep2.0-s0
1,0.06143895655354197,0.068065,0.068065,exact-sep2.0-s0
2,0.092037426099266,0.054701,0.054701,exact-sep2.0-s0
3,0.11704238474050448,0.043499,0.04644,exact-sep2.0-s0
4,0.16075296711141696,0.02597,0.034156,exact-sep2.0-s0
5,0.19921334180377245,0.014785,0.023159,exact-sep2.0-s0
6,0.2280677901023278,0.012168,0.016058,exact-sep2.0-s0
7,0.2480673705364938,0.011681,0.015028,exact-sep2.0-s0
8,0.2522475428087163,0.011355,0.012014,exact-sep2.0-s0
9,0.25677454380576215,0.011068,0.011674,exact-sep2.0-s0
10,0.2613325387451373,0.010814,0.011069,exact-sep2.0-s0
11,0.26570774433591404,0.010595,0.010757,exact-sep2.0-s0
12,0.2701950620169022,0.0104,0.01046,exact-sep2.0-s0
13,0.27472775117989406,0.01025,0.010277,exact-sep2.0-s0
14,0.27894983520861905,0.010075,0.010087,exact-sep2.0-s0
15,0.2833689265646647,0.009901,0.009906,exact-sep2.0-s0
16,0.2878291803225467,0.009741,0.009744,exact-sep2.0-s0
17,0.2922691116413983,0.009619,0.009618,exact-sep2.0-s0
18,0.29678042491183404,0.009483,0.009483,exact-sep2.0-s0
19,0.3010472144348889,0.009353,0.009353,exact-sep2.0-s0
20,0.30512599781831967,0.009233,0.009233,exact-sep2.0-s0
21,0.30898346254699255,0.009118,0.009121,exact-sep2.0-s0
22,0.31299598400556433,0.008999,0.009,exact-sep2.0-s0
23,0.3170171687182584,0.00887,0.008873,exact-sep2.0-s0
24,0.3210461471524519,0.008714,0.008722,exact-sep2.0-s0
25,0.32508130691690856,0.008582,0.008596,exact-sep2.0-s0
26,0.3291086569895416,0.008442,0.008459,exact-sep2.0-s0
27,0.333059701186467,0.00829,0.008306,exact-sep2.0-s0
28,0.3370077230631931,0.008143,0.008154,exact-sep2.0-s0
29,0.34103373534140574,0.008021,0.008028,exact-sep2.0-s0
30,0.34504395527820314,0.007885,0.007892,exact-sep2.0-s0
31,0.3491883371708501,0.007757,0.007761,exact-sep2.0-s0
32,0.35326373512768827,0.007641,0.007645,exact-sep2.0-s0
33,0.3571242860549027,0.007548,0.007551,exact-sep2.0-s0
34,0.3611089160108028,0.007457,0.007459,exact-sep2.0-s0
35,0.364986645660328,0.007355,0.007354,exact-sep2.0-s0
36,0.36886871295908097,0.007247,0.007247,exact-sep2.0-s0
37,0.37296811841479643,0.007138,0.007137,exact-sep2.0-s0
38,0.3769972584398969,0.007036,0.007035,exact-sep2.0-s0
39,0.38086316217151417,0.006941,0.006939,exact-sep2.0-s0
40,0.3846000021841179,0.006853,0.006853,exact-sep2.0-s0
41,0.3883876551281015,0.006773,0.006773,exact-sep2.0-s0
42,0.39210812559198555,0.006691,0.006694,exact-sep2.0-s0
43,0.3957739339026894,0.006609,0.006614,exact-sep2.0-s0
44,0.3993138546918543,0.006546,0.006545,exact-sep2.0-s0
45,0.40290678734883095,0.006479,0.006476,exact-sep2.0-s0
46,0.4065778194881969,0.006411,0.006409,exact-sep2.0-s0
47,0.4103420754332463,0.006347,0.006348,exact-sep2.0-s0
48,0.41492481639891826,0.006288,0.006291,exact-sep2.0-s0
49,0.41919655136470146,0.006229,0.006233,exact-sep2.0-s0
50,0.4235754004679635,0.006182,0.006184,exact-sep2.0-s0
51,0.4279024486879368,0.006134,0.006135,exact-sep2.0-s0
52,0.4322827142157219,0.006082,0.006083,exact-sep2.0-s0
53,0.4365769154754243,0.006013,0.006015,exact-sep2.0-s0
54,0.4410579696777209,0.005937,0.005942,exact-sep2.0-s0
55,0.4447922051518737,0.005875,0.005879,exact-sep2.0-s0
56,0.448241038817704,0.005819,0.005821,exact-sep2.0-s0
57,0.45197162049420125,0.005769,0.00577,exact-sep2.0-s0
58,0.4554602272032457,0.005723,0.005726,exact-sep2.0-s0
59,0.45906602515736783,0.005677,0.005681,exact-sep2.0-s0
60,0.4626131401302394,0.005608,0.00561,exact-sep2.0-s0
61,0.4662357413851537,0.005531,0.005532,exact-sep2.0-s0
62,0.4698895031800012,0.00545,0.005449,exact-sep2.0-s0
63,0.4736326156034919,0.005364,0.005364,exact-sep2.0-s0
64,0.4774993065834151,0.005278,0.005279,exact-sep2.0-s0
65,0.4823460098568108,0.005204,0.005206,exact-sep2.0-s0
66,0.4867696748877881,0.005128,0.00513,exact-sep2.0-s0
67,0.49129306728973887,0.005068,0.00507,exact-sep2.0-s0
68,0.4956874980159425,0.005026,0.005024,exact-sep2.0-s0
69,0.4999530290506747,0.004971,0.00497,exact-sep2.0-s0
70,0.504305055398135,0.00491,0.004906,exact-sep2.0-s0
71,0.5087298797164992,0.004847,0.004845,exact-sep2.0-s0
72,0.512977615709905,0.004804,0.004805,exact-sep2.0-s0
73,0.5163983384936789,0.004762,0.004763,exact-sep2.0-s0
74,0.519792564275496,0.004719,0.004721,exact-sep2.0-s0
75,0.5232044902284058,0.004688,0.004685,exact-sep2.0-s0
76,0.5265398006564981,0.004639,0.004636,exact-sep2.0-s0
77,0.5299608357953317,0.004597,0.004597,exact-sep2.0-s0
78,0.5332840512579655,0.004552,0.004553,exact-sep2.0-s0
79,0.5366072753820027,0.004509,0.004511,exact-sep2.0-s0
80,0.539976040158171,0.004483,0.004484,exact-sep2.0-s0
81,0.5433306950882556,0.004446,0.004447,exact-sep2.0-s0
82,0.5466664157193682,0.004411,0.004412,exact-sep2.0-s0
83,0.5499122461378734,0.00438,0.004381,exact-sep2.0-s0
84,0.5537651776563008,0.004338,0.004339,exact-sep2.0-s0
85,0.5576326282765529,0.004293,0.004294,exact-sep2.0-s0
86,0.5621561786151964,0.004222,0.004223,exact-sep2.0-s0
87,0.5669093819972294,0.004147,0.004148,exact-sep2.0-s0
88,0.5705473034062628,0.004081,0.004081,exact-sep2.0-s0
89,0.5740141780185982,0.004027,0.004026,exact-sep2.0-s0
90,0.5775663488680761,0.003965,0.003962,exact-sep2.0-s0
91,0.5811915717139485,0.0039,0.0039,exact-sep2.0-s0
92,0.5847060477375958,0.00384,0.003839,exact-sep2.0-s0
93,0.5881557369966643,0.0038,0.0038,exact-sep2.0-s0
94,0.5914342760623011,0.003741,0.00374,exact-sep2.0-s0
95,0.5948277595270887,0.003682,0.00368,exact-sep2.0-s0
96,0.5984177129005833,0.003624,0.003625,exact-sep2.0-s0
97,0.6020857009303533,0.003544,0.003544,exact-sep2.0-s0
98,0.6056113044034795,0.003458,0.003466,exact-sep2.0-s0
99,0.6092623758567411,0.003376,0.003383,exact-sep2.0-s0
100,0.6129061669174654,0.00328,0.003285,exact-sep2.0-s0
101,0.6166732726296569,0.00319,0.003194,exact-sep2.0-s0
102,0.6204484878018298,0.003103,0.003106,exact-sep2.0-s0
103,0.6241489732191662,0.003033,0.003035,exact-sep2.0-s0
104,0.6278462774323311,0.002953,0.002955,exact-sep2.0-s0
105,0.631451278799764,0.00287,0.002871,exact-sep2.0-s0
106,0.6350759218663009,0.002789,0.00279,exact-sep2.0-s0
107,0.6387740351166761,0.002709,0.00271,exact-sep2.0-s0
108,0.6424580804750096,0.002615,0.002617,exact-sep2.0-s0
109,0.6459684460778414,0.002527,0.002529,exact-sep2.0-s0
110,0.6495376641028429,0.002438,0.002441,exact-sep2.0-s0
111,0.6531201025464674,0.002347,0.002351,exact-sep2.0-s0
112,0.6567474114587509,0.002255,0.002257,exact-sep2.0-s0
113,0.6605565312410109,0.002173,0.002174,exact-sep2.0-s0
114,0.6641418515263445,0.002098,0.002096,exact-sep2.0-s0
115,0.6677116731490486,0.002036,0.002036,exact-sep2.0-s0
116,0.671132449796294,0.001966,0.001966,exact-sep2.0-s0
117,0.6746276803839811,0.001899,0.0019,exact-sep2.0-s0
118,0.678137118936012,0.001814,0.001816,exact-sep2.0-s0
119,0.6816774334167818,0.001728,0.001732,exact-sep2.0-s0
120,0.6852849638056856,0.001652,0.001656,exact-sep2.0-s0
121,0.6887600454551712,0.001581,0.001586,exact-sep2.0-s0
122,0.6922597957189224,0.001503,0.001509,exact-sep2.0-s0
123,0.6957805537621394,0.001428,0.001435,exact-sep2.0-s0
124,0.700036979265162,0.001361,0.001368,exact-sep2.0-s0
125,0.7038845865354277,0.001308,0.001312,exact-sep2.0-s0
126,0.7073016866488337,0.001257,0.001256,exact-sep2.0-s0
127,0.7110616570484717,0.001189,0.001189,exact-sep2.0-s0
128,0.7150222693557201,0.001126,0.001128,exact-sep2.0-s0
129,0.7187237650554537,0.00107,0.001071,exact-sep2.0-s0
130,0.722200944004785,0.001016,0.001019,exact-sep2.0-s0
131,0.7257780607717866,0.000958,0.000961,exact-sep2.0-s0
132,0.7293063698793508,0.000907,0.000909,exact-sep2.0-s0
133,0.7328378674995149,0.000868,0.000869,exact-sep2.0-s0
134,0.7361792814396511,0.00084,0.00084,exact-sep2.0-s0
135,0.7394561343557421,0.000815,0.000815,exact-sep2.0-s0
136,0.7426460774253829,0.000798,0.000798,exact-sep2.0-s0
137,0.745827958672761,0.000788,0.000788,exact-sep2.0-s0
138,0.7489245960580971,0.000777,0.000777,exact-sep2.0-s0
139,0.7522008295420498,0.000771,0.000771,exact-sep2.0-s0
140,0.7552472435194205,0.000765,0.000765,exact-sep2.0-s0
141,0.7582449432187243,0.000761,0.000761,exact-sep2.0-s0
142,0.7612498422443199,0.000756,0.000756,exact-sep2.0-s0
143,0.7640996416386953,0.000748,0.000748,exact-sep2.0-s0
144,0.7671425046735603,0.000736,0.000736,exact-sep2.0-s0
145,0.7702311238149347,0.00072,0.00072,exact-sep2.0-s0
146,0.7732834127214852,0.00071,0.000709,exact-sep2.0-s0
147,0.7763266595689725,0.000708,0.000707,exact-sep2.0-s0
148,0.7799130341207,0.000709,0.000708,exact-sep2.0-s0
149,0.7829608887481334,0.000705,0.000703,exact-sep2.0-s0
150,0.7859326698708564,0.000703,0.000701,exact-sep2.0-s0
151,0.7889285238601547,0.000699,0.000699,exact-sep2.0-s0
152,0.7923289945797853,0.000695,0.000695,exact-sep2.0-s0
153,0.795180538453768,0.000688,0.000688,exact-sep2.0-s0
154,0.7982331531141635,0.00068,0.00068,exact-sep2.0-s0
155,0.8013272005769209,0.000669,0.00067,exact-sep2.0-s0
156,0.8043426949118555,0.000649,0.000651,exact-sep2.0-s0
157,0.8074359195324292,0.000627,0.000628,exact-sep2.0-s0
158,0.810606828290279,0.000613,0.000613,exact-sep2.0-s0
159,0.813706251835207,0.000596,0.000597,exact-sep2.0-s0
160,0.816939915966087,0.000577,0.000577,exact-sep2.0-s0
161,0.8204022836236714,0.000561,0.000561,exact-sep2.0-s0
162,0.8235265526666238,0.000539,0.000539,exact-sep2.0-s0
163,0.827267702855874,0.000519,0.000519,exact-sep2.0-s0
164,0.8303177059401822,0.000507,0.000507,exact-sep2.0-s0
165,0.8333071961661931,0.000495,0.000496,exact-sep2.0-s0
166,0.8365886540203917,0.000482,0.000483,exact-sep2.0-s0
167,0.8395885607774238,0.000464,0.000465,exact-sep2.0-s0
168,0.842872106322293,0.000444,0.000444,exact-sep2.0-s0
169,0.8462803090499393,0.000432,0.000432,exact-sep2.0-s0
170,0.8494963969772937,0.000418,0.000418,exact-sep2.0-s0
171,0.8526864070379072,0.000408,0.000408,exact-sep2.0-s0
172,0.855777168410896,0.00039,0.00039,exact-sep2.0-s0
173,0.8589263108311341,0.000381,0.000381,exact-sep2.0-s0
174,0.8621998508603782,0.000366,0.000366,exact-sep2.0-s0
175,0.8658127965780674,0.000353,0.000353,exact-sep2.0-s0
176,0.8691748825294461,0.000344,0.000345,exact-sep2.0-s0
177,0.872417385038552,0.00033,0.000331,exact-sep2.0-s0
178,0.8760609308710775,0.000315,0.000316,exact-sep2.0-s0
179,0.8800910914642378,0.000299,0.0003,exact-sep2.0-s0
180,0.8841448544958401,0.000277,0.000277,exact-sep2.0-s0
181,0.8880510317424324,0.000257,0.000256,exact-sep2.0-s0
182,0.8919209737603226,0.000242,0.000242,exact-sep2.0-s0
183,0.8954038147559938,0.000223,0.000223,exact-sep2.0-s0
184,0.8990684817790974,0.00021,0.000209,exact-sep2.0-s0
185,0.9026032384221444,0.000196,0.000196,exact-sep2.0-s0
186,0.9063433266308769,0.000184,0.000184,exact-sep2.0-s0
187,0.9101039539505974,0.000169,0.000169,exact-sep2.0-s0
188,0.9140032413841191,0.00016,0.00016,exact-sep2.0-s0
189,0.9175592131411912,0.000147,0.000149,exact-sep2.0-s0
190,0.9205771459575721,0.000138,0.00014,exact-sep2.0-s0
191,0.9236752982923718,0.000134,0.000135,exact-sep2.0-s0
192,0.9267397253374786,0.000131,0.000131,exact-sep2.0-s0
193,0.9297811094224533,0.000126,0.000126,exact-sep2.0-s0
194,0.9327190326260207,0.000117,0.000118,exact-sep2.0-s0
195,0.9357103335107281,0.000105,0.000106,exact-sep2.0-s0
196,0.9386964499492763,9.3e-05,9.5e-05,exact-sep2.0-s0
197,0.9417738795224848,8e-05,8.2e-05,exact-sep2.0-s0
198,0.9448486136110298,7.1e-05,7.2e-05,exact-sep2.0-s0
199,0.9478248264423157,6e-05,6e-05,exact-sep2.0-s0
200,0.9508075694995893,5.1e-05,5.2e-05,exact-sep2.0-s0
201,0.9538326927100668,4.4e-05,4.5e-05,exact-sep2.0-s0
202,0.9568519983731619,3.8e-05,3.9e-05,exact-sep2.0-s0
203,0.9599016022165999,3.5e-05,3.6e-05,exact-sep2.0-s0
204,0.9629670124767259,3.2e-05,3.2e-05,exact-sep2.0-s0
205,0.9661926997765947,2.9e-05,2.9e-05,exact-sep2.0-s0
206,0.9692180079916352,2.4e-05,2.4e-05,exact-sep2.0-s0
207,0.9722971513223665,2.1e-05,2.1e-05,exact-sep2.0-s0
208,0.975301600627535,1.7e-05,1.7e-05,exact-sep2.0-s0
209,0.9788271166732669,1.6e-05,1.6e-05,exact-sep2.0-s0
210,0.9819204180298767,1.4e-05,1.4e-05,exact-sep2.0-s0
211,0.9852354034478922,1.3e-05,1.3e-05,exact-sep2.0-s0
212,0.9880975227363761,1.2e-05,1.2e-05,exact-sep2.0-s0
213,0.9910159175175407,8e-06,8e-06,exact-sep2.0-s0
214,0.994072659380467,3e-06,3e-06,exact-sep2.0-s0
215,0.9970466301027155,0.0,0.0,exact-sep2.0-s0
216,1.0,0.0,0.0,exact-sep2.0-s0
0,0.0,0.148653,,exact-sep2.0-s1
1,0.05765540547419473,0.097479,0.097479,exact-sep2.0-s1
2,0.08544810451603066,0.091435,0.091435,exact-sep2.0-s1
3,0.1052292030178145,0.08583,0.086644,exact-sep2.0-s1
4,0.13185839141647687,0.079839,0.080222,exact-sep2.0-s1
5,0.16784844398733895,0.076552,0.077312,exact-sep2.0-s1
6,0.19436824427170496,0.075756,0.076046,exact-sep2.0-s1
7,0.21301744708583262,0.075372,0.075688,exact-sep2.0-s1
8,0.22621698156229822,0.074984,0.075008,exact-sep2.0-s1
9,0.23299439148917447,0.074548,0.074611,exact-sep2.0-s1
10,0.23907279322479003,0.074126,0.074174,exact-sep2.0-s1
11,0.2452052411281879,0.073655,0.07387,exact-sep2.0-s1
12,0.2514055908268168,0.07326,0.07347,exact-sep2.0-s1
13,0.25739447179655345,0.072885,0.073057,exact-sep2.0-s1
14,0.2633479845369352,0.072561,0.072672,exact-sep2.0-s1
15,0.2691805357425793,0.072237,0.072287,exact-sep2.0-s1
16,0.2753709372907795,0.07189,0.07191,exact-sep2.0-s1
17,0.28161239110488556,0.071527,0.071532,exact-sep2.0-s1
18,0.287791119157924,0.071164,0.071173,exact-sep2.0-s1
19,0.2939893024592696,0.070805,0.070813,exact-sep2.0-s1
20,0.2999407476182825,0.070421,0.070432,exact-sep2.0-s1
21,0.30612498890693174,0.070026,0.070044,exact-sep2.0-s1
22,0.3130548261560867,0.069671,0.069685,exact-sep2.0-s1
23,0.3199452445101966,0.0693,0.069314,exact-sep2.0-s1
24,0.32685465912213585,0.068966,0.068975,exact-sep2.0-s1
25,0.333422369250848,0.06858,0.06859,exact-sep2.0-s1
26,0.34011237555852436,0.068237,0.06825,exact-sep2.0-s1
27,0.3463880409208176,0.067937,0.067946,exact-sep2.0-s1
28,0.35269392916158493,0.067608,0.067616,exact-sep2.0-s1
29,0.3590650963274342,0.067294,0.06729,exact-sep2.0-s1
30,0.365226850229808,0.066943,0.066943,exact-sep2.0-s1
31,0.3712594759657501,0.066576,0.066579,exact-sep2.0-s1
32,0.3769861146078709,0.06621,0.066214,exact-sep2.0-s1
33,0.3830129770787717,0.065817,0.065822,exact-sep2.0-s1
34,0.3890905137030964,0.065493,0.065505,exact-sep2.0-s1
35,0.39530185195154316,0.065175,0.065178,exact-sep2.0-s1
36,0.40151373179930633,0.06481,0.064808,exact-sep2.0-s1
37,0.4077829588642782,0.064448,0.06445,exact-sep2.0-s1
38,0.4142626476169874,0.064068,0.06407,exact-sep2.0-s1
39,0.42082705826976724,0.063731,0.063741,exact-sep2.0-s1
40,0.4271963205543395,0.06333,0.063343,exact-sep2.0-s1
41,0.4334872671367163,0.06292,0.062934,exact-sep2.0-s1
42,0.44004577841654846,0.062542,0.062556,exact-sep2.0-s1
43,0.4465311283140298,0.062135,0.062141,exact-sep2.0-s1
44,0.45311927067831553,0.061682,0.06169,exact-sep2.0-s1
45,0.45970766968074983,0.061173,0.061192,exact-sep2.0-s1
46,0.466974985302004,0.060672,0.060698,exact-sep2.0-s1
47,0.47477107950756153,0.060119,0.060153,exact-sep2.0-s1
48,0.4829083372264239,0.059499,0.059534,exact-sep2.0-s1
49,0.49120633586433826,0.058791,0.058824,exact-sep2.0-s1
50,0.5005077425960655,0.057942,0.057981,exact-sep2.0-s1
51,0.5117471060869849,0.056854,0.056893,exact-sep2.0-s1
52,0.5253463806709333,0.055344,0.055365,exact-sep2.0-s1
53,0.5436045461013369,0.052864,0.052885,exact-sep2.0-s1
54,0.570964346946962,0.04798,0.048008,exact-sep2.0-s1
55,0.608280957833685,0.037337,0.037392,exact-sep2.0-s1
56,0.6432559909689071,0.030834,0.030916,exact-sep2.0-s1
57,0.657841261118387,0.028664,0.028807,exact-sep2.0-s1
58,0.676278355575152,0.025698,0.025991,exact-sep2.0-s1
59,0.701777180562214,0.018128,0.018861,exact-sep2.0-s1
60,0.7462648938864721,0.006013,0.007407,exact-sep2.0-s1
61,0.7733097207401011,0.003525,0.005052,exact-sep2.0-s1
62,0.7845391430039981,0.003263,0.004554,exact-sep2.0-s1
63,0.7885372491649323,0.003187,0.003831,exact-sep2.0-s1
64,0.792156724531786,0.003128,0.003309,exact-sep2.0-s1
65,0.7957577883540673,0.003068,0.003104,exact-sep2.0-s1
66,0.7992353744548826,0.002993,0.002996,exact-sep2.0-s1
67,0.8028772679739312,0.002903,0.002904,exact-sep2.0-s1
68,0.8068933798733129,0.002803,0.002807,exact-sep2.0-s1
69,0.8105807682072586,0.002713,0.002717,exact-sep2.0-s1
70,0.814473392944156,0.00263,0.002633,exact-sep2.0-s1
71,0.8182198393638188,0.002537,0.002542,exact-sep2.0-s1
72,0.8218366665271439,0.002473,0.002477,exact-sep2.0-s1
73,0.8254972113924345,0.00241,0.002412,exact-sep2.0-s1
74,0.8291626986268736,0.002351,0.002356,exact-sep2.0-s1
75,0.8326078254311085,0.002291,0.002296,exact-sep2.0-s1
76,0.836018498525223,0.00222,0.002225,exact-sep2.0-s1
77,0.8394069531445202,0.00213,0.002133,exact-sep2.0-s1
78,0.8427878626653444,0.002032,0.002036,exact-sep2.0-s1
79,0.8460755470823506,0.001948,0.00195,exact-sep2.0-s1
80,0.849838479709778,0.001865,0.001865,exact-sep2.0-s1
81,0.8530919934896495,0.001785,0.001787,exact-sep2.0-s1
82,0.8563269580435481,0.001707,0.001709,exact-sep2.0-s1
83,0.8595506497158462,0.001641,0.001643,exact-sep2.0-s1
84,0.8627489096653026,0.001562,0.001566,exact-sep2.0-s1
85,0.8659622469090015,0.001495,0.001497,exact-sep2.0-s1
86,0.8689837214136036,0.001428,0.001431,exact-sep2.0-s1
87,0.8722762729863804,0.001365,0.001367,exact-sep2.0-s1
88,0.875294469099984,0.001302,0.001304,exact-sep2.0-s1
89,0.878438004702381,0.001237,0.00124,exact-sep2.0-s1
90,0.8815531042949505,0.001171,0.001173,exact-sep2.0-s1
91,0.8846570946501024,0.001107,0.001109,exact-sep2.0-s1
92,0.8878049808276273,0.001044,0.001049,exact-sep2.0-s1
93,0.8909593698160359,0.000991,0.000995,exact-sep2.0-s1
94,0.8940268407679078,0.000925,0.000933,exact-sep2.0-s1
95,0.8971994277766896,0.00088,0.000884,exact-sep2.0-s1
96,0.9003108367207839,0.000833,0.000833,exact-sep2.0-s1
97,0.9033462404927185,0.000786,0.000787,exact-sep2.0-s1
98,0.9064233485137115,0.000745,0.000747,exact-sep2.0-s1
99,0.9093773844620062,0.000701,0.000703,exact-sep2.0-s1
100,0.9123505549789425,0.000657,0.000658,exact-sep2.0-s1
101,0.9152133542576614,0.000611,0.000612,exact-sep2.0-s1
102,0.918054194059957,0.000574,0.000576,exact-sep2.0-s1
103,0.9207999369207037,0.000535,0.000537,exact-sep2.0-s1
104,0.9235418871700635,0.000496,0.000498,exact-sep2.0-s1
105,0.9263563118108815,0.000459,0.000459,exact-sep2.0-s1
106,0.929124552443022,0.000421,0.000422,exact-sep2.0-s1
107,0.9318993940725576,0.000389,0.000388,exact-sep2.0-s1
108,0.9344828851378363,0.000368,0.000368,exact-sep2.0-s1
109,0.9370334550837475,0.000341,0.000342,exact-sep2.0-s1
110,0.9395954399984627,0.000307,0.000307,exact-sep2.0-s1
111,0.9421849915632688,0.000274,0.000275,exact-sep2.0-s1
112,0.9447155410590197,0.000242,0.000243,exact-sep2.0-s1
113,0.9473571980344848,0.00021,0.000211,exact-sep2.0-s1
114,0.9499554705756653,0.000189,0.00019,exact-sep2.0-s1
115,0.9524956780681224,0.000169,0.000169,exact-sep2.0-s1
116,0.9551646422232296,0.000154,0.000154,exact-sep2.0-s1
117,0.9577029909379989,0.000136,0.000135,exact-sep2.0-s1
118,0.9602943419594673,0.000123,0.000122,exact-sep2.0-s1
119,0.9630771733590957,0.000106,0.000105,exact-sep2.0-s1
120,0.9657852220401184,8.8e-05,8.8e-05,exact-sep2.0-s1
121,0.9684693964503772,7.5e-05,7.5e-05,exact-sep2.0-s1
122,0.9710557165145344,6.8e-05,6.9e-05,exact-sep2.0-s1
123,0.9740819060172823,5.8e-05,6e-05,exact-sep2.0-s1
124,0.9767372721271804,5.1e-05,5.3e-05,exact-sep2.0-s1
125,0.9793099285310998,4.3e-05,4.4e-05,exact-sep2.0-s1
126,0.9817484311611975,3.1e-05,3.2e-05,exact-sep2.0-s1
127,0.9842715318567778,1.7e-05,1.8e-05,exact-sep2.0-s1
128,0.9868414155931866,1e-05,1.2e-05,exact-sep2.0-s1
129,0.9894309289218919,8e-06,1e-05,exact-sep2.0-s1
130,0.9919324663487983,4e-06,6e-06,exact-sep2.0-s1
131,0.9944789036495749,2e-06,3e-06,exact-sep2.0-s1
132,0.9974665069544256,0.0,0.0,exact-sep2.0-s1
133,1.0,0.0,0.0,exact-sep2.0-s1
0,0.0,0.217833,,minibatch-sep1.5-s0
1,0.004401592526069452,0.00578,0.00578,minibatch-sep1.5-s0
2,0.008401192884700431,0.002136,0.002136,minibatch-sep1.5-s0
3,0.013331207231105218,0.001694,0.001806,minibatch-sep1.5-s0
4,0.01740578443155426,0.001517,0.001578,minibatch-sep1.5-s0
5,0.021557552658735372,0.001386,0.001461,minibatch-sep1.5-s0
6,0.02542118241219872,0.00129,0.001368,minibatch-sep1.5-s0
7,0.03023318463104686,0.00119,0.001283,minibatch-sep1.5-s0
8,0.035032710957613386,0.001126,0.001225,minibatch-sep1.5-s0
9,0.03949269493649455,0.001065,0.001171,minibatch-sep1.5-s0
10,0.04374638761421611,0.001032,0.001131,minibatch-sep1.5-s0
11,0.04852330916543366,0.001003,0.001025,minibatch-sep1.5-s0
12,0.052499906917185736,0.00095,0.000966,minibatch-sep1.5-s0
13,0.05770656954730802,0.000923,0.000937,minibatch-sep1.5-s0
14,0.06350492933447101,0.000889,0.000904,minibatch-sep1.5-s0
15,0.06777339432418529,0.000866,0.000882,minibatch-sep1.5-s0
16,0.0724162423355515,0.000835,0.000854,minibatch-sep1.5-s0
17,0.07698123175168399,0.000812,0.000829,minibatch-sep1.5-s0
18,0.08082174080975024,0.000786,0.000799,minibatch-sep1.5-s0
19,0.08546903196464553,0.000771,0.000777,minibatch-sep1.5-s0
20,0.09098998496359705,0.000751,0.000755,minibatch-sep1.5-s0
21,0.09827798051469532,0.000729,0.000734,minibatch-sep1.5-s0
22,0.10487147018768114,0.000709,0.000713,minibatch-sep1.5-s0
23,0.11136555561540576,0.00068,0.000684,minibatch-sep1.5-s0
24,0.11790743029202165,0.000669,0.000676,minibatch-sep1.5-s0
25,0.12439221989529001,0.000645,0.000656,minibatch-sep1.5-s0
26,0.1309807565298143,0.000628,0.000635,minibatch-sep1.5-s0
27,0.1378020900764129,0.000617,0.000624,minibatch-sep1.5-s0
28,0.14439812884175554,0.000607,0.000614,minibatch-sep1.5-s0
29,0.15113147329555718,0.000593,0.0006,minibatch-sep1.5-s0
30,0.15846825319727845,0.000576,0.000584,minibatch-sep1.5-s0
31,0.16513482153147047,0.000568,0.000575,minibatch-sep1.5-s0
32,0.1717899387299386,0.000552,0.000561,minibatch-sep1.5-s0
33,0.17833222763576406,0.000543,0.000549,minibatch-sep1.5-s0
34,0.18491769634800234,0.000529,0.000536,minibatch-sep1.5-s0
35,0.1917978275420733,0.00052,0.000526,minibatch-sep1.5-s0
36,0.19845313783181454,0.000513,0.000518,minibatch-sep1.5-s0
37,0.20672773674567702,0.000507,0.000509,minibatch-sep1.5-s0
38,0.21360339746991375,0.000492,0.000492,minibatch-sep1.5-s0
39,0.22072859572967166,0.000485,0.000485,minibatch-sep1.5-s0
40,0.2282167981799183,0.00047,0.000474,minibatch-sep1.5-s0
41,0.234694682625574,0.000463,0.000468,minibatch-sep1.5-s0
42,0.24305723281649233,0.000456,0.000461,minibatch-sep1.5-s0
43,0.24964342368979736,0.000451,0.000455,minibatch-sep1.5-s0
44,0.25619605750142993,0.000442,0.000443,minibatch-sep1.5-s0
45,0.26333581488450675,0.000436,0.000438,minibatch-sep1.5-s0
46,0.2699150644684357,0.000426,0.000428,minibatch-sep1.5-s0
47,0.2757361966758103,0.000417,0.00042,minibatch-sep1.5-s0
48,0.2799294337276491,0.000407,0.00041,minibatch-sep1.5-s0
49,0.28442769656789585,0.000399,0.000402,minibatch-sep1.5-s0
50,0.28885019325380135,0.000393,0.000397,minibatch-sep1.5-s0
51,0.2941041137787296,0.000386,0.000388,minibatch-sep1.5-s0
52,0.2980232117698042,0.000379,0.000381,minibatch-sep1.5-s0
53,0.3029923007954485,0.000373,0.000374,minibatch-sep1.5-s0
54,0.308447080758421,0.000371,0.000371,minibatch-sep1.5-s0
55,0.3153720649375393,0.000366,0.000368,minibatch-sep1.5-s0
56,0.32198968629981145,0.000354,0.000357,minibatch-sep1.5-s0
57,0.3277740425445813,0.000349,0.000352,minibatch-sep1.5-s0
58,0.33162661303823987,0.000344,0.000347,minibatch-sep1.5-s0
59,0.3354008082141215,0.000339,0.000341,minibatch-sep1.5-s0
60,0.3397327425385838,0.00033,0.000334,minibatch-sep1.5-s0
61,0.3451654612316146,0.000327,0.000331,minibatch-sep1.5-s0
62,0.3498243391647956,0.000322,0.000324,minibatch-sep1.5-s0
63,0.35408563133570264,0.000317,0.000319,minibatch-sep1.5-s0
64,0.3584562297783648,0.000315,0.000315,minibatch-sep1.5-s0
65,0.3624786868109088,0.000311,0.000312,minibatch-sep1.5-s0
66,0.3699784321606652,0.000309,0.000311,minibatch-sep1.5-s0
67,0.37517370022861407,0.000305,0.00031,minibatch-sep1.5-s0
68,0.37969441193678966,0.000301,0.000306,minibatch-sep1.5-s0
69,0.38349283672985746,0.000298,0.000302,minibatch-sep1.5-s0
70,0.3873960462740503,0.000289,0.000291,minibatch-sep1.5-s0
71,0.39166170052901855,0.000284,0.000284,minibatch-sep1.5-s0
72,0.39559338674748634,0.000283,0.000283,minibatch-sep1.5-s0
73,0.3997969079895218,0.000281,0.000282,minibatch-sep1.5-s0
74,0.40415113844029,0.000273,0.000275,minibatch-sep1.5-s0
75,0.40945715167095786,0.000268,0.000269,minibatch-sep1.5-s0
76,0.416708230940894,0.000266,0.000267,minibatch-sep1.5-s0
77,0.4222886431717723,0.000262,0.000264,minibatch-sep1.5-s0
78,0.42563845020819596,0.000258,0.000259,minibatch-sep1.5-s0
79,0.42936194151060786,0.000249,0.000249,minibatch-sep1.5-s0
80,0.4331127872925318,0.000245,0.000245,minibatch-sep1.5-s0
81,0.43795202246172965,0.000239,0.000239,minibatch-sep1.5-s0
82,0.44236112854645476,0.000236,0.000236,minibatch-sep1.5-s0
83,0.44750089396694875,0.000231,0.000231,minibatch-sep1.5-s0
84,0.4512089263119462,0.000226,0.000226,minibatch-sep1.5-s0
85,0.45478228710441765,0.000225,0.000225,minibatch-sep1.5-s0
86,0.45916452380266143,0.000224,0.000225,minibatch-sep1.5-s0
87,0.4635969489408951,0.000221,0.000223,minibatch-sep1.5-s0
88,0.46739851375229513,0.000214,0.00022,minibatch-sep1.5-s0
89,0.4715409874440834,0.000212,0.000216,minibatch-sep1.5-s0
90,0.4757385885736123,0.000206,0.00021,minibatch-sep1.5-s0
91,0.4798803157005532,0.000207,0.000208,minibatch-sep1.5-s0
92,0.4854899860953561,0.0002,0.000204,minibatch-sep1.5-s0
93,0.4891724397307625,0.000199,0.000201,minibatch-sep1.5-s0
94,0.4937806103213702,0.000197,0.00021,minibatch-sep1.5-s0
95,0.4978466800715193,0.000191,0.000195,minibatch-sep1.5-s0
96,0.5026232736724549,0.000188,0.000189,minibatch-sep1.5-s0
97,0.5072447759779645,0.000182,0.000184,minibatch-sep1.5-s0
98,0.5106032099876011,0.000182,0.000184,minibatch-sep1.5-s0
99,0.5147949195599583,0.000178,0.00018,minibatch-sep1.5-s0
100,0.5186592491780707,0.000174,0.000176,minibatch-sep1.5-s0
101,0.5224988701647594,0.000171,0.000173,minibatch-sep1.5-s0
102,0.5272092357359147,0.000164,0.000166,minibatch-sep1.5-s0
103,0.5346755672240123,0.000164,0.000165,minibatch-sep1.5-s0
104,0.5425601622610424,0.000159,0.000161,minibatch-sep1.5-s0
105,0.5492637421724806,0.000155,0.000158,minibatch-sep1.5-s0
106,0.554391617827433,0.000152,0.000154,minibatch-sep1.5-s0
107,0.5585727302383893,0.000148,0.000149,minibatch-sep1.5-s0
108,0.5625770941049317,0.000148,0.000148,minibatch-sep1.5-s0
109,0.567363265096357,0.000145,0.000146,minibatch-sep1.5-s0
110,0.5732150158678195,0.000139,0.000142,minibatch-sep1.5-s0
111,0.5775317071849531,0.000136,0.000139,minibatch-sep1.5-s0
112,0.5818991753057065,0.000135,0.000137,minibatch-sep1.5-s0
113,0.5861060511796832,0.000131,0.000133,minibatch-sep1.5-s0
114,0.5931665546235838,0.00013,0.000131,minibatch-sep1.5-s0
115,0.6007012219911273,0.000128,0.000128,minibatch-sep1.5-s0
116,0.607277794378647,0.000125,0.000126,minibatch-sep1.5-s0
117,0.612407885880388,0.000123,0.000124,minibatch-sep1.5-s0
118,0.6160922638600141,0.00012,0.000121,minibatch-sep1.5-s0
119,0.6207518081105409,0.00012,0.000121,minibatch-sep1.5-s0
120,0.6246651181657281,0.000117,0.000118,minibatch-sep1.5-s0
121,0.6288360824461015,0.000115,0.000117,minibatch-sep1.5-s0
122,0.6339123914067115,0.000112,0.000114,minibatch-sep1.5-s0
123,0.6380671416026721,0.000107,0.000109,minibatch-sep1.5-s0
124,0.6418592212075581,0.000107,0.000109,minibatch-sep1.5-s0
125,0.646113338622902,0.0001,0.000103,minibatch-sep1.5-s0
126,0.6503319572552386,9.7e-05,0.000115,minibatch-sep1.5-s0
127,0.6547267233419989,9.4e-05,0.0001,minibatch-sep1.5-s0
128,0.6602058269733846,9.2e-05,0.000109,minibatch-sep1.5-s0
129,0.6645265822181331,8.8e-05,9.2e-05,minibatch-sep1.5-s0
130,0.6686834719469493,8.9e-05,9.1e-05,minibatch-sep1.5-s0
131,0.6773638414531366,8.5e-05,8.6e-05,minibatch-sep1.5-s0
132,0.6840794440997596,8.4e-05,9.3e-05,minibatch-sep1.5-s0
133,0.6906284088864724,8.1e-05,8.2e-05,minibatch-sep1.5-s0
134,0.6951316115806999,7.9e-05,8e-05,minibatch-sep1.5-s0
135,0.6996278413181427,7.4e-05,7.5e-05,minibatch-sep1.5-s0
136,0.703999171087486,7e-05,7.1e-05,minibatch-sep1.5-s0
137,0.7077610793108048,6.7e-05,6.7e-05,minibatch-sep1.5-s0
138,0.7113980457946225,6.3e-05,6.5e-05,minibatch-sep1.5-s0
139,0.7153374938021632,6.1e-05,6.3e-05,minibatch-sep1.5-s0
140,0.7191276654731411,5.7e-05,5.9e-05,minibatch-sep1.5-s0
141,0.7239281857261101,5.4e-05,5.5e-05,minibatch-sep1.5-s0
142,0.7285607031662036,5.1e-05,5.1e-05,minibatch-sep1.5-s0
143,0.7326168505649667,4.9e-05,5e-05,minibatch-sep1.5-s0
144,0.7368717709069984,4.7e-05,4.8e-05,minibatch-sep1.5-s0
145,0.7427573978660034,4.8e-05,4.8e-05,minibatch-sep1.5-s0
146,0.7482011953728217,4.8e-05,4.8e-05,minibatch-sep1.5-s0
147,0.7519416403357242,4.7e-05,4.7e-05,minibatch-sep1.5-s0
148,0.7558816490994094,4.6e-05,4.6e-05,minibatch-sep1.5-s0
149,0.7601741710694789,4.3e-05,4.4e-05,minibatch-sep1.5-s0
150,0.7641774926380634,4.3e-05,4.4e-05,minibatch-sep1.5-s0
151,0.7681300591907629,4e-05,4.2e-05,minibatch-sep1.5-s0
152,0.7724746562525062,3.8e-05,3.9e-05,minibatch-sep1.5-s0
153,0.7765406312784602,3.6e-05,3.8e-05,minibatch-sep1.5-s0
154,0.7805621628314664,3.5e-05,3.7e-05,minibatch-sep1.5-s0
155,0.7850775634379404,3.1e-05,3.2e-05,minibatch-sep1.5-s0
156,0.7890924796487411,3.2e-05,3.3e-05,minibatch-sep1.5-s0
157,0.7934768766028423,2.9e-05,3.1e-05,minibatch-sep1.5-s0
158,0.7973909524893346,2.6e-05,2.8e-05,minibatch-sep1.5-s0
159,0.8017772404678318,2.3e-05,2.5e-05,minibatch-sep1.5-s0
160,0.8063853634293571,2.1e-05,2.4e-05,minibatch-sep1.5-s0
161,0.8105964005964766,1.7e-05,1.8e-05,minibatch-sep1.5-s0
162,0.815222568854809,1.6e-05,1.7e-05,minibatch-sep1.5-s0
163,0.8192401042098444,1.3e-05,1.5e-05,minibatch-sep1.5-s0
164,0.8239637777208484,1.3e-05,1.4e-05,minibatch-sep1.5-s0
165,0.8282242218603998,1.3e-05,1.4e-05,minibatch-sep1.5-s0
166,0.8322205093111008,1.2e-05,1.3e-05,minibatch-sep1.5-s0
167,0.8361908207735931,1e-05,1e-05,minibatch-sep1.5-s0
168,0.8407720784780879,9e-06,9e-06,minibatch-sep1.5-s0
169,0.8450929040716988,9e-06,9e-06,minibatch-sep1.5-s0
170,0.850197064016919,9e-06,9e-06,minibatch-sep1.5-s0
171,0.854653253283819,8e-06,8e-06,minibatch-sep1.5-s0
172,0.8589092715242455,5e-06,5e-06,minibatch-sep1.5-s0
173,0.863290275711542,3e-06,3e-06,minibatch-sep1.5-s0
174,0.8678751357128626,3e-06,4e-06,minibatch-sep1.5-s0
175,0.8719316480561884,1e-06,2e-06,minibatch-sep1.5-s0
176,0.8768577490586758,1e-06,2e-06,minibatch-sep1.5-s0
177,0.8811363108785941,3e-06,4e-06,minibatch-sep1.5-s0
178,0.8847871444154958,5e-06,3e-06,minibatch-sep1.5-s0
179,0.8899165971315612,8e-06,6e-06,minibatch-sep1.5-s0
180,0.894147174292254,7e-06,5e-06,minibatch-sep1.5-s0
181,0.8995130086757961,8e-06,7e-06,minibatch-sep1.5-s0
182,0.904289710172787,1.1e-05,1e-05,minibatch-sep1.5-s0
183,0.9088352095592716,1.4e-05,1.3e-05,minibatch-sep1.5-s0
184,0.9123849888754534,1.6e-05,1.5e-05,minibatch-sep1.5-s0
185,0.9162113347997665,1.7e-05,1.6e-05,minibatch-sep1.5-s0
186,0.9202266447411168,1.7e-05,1.6e-05,minibatch-sep1.5-s0
187,0.9243204931460168,2.2e-05,2.2e-05,minibatch-sep1.5-s0
188,0.9290542161330123,2.2e-05,2.2e-05,minibatch-sep1.5-s0
189,0.9327949325768978,2.3e-05,2.3e-05,minibatch-sep1.5-s0
190,0.9384887828916044,2.4e-05,2.4e-05,minibatch-sep1.5-s0
191,0.9431355626824258,2.5e-05,2.5e-05,minibatch-sep1.5-s0
192,0.9464809131665093,2.6e-05,2.6e-05,minibatch-sep1.5-s0
193,0.9531884847705067,2.9e-05,2.9e-05,minibatch-sep1.5-s0
194,0.9608569983821499,3.3e-05,3.3e-05,minibatch-sep1.5-s0
195,0.9674385844921675,3.4e-05,3.4e-05,minibatch-sep1.5-s0
196,0.9740070690391808,3.7e-05,3.7e-05,minibatch-sep1.5-s0
197,0.9806171338992389,3.9e-05,3.9e-05,minibatch-sep1.5-s0
198,0.987258967264643,3.9e-05,3.9e-05,minibatch-sep1.5-s0
199,0.9940170505323311,4.2e-05,4.2e-05,minibatch-sep1.5-s0
200,1.0,4.2e-05,4.2e-05,minibatch-sep1.5-s0
0,0.0,0.093817,,minibatch-sep2.0-s0
1,0.006454413906191357,0.00419,0.00419,minibatch-sep2.0-s0
2,0.010811812951145201,0.002004,0.002004,minibatch-sep2.0-s0
3,0.01505154632216862,0.00169,0.001698,minibatch-sep2.0-s0
4,0.01930135022094065,0.001552,0.00158,minibatch-sep2.0-s0
5,0.0235147647655773,0.001431,0.001458,minibatch-sep2.0-s0
6,0.02767604298290002,0.001331,0.001373,minibatch-sep2.0-s0
7,0.03211656526908703,0.00125,0.001297,minibatch-sep2.0-s0
8,0.037171134337243235,0.001178,0.00124,minibatch-sep2.0-s0
9,0.041553242430879704,0.00111,0.001167,minibatch-sep2.0-s0
10,0.04595629841602294,0.001072,0.001134,minibatch-sep2.0-s0
11,0.05075858356359068,0.001021,0.001034,minibatch-sep2.0-s0
12,0.055553926392051214,0.000995,0.001004,minibatch-sep2.0-s0
13,0.06039823516834279,0.000951,0.000957,minibatch-sep2.0-s0
14,0.06523128051770634,0.000922,0.000932,minibatch-sep2.0-s0
15,0.06984391245996911,0.000891,0.000898,minibatch-sep2.0-s0
16,0.07462738319102108,0.000858,0.000868,minibatch-sep2.0-s0
17,0.07944194791203756,0.00084,0.000847,minibatch-sep2.0-s0
18,0.08437869346382366,0.000813,0.000819,minibatch-sep2.0-s0
19,0.08924245408420914,0.000793,0.000798,minibatch-sep2.0-s0
20,0.09386017956469499,0.000766,0.000769,minibatch-sep2.0-s0
21,0.09837703317766229,0.000746,0.000749,minibatch-sep2.0-s0
22,0.10319550024513917,0.000728,0.000728,minibatch-sep2.0-s0
23,0.10909436887403039,0.000717,0.000715,minibatch-sep2.0-s0
24,0.11355466855945949,0.000707,0.000707,minibatch-sep2.0-s0
25,0.11976307976665927,0.000689,0.000689,minibatch-sep2.0-s0
26,0.12437194279820647,0.000676,0.000676,minibatch-sep2.0-s0
27,0.12893836194275582,0.000665,0.000667,minibatch-sep2.0-s0
28,0.133392940158425,0.000654,0.000655,minibatch-sep2.0-s0
29,0.13874481179437806,0.000639,0.000641,minibatch-sep2.0-s0
30,0.1437928931371373,0.000631,0.000634,minibatch-sep2.0-s0
31,0.148271272067775,0.000618,0.000623,minibatch-sep2.0-s0
32,0.1529580873370943,0.000608,0.000612,minibatch-sep2.0-s0
33,0.15756081889679918,0.000593,0.000596,minibatch-sep2.0-s0
34,0.16385718632706753,0.000574,0.000577,minibatch-sep2.0-s0
35,0.16962814904178844,0.000558,0.000558,minibatch-sep2.0-s0
36,0.17423972495883844,0.000544,0.000544,minibatch-sep2.0-s0
37,0.18006840032856383,0.000539,0.000539,minibatch-sep2.0-s0
38,0.18467070803974428,0.00053,0.000531,minibatch-sep2.0-s0
39,0.19182566311035784,0.000512,0.000514,minibatch-sep2.0-s0
40,0.19667281005673878,0.000505,0.000507,minibatch-sep2.0-s0
41,0.20168637267181916,0.000495,0.000499,minibatch-sep2.0-s0
42,0.20613229890682977,0.000491,0.000492,minibatch-sep2.0-s0
43,0.21044486674612564,0.000486,0.000487,minibatch-sep2.0-s0
44,0.2148062530171742,0.000479,0.000481,minibatch-sep2.0-s0
45,0.2205742027855408,0.000475,0.000478,minibatch-sep2.0-s0
46,0.2258769464328497,0.000462,0.000465,minibatch-sep2.0-s0
47,0.2301587992116281,0.000456,0.000459,minibatch-sep2.0-s0
48,0.23513494564885387,0.000449,0.000453,minibatch-sep2.0-s0
49,0.23947088133803396,0.000442,0.000444,minibatch-sep2.0-s0
50,0.24393894084408252,0.000435,0.000435,minibatch-sep2.0-s0
51,0.24838748535502816,0.000426,0.000427,minibatch-sep2.0-s0
52,0.25956972042227294,0.000418,0.000419,minibatch-sep2.0-s0
53,0.2671392693777691,0.000411,0.000411,minibatch-sep2.0-s0
54,0.2717473477463293,0.000404,0.000404,minibatch-sep2.0-s0
55,0.27598880373655427,0.000399,0.000399,minibatch-sep2.0-s0
56,0.28141778765507575,0.000394,0.000394,minibatch-sep2.0-s0
57,0.28554882879485394,0.000383,0.000384,minibatch-sep2.0-s0
58,0.28976704971604045,0.000375,0.000376,minibatch-sep2.0-s0
59,0.2939140252588538,0.000364,0.000366,minibatch-sep2.0-s0
60,0.29825881291858264,0.000361,0.000363,minibatch-sep2.0-s0
61,0.30359949536512765,0.000354,0.000356,minibatch-sep2.0-s0
62,0.3088108209445871,0.000346,0.000348,minibatch-sep2.0-s0
63,0.31319132216078793,0.000337,0.000338,minibatch-sep2.0-s0
64,0.31769449365147123,0.000331,0.000332,minibatch-sep2.0-s0
65,0.32222647443384883,0.000328,0.000328,minibatch-sep2.0-s0
66,0.327092506549265,0.000321,0.000323,minibatch-sep2.0-s0
67,0.33178643551082015,0.000314,0.000316,minibatch-sep2.0-s0
68,0.33900366236509105,0.000311,0.000313,minibatch-sep2.0-s0
69,0.3432492020738142,0.000305,0.000309,minibatch-sep2.0-s0
70,0.3476687311284088,0.000301,0.000302,minibatch-sep2.0-s0
71,0.35200202661421925,0.000295,0.000297,minibatch-sep2.0-s0
72,0.35687599727930663,0.000293,0.000295,minibatch-sep2.0-s0
73,0.3614200365598214,0.000285,0.000286,minibatch-sep2.0-s0
74,0.3659693966637203,0.000282,0.000283,minibatch-sep2.0-s0
75,0.37305993217315103,0.00028,0.00028,minibatch-sep2.0-s0
76,0.37754359173272434,0.000278,0.000278,minibatch-sep2.0-s0
77,0.38245318622137753,0.00027,0.000272,minibatch-sep2.0-s0
78,0.38676130378565027,0.00026,0.000263,minibatch-sep2.0-s0
79,0.39086501417428415,0.000256,0.000259,minibatch-sep2.0-s0
80,0.3962285674839627,0.00025,0.000252,minibatch-sep2.0-s0
81,0.40395219123145204,0.000247,0.000249,minibatch-sep2.0-s0
82,0.4084728648957582,0.000243,0.000246,minibatch-sep2.0-s0
83,0.4128542329998991,0.000242,0.000245,minibatch-sep2.0-s0
84,0.4178340083397145,0.000236,0.000239,minibatch-sep2.0-s0
85,0.42222062974243735,0.000231,0.000233,minibatch-sep2.0-s0
86,0.42904593798224844,0.000226,0.000227,minibatch-sep2.0-s0
87,0.4336456034434998,0.000226,0.000225,minibatch-sep2.0-s0
88,0.43864625214493597,0.000221,0.000223,minibatch-sep2.0-s0
89,0.4438352672446083,0.000217,0.000219,minibatch-sep2.0-s0
90,0.4486006436794614,0.000217,0.000219,minibatch-sep2.0-s0
91,0.45465273694742375,0.000212,0.000215,minibatch-sep2.0-s0
92,0.4601267678258566,0.000207,0.000208,minibatch-sep2.0-s0
93,0.46909714008580594,0.000202,0.000203,minibatch-sep2.0-s0
94,0.47382636944420164,0.000201,0.000202,minibatch-sep2.0-s0
95,0.4785835262840023,0.000197,0.000197,minibatch-sep2.0-s0
96,0.4834748873103425,0.000194,0.000194,minibatch-sep2.0-s0
97,0.4890089784474716,0.000189,0.000189,minibatch-sep2.0-s0
98,0.49373117708704045,0.000187,0.000187,minibatch-sep2.0-s0
99,0.49818184890990636,0.000184,0.000184,minibatch-sep2.0-s0
100,0.5026408663608671,0.000181,0.000181,minibatch-sep2.0-s0
101,0.5071117940103447,0.000175,0.000175,minibatch-sep2.0-s0
102,0.5137573274415022,0.000174,0.000174,minibatch-sep2.0-s0
103,0.5186771156374566,0.000169,0.000169,minibatch-sep2.0-s0
104,0.5233418462269313,0.000164,0.000165,minibatch-sep2.0-s0
105,0.5277762049512085,0.00016,0.000161,minibatch-sep2.0-s0
106,0.5326303215470503,0.000159,0.00016,minibatch-sep2.0-s0
107,0.5372072277587302,0.000156,0.000156,minibatch-sep2.0-s0
108,0.5436123008222918,0.000155,0.000155,minibatch-sep2.0-s0
109,0.547713766075594,0.00015,0.00015,minibatch-sep2.0-s0
110,0.5519810570619157,0.00015,0.00015,minibatch-sep2.0-s0
111,0.5561365254799279,0.00015,0.00015,minibatch-sep2.0-s0
112,0.5605863681651241,0.000148,0.000148,minibatch-sep2.0-s0
113,0.5658096950676683,0.000144,0.000144,minibatch-sep2.0-s0
114,0.5714519591827153,0.000138,0.000138,minibatch-sep2.0-s0
115,0.575659924508611,0.000138,0.000138,minibatch-sep2.0-s0
116,0.579990483988633,0.000133,0.000135,minibatch-sep2.0-s0
117,0.5850915207623826,0.00013,0.000132,minibatch-sep2.0-s0
118,0.5895778707069879,0.000127,0.000129,minibatch-sep2.0-s0
119,0.5940411225266884,0.000119,0.000122,minibatch-sep2.0-s0
120,0.5984425334982035,0.000117,0.000118,minibatch-sep2.0-s0
121,0.6027263554190131,0.000116,0.000117,minibatch-sep2.0-s0
122,0.607442656151919,0.000115,0.000116,minibatch-sep2.0-s0
123,0.6141808349206264,0.000112,0.000113,minibatch-sep2.0-s0
124,0.6188981302819309,0.000111,0.000111,minibatch-sep2.0-s0
125,0.6239758391078793,0.000107,0.000107,minibatch-sep2.0-s0
126,0.6282717023123285,0.000105,0.000105,minibatch-sep2.0-s0
127,0.632775420912951,0.000102,0.000102,minibatch-sep2.0-s0
128,0.6375552843180087,0.000101,0.000101,minibatch-sep2.0-s0
129,0.6444303923094803,0.0001,0.0001,minibatch-sep2.0-s0
130,0.6488892708983888,9.6e-05,9.6e-05,minibatch-sep2.0-s0
131,0.6535542992448731,9.1e-05,9.2e-05,minibatch-sep2.0-s0
132,0.6579941043928752,9.2e-05,9.2e-05,minibatch-sep2.0-s0
133,0.6646821785425774,9.2e-05,9.2e-05,minibatch-sep2.0-s0
134,0.6694401230158019,8.8e-05,8.9e-05,minibatch-sep2.0-s0
135,0.6747087201638542,8.6e-05,8.6e-05,minibatch-sep2.0-s0
136,0.6805316956638041,8.6e-05,8.6e-05,minibatch-sep2.0-s0
137,0.6851129531671477,8.1e-05,8.2e-05,minibatch-sep2.0-s0
138,0.6897924406623089,8.2e-05,8.3e-05,minibatch-sep2.0-s0
139,0.6944720711594227,8e-05,8.2e-05,minibatch-sep2.0-s0
140,0.6988708466638943,7.9e-05,8.1e-05,minibatch-sep2.0-s0
141,0.703199811148226,7.5e-05,7.7e-05,minibatch-sep2.0-s0
142,0.7092561685360702,7.3e-05,7.5e-05,minibatch-sep2.0-s0
143,0.7136323870145369,7e-05,7.1e-05,minibatch-sep2.0-s0
144,0.7182667096679021,6.7e-05,6.9e-05,minibatch-sep2.0-s0
145,0.7225286175920117,6.5e-05,6.7e-05,minibatch-sep2.0-s0
146,0.7270238360550703,6.2e-05,6.3e-05,minibatch-sep2.0-s0
147,0.7314923376766578,6.1e-05,6.2e-05,minibatch-sep2.0-s0
148,0.7382078705986342,6e-05,6.1e-05,minibatch-sep2.0-s0
149,0.7430796668458257,5.7e-05,5.7e-05,minibatch-sep2.0-s0
150,0.7475460984591863,5.5e-05,5.5e-05,minibatch-sep2.0-s0
151,0.7523727691468486,5.3e-05,5.3e-05,minibatch-sep2.0-s0
152,0.7570217128376733,5.3e-05,5.3e-05,minibatch-sep2.0-s0
153,0.7640799957466203,5.2e-05,5.2e-05,minibatch-sep2.0-s0
154,0.7687157932567278,5e-05,5e-05,minibatch-sep2.0-s0
155,0.7733098596325366,4.8e-05,4.8e-05,minibatch-sep2.0-s0
156,0.7780074436575717,4.4e-05,4.4e-05,minibatch-sep2.0-s0
157,0.7827664065460739,4.3e-05,4.3e-05,minibatch-sep2.0-s0
158,0.7904984860149176,4e-05,4e-05,minibatch-sep2.0-s0
159,0.7953779436957948,3.5e-05,3.5e-05,minibatch-sep2.0-s0
160,0.8005233933465429,3.2e-05,3.3e-05,minibatch-sep2.0-s0
161,0.8051087848552995,3.1e-05,3.2e-05,minibatch-sep2.0-s0
162,0.8103731342910379,2.8e-05,2.9e-05,minibatch-sep2.0-s0
163,0.8150242023467357,2.6e-05,2.7e-05,minibatch-sep2.0-s0
164,0.8217922749438624,2.5e-05,2.5e-05,minibatch-sep2.0-s0
165,0.8263703316616821,2.4e-05,2.4e-05,minibatch-sep2.0-s0
166,0.8309281644207605,2.2e-05,2.3e-05,minibatch-sep2.0-s0
167,0.8356272765131102,1.9e-05,2e-05,minibatch-sep2.0-s0
168,0.8423365459542453,1.7e-05,1.8e-05,minibatch-sep2.0-s0
169,0.8466704204529504,1.3e-05,1.4e-05,minibatch-sep2.0-s0
170,0.8517277002547974,1.3e-05,1.3e-05,minibatch-sep2.0-s0
171,0.8561827471679027,9e-06,9e-06,minibatch-sep2.0-s0
172,0.8611194097813634,8e-06,8e-06,minibatch-sep2.0-s0
173,0.8659324635677011,4e-06,4e-06,minibatch-sep2.0-s0
174,0.8718039032690182,3e-06,3e-06,minibatch-sep2.0-s0
175,0.8768162474204554,2e-06,2e-06,minibatch-sep2.0-s0
176,0.8812211617877753,1e-06,1e-06,minibatch-sep2.0-s0
177,0.8856306279862988,1e-06,1e-06,minibatch-sep2.0-s0
178,0.8900909031363908,3e-06,3e-06,minibatch-sep2.0-s0
179,0.8960749601146929,5e-06,5e-06,minibatch-sep2.0-s0
180,0.9005232390756442,6e-06,6e-06,minibatch-sep2.0-s0
181,0.9049692914372539,6e-06,6e-06,minibatch-sep2.0-s0
182,0.9100267665745291,7e-06,7e-06,minibatch-sep2.0-s0
183,0.9143553069647491,9e-06,9e-06,minibatch-sep2.0-s0
184,0.9211698850528225,1.2e-05,1.2e-05,minibatch-sep2.0-s0
185,0.9255904211438193,1.1e-05,1.1e-05,minibatch-sep2.0-s0
186,0.9301491928999355,1.4e-05,1.3e-05,minibatch-sep2.0-s0
187,0.9349716844526021,1.4e-05,1.3e-05,minibatch-sep2.0-s0
188,0.9393904320251492,1.6e-05,1.5e-05,minibatch-sep2.0-s0
189,0.9436898650976882,1.9e-05,1.8e-05,minibatch-sep2.0-s0
190,0.9482403110948889,1.9e-05,1.9e-05,minibatch-sep2.0-s0
191,0.9541416346841881,2.1e-05,2.1e-05,minibatch-sep2.0-s0
192,0.9598107279676392,2.2e-05,2.2e-05,minibatch-sep2.0-s0
193,0.9646827944660671,2.6e-05,2.5e-05,minibatch-sep2.0-s0
194,0.9695180379383441,2.8e-05,2.7e-05,minibatch-sep2.0-s0
195,0.9738458280244044,3.2e-05,3e-05,minibatch-sep2.0-s0
196,0.9783365671278902,3.3e-05,3.1e-05,minibatch-sep2.0-s0
197,0.982890371180017,3.6e-05,3.5e-05,minibatch-sep2.0-s0
198,0.990188503026147,3.7e-05,3.6e-05,minibatch-sep2.0-s0
199,0.995173412776922,3.9e-05,3.9e-05,minibatch-sep2.0-s0
200,1.0,4.1e-05,4e-05,minibatch-sep2.0-s0
0,0.0,0.234799,,minibatch_const-sep1.5-s0-eta0.0002
1,0.007178311577727802,0.083622,0.083622,minibatch_const-sep1.5-s0-eta0.0002
2,0.01312541655845123,0.041519,0.041519,minibatch_const-sep1.5-s0-eta0.0002
3,0.019508881054614482,0.040998,0.041089,minibatch_const-sep1.5-s0-eta0.0002
4,0.026013915533687735,0.04073,0.040878,minibatch_const-sep1.5-s0-eta0.0002
5,0.03286896585036445,0.040433,0.040434,minibatch_const-sep1.5-s0-eta0.0002
6,0.03874581000925691,0.04008,0.040216,minibatch_const-sep1.5-s0-eta0.0002
7,0.0454314477644013,0.039768,0.03981,minibatch_const-sep1.5-s0-eta0.0002
8,0.052307413410957,0.039464,0.039589,minibatch_const-sep1.5-s0-eta0.0002
9,0.05872559055161894,0.039025,0.039144,minibatch_const-sep1.5-s0-eta0.0002
10,0.06476365921180224,0.038537,0.038779,minibatch_const-sep1.5-s0-eta0.0002
11,0.0710712073118234,0.03849,0.038439,minibatch_const-sep1.5-s0-eta0.0002
12,0.0776185458563595,0.038735,0.038912,minibatch_const-sep1.5-s0-eta0.0002
13,0.0836605385157533,0.038627,0.039091,minibatch_const-sep1.5-s0-eta0.0002
14,0.09022241071975684,0.029649,0.03115,minibatch_const-sep1.5-s0-eta0.0002
15,0.09600386314124383,0.012632,0.014814,minibatch_const-sep1.5-s0-eta0.0002
16,0.10185569849946913,0.011707,0.013607,minibatch_const-sep1.5-s0-eta0.0002
17,0.1082378886734506,0.01126,0.012734,minibatch_const-sep1.5-s0-eta0.0002
18,0.114944315363839,0.010927,0.011783,minibatch_const-sep1.5-s0-eta0.0002
19,0.12127039513216706,0.010655,0.010891,minibatch_const-sep1.5-s0-eta0.0002
20,0.12812638935908446,0.010271,0.010525,minibatch_const-sep1.5-s0-eta0.0002
21,0.13440630079248708,0.010006,0.010202,minibatch_const-sep1.5-s0-eta0.0002
22,0.14077338410312243,0.009863,0.009944,minibatch_const-sep1.5-s0-eta0.0002
23,0.14710134881335665,0.00965,0.009635,minibatch_const-sep1.5-s0-eta0.0002
24,0.15387945180816223,0.009324,0.009276,minibatch_const-sep1.5-s0-eta0.0002
25,0.16018190953197592,0.009239,0.010052,minibatch_const-sep1.5-s0-eta0.0002
26,0.16651887654682093,0.008976,0.009824,minibatch_const-sep1.5-s0-eta0.0002
27,0.1720516168503855,0.008846,0.009638,minibatch_const-sep1.5-s0-eta0.0002
28,0.17806238578706984,0.008718,0.009452,minibatch_const-sep1.5-s0-eta0.0002
29,0.18390938011196625,0.008488,0.009167,minibatch_const-sep1.5-s0-eta0.0002
30,0.18955546171327217,0.008429,0.00898,minibatch_const-sep1.5-s0-eta0.0002
31,0.19540108482181331,0.008155,0.008799,minibatch_const-sep1.5-s0-eta0.0002
32,0.20100747550303624,0.007834,0.008642,minibatch_const-sep1.5-s0-eta0.0002
33,0.20716680242374386,0.007653,0.008501,minibatch_const-sep1.5-s0-eta0.0002
34,0.21337517831199407,0.007411,0.00832,minibatch_const-sep1.5-s0-eta0.0002
35,0.21937302537995662,0.007197,0.008159,minibatch_const-sep1.5-s0-eta0.0002
36,0.22516392903680732,0.007067,0.007905,minibatch_const-sep1.5-s0-eta0.0002
37,0.2313777908102745,0.006824,0.007689,minibatch_const-sep1.5-s0-eta0.0002
38,0.23788676472382905,0.00656,0.007459,minibatch_const-sep1.5-s0-eta0.0002
39,0.24386841639165152,0.006436,0.007208,minibatch_const-sep1.5-s0-eta0.0002
40,0.24978756436176056,0.006313,0.007004,minibatch_const-sep1.5-s0-eta0.0002
41,0.2562195600405357,0.006134,0.006789,minibatch_const-sep1.5-s0-eta0.0002
42,0.2622540359722264,0.006009,0.006587,minibatch_const-sep1.5-s0-eta0.0002
43,0.26841603838109634,0.005921,0.006384,minibatch_const-sep1.5-s0-eta0.0002
44,0.2746510429371524,0.005772,0.006239,minibatch_const-sep1.5-s0-eta0.0002
45,0.28072731249694327,0.005711,0.006105,minibatch_const-sep1.5-s0-eta0.0002
46,0.2870460173166186,0.005563,0.005929,minibatch_const-sep1.5-s0-eta0.0002
47,0.292913304653756,0.005609,0.005814,minibatch_const-sep1.5-s0-eta0.0002
48,0.2988642440164716,0.005387,0.005707,minibatch_const-sep1.5-s0-eta0.0002
49,0.3048606644519571,0.005359,0.005577,minibatch_const-sep1.5-s0-eta0.0002
50,0.31101018135203173,0.005191,0.00548,minibatch_const-sep1.5-s0-eta0.0002
51,0.3173084527617954,0.005204,0.005365,minibatch_const-sep1.5-s0-eta0.0002
52,0.3232261978512118,0.005229,0.005289,minibatch_const-sep1.5-s0-eta0.0002
53,0.3295626076596025,0.004979,0.005188,minibatch_const-sep1.5-s0-eta0.0002
54,0.3356917310910657,0.004933,0.005097,minibatch_const-sep1.5-s0-eta0.0002
55,0.34115072574711974,0.004811,0.005001,minibatch_const-sep1.5-s0-eta0.0002
56,0.3476223029572585,0.004856,0.004944,minibatch_const-sep1.5-s0-eta0.0002
57,0.35358849445394974,0.004761,0.00488,minibatch_const-sep1.5-s0-eta0.0002
58,0.3595298956788185,0.004687,0.004792,minibatch_const-sep1.5-s0-eta0.0002
59,0.36555567374568687,0.004649,0.004736,minibatch_const-sep1.5-s0-eta0.0002
60,0.3716347291484737,0.004573,0.00466,minibatch_const-sep1.5-s0-eta0.0002
61,0.37709281560671504,0.004486,0.0046,minibatch_const-sep1.5-s0-eta0.0002
62,0.3832780008611433,0.004418,0.004551,minibatch_const-sep1.5-s0-eta0.0002
63,0.38940276583179445,0.004228,0.004469,minibatch_const-sep1.5-s0-eta0.0002
64,0.3954844444846412,0.004197,0.004398,minibatch_const-sep1.5-s0-eta0.0002
65,0.4015068318176935,0.004052,0.004325,minibatch_const-sep1.5-s0-eta0.0002
66,0.4071026250874426,0.004053,0.004262,minibatch_const-sep1.5-s0-eta0.0002
67,0.41315049372290236,0.004038,0.004183,minibatch_const-sep1.5-s0-eta0.0002
68,0.4190672106719479,0.003938,0.004051,minibatch_const-sep1.5-s0-eta0.0002
69,0.4249861798624262,0.00393,0.003957,minibatch_const-sep1.5-s0-eta0.0002
70,0.43064339286660935,0.003879,0.003889,minibatch_const-sep1.5-s0-eta0.0002
71,0.43645998812576325,0.003847,0.003822,minibatch_const-sep1.5-s0-eta0.0002
72,0.4422332138056148,0.00378,0.003773,minibatch_const-sep1.5-s0-eta0.0002
73,0.44808320836951765,0.003757,0.003694,minibatch_const-sep1.5-s0-eta0.0002
74,0.45395642621181465,0.003712,0.00365,minibatch_const-sep1.5-s0-eta0.0002
75,0.45971635543233696,0.003689,0.003602,minibatch_const-sep1.5-s0-eta0.0002
76,0.4656905850236473,0.003662,0.003561,minibatch_const-sep1.5-s0-eta0.0002
77,0.4715885403036123,0.003631,0.003542,minibatch_const-sep1.5-s0-eta0.0002
78,0.4774585283411725,0.003598,0.003523,minibatch_const-sep1.5-s0-eta0.0002
79,0.48321848498867637,0.003607,0.003507,minibatch_const-sep1.5-s0-eta0.0002
80,0.48894505237960884,0.003497,0.003478,minibatch_const-sep1.5-s0-eta0.0002
81,0.49479648930222536,0.003378,0.003424,minibatch_const-sep1.5-s0-eta0.0002
82,0.5005570113258038,0.003209,0.003369,minibatch_const-sep1.5-s0-eta0.0002
83,0.5064971674266767,0.00311,0.003317,minibatch_const-sep1.5-s0-eta0.0002
84,0.511976458708019,0.003016,0.00327,minibatch_const-sep1.5-s0-eta0.0002
85,0.5175456627088868,0.002935,0.003205,minibatch_const-sep1.5-s0-eta0.0002
86,0.5235992372556039,0.002859,0.003083,minibatch_const-sep1.5-s0-eta0.0002
87,0.5290177247754262,0.002832,0.002956,minibatch_const-sep1.5-s0-eta0.0002
88,0.5347498123713245,0.002804,0.002873,minibatch_const-sep1.5-s0-eta0.0002
89,0.5405940702975008,0.002668,0.002796,minibatch_const-sep1.5-s0-eta0.0002
90,0.5463119751800973,0.002586,0.00268,minibatch_const-sep1.5-s0-eta0.0002
91,0.5524745541347055,0.002531,0.002608,minibatch_const-sep1.5-s0-eta0.0002
92,0.5584687660893278,0.002508,0.002558,minibatch_const-sep1.5-s0-eta0.0002
93,0.5641187410876695,0.002361,0.002476,minibatch_const-sep1.5-s0-eta0.0002
94,0.5701379271023028,0.002299,0.002394,minibatch_const-sep1.5-s0-eta0.0002
95,0.5759111291264182,0.00226,0.002338,minibatch_const-sep1.5-s0-eta0.0002
96,0.5817428981200172,0.002129,0.002263,minibatch_const-sep1.5-s0-eta0.0002
97,0.587611842358767,0.00198,0.002195,minibatch_const-sep1.5-s0-eta0.0002
98,0.5932461028910435,0.002008,0.002137,minibatch_const-sep1.5-s0-eta0.0002
99,0.599708154133017,0.001878,0.002018,minibatch_const-sep1.5-s0-eta0.0002
100,0.6053195727092449,0.001762,0.001921,minibatch_const-sep1.5-s0-eta0.0002
101,0.6111249160636361,0.001727,0.001822,minibatch_const-sep1.5-s0-eta0.0002
102,0.6168639383527208,0.001481,0.001741,minibatch_const-sep1.5-s0-eta0.0002
103,0.6210967078060505,0.001429,0.001667,minibatch_const-sep1.5-s0-eta0.0002
104,0.6253321995618374,0.001364,0.001529,minibatch_const-sep1.5-s0-eta0.0002
105,0.6292325805294772,0.001326,0.001442,minibatch_const-sep1.5-s0-eta0.0002
106,0.6328747750191759,0.001259,0.001341,minibatch_const-sep1.5-s0-eta0.0002
107,0.6366570749369892,0.001224,0.001233,minibatch_const-sep1.5-s0-eta0.0002
108,0.6406911567777926,0.001228,0.00117,minibatch_const-sep1.5-s0-eta0.0002
109,0.6457862296669373,0.001189,0.001094,minibatch_const-sep1.5-s0-eta0.0002
110,0.6500430140212108,0.001142,0.001031,minibatch_const-sep1.5-s0-eta0.0002
111,0.6541643359324019,0.000992,0.000971,minibatch_const-sep1.5-s0-eta0.0002
112,0.6582126902986429,0.000993,0.000933,minibatch_const-sep1.5-s0-eta0.0002
113,0.6619847887603296,0.00088,0.000895,minibatch_const-sep1.5-s0-eta0.0002
114,0.6661174246761191,0.000965,0.000835,minibatch_const-sep1.5-s0-eta0.0002
115,0.6702163046403361,0.000978,0.000812,minibatch_const-sep1.5-s0-eta0.0002
116,0.6732307395793016,0.000824,0.000765,minibatch_const-sep1.5-s0-eta0.0002
117,0.677625003379953,0.000773,0.000722,minibatch_const-sep1.5-s0-eta0.0002
118,0.6817005579540065,0.000758,0.000668,minibatch_const-sep1.5-s0-eta0.0002
119,0.6851894321281592,0.000742,0.000619,minibatch_const-sep1.5-s0-eta0.0002
120,0.6890457933989834,0.000701,0.000572,minibatch_const-sep1.5-s0-eta0.0002
121,0.6933777462168011,0.000716,0.000527,minibatch_const-sep1.5-s0-eta0.0002
122,0.6981661687176316,0.000734,0.000492,minibatch_const-sep1.5-s0-eta0.0002
123,0.7015188489344358,0.000684,0.000459,minibatch_const-sep1.5-s0-eta0.0002
124,0.7046696526159612,0.0007,0.000446,minibatch_const-sep1.5-s0-eta0.0002
125,0.7080847192122548,0.000628,0.000425,minibatch_const-sep1.5-s0-eta0.0002
126,0.7112382555325594,0.000637,0.000399,minibatch_const-sep1.5-s0-eta0.0002
127,0.7142774627713174,0.000606,0.00036,minibatch_const-sep1.5-s0-eta0.0002
128,0.7186140848542375,0.000589,0.000331,minibatch_const-sep1.5-s0-eta0.0002
129,0.7221704919233815,0.000716,0.000317,minibatch_const-sep1.5-s0-eta0.0002
130,0.7263171794685024,0.000636,0.000316,minibatch_const-sep1.5-s0-eta0.0002
131,0.7302548777936808,0.000626,0.000311,minibatch_const-sep1.5-s0-eta0.0002
132,0.7351571799001032,0.000655,0.000322,minibatch_const-sep1.5-s0-eta0.0002
133,0.7399675190035294,0.000661,0.00032,minibatch_const-sep1.5-s0-eta0.0002
134,0.7435805888033388,0.000638,0.000316,minibatch_const-sep1.5-s0-eta0.0002
135,0.7475813770359585,0.000675,0.000321,minibatch_const-sep1.5-s0-eta0.0002
136,0.7515529445461132,0.000577,0.000316,minibatch_const-sep1.5-s0-eta0.0002
137,0.7548275743616518,0.00061,0.000303,minibatch_const-sep1.5-s0-eta0.0002
138,0.7579440862866197,0.000671,0.000322,minibatch_const-sep1.5-s0-eta0.0002
139,0.761319157458066,0.000614,0.000329,minibatch_const-sep1.5-s0-eta0.0002
140,0.7658136992194149,0.000732,0.000331,minibatch_const-sep1.5-s0-eta0.0002
141,0.7691906980170488,0.000628,0.000322,minibatch_const-sep1.5-s0-eta0.0002
142,0.7726017440250447,0.000703,0.000326,minibatch_const-sep1.5-s0-eta0.0002
143,0.7765420761315229,0.000645,0.000302,minibatch_const-sep1.5-s0-eta0.0002
144,0.7810149147794908,0.000612,0.000284,minibatch_const-sep1.5-s0-eta0.0002
145,0.7850562978220273,0.000595,0.000278,minibatch_const-sep1.5-s0-eta0.0002
146,0.7891309085451638,0.000649,0.000267,minibatch_const-sep1.5-s0-eta0.0002
147,0.7929841384817168,0.000568,0.000283,minibatch_const-sep1.5-s0-eta0.0002
148,0.7967414460228419,0.000655,0.000283,minibatch_const-sep1.5-s0-eta0.0002
149,0.8012410417530489,0.000583,0.000265,minibatch_const-sep1.5-s0-eta0.0002
150,0.8049973721489615,0.000556,0.000276,minibatch_const-sep1.5-s0-eta0.0002
151,0.809264403830141,0.000626,0.000275,minibatch_const-sep1.5-s0-eta0.0002
152,0.8132652287864959,0.000589,0.000268,minibatch_const-sep1.5-s0-eta0.0002
153,0.8170553291285536,0.000596,0.000262,minibatch_const-sep1.5-s0-eta0.0002
154,0.8212510599914196,0.000629,0.000254,minibatch_const-sep1.5-s0-eta0.0002
155,0.8251300517658333,0.000587,0.000256,minibatch_const-sep1.5-s0-eta0.0002
156,0.8286746806366838,0.000617,0.000245,minibatch_const-sep1.5-s0-eta0.0002
157,0.8331951860074113,0.000552,0.000223,minibatch_const-sep1.5-s0-eta0.0002
158,0.8370258736451412,0.000636,0.000223,minibatch_const-sep1.5-s0-eta0.0002
159,0.8406579860647496,0.000545,0.000225,minibatch_const-sep1.5-s0-eta0.0002
160,0.8445396786808324,0.000597,0.000204,minibatch_const-sep1.5-s0-eta0.0002
161,0.8489556783213699,0.00058,0.000221,minibatch_const-sep1.5-s0-eta0.0002
162,0.852707264284335,0.000625,0.000224,minibatch_const-sep1.5-s0-eta0.0002
163,0.8559270603836789,0.000575,0.000228,minibatch_const-sep1.5-s0-eta0.0002
164,0.8606980561628549,0.000591,0.00021,minibatch_const-sep1.5-s0-eta0.0002
165,0.8640327755536114,0.000589,0.000207,minibatch_const-sep1.5-s0-eta0.0002
166,0.8676085342530413,0.000607,0.0002,minibatch_const-sep1.5-s0-eta0.0002
167,0.8716287595805532,0.000619,0.00021,minibatch_const-sep1.5-s0-eta0.0002
168,0.8750294103214816,0.000633,0.000217,minibatch_const-sep1.5-s0-eta0.0002
169,0.8793339411285848,0.000606,0.000228,minibatch_const-sep1.5-s0-eta0.0002
170,0.8835758659793118,0.000585,0.000222,minibatch_const-sep1.5-s0-eta0.0002
171,0.8877074429689428,0.000589,0.000244,minibatch_const-sep1.5-s0-eta0.0002
172,0.8916830513417262,0.00063,0.000249,minibatch_const-sep1.5-s0-eta0.0002
173,0.895521886906301,0.000608,0.000246,minibatch_const-sep1.5-s0-eta0.0002
174,0.8989549907140216,0.000577,0.000259,minibatch_const-sep1.5-s0-eta0.0002
175,0.9031199178946371,0.000609,0.000248,minibatch_const-sep1.5-s0-eta0.0002
176,0.9071298285580387,0.000558,0.000239,minibatch_const-sep1.5-s0-eta0.0002
177,0.9108547678670424,0.000627,0.000236,minibatch_const-sep1.5-s0-eta0.0002
178,0.9148205159020145,0.000617,0.00023,minibatch_const-sep1.5-s0-eta0.0002
179,0.9189654494875044,0.000628,0.000213,minibatch_const-sep1.5-s0-eta0.0002
180,0.922067758868356,0.000575,0.000215,minibatch_const-sep1.5-s0-eta0.0002
181,0.9257049052423953,0.000585,0.000204,minibatch_const-sep1.5-s0-eta0.0002
182,0.9295813906979591,0.000591,0.000195,minibatch_const-sep1.5-s0-eta0.0002
183,0.9339056952775332,0.000575,0.000205,minibatch_const-sep1.5-s0-eta0.0002
184,0.9375640874753152,0.00058,0.000204,minibatch_const-sep1.5-s0-eta0.0002
185,0.9420095496358742,0.000634,0.000204,minibatch_const-sep1.5-s0-eta0.0002
186,0.945509896865132,0.00061,0.000199,minibatch_const-sep1.5-s0-eta0.0002
187,0.9492342923351247,0.00059,0.000216,minibatch_const-sep1.5-s0-eta0.0002
188,0.9532781414953175,0.000555,0.000219,minibatch_const-sep1.5-s0-eta0.0002
189,0.9568128826098536,0.000652,0.000222,minibatch_const-sep1.5-s0-eta0.0002
190,0.9608418964872262,0.000583,0.000211,minibatch_const-sep1.5-s0-eta0.0002
191,0.9652700603857672,0.000637,0.000201,minibatch_const-sep1.5-s0-eta0.0002
192,0.9684233443461979,0.000584,0.000211,minibatch_const-sep1.5-s0-eta0.0002
193,0.972373017330375,0.000577,0.000199,minibatch_const-sep1.5-s0-eta0.0002
194,0.9769338498740777,0.000584,0.000201,minibatch_const-sep1.5-s0-eta0.0002
195,0.9804214911617131,0.000588,0.000199,minibatch_const-sep1.5-s0-eta0.0002
196,0.9836865768195348,0.000591,0.00017,minibatch_const-sep1.5-s0-eta0.0002
197,0.987935956179487,0.000675,0.000191,minibatch_const-sep1.5-s0-eta0.0002
198,0.9921431282438453,0.000707,0.000192,minibatch_const-sep1.5-s0-eta0.0002
199,0.9959090506965206,0.000572,0.000208,minibatch_const-sep1.5-s0-eta0.0002
200,1.0,0.000564,0.00019,minibatch_const-sep1.5-s0-eta0.0002
0,0.0,0.118393,,minibatch_const-sep2.0-s0-eta0.0002
1,0.007460327833845619,0.070803,0.070803,minibatch_const-sep2.0-s0-eta0.0002
2,0.014466056429800254,0.054098,0.054098,minibatch_const-sep2.0-s0-eta0.0002
3,0.021792758537357137,0.03293,0.033306,minibatch_const-sep2.0-s0-eta0.0002
4,0.029572457824383343,0.02045,0.022154,minibatch_const-sep2.0-s0-eta0.0002
5,0.03665773703687229,0.020102,0.021229,minibatch_const-sep2.0-s0-eta0.0002
6,0.04374193265640505,0.01975,0.020181,minibatch_const-sep2.0-s0-eta0.0002
7,0.05073562838391704,0.019186,0.019635,minibatch_const-sep2.0-s0-eta0.0002
8,0.05759296850479151,0.018561,0.019194,minibatch_const-sep2.0-s0-eta0.0002
9,0.06435726638918055,0.018036,0.018594,minibatch_const-sep2.0-s0-eta0.0002
10,0.07176509120400237,0.017537,0.018275,minibatch_const-sep2.0-s0-eta0.0002
11,0.07911931800917536,0.016943,0.017061,minibatch_const-sep2.0-s0-eta0.0002
12,0.08804636512288418,0.016329,0.016298,minibatch_const-sep2.0-s0-eta0.0002
13,0.09551568293111529,0.015599,0.015578,minibatch_const-sep2.0-s0-eta0.0002
14,0.10301835834366732,0.014738,0.01477,minibatch_const-sep2.0-s0-eta0.0002
15,0.10922053938636633,0.013756,0.01386,minibatch_const-sep2.0-s0-eta0.0002
16,0.11387766493348558,0.01334,0.013399,minibatch_const-sep2.0-s0-eta0.0002
17,0.11816417010916301,0.012742,0.012886,minibatch_const-sep2.0-s0-eta0.0002
18,0.12288294923501747,0.012297,0.012413,minibatch_const-sep2.0-s0-eta0.0002
19,0.12665834858803565,0.011716,0.011786,minibatch_const-sep2.0-s0-eta0.0002
20,0.1311950936422388,0.011293,0.011369,minibatch_const-sep2.0-s0-eta0.0002
21,0.13608586476200427,0.010804,0.011007,minibatch_const-sep2.0-s0-eta0.0002
22,0.14066604541344138,0.010406,0.010675,minibatch_const-sep2.0-s0-eta0.0002
23,0.14429863978770702,0.009934,0.010273,minibatch_const-sep2.0-s0-eta0.0002
24,0.14784359456100177,0.009621,0.009874,minibatch_const-sep2.0-s0-eta0.0002
25,0.15197667887846603,0.009142,0.009337,minibatch_const-sep2.0-s0-eta0.0002
26,0.1564348967634361,0.009,0.009078,minibatch_const-sep2.0-s0-eta0.0002
27,0.16199809090287298,0.008674,0.008775,minibatch_const-sep2.0-s0-eta0.0002
28,0.1664953570432836,0.008402,0.008512,minibatch_const-sep2.0-s0-eta0.0002
29,0.17092401980674643,0.008237,0.00832,minibatch_const-sep2.0-s0-eta0.0002
30,0.17587298676604893,0.007966,0.008069,minibatch_const-sep2.0-s0-eta0.0002
31,0.18084521351516553,0.007749,0.00782,minibatch_const-sep2.0-s0-eta0.0002
32,0.18590244734737055,0.007487,0.007569,minibatch_const-sep2.0-s0-eta0.0002
33,0.19045387815685416,0.007314,0.007386,minibatch_const-sep2.0-s0-eta0.0002
34,0.19510695733105865,0.007148,0.007214,minibatch_const-sep2.0-s0-eta0.0002
35,0.20048431272994785,0.006858,0.006963,minibatch_const-sep2.0-s0-eta0.0002
36,0.20444791003429247,0.006752,0.006807,minibatch_const-sep2.0-s0-eta0.0002
37,0.2082918058431003,0.006507,0.006582,minibatch_const-sep2.0-s0-eta0.0002
38,0.2127844478905978,0.006428,0.007243,minibatch_const-sep2.0-s0-eta0.0002
39,0.21737312959811236,0.006201,0.007065,minibatch_const-sep2.0-s0-eta0.0002
40,0.2222310995133999,0.006097,0.006879,minibatch_const-sep2.0-s0-eta0.0002
41,0.22703942372363664,0.005843,0.006683,minibatch_const-sep2.0-s0-eta0.0002
42,0.2310416634696452,0.005755,0.006467,minibatch_const-sep2.0-s0-eta0.0002
43,0.2360449450332769,0.005501,0.006331,minibatch_const-sep2.0-s0-eta0.0002
44,0.24105433851789915,0.005384,0.006151,minibatch_const-sep2.0-s0-eta0.0002
45,0.24571141372837813,0.00512,0.005964,minibatch_const-sep2.0-s0-eta0.0002
46,0.24991163301580094,0.004948,0.005805,minibatch_const-sep2.0-s0-eta0.0002
47,0.2538064487357168,0.004753,0.005623,minibatch_const-sep2.0-s0-eta0.0002
48,0.25867796180911246,0.004543,0.005465,minibatch_const-sep2.0-s0-eta0.0002
49,0.26309389612255796,0.004412,0.005295,minibatch_const-sep2.0-s0-eta0.0002
50,0.2678173265922675,0.004238,0.005071,minibatch_const-sep2.0-s0-eta0.0002
51,0.27211374254385606,0.004149,0.004888,minibatch_const-sep2.0-s0-eta0.0002
52,0.27628927203277565,0.004035,0.004683,minibatch_const-sep2.0-s0-eta0.0002
53,0.2803282770993786,0.003909,0.004515,minibatch_const-sep2.0-s0-eta0.0002
54,0.2850258674103088,0.003831,0.004368,minibatch_const-sep2.0-s0-eta0.0002
55,0.2894544146150888,0.003587,0.004226,minibatch_const-sep2.0-s0-eta0.0002
56,0.2947099791070169,0.00353,0.004089,minibatch_const-sep2.0-s0-eta0.0002
57,0.29977551251521417,0.003534,0.003963,minibatch_const-sep2.0-s0-eta0.0002
58,0.30449670648849203,0.00323,0.003841,minibatch_const-sep2.0-s0-eta0.0002
59,0.30908000051263823,0.00328,0.003724,minibatch_const-sep2.0-s0-eta0.0002
60,0.3133090035112764,0.003196,0.003616,minibatch_const-sep2.0-s0-eta0.0002
61,0.3177622084642468,0.003041,0.003493,minibatch_const-sep2.0-s0-eta0.0002
62,0.3228473289693621,0.002957,0.003396,minibatch_const-sep2.0-s0-eta0.0002
63,0.3270887171829624,0.002979,0.003299,minibatch_const-sep2.0-s0-eta0.0002
64,0.3324121869704472,0.002919,0.003203,minibatch_const-sep2.0-s0-eta0.0002
65,0.3362953171821692,0.002767,0.003113,minibatch_const-sep2.0-s0-eta0.0002
66,0.3416544841901218,0.002721,0.003043,minibatch_const-sep2.0-s0-eta0.0002
67,0.3462731399594332,0.002681,0.002976,minibatch_const-sep2.0-s0-eta0.0002
68,0.3511831340681398,0.002559,0.002878,minibatch_const-sep2.0-s0-eta0.0002
69,0.35608054415182017,0.002552,0.002804,minibatch_const-sep2.0-s0-eta0.0002
70,0.36086949437651455,0.002309,0.002732,minibatch_const-sep2.0-s0-eta0.0002
71,0.3666635742539017,0.002201,0.00265,minibatch_const-sep2.0-s0-eta0.0002
72,0.37059358386116953,0.002258,0.002598,minibatch_const-sep2.0-s0-eta0.0002
73,0.37503798666266625,0.002104,0.002518,minibatch_const-sep2.0-s0-eta0.0002
74,0.378762818477802,0.001996,0.002416,minibatch_const-sep2.0-s0-eta0.0002
75,0.3838844356656119,0.002043,0.002306,minibatch_const-sep2.0-s0-eta0.0002
76,0.3883287143977168,0.001948,0.002206,minibatch_const-sep2.0-s0-eta0.0002
77,0.39370515761257713,0.00191,0.002136,minibatch_const-sep2.0-s0-eta0.0002
78,0.39764441646034415,0.001853,0.002062,minibatch_const-sep2.0-s0-eta0.0002
79,0.4032961894988779,0.001787,0.002008,minibatch_const-sep2.0-s0-eta0.0002
80,0.40800835928474183,0.00172,0.001958,minibatch_const-sep2.0-s0-eta0.0002
81,0.41252546565046383,0.001614,0.001885,minibatch_const-sep2.0-s0-eta0.0002
82,0.4181173295377776,0.001589,0.001845,minibatch_const-sep2.0-s0-eta0.0002
83,0.42318601254423915,0.001475,0.001767,minibatch_const-sep2.0-s0-eta0.0002
84,0.428513177703159,0.001455,0.001702,minibatch_const-sep2.0-s0-eta0.0002
85,0.432779879236203,0.001343,0.001634,minibatch_const-sep2.0-s0-eta0.0002
86,0.43679497644785353,0.001364,0.001574,minibatch_const-sep2.0-s0-eta0.0002
87,0.4426393127751697,0.001335,0.001508,minibatch_const-sep2.0-s0-eta0.0002
88,0.4471876923534309,0.001312,0.00145,minibatch_const-sep2.0-s0-eta0.0002
89,0.4519963152760583,0.001309,0.001402,minibatch_const-sep2.0-s0-eta0.0002
90,0.45635411461319403,0.001289,0.001342,minibatch_const-sep2.0-s0-eta0.0002
91,0.4609075007587847,0.00123,0.001307,minibatch_const-sep2.0-s0-eta0.0002
92,0.4655847325791818,0.001226,0.001268,minibatch_const-sep2.0-s0-eta0.0002
93,0.47029278586725665,0.001298,0.001246,minibatch_const-sep2.0-s0-eta0.0002
94,0.47424104158473973,0.001306,0.00124,minibatch_const-sep2.0-s0-eta0.0002
95,0.47917890552517867,0.001273,0.001222,minibatch_const-sep2.0-s0-eta0.0002
96,0.4836460607349834,0.001264,0.001207,minibatch_const-sep2.0-s0-eta0.0002
97,0.4888253217379978,0.001148,0.0012,minibatch_const-sep2.0-s0-eta0.0002
98,0.4930934584762684,0.00118,0.001195,minibatch_const-sep2.0-s0-eta0.0002
99,0.4986174872029107,0.001069,0.001173,minibatch_const-sep2.0-s0-eta0.0002
100,0.503731338335807,0.001152,0.001147,minibatch_const-sep2.0-s0-eta0.0002
101,0.5089755442340739,0.001119,0.00111,minibatch_const-sep2.0-s0-eta0.0002
102,0.5137471678517912,0.001123,0.001111,minibatch_const-sep2.0-s0-eta0.0002
103,0.5181931754418087,0.001053,0.001096,minibatch_const-sep2.0-s0-eta0.0002
104,0.5229898001896274,0.001024,0.001063,minibatch_const-sep2.0-s0-eta0.0002
105,0.5280075057860044,0.001056,0.001052,minibatch_const-sep2.0-s0-eta0.0002
106,0.5323885179672342,0.000996,0.001028,minibatch_const-sep2.0-s0-eta0.0002
107,0.5374128601378607,0.000989,0.001009,minibatch_const-sep2.0-s0-eta0.0002
108,0.5424829563485505,0.000998,0.000988,minibatch_const-sep2.0-s0-eta0.0002
109,0.5471392038512474,0.00096,0.000973,minibatch_const-sep2.0-s0-eta0.0002
110,0.5517281705338611,0.001,0.000952,minibatch_const-sep2.0-s0-eta0.0002
111,0.5569515997222347,0.001059,0.000942,minibatch_const-sep2.0-s0-eta0.0002
112,0.5620960143650178,0.000936,0.000917,minibatch_const-sep2.0-s0-eta0.0002
113,0.5663366543308036,0.000921,0.000903,minibatch_const-sep2.0-s0-eta0.0002
114,0.5710730981054918,0.000951,0.000893,minibatch_const-sep2.0-s0-eta0.0002
115,0.5756402088774494,0.001071,0.000904,minibatch_const-sep2.0-s0-eta0.0002
116,0.5805463434482421,0.001033,0.000901,minibatch_const-sep2.0-s0-eta0.0002
117,0.5856127915736505,0.000958,0.000898,minibatch_const-sep2.0-s0-eta0.0002
118,0.5901905493308657,0.00102,0.000899,minibatch_const-sep2.0-s0-eta0.0002
119,0.5948179178324978,0.000988,0.000908,minibatch_const-sep2.0-s0-eta0.0002
120,0.5990612839372614,0.001054,0.000925,minibatch_const-sep2.0-s0-eta0.0002
121,0.6046353764782001,0.00101,0.000918,minibatch_const-sep2.0-s0-eta0.0002
122,0.6104955779909638,0.000992,0.00091,minibatch_const-sep2.0-s0-eta0.0002
123,0.6151126523144355,0.001014,0.000921,minibatch_const-sep2.0-s0-eta0.0002
124,0.6201428683332602,0.001031,0.00093,minibatch_const-sep2.0-s0-eta0.0002
125,0.6241837457382508,0.000971,0.000926,minibatch_const-sep2.0-s0-eta0.0002
126,0.6291106152530834,0.000937,0.000912,minibatch_const-sep2.0-s0-eta0.0002
127,0.6339769122789999,0.000912,0.000909,minibatch_const-sep2.0-s0-eta0.0002
128,0.638982695943141,0.000923,0.000895,minibatch_const-sep2.0-s0-eta0.0002
129,0.643649733671277,0.00089,0.000881,minibatch_const-sep2.0-s0-eta0.0002
130,0.6488551737660495,0.000855,0.000871,minibatch_const-sep2.0-s0-eta0.0002
131,0.6541874944229551,0.000922,0.000844,minibatch_const-sep2.0-s0-eta0.0002
132,0.6584443211319898,0.000802,0.000841,minibatch_const-sep2.0-s0-eta0.0002
133,0.6634952716709758,0.000816,0.000829,minibatch_const-sep2.0-s0-eta0.0002
134,0.6678533421157704,0.000799,0.000806,minibatch_const-sep2.0-s0-eta0.0002
135,0.6735324014520625,0.000815,0.000771,minibatch_const-sep2.0-s0-eta0.0002
136,0.6774402682344457,0.000706,0.000748,minibatch_const-sep2.0-s0-eta0.0002
137,0.6821242477722208,0.000743,0.00074,minibatch_const-sep2.0-s0-eta0.0002
138,0.6874758228976641,0.000681,0.000717,minibatch_const-sep2.0-s0-eta0.0002
139,0.6923040652645671,0.000759,0.000696,minibatch_const-sep2.0-s0-eta0.0002
140,0.6968254023150395,0.000767,0.000659,minibatch_const-sep2.0-s0-eta0.0002
141,0.701312305337243,0.00059,0.000636,minibatch_const-sep2.0-s0-eta0.0002
142,0.7065104638931934,0.00062,0.000606,minibatch_const-sep2.0-s0-eta0.0002
143,0.7107943345250993,0.000582,0.000576,minibatch_const-sep2.0-s0-eta0.0002
144,0.7155162397162802,0.00063,0.000567,minibatch_const-sep2.0-s0-eta0.0002
145,0.7202782543143098,0.000572,0.000556,minibatch_const-sep2.0-s0-eta0.0002
146,0.7248571867323662,0.0005,0.00053,minibatch_const-sep2.0-s0-eta0.0002
147,0.7295314268264147,0.000539,0.000501,minibatch_const-sep2.0-s0-eta0.0002
148,0.7357335692572017,0.000598,0.000483,minibatch_const-sep2.0-s0-eta0.0002
149,0.7408254776001614,0.000585,0.000462,minibatch_const-sep2.0-s0-eta0.0002
150,0.7457491961883729,0.000576,0.000447,minibatch_const-sep2.0-s0-eta0.0002
151,0.7508634117963857,0.000502,0.000421,minibatch_const-sep2.0-s0-eta0.0002
152,0.7554330636044853,0.000527,0.000415,minibatch_const-sep2.0-s0-eta0.0002
153,0.7596619079969645,0.000499,0.000405,minibatch_const-sep2.0-s0-eta0.0002
154,0.7650167096207331,0.000502,0.000396,minibatch_const-sep2.0-s0-eta0.0002
155,0.7693606145546118,0.000422,0.000383,minibatch_const-sep2.0-s0-eta0.0002
156,0.7738422703067284,0.000454,0.000365,minibatch_const-sep2.0-s0-eta0.0002
157,0.7783382401366286,0.000383,0.000353,minibatch_const-sep2.0-s0-eta0.0002
158,0.7836874564451083,0.000403,0.000344,minibatch_const-sep2.0-s0-eta0.0002
159,0.7887482585455287,0.000397,0.000325,minibatch_const-sep2.0-s0-eta0.0002
160,0.7935475597498342,0.000343,0.000295,minibatch_const-sep2.0-s0-eta0.0002
161,0.7983515386544816,0.00036,0.000268,minibatch_const-sep2.0-s0-eta0.0002
162,0.8030190044977642,0.000329,0.000244,minibatch_const-sep2.0-s0-eta0.0002
163,0.8071076730250971,0.000373,0.000216,minibatch_const-sep2.0-s0-eta0.0002
164,0.810998811296141,0.000316,0.000173,minibatch_const-sep2.0-s0-eta0.0002
165,0.8155729559721036,0.000307,0.000158,minibatch_const-sep2.0-s0-eta0.0002
166,0.8197746379559946,0.00036,0.000135,minibatch_const-sep2.0-s0-eta0.0002
167,0.824101594748942,0.000277,0.000121,minibatch_const-sep2.0-s0-eta0.0002
168,0.8287404527555639,0.000304,0.000113,minibatch_const-sep2.0-s0-eta0.0002
169,0.8329013708961196,0.000323,0.000106,minibatch_const-sep2.0-s0-eta0.0002
170,0.8379715282670752,0.000347,0.000103,minibatch_const-sep2.0-s0-eta0.0002
171,0.8434042247313888,0.000321,0.00012,minibatch_const-sep2.0-s0-eta0.0002
172,0.847856450102222,0.000337,0.00012,minibatch_const-sep2.0-s0-eta0.0002
173,0.8521128744217784,0.000367,0.000114,minibatch_const-sep2.0-s0-eta0.0002
174,0.8569466844851359,0.000355,0.000121,minibatch_const-sep2.0-s0-eta0.0002
175,0.8617504268823024,0.000358,0.00013,minibatch_const-sep2.0-s0-eta0.0002
176,0.8662950482734647,0.000349,0.000133,minibatch_const-sep2.0-s0-eta0.0002
177,0.8703890170174802,0.000397,0.000128,minibatch_const-sep2.0-s0-eta0.0002
178,0.875035652092868,0.000329,0.000125,minibatch_const-sep2.0-s0-eta0.0002
179,0.8802754482478374,0.000377,0.000118,minibatch_const-sep2.0-s0-eta0.0002
180,0.8851463058901637,0.000342,0.00013,minibatch_const-sep2.0-s0-eta0.0002
181,0.890055519643998,0.000332,0.000135,minibatch_const-sep2.0-s0-eta0.0002
182,0.8947145236672315,0.000322,0.000138,minibatch_const-sep2.0-s0-eta0.0002
183,0.8982068762233981,0.000348,0.000135,minibatch_const-sep2.0-s0-eta0.0002
184,0.9026206984735864,0.000312,0.000127,minibatch_const-sep2.0-s0-eta0.0002
185,0.9082122623835696,0.000309,0.000142,minibatch_const-sep2.0-s0-eta0.0002
186,0.9120387940081395,0.000315,0.00014,minibatch_const-sep2.0-s0-eta0.0002
187,0.9160554195221113,0.000322,0.000134,minibatch_const-sep2.0-s0-eta0.0002
188,0.9203245595356386,0.000311,0.000131,minibatch_const-sep2.0-s0-eta0.0002
189,0.9263944631813158,0.000335,0.000126,minibatch_const-sep2.0-s0-eta0.0002
190,0.9330580287632166,0.000328,0.000127,minibatch_const-sep2.0-s0-eta0.0002
191,0.9401921976297881,0.000341,0.000114,minibatch_const-sep2.0-s0-eta0.0002
192,0.94871083779023,0.00037,0.000113,minibatch_const-sep2.0-s0-eta0.0002
193,0.9572266681598073,0.00035,0.0001,minibatch_const-sep2.0-s0-eta0.0002
194,0.9664216603719024,0.000363,0.000103,minibatch_const-sep2.0-s0-eta0.0002
195,0.97418917007671,0.000381,0.000113,minibatch_const-sep2.0-s0-eta0.0002
196,0.9798517810540238,0.000393,0.000121,minibatch_const-sep2.0-s0-eta0.0002
197,0.9846961429262553,0.00038,0.000119,minibatch_const-sep2.0-s0-eta0.0002
198,0.9901662919255518,0.000368,0.00013,minibatch_const-sep2.0-s0-eta0.0002
199,0.9952225418568725,0.000368,0.000144,minibatch_const-sep2.0-s0-eta0.0002
200,1.0,0.00036,0.000154,minibatch_const-sep2.0-s0-eta0.0002
0,0.0,0.350709,,minibatch_const-sep1.5-s1-eta0.0002
1,0.003736336197407924,0.193023,0.193023,minibatch_const-sep1.5-s1-eta0.0002
2,0.007056597079993571,0.102705,0.102705,minibatch_const-sep1.5-s1-eta0.0002
3,0.01001901294548282,0.093461,0.096824,minibatch_const-sep1.5-s1-eta0.0002
4,0.013123222232998473,0.078862,0.081638,minibatch_const-sep1.5-s1-eta0.0002
5,0.016115832386675383,0.054813,0.063996,minibatch_const-sep1.5-s1-eta0.0002
6,0.019430829553670717,0.034995,0.054274,minibatch_const-sep1.5-s1-eta0.0002
7,0.022397789137620777,0.032906,0.047638,minibatch_const-sep1.5-s1-eta0.0002
8,0.025412940998595042,0.031772,0.04306,minibatch_const-sep1.5-s1-eta0.0002
9,0.028385850391286205,0.030776,0.036037,minibatch_const-sep1.5-s1-eta0.0002
10,0.03135392042054081,0.0292,0.0311,minibatch_const-sep1.5-s1-eta0.0002
11,0.03438535484034921,0.027711,0.027976,minibatch_const-sep1.5-s1-eta0.0002
12,0.03736461901941127,0.026432,0.02657,minibatch_const-sep1.5-s1-eta0.0002
13,0.040482332372551874,0.025534,0.025622,minibatch_const-sep1.5-s1-eta0.0002
14,0.04357422291530387,0.024728,0.024702,minibatch_const-sep1.5-s1-eta0.0002
15,0.047881158729071664,0.024337,0.024218,minibatch_const-sep1.5-s1-eta0.0002
16,0.05388587623632187,0.023869,0.023682,minibatch_const-sep1.5-s1-eta0.0002
17,0.06011412509544321,0.023571,0.023294,minibatch_const-sep1.5-s1-eta0.0002
18,0.0664407090641789,0.023104,0.022934,minibatch_const-sep1.5-s1-eta0.0002
19,0.07211731322075365,0.022455,0.022393,minibatch_const-sep1.5-s1-eta0.0002
20,0.0782796733510763,0.022097,0.022082,minibatch_const-sep1.5-s1-eta0.0002
21,0.08352355110203291,0.021675,0.021716,minibatch_const-sep1.5-s1-eta0.0002
22,0.0865132437283053,0.021104,0.0229,minibatch_const-sep1.5-s1-eta0.0002
23,0.08955115960831954,0.020535,0.022538,minibatch_const-sep1.5-s1-eta0.0002
24,0.09295798631053592,0.020048,0.02205,minibatch_const-sep1.5-s1-eta0.0002
25,0.09601745860714449,0.019701,0.021616,minibatch_const-sep1.5-s1-eta0.0002
26,0.09925348264275265,0.019169,0.021164,minibatch_const-sep1.5-s1-eta0.0002
27,0.10370997855628965,0.018788,0.020649,minibatch_const-sep1.5-s1-eta0.0002
28,0.10988291955515807,0.018335,0.020144,minibatch_const-sep1.5-s1-eta0.0002
29,0.1160566572116749,0.017998,0.019676,minibatch_const-sep1.5-s1-eta0.0002
30,0.12225365534365931,0.01754,0.019254,minibatch_const-sep1.5-s1-eta0.0002
31,0.12830774297251282,0.017124,0.01879,minibatch_const-sep1.5-s1-eta0.0002
32,0.13471471267019902,0.016661,0.018373,minibatch_const-sep1.5-s1-eta0.0002
33,0.14056621459098398,0.016176,0.017921,minibatch_const-sep1.5-s1-eta0.0002
34,0.14712710419472697,0.015673,0.017494,minibatch_const-sep1.5-s1-eta0.0002
35,0.15332948648903008,0.015228,0.017031,minibatch_const-sep1.5-s1-eta0.0002
36,0.15699607975203356,0.015109,0.016642,minibatch_const-sep1.5-s1-eta0.0002
37,0.1599580454817596,0.014775,0.016193,minibatch_const-sep1.5-s1-eta0.0002
38,0.16296016118873138,0.014374,0.015754,minibatch_const-sep1.5-s1-eta0.0002
39,0.1659506292611856,0.014115,0.015319,minibatch_const-sep1.5-s1-eta0.0002
40,0.16934099698601413,0.013831,0.014928,minibatch_const-sep1.5-s1-eta0.0002
41,0.17343388117572395,0.013508,0.014591,minibatch_const-sep1.5-s1-eta0.0002
42,0.17640798811245648,0.013344,0.014264,minibatch_const-sep1.5-s1-eta0.0002
43,0.17938075414576132,0.013092,0.013913,minibatch_const-sep1.5-s1-eta0.0002
44,0.18238363884795716,0.012794,0.013586,minibatch_const-sep1.5-s1-eta0.0002
45,0.18532806965396567,0.012688,0.013313,minibatch_const-sep1.5-s1-eta0.0002
46,0.18830155032088688,0.012279,0.013079,minibatch_const-sep1.5-s1-eta0.0002
47,0.19133328941440603,0.012062,0.012828,minibatch_const-sep1.5-s1-eta0.0002
48,0.1942893273136982,0.011897,0.012636,minibatch_const-sep1.5-s1-eta0.0002
49,0.19727722546084853,0.011573,0.012424,minibatch_const-sep1.5-s1-eta0.0002
50,0.20055333622198482,0.011535,0.012187,minibatch_const-sep1.5-s1-eta0.0002
51,0.2035480845129466,0.011253,0.011967,minibatch_const-sep1.5-s1-eta0.0002
52,0.2066289184266374,0.010961,0.011734,minibatch_const-sep1.5-s1-eta0.0002
53,0.20977345213002946,0.010664,0.011475,minibatch_const-sep1.5-s1-eta0.0002
54,0.2131068395146537,0.010684,0.011246,minibatch_const-sep1.5-s1-eta0.0002
55,0.2165066714904869,0.01047,0.01103,minibatch_const-sep1.5-s1-eta0.0002
56,0.21986256921288477,0.010117,0.010785,minibatch_const-sep1.5-s1-eta0.0002
57,0.2231409833782369,0.010238,0.010556,minibatch_const-sep1.5-s1-eta0.0002
58,0.2265776191785628,0.00993,0.010344,minibatch_const-sep1.5-s1-eta0.0002
59,0.22974318732279608,0.009762,0.010164,minibatch_const-sep1.5-s1-eta0.0002
60,0.2329414989817191,0.009464,0.009988,minibatch_const-sep1.5-s1-eta0.0002
61,0.23625583667388148,0.009455,0.009821,minibatch_const-sep1.5-s1-eta0.0002
62,0.23940143985532913,0.009359,0.00962,minibatch_const-sep1.5-s1-eta0.0002
63,0.24236978695364023,0.00919,0.009471,minibatch_const-sep1.5-s1-eta0.0002
64,0.24589154760453338,0.008936,0.009306,minibatch_const-sep1.5-s1-eta0.0002
65,0.24927516337959,0.008812,0.009129,minibatch_const-sep1.5-s1-eta0.0002
66,0.25227146561436953,0.00867,0.008981,minibatch_const-sep1.5-s1-eta0.0002
67,0.2553663633624849,0.008455,0.008826,minibatch_const-sep1.5-s1-eta0.0002
68,0.2585331700598965,0.008286,0.008664,minibatch_const-sep1.5-s1-eta0.0002
69,0.26149728800868083,0.00824,0.008541,minibatch_const-sep1.5-s1-eta0.0002
70,0.26447400348257427,0.008194,0.008394,minibatch_const-sep1.5-s1-eta0.0002
71,0.26788402109581344,0.008044,0.008272,minibatch_const-sep1.5-s1-eta0.0002
72,0.27107191131735536,0.007905,0.008115,minibatch_const-sep1.5-s1-eta0.0002
73,0.27430867924476887,0.00782,0.007966,minibatch_const-sep1.5-s1-eta0.0002
74,0.2775571034108648,0.007849,0.007858,minibatch_const-sep1.5-s1-eta0.0002
75,0.28078271120942927,0.007784,0.007725,minibatch_const-sep1.5-s1-eta0.0002
76,0.28376768871706654,0.00759,0.007591,minibatch_const-sep1.5-s1-eta0.0002
77,0.28685659641558925,0.007519,0.007494,minibatch_const-sep1.5-s1-eta0.0002
78,0.29039225607155444,0.007614,0.007412,minibatch_const-sep1.5-s1-eta0.0002
79,0.2936061992742235,0.007602,0.007345,minibatch_const-sep1.5-s1-eta0.0002
80,0.2965863791091915,0.007332,0.007274,minibatch_const-sep1.5-s1-eta0.0002
81,0.29962228971965355,0.007284,0.007216,minibatch_const-sep1.5-s1-eta0.0002
82,0.3028744817175657,0.007077,0.00717,minibatch_const-sep1.5-s1-eta0.0002
83,0.3059792360176907,0.006986,0.007107,minibatch_const-sep1.5-s1-eta0.0002
84,0.3089463240069969,0.006866,0.006998,minibatch_const-sep1.5-s1-eta0.0002
85,0.3127750438820627,0.006609,0.006883,minibatch_const-sep1.5-s1-eta0.0002
86,0.3168510515599993,0.006531,0.006787,minibatch_const-sep1.5-s1-eta0.0002
87,0.32306804171643944,0.006643,0.006642,minibatch_const-sep1.5-s1-eta0.0002
88,0.32892012514170843,0.00631,0.006531,minibatch_const-sep1.5-s1-eta0.0002
89,0.3346613247252794,0.006274,0.00642,minibatch_const-sep1.5-s1-eta0.0002
90,0.34111369736565367,0.006152,0.00626,minibatch_const-sep1.5-s1-eta0.0002
91,0.34722219662681914,0.006095,0.006156,minibatch_const-sep1.5-s1-eta0.0002
92,0.353228428769952,0.005724,0.006045,minibatch_const-sep1.5-s1-eta0.0002
93,0.35930364105337625,0.005584,0.005907,minibatch_const-sep1.5-s1-eta0.0002
94,0.3654488054961952,0.005542,0.005834,minibatch_const-sep1.5-s1-eta0.0002
95,0.3715313866051124,0.005469,0.00569,minibatch_const-sep1.5-s1-eta0.0002
96,0.37760025902876104,0.005464,0.005544,minibatch_const-sep1.5-s1-eta0.0002
97,0.3836694929427728,0.005343,0.005408,minibatch_const-sep1.5-s1-eta0.0002
98,0.3898216732974408,0.005335,0.005284,minibatch_const-sep1.5-s1-eta0.0002
99,0.3958280395964751,0.005252,0.005175,minibatch_const-sep1.5-s1-eta0.0002
100,0.4020401209814118,0.005098,0.005085,minibatch_const-sep1.5-s1-eta0.0002
101,0.4081968636521262,0.00501,0.004982,minibatch_const-sep1.5-s1-eta0.0002
102,0.4142914035245639,0.004922,0.004867,minibatch_const-sep1.5-s1-eta0.0002
103,0.4202607871183095,0.004885,0.004805,minibatch_const-sep1.5-s1-eta0.0002
104,0.42620186937574495,0.004863,0.004741,minibatch_const-sep1.5-s1-eta0.0002
105,0.4321102002970537,0.004822,0.004674,minibatch_const-sep1.5-s1-eta0.0002
106,0.43829638648861197,0.0047,0.004593,minibatch_const-sep1.5-s1-eta0.0002
107,0.4446087012248963,0.004554,0.004545,minibatch_const-sep1.5-s1-eta0.0002
108,0.4510606044156326,0.004458,0.004486,minibatch_const-sep1.5-s1-eta0.0002
109,0.4574280077894351,0.004289,0.00437,minibatch_const-sep1.5-s1-eta0.0002
110,0.4637611878047985,0.00418,0.004273,minibatch_const-sep1.5-s1-eta0.0002
111,0.4698739507909968,0.004112,0.004185,minibatch_const-sep1.5-s1-eta0.0002
112,0.4757646240731177,0.00389,0.004072,minibatch_const-sep1.5-s1-eta0.0002
113,0.48190361999134645,0.003852,0.003944,minibatch_const-sep1.5-s1-eta0.0002
114,0.48782870276660445,0.003788,0.003844,minibatch_const-sep1.5-s1-eta0.0002
115,0.4942165924117527,0.003578,0.003741,minibatch_const-sep1.5-s1-eta0.0002
116,0.5003147323622721,0.00367,0.003641,minibatch_const-sep1.5-s1-eta0.0002
117,0.5060209878378764,0.003594,0.003519,minibatch_const-sep1.5-s1-eta0.0002
118,0.5117194232546876,0.003394,0.003389,minibatch_const-sep1.5-s1-eta0.0002
119,0.5177347639797751,0.003363,0.003296,minibatch_const-sep1.5-s1-eta0.0002
120,0.5233053324081074,0.003439,0.003197,minibatch_const-sep1.5-s1-eta0.0002
121,0.529463119428908,0.003316,0.00311,minibatch_const-sep1.5-s1-eta0.0002
122,0.5357069234745336,0.003345,0.00305,minibatch_const-sep1.5-s1-eta0.0002
123,0.5418105431920653,0.003349,0.003003,minibatch_const-sep1.5-s1-eta0.0002
124,0.5480079544451654,0.003237,0.00297,minibatch_const-sep1.5-s1-eta0.0002
125,0.5541924997833508,0.003273,0.002907,minibatch_const-sep1.5-s1-eta0.0002
126,0.5604586924751803,0.003173,0.002882,minibatch_const-sep1.5-s1-eta0.0002
127,0.5665864703850295,0.003198,0.002843,minibatch_const-sep1.5-s1-eta0.0002
128,0.5725289534240968,0.003239,0.00281,minibatch_const-sep1.5-s1-eta0.0002
129,0.578178524269456,0.003198,0.002763,minibatch_const-sep1.5-s1-eta0.0002
130,0.5813407732460595,0.003084,0.002749,minibatch_const-sep1.5-s1-eta0.0002
131,0.5843042442088986,0.002967,0.002703,minibatch_const-sep1.5-s1-eta0.0002
132,0.5872884362032864,0.002886,0.002651,minibatch_const-sep1.5-s1-eta0.0002
133,0.5902900562567749,0.002782,0.002603,minibatch_const-sep1.5-s1-eta0.0002
134,0.5936506989351004,0.002805,0.002578,minibatch_const-sep1.5-s1-eta0.0002
135,0.5965860046988778,0.002769,0.00255,minibatch_const-sep1.5-s1-eta0.0002
136,0.601486769050107,0.002795,0.002508,minibatch_const-sep1.5-s1-eta0.0002
137,0.6082549175688405,0.002727,0.002436,minibatch_const-sep1.5-s1-eta0.0002
138,0.6145913091304793,0.002743,0.002368,minibatch_const-sep1.5-s1-eta0.0002
139,0.6236926035752536,0.002657,0.002298,minibatch_const-sep1.5-s1-eta0.0002
140,0.6315187113249694,0.002543,0.002258,minibatch_const-sep1.5-s1-eta0.0002
141,0.6392872297581886,0.002461,0.002224,minibatch_const-sep1.5-s1-eta0.0002
142,0.6457510472749407,0.002427,0.002165,minibatch_const-sep1.5-s1-eta0.0002
143,0.6524989532535016,0.00226,0.002134,minibatch_const-sep1.5-s1-eta0.0002
144,0.659015660336597,0.002135,0.002062,minibatch_const-sep1.5-s1-eta0.0002
145,0.6659865409525835,0.002103,0.001971,minibatch_const-sep1.5-s1-eta0.0002
146,0.6720037554080923,0.002042,0.001882,minibatch_const-sep1.5-s1-eta0.0002
147,0.6780733818296124,0.002042,0.001787,minibatch_const-sep1.5-s1-eta0.0002
148,0.6841080004538803,0.001978,0.001725,minibatch_const-sep1.5-s1-eta0.0002
149,0.6905552917513825,0.001837,0.001645,minibatch_const-sep1.5-s1-eta0.0002
150,0.696426555852252,0.001775,0.001562,minibatch_const-sep1.5-s1-eta0.0002
151,0.7023686005743719,0.00182,0.001485,minibatch_const-sep1.5-s1-eta0.0002
152,0.7088027463693355,0.00177,0.001416,minibatch_const-sep1.5-s1-eta0.0002
153,0.714850651537685,0.001726,0.001373,minibatch_const-sep1.5-s1-eta0.0002
154,0.7207584798433273,0.001697,0.001307,minibatch_const-sep1.5-s1-eta0.0002
155,0.7266954304246362,0.001701,0.001273,minibatch_const-sep1.5-s1-eta0.0002
156,0.7326670875145478,0.001728,0.001218,minibatch_const-sep1.5-s1-eta0.0002
157,0.7385813430314231,0.001629,0.001172,minibatch_const-sep1.5-s1-eta0.0002
158,0.7444651672874965,0.001595,0.001141,minibatch_const-sep1.5-s1-eta0.0002
159,0.750321968812092,0.001529,0.001101,minibatch_const-sep1.5-s1-eta0.0002
160,0.7563562746105001,0.001631,0.001047,minibatch_const-sep1.5-s1-eta0.0002
161,0.7623400284294649,0.001565,0.000993,minibatch_const-sep1.5-s1-eta0.0002
162,0.7685014169638257,0.001485,0.000943,minibatch_const-sep1.5-s1-eta0.0002
163,0.7747681831942824,0.001542,0.0009,minibatch_const-sep1.5-s1-eta0.0002
164,0.7809193651729343,0.001476,0.000882,minibatch_const-sep1.5-s1-eta0.0002
165,0.786918346706109,0.001434,0.000827,minibatch_const-sep1.5-s1-eta0.0002
166,0.793011981809985,0.001302,0.000786,minibatch_const-sep1.5-s1-eta0.0002
167,0.7991561811150183,0.001467,0.000776,minibatch_const-sep1.5-s1-eta0.0002
168,0.8051344968476299,0.001303,0.000744,minibatch_const-sep1.5-s1-eta0.0002
169,0.8114175862864658,0.001389,0.000731,minibatch_const-sep1.5-s1-eta0.0002
170,0.8176913379242913,0.001171,0.000716,minibatch_const-sep1.5-s1-eta0.0002
171,0.8237306217708474,0.001281,0.000658,minibatch_const-sep1.5-s1-eta0.0002
172,0.8298689786762012,0.001164,0.00065,minibatch_const-sep1.5-s1-eta0.0002
173,0.8358814200295677,0.001286,0.000615,minibatch_const-sep1.5-s1-eta0.0002
174,0.8419098308877333,0.001142,0.000581,minibatch_const-sep1.5-s1-eta0.0002
175,0.8478587393487582,0.001184,0.000547,minibatch_const-sep1.5-s1-eta0.0002
176,0.8540155811608554,0.001144,0.000507,minibatch_const-sep1.5-s1-eta0.0002
177,0.8601996450082017,0.001247,0.000488,minibatch_const-sep1.5-s1-eta0.0002
178,0.8662937224523888,0.001206,0.000487,minibatch_const-sep1.5-s1-eta0.0002
179,0.872265229545664,0.001417,0.000471,minibatch_const-sep1.5-s1-eta0.0002
180,0.8782987299551709,0.001296,0.000434,minibatch_const-sep1.5-s1-eta0.0002
181,0.8846871653682109,0.001234,0.000467,minibatch_const-sep1.5-s1-eta0.0002
182,0.8908205881863601,0.001219,0.000465,minibatch_const-sep1.5-s1-eta0.0002
183,0.8970825864326963,0.001368,0.000475,minibatch_const-sep1.5-s1-eta0.0002
184,0.9033240582549246,0.001237,0.000486,minibatch_const-sep1.5-s1-eta0.0002
185,0.909555650170583,0.001374,0.000519,minibatch_const-sep1.5-s1-eta0.0002
186,0.915769454607669,0.001345,0.000534,minibatch_const-sep1.5-s1-eta0.0002
187,0.9218044747263081,0.001462,0.000552,minibatch_const-sep1.5-s1-eta0.0002
188,0.9275305146722395,0.001423,0.000593,minibatch_const-sep1.5-s1-eta0.0002
189,0.9336671983033716,0.00135,0.000612,minibatch_const-sep1.5-s1-eta0.0002
190,0.9396215850728297,0.00154,0.000627,minibatch_const-sep1.5-s1-eta0.0002
191,0.9454833218110573,0.001428,0.00064,minibatch_const-sep1.5-s1-eta0.0002
192,0.9515469546073022,0.00143,0.000662,minibatch_const-sep1.5-s1-eta0.0002
193,0.9579927221116541,0.001501,0.000666,minibatch_const-sep1.5-s1-eta0.0002
194,0.9640677673475354,0.001563,0.000732,minibatch_const-sep1.5-s1-eta0.0002
195,0.970281317122782,0.0016,0.00075,minibatch_const-sep1.5-s1-eta0.0002
196,0.9759233940905839,0.001632,0.000786,minibatch_const-sep1.5-s1-eta0.0002
197,0.9820106834281606,0.00161,0.000814,minibatch_const-sep1.5-s1-eta0.0002
198,0.9880522443552232,0.001697,0.000822,minibatch_const-sep1.5-s1-eta0.0002
199,0.9940316605686036,0.001695,0.000877,minibatch_const-sep1.5-s1-eta0.0002
200,1.0,0.001773,0.000909,minibatch_const-sep1.5-s1-eta0.0002
0,0.0,0.234556,,minibatch_const-sep1.5-s0-eta0.001
1,0.006774279667388967,0.050012,0.050012,minibatch_const-sep1.5-s0-eta0.001
2,0.013669800482734175,0.039058,0.039058,minibatch_const-sep1.5-s0-eta0.001
3,0.020499558369341885,0.029779,0.035047,minibatch_const-sep1.5-s0-eta0.001
4,0.027217907574955052,0.011076,0.023149,minibatch_const-sep1.5-s0-eta0.001
5,0.03398260614611219,0.010262,0.018478,minibatch_const-sep1.5-s0-eta0.001
6,0.040727206108339485,0.008783,0.009089,minibatch_const-sep1.5-s0-eta0.001
7,0.047619107317402536,0.007587,0.007987,minibatch_const-sep1.5-s0-eta0.001
8,0.05467272631424608,0.006559,0.007397,minibatch_const-sep1.5-s0-eta0.001
9,0.06141688331129573,0.005838,0.006571,minibatch_const-sep1.5-s0-eta0.001
10,0.06801036835284663,0.005056,0.006172,minibatch_const-sep1.5-s0-eta0.001
11,0.07403714425252972,0.005033,0.007273,minibatch_const-sep1.5-s0-eta0.001
12,0.07979298565676848,0.004397,0.004889,minibatch_const-sep1.5-s0-eta0.001
13,0.08528069757347179,0.004006,0.004329,minibatch_const-sep1.5-s0-eta0.001
14,0.09095277967655416,0.004376,0.005031,minibatch_const-sep1.5-s0-eta0.001
15,0.09652837895979487,0.00404,0.004436,minibatch_const-sep1.5-s0-eta0.001
16,0.1024723425707223,0.004055,0.003928,minibatch_const-sep1.5-s0-eta0.001
17,0.10800901756756419,0.003965,0.003625,minibatch_const-sep1.5-s0-eta0.001
18,0.11357674947665644,0.004343,0.003404,minibatch_const-sep1.5-s0-eta0.001
19,0.11939059205404332,0.00411,0.00329,minibatch_const-sep1.5-s0-eta0.001
20,0.12553717382642407,0.004223,0.003203,minibatch_const-sep1.5-s0-eta0.001
21,0.13114050772089542,0.004332,0.003176,minibatch_const-sep1.5-s0-eta0.001
22,0.1366879747792137,0.003909,0.003122,minibatch_const-sep1.5-s0-eta0.001
23,0.1425142708690794,0.004114,0.003097,minibatch_const-sep1.5-s0-eta0.001
24,0.14812593552464276,0.004512,0.003094,minibatch_const-sep1.5-s0-eta0.001
25,0.15373735613654818,0.004319,0.003123,minibatch_const-sep1.5-s0-eta0.001
26,0.15926540122437202,0.004232,0.003174,minibatch_const-sep1.5-s0-eta0.001
27,0.16453025570954996,0.004046,0.003162,minibatch_const-sep1.5-s0-eta0.001
28,0.17090661774063667,0.004153,0.003192,minibatch_const-sep1.5-s0-eta0.001
29,0.17679728230059172,0.004055,0.003178,minibatch_const-sep1.5-s0-eta0.001
30,0.1824017798123865,0.003837,0.003174,minibatch_const-sep1.5-s0-eta0.001
31,0.18796979994542926,0.003899,0.003152,minibatch_const-sep1.5-s0-eta0.001
32,0.19393343124018075,0.004022,0.00313,minibatch_const-sep1.5-s0-eta0.001
33,0.19984705028364075,0.003913,0.003154,minibatch_const-sep1.5-s0-eta0.001
34,0.2052292410081436,0.004062,0.00318,minibatch_const-sep1.5-s0-eta0.001
35,0.21082323775137096,0.004058,0.003123,minibatch_const-sep1.5-s0-eta0.001
36,0.21620304870233445,0.004179,0.003084,minibatch_const-sep1.5-s0-eta0.001
37,0.22195847313213818,0.004416,0.003095,minibatch_const-sep1.5-s0-eta0.001
38,0.2276975951472137,0.004039,0.003046,minibatch_const-sep1.5-s0-eta0.001
39,0.23310411210736864,0.004248,0.003046,minibatch_const-sep1.5-s0-eta0.001
40,0.23910966347975868,0.004302,0.003072,minibatch_const-sep1.5-s0-eta0.001
41,0.24460968965734126,0.003975,0.003057,minibatch_const-sep1.5-s0-eta0.001
42,0.2503841359465028,0.004077,0.003088,minibatch_const-sep1.5-s0-eta0.001
43,0.2560262281700013,0.00397,0.003062,minibatch_const-sep1.5-s0-eta0.001
44,0.2617305688514243,0.003814,0.003076,minibatch_const-sep1.5-s0-eta0.001
45,0.26770757209187085,0.003967,0.003048,minibatch_const-sep1.5-s0-eta0.001
46,0.27308415556965826,0.003658,0.002948,minibatch_const-sep1.5-s0-eta0.001
47,0.27870167948593383,0.003418,0.002863,minibatch_const-sep1.5-s0-eta0.001
48,0.2841968935070599,0.003837,0.002797,minibatch_const-sep1.5-s0-eta0.001
49,0.2895652876140333,0.004333,0.002766,minibatch_const-sep1.5-s0-eta0.001
50,0.29526333956660933,0.004562,0.002793,minibatch_const-sep1.5-s0-eta0.001
51,0.30170165015422445,0.004188,0.00285,minibatch_const-sep1.5-s0-eta0.001
52,0.3073992307443903,0.004001,0.002844,minibatch_const-sep1.5-s0-eta0.001
53,0.3131322625113398,0.004121,0.002858,minibatch_const-sep1.5-s0-eta0.001
54,0.3184921422010767,0.003991,0.002891,minibatch_const-sep1.5-s0-eta0.001
55,0.32397038169753734,0.003517,0.002911,minibatch_const-sep1.5-s0-eta0.001
56,0.3294305044027963,0.003831,0.002869,minibatch_const-sep1.5-s0-eta0.001
57,0.33527461958136157,0.003551,0.002902,minibatch_const-sep1.5-s0-eta0.001
58,0.34097312316526324,0.003373,0.002928,minibatch_const-sep1.5-s0-eta0.001
59,0.3467020313799462,0.003537,0.002909,minibatch_const-sep1.5-s0-eta0.001
60,0.352483949857834,0.003666,0.002841,minibatch_const-sep1.5-s0-eta0.001
61,0.3579195762131852,0.003364,0.002733,minibatch_const-sep1.5-s0-eta0.001
62,0.36364925622729743,0.003693,0.002679,minibatch_const-sep1.5-s0-eta0.001
63,0.36903527344226306,0.003073,0.002609,minibatch_const-sep1.5-s0-eta0.001
64,0.3747191309598818,0.003154,0.002488,minibatch_const-sep1.5-s0-eta0.001
65,0.3803802788449339,0.003366,0.002431,minibatch_const-sep1.5-s0-eta0.001
66,0.38593533906305916,0.00324,0.002426,minibatch_const-sep1.5-s0-eta0.001
67,0.3916493585414719,0.002986,0.002292,minibatch_const-sep1.5-s0-eta0.001
68,0.3969913450836881,0.003238,0.002275,minibatch_const-sep1.5-s0-eta0.001
69,0.40227695639856914,0.003164,0.002265,minibatch_const-sep1.5-s0-eta0.001
70,0.40794126351426674,0.003034,0.002213,minibatch_const-sep1.5-s0-eta0.001
71,0.4136583131486455,0.003461,0.002166,minibatch_const-sep1.5-s0-eta0.001
72,0.41941470524453206,0.003035,0.002094,minibatch_const-sep1.5-s0-eta0.001
73,0.4252042852311053,0.002894,0.001996,minibatch_const-sep1.5-s0-eta0.001
74,0.43083074341836713,0.00331,0.002028,minibatch_const-sep1.5-s0-eta0.001
75,0.43641787319344333,0.003173,0.002011,minibatch_const-sep1.5-s0-eta0.001
76,0.4419667501628834,0.002725,0.001954,minibatch_const-sep1.5-s0-eta0.001
77,0.44754655022613166,0.003022,0.001937,minibatch_const-sep1.5-s0-eta0.001
78,0.453282497351788,0.002812,0.001919,minibatch_const-sep1.5-s0-eta0.001
79,0.4589404960357528,0.003032,0.001894,minibatch_const-sep1.5-s0-eta0.001
80,0.46439598501128304,0.002831,0.001853,minibatch_const-sep1.5-s0-eta0.001
81,0.469828180684349,0.003042,0.001869,minibatch_const-sep1.5-s0-eta0.001
82,0.4756043951642916,0.003138,0.001839,minibatch_const-sep1.5-s0-eta0.001
83,0.48146496540499817,0.002847,0.001822,minibatch_const-sep1.5-s0-eta0.001
84,0.48712351464735076,0.002836,0.00184,minibatch_const-sep1.5-s0-eta0.001
85,0.4928982528650056,0.002939,0.001802,minibatch_const-sep1.5-s0-eta0.001
86,0.49845287505520547,0.002489,0.001707,minibatch_const-sep1.5-s0-eta0.001
87,0.5039468522100359,0.002758,0.00168,minibatch_const-sep1.5-s0-eta0.001
88,0.5096503299917903,0.002611,0.001658,minibatch_const-sep1.5-s0-eta0.001
89,0.5152864149125382,0.002866,0.001631,minibatch_const-sep1.5-s0-eta0.001
90,0.5210157318494043,0.00289,0.001633,minibatch_const-sep1.5-s0-eta0.001
91,0.5263757018500291,0.002911,0.001611,minibatch_const-sep1.5-s0-eta0.001
92,0.5320639886273593,0.002734,0.001565,minibatch_const-sep1.5-s0-eta0.001
93,0.5373932315161654,0.00313,0.001555,minibatch_const-sep1.5-s0-eta0.001
94,0.5429837062885111,0.002835,0.001533,minibatch_const-sep1.5-s0-eta0.001
95,0.5487179903114364,0.002878,0.001531,minibatch_const-sep1.5-s0-eta0.001
96,0.5544011947953981,0.002614,0.001506,minibatch_const-sep1.5-s0-eta0.001
97,0.5602637287052828,0.002853,0.001556,minibatch_const-sep1.5-s0-eta0.001
98,0.5660188133704496,0.002512,0.00155,minibatch_const-sep1.5-s0-eta0.001
99,0.5716245705037327,0.002494,0.001499,minibatch_const-sep1.5-s0-eta0.001
100,0.57707714567106,0.002734,0.001467,minibatch_const-sep1.5-s0-eta0.001
101,0.5825906972503131,0.002876,0.001466,minibatch_const-sep1.5-s0-eta0.001
102,0.5879874334802463,0.00269,0.001444,minibatch_const-sep1.5-s0-eta0.001
103,0.5933723239311137,0.002777,0.001424,minibatch_const-sep1.5-s0-eta0.001
104,0.5988714845847093,0.002489,0.00131,minibatch_const-sep1.5-s0-eta0.001
105,0.6042949463883367,0.002641,0.001256,minibatch_const-sep1.5-s0-eta0.001
106,0.6099210302258289,0.002738,0.001205,minibatch_const-sep1.5-s0-eta0.001
107,0.6153456317357541,0.002976,0.001203,minibatch_const-sep1.5-s0-eta0.001
108,0.6207520928381662,0.002917,0.001176,minibatch_const-sep1.5-s0-eta0.001
109,0.6261729904407061,0.002857,0.001188,minibatch_const-sep1.5-s0-eta0.001
110,0.6316429270607412,0.002623,0.001229,minibatch_const-sep1.5-s0-eta0.001
111,0.6370012343545928,0.002766,0.001213,minibatch_const-sep1.5-s0-eta0.001
112,0.6425770186368904,0.002924,0.001233,minibatch_const-sep1.5-s0-eta0.001
113,0.6486398093356763,0.002993,0.001316,minibatch_const-sep1.5-s0-eta0.001
114,0.6542456874682249,0.003143,0.001381,minibatch_const-sep1.5-s0-eta0.001
115,0.6596259349965665,0.002981,0.001471,minibatch_const-sep1.5-s0-eta0.001
116,0.665244126364867,0.002843,0.001539,minibatch_const-sep1.5-s0-eta0.001
117,0.6709920202827736,0.003161,0.001617,minibatch_const-sep1.5-s0-eta0.001
118,0.6766133646963788,0.00316,0.001661,minibatch_const-sep1.5-s0-eta0.001
119,0.6824130036216584,0.002983,0.001686,minibatch_const-sep1.5-s0-eta0.001
120,0.6882244986028805,0.003115,0.001773,minibatch_const-sep1.5-s0-eta0.001
121,0.6936680154822487,0.002876,0.001817,minibatch_const-sep1.5-s0-eta0.001
122,0.6992271980429972,0.003123,0.001882,minibatch_const-sep1.5-s0-eta0.001
123,0.7049578602056448,0.002945,0.001898,minibatch_const-sep1.5-s0-eta0.001
124,0.7105266040123728,0.002916,0.001892,minibatch_const-sep1.5-s0-eta0.001
125,0.7159385971263441,0.002732,0.001877,minibatch_const-sep1.5-s0-eta0.001
126,0.7197331638954296,0.002656,0.001822,minibatch_const-sep1.5-s0-eta0.001
127,0.7242184200249782,0.00294,0.00174,minibatch_const-sep1.5-s0-eta0.001
128,0.7285784629702323,0.00275,0.001671,minibatch_const-sep1.5-s0-eta0.001
129,0.7324272448362416,0.002715,0.001652,minibatch_const-sep1.5-s0-eta0.001
130,0.73648523818134,0.002731,0.001649,minibatch_const-sep1.5-s0-eta0.001
131,0.7404456166003152,0.002883,0.001642,minibatch_const-sep1.5-s0-eta0.001
132,0.7443091627140647,0.00265,0.001653,minibatch_const-sep1.5-s0-eta0.001
133,0.7476904120592006,0.00315,0.001624,minibatch_const-sep1.5-s0-eta0.001
134,0.7513800444800218,0.003149,0.001588,minibatch_const-sep1.5-s0-eta0.001
135,0.7551044356856075,0.003117,0.001577,minibatch_const-sep1.5-s0-eta0.001
136,0.7585070226113114,0.003409,0.001631,minibatch_const-sep1.5-s0-eta0.001
137,0.7620729357025461,0.002771,0.00163,minibatch_const-sep1.5-s0-eta0.001
138,0.7660338271847034,0.002762,0.00163,minibatch_const-sep1.5-s0-eta0.001
139,0.7697791348895117,0.002759,0.001629,minibatch_const-sep1.5-s0-eta0.001
140,0.7735918093287597,0.002648,0.001604,minibatch_const-sep1.5-s0-eta0.001
141,0.7768086863010951,0.002815,0.001598,minibatch_const-sep1.5-s0-eta0.001
142,0.7806520340344183,0.002617,0.001594,minibatch_const-sep1.5-s0-eta0.001
143,0.7846657026780456,0.002549,0.001592,minibatch_const-sep1.5-s0-eta0.001
144,0.788363577127755,0.002663,0.001538,minibatch_const-sep1.5-s0-eta0.001
145,0.7923296729648276,0.00264,0.00145,minibatch_const-sep1.5-s0-eta0.001
146,0.7965598801494143,0.002613,0.001381,minibatch_const-sep1.5-s0-eta0.001
147,0.8005705499789665,0.002701,0.001336,minibatch_const-sep1.5-s0-eta0.001
148,0.8044630289499712,0.002382,0.001302,minibatch_const-sep1.5-s0-eta0.001
149,0.8082798720431078,0.002496,0.001284,minibatch_const-sep1.5-s0-eta0.001
150,0.8122530599874149,0.002282,0.001246,minibatch_const-sep1.5-s0-eta0.001
151,0.8160483744334762,0.002549,0.001183,minibatch_const-sep1.5-s0-eta0.001
152,0.8199278494438176,0.002376,0.001154,minibatch_const-sep1.5-s0-eta0.001
153,0.823698832468374,0.002366,0.001107,minibatch_const-sep1.5-s0-eta0.001
154,0.8273957454642488,0.002437,0.001083,minibatch_const-sep1.5-s0-eta0.001
155,0.8310976479284888,0.002808,0.001029,minibatch_const-sep1.5-s0-eta0.001
156,0.8349356871132546,0.002345,0.001008,minibatch_const-sep1.5-s0-eta0.001
157,0.8391168868823612,0.002604,0.001029,minibatch_const-sep1.5-s0-eta0.001
158,0.842713018631453,0.002721,0.001042,minibatch_const-sep1.5-s0-eta0.001
159,0.8463426505510008,0.002485,0.001105,minibatch_const-sep1.5-s0-eta0.001
160,0.850046290517649,0.00249,0.001047,minibatch_const-sep1.5-s0-eta0.001
161,0.8536529332186334,0.00278,0.00108,minibatch_const-sep1.5-s0-eta0.001
162,0.8575835810593754,0.002542,0.001066,minibatch_const-sep1.5-s0-eta0.001
163,0.8612216667587729,0.00224,0.001103,minibatch_const-sep1.5-s0-eta0.001
164,0.8650590896746879,0.002206,0.001071,minibatch_const-sep1.5-s0-eta0.001
165,0.8687023731694913,0.002452,0.00109,minibatch_const-sep1.5-s0-eta0.001
166,0.8723452647695239,0.002498,0.001099,minibatch_const-sep1.5-s0-eta0.001
167,0.8768350554223944,0.002674,0.001154,minibatch_const-sep1.5-s0-eta0.001
168,0.8808680277384596,0.002783,0.001151,minibatch_const-sep1.5-s0-eta0.001
169,0.8848170178836552,0.002715,0.001167,minibatch_const-sep1.5-s0-eta0.001
170,0.8884303318322124,0.002576,0.001164,minibatch_const-sep1.5-s0-eta0.001
171,0.8923148397364596,0.002495,0.001146,minibatch_const-sep1.5-s0-eta0.001
172,0.8955123082712201,0.00266,0.001127,minibatch_const-sep1.5-s0-eta0.001
173,0.8991589399155473,0.002639,0.001097,minibatch_const-sep1.5-s0-eta0.001
174,0.9025300276647462,0.00245,0.001098,minibatch_const-sep1.5-s0-eta0.001
175,0.9061352184847388,0.002682,0.001114,minibatch_const-sep1.5-s0-eta0.001
176,0.9098474142157242,0.0027,0.001125,minibatch_const-sep1.5-s0-eta0.001
177,0.9141216468795297,0.002752,0.001185,minibatch_const-sep1.5-s0-eta0.001
178,0.9181229991864066,0.002851,0.001198,minibatch_const-sep1.5-s0-eta0.001
179,0.921396251685924,0.002774,0.001191,minibatch_const-sep1.5-s0-eta0.001
180,0.9250239355079349,0.003111,0.001213,minibatch_const-sep1.5-s0-eta0.001
181,0.9287603016390239,0.00288,0.00122,minibatch_const-sep1.5-s0-eta0.001
182,0.93219985391546,0.002576,0.001176,minibatch_const-sep1.5-s0-eta0.001
183,0.9361999268889841,0.002629,0.001179,minibatch_const-sep1.5-s0-eta0.001
184,0.9401016595430496,0.002547,0.001166,minibatch_const-sep1.5-s0-eta0.001
185,0.9437865436508794,0.00244,0.001178,minibatch_const-sep1.5-s0-eta0.001
186,0.947570128807872,0.002462,0.001178,minibatch_const-sep1.5-s0-eta0.001
187,0.9512546788866283,0.002924,0.001172,minibatch_const-sep1.5-s0-eta0.001
188,0.9551944854262562,0.002805,0.001234,minibatch_const-sep1.5-s0-eta0.001
189,0.9591764718958754,0.002576,0.001238,minibatch_const-sep1.5-s0-eta0.001
190,0.9629677487078979,0.002547,0.001287,minibatch_const-sep1.5-s0-eta0.001
191,0.9664305213171753,0.002683,0.001266,minibatch_const-sep1.5-s0-eta0.001
192,0.9696700058068843,0.002755,0.001263,minibatch_const-sep1.5-s0-eta0.001
193,0.9734822878964613,0.002678,0.00127,minibatch_const-sep1.5-s0-eta0.001
194,0.9769053862409588,0.002561,0.001278,minibatch_const-sep1.5-s0-eta0.001
195,0.9807034822259935,0.002466,0.00129,minibatch_const-sep1.5-s0-eta0.001
196,0.9849106238382,0.002685,0.001307,minibatch_const-sep1.5-s0-eta0.001
197,0.9887278764544043,0.002912,0.001323,minibatch_const-sep1.5-s0-eta0.001
198,0.9927912471018563,0.002808,0.001312,minibatch_const-sep1.5-s0-eta0.001
199,0.9962136090534345,0.002621,0.001252,minibatch_const-sep1.5-s0-eta0.001
200,1.0,0.002792,0.001261,minibatch_const-sep1.5-s0-eta0.001
